date,asset,target,future_return,fold,image_score,image_factor_pc1,image_factor_pc2,image_factor_pc3
2014-09-24,alternative,-0.05048719663949852,-0.05048719663949852,0,0.008614568039774895,-1.2344372598855058,1.5650941684267945,2.270968127632949
2014-09-24,corp_bond_ig,0.016269791832804525,0.016269791832804525,0,0.004340223968029022,-0.5245605539590555,1.5491987365500164,-2.083033767909009
2014-09-24,developed_equity,-0.04109205550858197,-0.04109205550858197,0,0.008320223540067673,-0.4158696181083261,2.3847280917354783,-0.5669355467364902
2014-09-24,emerging_equity,-0.05628901073770609,-0.05628901073770609,0,0.004529966041445732,1.7133541984199794,0.6647658257285792,-1.947900461083515
2014-09-24,korea_equity,-0.0846190517767953,-0.0846190517767953,0,0.0045161135494709015,0.43338031137507904,0.6258273890562592,-2.292242616360179
2014-09-24,short_treasury,0.0041424841161130654,0.0041424841161130654,0,0.006279222667217255,-2.9762181893088284,1.8208111531760405,0.6514276457187861
2014-09-24,treasury_7_10y,0.027449096730734146,0.027449096730734146,0,0.005471128970384598,-2.7575546546750305,1.6678307622364021,-0.4768856720419684
2014-09-25,alternative,-0.035810206887055274,-0.035810206887055274,0,0.008974110707640648,-1.1215155931489127,1.7511121963358591,2.7420563033836465
2014-09-25,corp_bond_ig,0.011321361363472615,0.011321361363472615,0,0.004403082653880119,-0.3802475698916442,1.7333782087528578,-1.6201596895624826
2014-09-25,developed_equity,-0.02129731148788916,-0.02129731148788916,0,0.008469905704259872,-0.32411706434250526,2.5711680562668455,-0.7382935163418912
2014-09-25,emerging_equity,-0.0355197730584812,-0.0355197730584812,0,0.004071319475769997,1.5475986103169201,0.9499010714535934,-2.3521044996876967
2014-09-25,korea_equity,-0.06641824889883285,-0.06641824889883285,0,0.0048131439834833145,0.2527321975730605,1.5274858884177993,-3.0714589991449897
2014-09-25,short_treasury,0.00295683017121795,0.00295683017121795,0,0.006305744871497154,-2.9805709199962616,1.9007112462686269,0.7063222627922595
2014-09-25,treasury_7_10y,0.018243237620515496,0.018243237620515496,0,0.00563855841755867,-2.9890104397779362,2.239428725618486,-0.2749010468163025
2014-09-26,alternative,-0.0267857142857143,-0.0267857142857143,0,0.009099140763282776,-1.1180920633566147,1.5618164015412743,2.8795324699398837
2014-09-26,corp_bond_ig,0.013971223939011956,0.013971223939011956,0,0.0041468460112810135,-0.3625224202675923,2.2067594714809267,-1.8985699867155477
2014-09-26,developed_equity,-0.022720899107262937,-0.022720899107262937,0,0.008837813511490822,-0.14904690754976324,2.9824790006550637,-0.9109762043521451
2014-09-26,emerging_equity,-0.0330032477985005,-0.0330032477985005,0,0.003765599802136421,1.8091611278982058,0.975193678240105,-2.294949975044657
2014-09-26,korea_equity,-0.06918846972304538,-0.06918846972304538,0,0.004983548074960709,0.423109924819976,1.5495572811726317,-2.3281332487607274
2014-09-26,short_treasury,0.0036681759644738854,0.0036681759644738854,0,0.006843380630016327,-2.7285798398878107,2.0494895373591127,0.8898456200628694
2014-09-26,treasury_7_10y,0.021280756781641097,0.021280756781641097,0,0.005802100524306297,-2.8132091190115864,2.219125112420894,-0.25706205208199107
2014-09-29,alternative,-0.02517981564034144,-0.02517981564034144,0,0.009229568764567375,-0.6938427221721405,1.2183926163971106,3.0651636790847263
2014-09-29,corp_bond_ig,0.01567131237861963,0.01567131237861963,0,0.0040740687400102615,-0.22086858592077363,2.308738157920176,-2.010845573635734
2014-09-29,developed_equity,-0.018329334493061067,-0.018329334493061067,0,0.008621323853731155,0.05035634674570622,3.2400745667225173,-1.3835073189547473
2014-09-29,emerging_equity,-0.020692988015737934,-0.020692988015737934,0,0.004186112433671951,2.156698957128058,1.632799104880364,-3.2665156548897016
2014-09-29,korea_equity,-0.052071398740244135,-0.052071398740244135,0,0.0058342330157756805,1.055380779684401,1.683636760274158,-2.387539990749979
2014-09-29,short_treasury,0.003430745530761392,0.003430745530761392,0,0.006776716560125351,-2.6826899591947835,1.8883613778806507,1.384933490496784
2014-09-29,treasury_7_10y,0.01909173054105273,0.01909173054105273,0,0.006980003789067268,-2.6392900762391402,2.3012067722831384,0.2786091979610148
2014-09-30,alternative,-0.012612626359269408,-0.012612626359269408,0,0.009068986400961876,-0.8371346689045895,1.2957118334945055,2.2431735176926755
2014-09-30,corp_bond_ig,0.010827260751818724,0.010827260751818724,0,0.0041687581688165665,-0.059624021907363704,2.4784168621357088,-1.8471239683898264
2014-09-30,developed_equity,-0.0021013435451932017,-0.0021013435451932017,0,0.008238554000854492,-0.22191745300831478,3.2208162842018067,-1.921665392018586
2014-09-30,emerging_equity,-0.0009624859048501522,-0.0009624859048501522,0,0.0043825432658195496,2.4233292071914767,1.402922106773754,-2.5083566230127894
2014-09-30,korea_equity,-0.03420921752178585,-0.03420921752178585,0,0.006284266710281372,1.6588108510673125,1.761135417516749,-2.321926519505187
2014-09-30,short_treasury,0.003431557309155675,0.003431557309155675,0,0.006413711234927177,-2.86827333176394,1.4159484784834835,1.325985087857148
2014-09-30,treasury_7_10y,0.01746764630976072,0.01746764630976072,0,0.006462832912802696,-2.844096732262811,1.8536110701217072,0.8555861644228396
2014-10-01,alternative,0.0,0.0,0,0.009722691029310226,-0.9701615559034186,1.2392744923168728,1.64869983534683
2014-10-01,corp_bond_ig,0.005733560825670336,0.005733560825670336,0,0.003932079300284386,-0.2250803294726796,2.1473957311435914,-1.4027596421138235
2014-10-01,developed_equity,0.002540941762859905,0.002540941762859905,0,0.008086679503321648,-0.054553316272907236,3.4075768012518646,-2.03544333913355
2014-10-01,emerging_equity,0.021370738544522982,0.021370738544522982,0,0.0050368960946798325,2.9215555589772566,2.0658122471256717,-3.1227185289854744
2014-10-01,korea_equity,0.0015272382847753008,0.0015272382847753008,0,0.006898036226630211,2.3961293796669527,2.5235808798744186,-2.877649557707796
2014-10-01,short_treasury,0.0014189753696944862,0.0014189753696944862,0,0.0061216168105602264,-2.601646030250317,1.3590159912391628,1.2455854861777789
2014-10-01,treasury_7_10y,0.00747841569007246,0.00747841569007246,0,0.006383642554283142,-2.595661008545088,1.7269994013502243,0.9973061119275682
2014-10-02,alternative,0.0073394775390625,0.0073394775390625,0,0.009266354143619537,-0.7944670370764151,1.9611979065454193,1.185117384873444
2014-10-02,corp_bond_ig,0.006492995161809567,0.006492995161809567,0,0.0038896631449460983,-0.2686126712860259,2.1984413247873094,-1.7628339370395054
2014-10-02,developed_equity,0.012398500346078922,0.012398500346078922,0,0.007777871564030647,-0.34748976046686414,3.925678424187191,-1.9166350566870487
2014-10-02,emerging_equity,0.025409257458418155,0.025409257458418155,0,0.005635259672999382,3.373300192503073,2.158539290318159,-2.945880353363614
2014-10-02,korea_equity,0.011241694050488693,0.011241694050488693,0,0.007831769064068794,2.8241725770202435,2.2440050977179284,-1.7331737705939476
2014-10-02,short_treasury,0.0018921909499642897,0.0018921909499642897,0,0.006015254184603691,-2.6022806095524165,1.165676316283177,1.150023242224111
2014-10-02,treasury_7_10y,0.011539615369631662,0.011539615369631662,0,0.006141193211078644,-2.8605410851980158,1.5528232923105665,1.108923315334602
2014-10-03,alternative,0.019283732274531173,0.019283732274531173,0,0.009328395128250122,-0.8211893243537104,1.666610441639626,1.3523270411079058
2014-10-03,corp_bond_ig,0.003447372670165594,0.003447372670165594,0,0.003946421667933464,-0.254832869960121,1.9008530416852965,-1.5981861669425421
2014-10-03,developed_equity,0.017814144592606107,0.017814144592606107,0,0.008060013875365257,-0.25428814999968913,4.008158805153102,-1.5409368997967108
2014-10-03,emerging_equity,0.021075648554000237,0.021075648554000237,0,0.005413223057985306,3.541051731752696,2.4322074005427594,-3.425448831119736
2014-10-03,korea_equity,-0.003907569484392415,-0.003907569484392415,0,0.008622352033853531,2.937231350193736,2.510921772646442,-1.5045709384410073
2014-10-03,short_treasury,0.0026040907027324867,0.0026040907027324867,0,0.005985910072922707,-2.6937724575651383,0.9775074208728757,1.0711632322509665
2014-10-03,treasury_7_10y,0.010196205924669632,0.010196205924669632,0,0.006580071523785591,-2.8547471539580225,1.4976198969206191,1.2000272121544246
2014-10-06,alternative,0.006392666193992369,0.006392666193992369,0,0.008850570768117905,-0.6940470818314334,3.6497027196162115,-1.5189237798126842
2014-10-06,corp_bond_ig,-0.0018489051571796145,-0.0018489051571796145,0,0.004157202318310738,-0.10710609319890028,2.0420174763786965,-1.5554145362961738
2014-10-06,developed_equity,0.024424897265357126,0.024424897265357126,0,0.007945364341139793,-0.6410283761803407,4.065387631399863,-1.6128917607508049
2014-10-06,emerging_equity,-0.0004782510260550321,-0.0004782510260550321,0,0.006483379751443863,3.7432869003778615,2.7048807473826773,-2.674796822576125
2014-10-06,korea_equity,-0.019057323858448494,-0.019057323858448494,0,0.00868929736316204,2.9690721090856296,2.6429771101247446,-1.2341665674196478
2014-10-06,short_treasury,0.00118266445604287,0.00118266445604287,0,0.005947725847363472,-2.8113673491686493,1.0119006159992514,1.3082789344147754
2014-10-06,treasury_7_10y,0.006434320714608921,0.006434320714608921,0,0.00582224503159523,-2.9180753271357633,1.259137100373208,1.5010188035404104
2014-10-07,alternative,0.030726213924383572,0.030726213924383572,0,0.008874330669641495,-0.6720146398013337,3.9884850979391144,-1.4472504509903485
2014-10-07,corp_bond_ig,-0.004019391516486448,-0.004019391516486448,0,0.00418173149228096,-0.4506564492080748,1.529242732956533,-0.8578871693250576
2014-10-07,developed_equity,0.03337648717485764,0.03337648717485764,0,0.007828950881958008,-0.474515899357427,4.092185523609713,-1.4981743180507094
2014-10-07,emerging_equity,0.009408911519179997,0.009408911519179997,0,0.006234463304281235,3.556332166850545,2.824821287299007,-3.051682309170884
2014-10-07,korea_equity,-0.014766493570853245,-0.014766493570853245,0,0.009539134800434113,3.64803555719309,2.9192930227219707,-0.7715089667415435
2014-10-07,short_treasury,0.0004727681744332024,0.0004727681744332024,0,0.0055910684168338776,-2.9790895917509537,1.0178922173937253,1.1589614216747313
2014-10-07,treasury_7_10y,0.00047740168777599123,0.00047740168777599123,0,0.005785498768091202,-3.053813697945332,1.3635257390919513,1.5872014061853443
2014-10-08,alternative,0.015610623732068563,0.015610623732068563,0,0.008838588371872902,-0.6433268693128219,4.046523973258709,-1.1645365068247897
2014-10-08,corp_bond_ig,-0.010913917953148444,-0.010913917953148444,0,0.00442485511302948,-0.5402259720307102,1.6913635262724231,-0.9677927560721792
2014-10-08,developed_equity,0.015334782073885833,0.015334782073885833,0,0.0077879708260297775,-0.6093429484727039,4.573788911627979,-1.2363668118665254
2014-10-08,emerging_equity,-0.014261908211872676,-0.014261908211872676,0,0.006835984066128731,3.3747921980285907,2.853323751876889,-2.5562285179496596
2014-10-08,korea_equity,-0.03568989247908605,-0.03568989247908605,0,0.009590376168489456,3.3108576613301897,2.3720766996569047,-0.8390721097134519
2014-10-08,short_treasury,-0.0008264427077487868,-0.0008264427077487868,0,0.0049592722207307816,-3.2317968481455193,0.4121364224133395,1.208126467742919
2014-10-08,treasury_7_10y,-0.0027590230600643695,-0.0027590230600643695,0,0.005582157522439957,-3.3895599566278665,1.384452074034442,1.8264586567521333
2014-10-09,alternative,0.038606461594474784,0.038606461594474784,0,0.008878177031874657,-0.8304888804865628,4.134379002599911,-1.3257306010482668
2014-10-09,corp_bond_ig,-0.009788322436994457,-0.009788322436994457,0,0.004822215065360069,-0.7007171370692301,1.2403510816772612,-0.4947315211322632
2014-10-09,developed_equity,0.04502027399995634,0.04502027399995634,0,0.007862301543354988,-0.7666763919294525,4.961575659678298,-1.8715450874612576
2014-10-09,emerging_equity,-0.01086695881665345,-0.01086695881665345,0,0.006540961563587189,3.909289783713801,3.3767348867469753,-2.7158502401324345
2014-10-09,korea_equity,-0.01562231411810111,-0.01562231411810111,0,0.009987244382500648,4.650046140211542,2.889675532252948,-0.612430158085314
2014-10-09,short_treasury,-0.0010625305918915418,-0.0010625305918915418,0,0.00427713617682457,-3.2046868651419724,0.11266998239769006,0.8707082978783803
2014-10-09,treasury_7_10y,-0.0040979729717447455,-0.0040979729717447455,0,0.00554022379219532,-3.3995559065842085,1.3727755226178393,2.2250556120769986
2014-10-10,alternative,0.06423774450818942,0.06423774450818942,0,0.00921277143061161,-0.7491486616487487,4.264761995853369,-1.2579332528436433
2014-10-10,corp_bond_ig,-0.004346707807447836,-0.004346707807447836,0,0.004634419456124306,-0.7909480967124666,1.2284786839238457,-0.49248973868546925
2014-10-10,developed_equity,0.05356879367260281,0.05356879367260281,0,0.007749447599053383,-0.7917386783735537,4.938839854573088,-1.559577637800844
2014-10-10,emerging_equity,0.01752660895057412,0.01752660895057412,0,0.007421655580401421,4.505890692255232,3.7684736812914665,-1.743357234444877
2014-10-10,korea_equity,0.010093849521916498,0.010093849521916498,0,0.01003267988562584,4.87988938282901,2.7765072871354213,-0.8344698956702559
2014-10-10,short_treasury,-0.000826052591324733,-0.000826052591324733,0,0.003002287819981575,-3.57591576318505,-0.48054944561807633,0.6894328780263381
2014-10-10,treasury_7_10y,-0.0016138045837784665,-0.0016138045837784665,0,0.004948735237121582,-3.5816425315606226,0.6422340901355558,2.4132264343320182
2014-10-13,alternative,0.08228460550713756,0.08228460550713756,0,0.009469231590628624,-0.8729540166347453,4.332545910205951,-1.255782918883988
2014-10-13,corp_bond_ig,-0.011922630282372615,-0.011922630282372615,0,0.004879720509052277,-0.7206655896250972,0.4407686995974207,0.3120566792640024
2014-10-13,developed_equity,0.06694191884335599,0.06694191884335599,0,0.007609691470861435,-1.0167905295358222,4.69421350770584,-1.6898462954986369
2014-10-13,emerging_equity,0.010019640284845588,0.010019640284845588,0,0.007484208792448044,5.011406081650746,4.2586213309472996,-1.552662111448703
2014-10-13,korea_equity,0.00965249634045473,0.00965249634045473,0,0.010411012917757034,5.00322108159592,3.1682937356927834,-0.1446414470223667
2014-10-13,short_treasury,-0.0018874134605493254,-0.0018874134605493254,0,0.005781823769211769,-3.021683163464397,-0.27328667584225924,0.3501577649737233
2014-10-13,treasury_7_10y,-0.010860341226816006,-0.010860341226816006,0,0.003628762438893318,-3.66748141591416,-0.3685532339590075,1.7527317036774315
2014-10-14,alternative,0.08430237243127081,0.08430237243127081,0,0.009367069229483604,-0.5212232688298981,4.730509619848169,-1.1040342769140508
2014-10-14,corp_bond_ig,-0.01422509855666021,-0.01422509855666021,0,0.0046729836612939835,-0.469250654589529,0.28132823936538087,-0.0077672311001326134
2014-10-14,developed_equity,0.07928736582432183,0.07928736582432183,0,0.007955865934491158,-1.0141959538142602,4.692283653524045,-1.7468040013530604
2014-10-14,emerging_equity,0.0031584321816611194,0.0031584321816611194,0,0.008013492450118065,5.468783221105895,4.2882840367081085,-0.8250667698749138
2014-10-14,korea_equity,-0.0017494484672504473,-0.0017494484672504473,0,0.010503793135285378,4.930366664232089,3.056896511762495,0.23100046334260843
2014-10-14,short_treasury,-0.0025937422953863365,-0.0025937422953863365,0,0.0055371057242155075,-3.052112925339353,-0.5423935894391473,0.22892322481714128
2014-10-14,treasury_7_10y,-0.012723831230312177,-0.012723831230312177,0,0.002604188397526741,-4.020204688193159,-1.0251052936817304,1.3786009210600079
2014-10-15,alternative,0.08666019270053393,0.08666019270053393,0,0.009696906432509422,-0.5493501114149798,4.111293175849486,-1.103712968916279
2014-10-15,corp_bond_ig,-0.0150457617794868,-0.0150457617794868,0,0.0025957785546779633,-0.20769697671090936,-2.0219950902592085,0.37397283800496034
2014-10-15,developed_equity,0.07548563421109655,0.07548563421109655,0,0.007863601669669151,-1.0823553985454282,4.482495830080062,-1.586121094936187
2014-10-15,emerging_equity,0.014025583252577745,0.014025583252577745,0,0.008902257308363914,5.640302774226329,4.814610109754003,-0.07483112491253752
2014-10-15,korea_equity,0.0031534072302812355,0.0031534072302812355,0,0.010616298764944077,5.978945104843804,3.463574367715078,0.6725108587412797
2014-10-15,short_treasury,-0.003532356654654678,-0.003532356654654678,0,0.006019173189997673,-3.1621228676944377,-0.37437188402699006,0.30773016797653735
2014-10-15,treasury_7_10y,-0.018650402255726894,-0.018650402255726894,0,0.0047571416944265366,-3.903883359733183,-0.43479242839239723,1.4470533680263538
2014-10-16,alternative,0.08649175309915424,0.08649175309915424,0,0.009925561025738716,-0.23464908007483276,4.247164786759161,-0.914146491454925
2014-10-16,corp_bond_ig,-0.013913173256095646,-0.013913173256095646,0,0.0022324547171592712,-0.1932860424389906,-2.448966423305645,0.5483786975928538
2014-10-16,developed_equity,0.07527517802298589,0.07527517802298589,0,0.008247913792729378,-1.2569052161133383,4.741439211659324,-1.303574774156219
2014-10-16,emerging_equity,0.020610827090204342,0.020610827090204342,0,0.009145447984337807,5.858848642627369,4.997624707942826,-0.016294744817975996
2014-10-16,korea_equity,0.003164562267856219,0.003164562267856219,0,0.010765284299850464,6.2835289478178975,3.4440832949992064,0.7986092784420445
2014-10-16,short_treasury,-0.002709657575180935,-0.002709657575180935,0,0.005875507369637489,-3.270605573390117,-0.28843031486148013,1.1078941100674418
2014-10-16,treasury_7_10y,-0.01437840763120124,-0.01437840763120124,0,0.004744000732898712,-3.746864368530684,-0.5025909495466778,1.3159713698688358
2014-10-17,alternative,0.07170172188726709,0.07170172188726709,0,0.01025896891951561,-0.4115699817007433,4.30702472878059,-0.7526889772788913
2014-10-17,corp_bond_ig,-0.012252051838421263,-0.012252051838421263,0,0.0024619176983833313,-0.8740430088538077,-2.6312006798148633,0.46756493902469826
2014-10-17,developed_equity,0.061093253683730975,0.061093253683730975,0,0.008336545899510384,-1.1200808040908141,5.037628191711325,-1.2544341090863749
2014-10-17,emerging_equity,0.017681664646900463,0.017681664646900463,0,0.009359641000628471,6.677249230074399,5.270609901846049,0.28600771992392127
2014-10-17,korea_equity,-0.003521140239892251,-0.003521140239892251,0,0.011122820898890495,6.237597605058254,3.4854966383479242,1.4020304356959845
2014-10-17,short_treasury,-0.0016503523119951735,-0.0016503523119951735,0,0.00593954510986805,-3.295681562473813,-0.15227102129013778,0.9162329957635603
2014-10-17,treasury_7_10y,-0.00942507082357702,-0.00942507082357702,0,0.005058763548731804,-3.928230598151592,-0.8619937714272401,0.9787263271897642
2014-10-20,alternative,0.05865662021421514,0.05865662021421514,0,0.009888999164104462,-0.35953008058691915,4.59090895799511,-0.1727024258258455
2014-10-20,corp_bond_ig,-0.016389298180738532,-0.016389298180738532,0,0.0024412740021944046,-0.5973646792357091,-2.7683119547643615,0.49563688790140165
2014-10-20,developed_equity,0.05784877254358456,0.05784877254358456,0,0.008331511169672012,-0.8987213397692652,5.033042643037319,-0.9900722727419727
2014-10-20,emerging_equity,0.003917723967049813,0.003917723967049813,0,0.009414639323949814,6.49743787078569,4.9445407446455345,0.6255564072531453
2014-10-20,korea_equity,-0.018232318705999617,-0.018232318705999617,0,0.010484522208571434,6.445800396422026,3.2220043730756958,1.3653450919390082
2014-10-20,short_treasury,-0.0023562317944600952,-0.0023562317944600952,0,0.005624942481517792,-3.175145598431001,-0.2992623420934078,0.8245204192952998
2014-10-20,treasury_7_10y,-0.011952909581801507,-0.011952909581801507,0,0.004990225657820702,-3.8879919826668443,-0.9271486001456326,1.005544445964079
2014-10-21,alternative,0.05462964375813795,0.05462964375813795,0,0.009594207629561424,-0.4342598694342795,4.502409328414536,-0.2811567597767025
2014-10-21,corp_bond_ig,-0.01498372982200391,-0.01498372982200391,0,0.002318447455763817,-0.9180042585988566,-2.6875699095638073,0.43886016028171265
2014-10-21,developed_equity,0.04183324195997007,0.04183324195997007,0,0.00838874839246273,-0.9684496862448041,5.145927337188532,-0.9116957102852042
2014-10-21,emerging_equity,0.005120773171542803,0.005120773171542803,0,0.009614882990717888,7.421916591093618,5.275674601884312,1.4691135166184062
2014-10-21,korea_equity,-0.014016289331350018,-0.014016289331350018,0,0.011131949722766876,6.7249994472735395,3.3115097162439726,2.0330325522466173
2014-10-21,short_treasury,-0.0022390106061709325,-0.0022390106061709325,0,0.00564655102789402,-3.078123056867118,-0.09876985326413934,0.9054409373883144
2014-10-21,treasury_7_10y,-0.00811627612101018,-0.00811627612101018,0,0.005108267068862915,-3.8853606567368435,-0.5491536514460638,1.228714117085819
2014-10-22,alternative,0.05970150847083455,0.05970150847083455,0,0.00960276648402214,-0.32105986299087774,4.600175977467555,0.20305451732334073
2014-10-22,corp_bond_ig,-0.018594207881756697,-0.018594207881756697,0,0.0021687056869268417,-0.9164974312241498,-2.908380429439713,0.25570403058916186
2014-10-22,developed_equity,0.04256541624249133,0.04256541624249133,0,0.00859643891453743,-1.0379477913152693,4.886774133189221,-0.48764987741181326
2014-10-22,emerging_equity,0.011291091446267387,0.011291091446267387,0,0.009083442389965057,7.10799600357435,4.858963806364302,1.2566037361468032
2014-10-22,korea_equity,-0.02450043207827035,-0.02450043207827035,0,0.01012883335351944,7.343692872753463,3.238034642156714,1.5702210751827503
2014-10-22,short_treasury,-0.0021215544972962297,-0.0021215544972962297,0,0.0053251683712005615,-3.1450044395939396,-0.13979376114394032,1.2834293074031893
2014-10-22,treasury_7_10y,-0.010478623686903998,-0.010478623686903998,0,0.004941932857036591,-3.812848917934241,-0.6806466199738972,1.1382779414739363
2014-10-23,alternative,0.05385332605482951,0.05385332605482951,0,0.008559271693229675,0.6324045312125227,3.915012694820008,-0.9295690449187175
2014-10-23,corp_bond_ig,-0.012949001352385192,-0.012949001352385192,0,0.0026152338832616806,-1.0539743078066561,-2.965600459266027,0.07775938203626898
2014-10-23,developed_equity,0.03385016307003985,0.03385016307003985,0,0.00898791290819645,-0.977703224845294,5.119011480743774,-0.3256282319668088
2014-10-23,emerging_equity,0.009820808504162004,0.009820808504162004,0,0.008880376815795898,7.12015380612697,4.7221171111057085,1.5376081320647272
2014-10-23,korea_equity,-0.028283897933450874,-0.028283897933450874,0,0.009519895538687706,5.946798489201845,3.1616978695812654,0.5931175091146869
2014-10-23,short_treasury,-0.0014151266776345484,-0.0014151266776345484,0,0.006010580807924271,-3.3682410304253385,0.014914313203250198,1.2649649356403108
2014-10-23,treasury_7_10y,-0.004550153922259992,-0.004550153922259992,0,0.005510978400707245,-3.7804943978543624,-0.756205555544747,1.065873049934126
2014-10-24,alternative,0.043119238057267584,0.043119238057267584,0,0.00840955413877964,0.4916300856014536,4.015327075870203,-0.8308075466725756
2014-10-24,corp_bond_ig,-0.00910226586965035,-0.00910226586965035,0,0.0024144500494003296,-0.90868846035904,-2.8067421642559656,0.10988524874839639
2014-10-24,developed_equity,0.04649838978533882,0.04649838978533882,0,0.00894208624958992,-0.8215276346856593,4.841793646936161,-0.15244700027867347
2014-10-24,emerging_equity,0.03461721484882507,0.03461721484882507,0,0.008517814800143242,6.459229066314035,4.051324505064226,1.4994451438223546
2014-10-24,korea_equity,-0.013720057144931741,-0.013720057144931741,0,0.009800497442483902,6.577834951496315,3.4558187743364184,0.8894033730265689
2014-10-24,short_treasury,-0.0014147930560456379,-0.0014147930560456379,0,0.0057858675718307495,-3.4335947608476043,0.0455234199922717,1.4294153710233943
2014-10-24,treasury_7_10y,-0.003409742414359984,-0.003409742414359984,0,0.005098419263958931,-3.647838883752783,-0.9274858137338183,0.9963143319441784
2014-10-27,alternative,0.05442805759066682,0.05442805759066682,0,0.008706247434020042,0.5854834276155426,4.19385114083221,-0.4175611498982371
2014-10-27,corp_bond_ig,-0.008757323089200963,-0.008757323089200963,0,0.0024852436035871506,-0.9596495654718171,-2.563343126811036,0.1590621028296576
2014-10-27,developed_equity,0.04575255012716384,0.04575255012716384,0,0.009340992197394371,-0.692003776573559,4.919334001507497,-0.04207150072175523
2014-10-27,emerging_equity,0.034152318515781044,0.034152318515781044,0,0.008401235565543175,7.163145594970031,4.526688263803055,1.9377271872122845
2014-10-27,korea_equity,-0.018310547068053573,-0.018310547068053573,0,0.009105786681175232,6.223284608636762,3.010461967976103,0.7726976299397801
2014-10-27,short_treasury,-0.0012968711476931682,-0.0012968711476931682,0,0.005748838186264038,-3.290012714893475,0.21677024789624968,1.4560245998736012
2014-10-27,treasury_7_10y,-0.003311629249981851,-0.003311629249981851,0,0.004917895421385765,-3.6137694134342566,-0.8822575438334718,1.2665957087485955
2014-10-28,alternative,0.0392336050330615,0.0392336050330615,0,0.008716404438018799,0.5857883727095455,4.084358032602275,-0.13936439093228614
2014-10-28,corp_bond_ig,-0.0011715430096103097,-0.0011715430096103097,0,0.0025701019912958145,-0.6946841998361195,-2.6761287644189293,-0.12268603334608408
2014-10-28,developed_equity,0.03060508497032921,0.03060508497032921,0,0.009419761598110199,-0.7902377796581935,4.594203525418618,0.15626544034511963
2014-10-28,emerging_equity,0.007225415071122621,0.007225415071122621,0,0.00806484930217266,7.064706351944359,4.292647662209508,1.8316809319590317
2014-10-28,korea_equity,-0.029089613076500376,-0.029089613076500376,0,0.009114513173699379,6.197375849165866,2.9091079365947103,1.0544935781465363
2014-10-28,short_treasury,-0.0009434177850896619,-0.0009434177850896619,0,0.005423704162240028,-3.3900780368307415,0.14971960968781603,1.6836743265174852
2014-10-28,treasury_7_10y,0.0016124269036634775,0.0016124269036634775,0,0.00461314432322979,-3.4989159228431452,-1.238932984325057,1.0841958299264274
2014-10-29,alternative,0.04562043859134368,0.04562043859134368,0,0.008796729147434235,0.47667910502905,3.7555305408040325,-0.0004240174224731699
2014-10-29,corp_bond_ig,0.004107963353320976,0.004107963353320976,0,0.0030592884868383408,-0.7186777063931705,-2.315644410468591,-0.139622590535179
2014-10-29,developed_equity,0.03477895434319578,0.03477895434319578,0,0.009898317977786064,-0.5657808487975384,4.660640942594464,0.4746626133140037
2014-10-29,emerging_equity,0.018518436968689933,0.018518436968689933,0,0.007682105526328087,7.101522650481927,4.087600013181941,2.007711648146964
2014-10-29,korea_equity,-0.02541511332371882,-0.02541511332371882,0,0.008686324581503868,6.546081082411634,3.2517078053555566,1.3187779704679712
2014-10-29,short_treasury,0.0004723215772135525,0.0004723215772135525,0,0.00564863346517086,-3.3393401646636063,0.14557447315787447,1.505925178808417
2014-10-29,treasury_7_10y,0.006661562010320976,0.006661562010320976,0,0.005393162369728088,-3.3757769913832534,-1.1772576211873618,0.9315927142331831
2014-10-30,alternative,0.03734060437310216,0.03734060437310216,0,0.008702469989657402,0.3582910153628017,3.6492635954847463,0.023105329527748904
2014-10-30,corp_bond_ig,0.006115915916606873,0.006115915916606873,0,0.0033371057361364365,-0.32687245386483393,-2.108110845363575,0.11454551876983134
2014-10-30,developed_equity,0.03153150105435776,0.03153150105435776,0,0.009706027805805206,-0.41688351664941514,4.352514709602096,0.6668721341101896
2014-10-30,emerging_equity,-0.011198503860687992,-0.011198503860687992,0,0.007729748263955116,6.716739382501559,3.6737499133281024,2.100243349492404
2014-10-30,korea_equity,-0.041940338699118174,-0.041940338699118174,0,0.008879465982317924,6.741963713100574,3.1240832477866047,1.4310221953016438
2014-10-30,short_treasury,0.00047215433133840357,0.00047215433133840357,0,0.005434539169073105,-3.427298855427735,0.12511172705770984,1.5717861651792049
2014-10-30,treasury_7_10y,0.009506606871285461,0.009506606871285461,0,0.004785742610692978,-3.369469453921241,-1.205214373208154,0.8974453452684924
2014-10-31,alternative,0.015315287822001533,0.015315287822001533,0,0.008639257401227951,0.5434696373606874,3.8991965286696533,0.3805400253317525
2014-10-31,corp_bond_ig,0.0,0.0,0,0.003359830006957054,-0.2354358802620659,-1.8634199754575789,-0.09307466293835692
2014-10-31,developed_equity,0.01583552470449745,0.01583552470449745,0,0.010114837437868118,-0.32756534025634865,4.015521273306923,0.47470264883493063
2014-10-31,emerging_equity,-0.032265730987377506,-0.032265730987377506,0,0.007556555792689323,7.579153603231725,3.552608575721196,2.7053342485179046
2014-10-31,korea_equity,-0.037182334392985905,-0.037182334392985905,0,0.008382413536310196,6.682316302385436,2.6875541659511226,1.6548692071502085
2014-10-31,short_treasury,0.00035426693946338794,0.00035426693946338794,0,0.005670798942446709,-2.8141799710149216,0.2715174241946514,1.2567190059854696
2014-10-31,treasury_7_10y,0.00695108912843212,0.00695108912843212,0,0.005358850583434105,-3.2364876400354796,-0.9943445307349558,1.2615115906698595
2014-11-03,alternative,0.0217785988415784,0.0217785988415784,0,0.0080938208848238,0.49556669790977814,3.3831940070356925,0.29952001128870964
2014-11-03,corp_bond_ig,-0.0019364800373806723,-0.0019364800373806723,0,0.004075514152646065,-1.3719540299818471,-0.9859700173173471,-0.5302643467762875
2014-11-03,developed_equity,0.012059921734721701,0.012059921734721701,0,0.010173909366130829,-0.30902821317023976,3.5948855794083965,0.6697525269498094
2014-11-03,emerging_equity,-0.024401925272269254,-0.024401925272269254,0,0.007284514605998993,7.008958882964451,2.9820567675118763,2.206341962306987
2014-11-03,korea_equity,-0.02237642465539691,-0.02237642465539691,0,0.00809011235833168,5.8642672828064555,2.4158594163634777,1.5248871122850942
2014-11-03,short_treasury,0.00023619941178143478,0.00023619941178143478,0,0.005701201036572456,-2.6962817132821857,0.40113756868032757,1.329162483612352
2014-11-03,treasury_7_10y,0.004580111770626782,0.004580111770626782,0,0.005136525258421898,-3.0142005195119927,-0.874071816348379,0.7984028094535195
2014-11-04,alternative,0.019873573968257174,0.019873573968257174,0,0.008526027202606201,0.4386372909441334,3.093866831456316,0.1723022967043271
2014-11-04,corp_bond_ig,-0.002354117820325352,-0.002354117820325352,0,0.004749402403831482,-1.050594776876656,-0.5984203133838809,-0.4665516795503781
2014-11-04,developed_equity,0.02227479372594643,0.02227479372594643,0,0.01061476580798626,-0.3858285769297347,3.57630824298431,1.1526105998858425
2014-11-04,emerging_equity,-0.022705563084963187,-0.022705563084963187,0,0.006482729688286781,6.400014175283166,2.3189532513098303,1.9286564353182736
2014-11-04,korea_equity,-0.018124797772184897,-0.018124797772184897,0,0.007633058354258537,5.8004994608258444,2.5386201861473485,1.094257145022903
2014-11-04,short_treasury,-0.00011815872475096079,-0.00011815872475096079,0,0.0058630649000406265,-2.395186658544682,0.5356264937858657,1.39959987204591
2014-11-04,treasury_7_10y,0.005057722823422095,0.005057722823422095,0,0.005813524127006531,-2.742659581921705,-0.6329176842505086,0.7100896181948914
2014-11-05,alternative,0.020795687915818428,0.020795687915818428,0,0.007998280227184296,0.11121333210043984,2.7445029341038727,-0.029357266652515427
2014-11-05,corp_bond_ig,0.0010949903308736797,0.0010949903308736797,0,0.0048260148614645,-1.0161722301095149,-0.32634985564994223,-0.5779171180826131
2014-11-05,developed_equity,0.013024836708541487,0.013024836708541487,0,0.010654926300048828,-0.44655836536540816,3.27177381475263,1.2075121212061735
2014-11-05,emerging_equity,-0.012298097931471963,-0.012298097931471963,0,0.006669685244560242,5.771815248426487,1.8834077209236402,1.503975303837953
2014-11-05,korea_equity,0.007968778794309905,0.007968778794309905,0,0.00781838409602642,6.144367102299859,2.4579970456059628,1.0066197757688238
2014-11-05,short_treasury,0.0007090297759151376,0.0007090297759151376,0,0.0060201045125722885,-2.5224317203035826,0.7482821818211461,1.5952157783330358
2014-11-05,treasury_7_10y,0.008299968986023254,0.008299968986023254,0,0.0053888168185949326,-2.620837717300718,-0.48416772893164894,0.4222709981242612
2014-11-06,alternative,0.029011757567591445,0.029011757567591445,0,0.00788905844092369,0.10088940134972653,2.7193486092817936,0.19891600122644199
2014-11-06,corp_bond_ig,0.0,0.0,0,0.005322467535734177,-0.6962077000183019,-0.009231544897055613,-0.47372135235863294
2014-11-06,developed_equity,0.01662275810582181,0.01662275810582181,0,0.01037859171628952,-0.5041831371779222,2.9751089485266036,0.9021628567129546
2014-11-06,emerging_equity,-0.0019530766148807555,-0.0019530766148807555,0,0.006578022614121437,5.751969717755777,1.4427669132260512,1.790736071628479
2014-11-06,korea_equity,-0.0021160101185334623,-0.0021160101185334623,0,0.007414704188704491,5.407983691008711,1.9472930649391733,0.6329901624075854
2014-11-06,short_treasury,-0.0009455363488662938,-0.0009455363488662938,0,0.006471728906035423,-2.2084042687704044,0.859812002227417,1.773760401907458
2014-11-06,treasury_7_10y,0.00574161219254643,0.00574161219254643,0,0.005920538678765297,-2.4824959189285565,-0.280654336842219,0.7801793357613425
2014-11-07,alternative,0.014414400667757565,0.014414400667757565,0,0.007479352876543999,0.10983651671084295,2.1949829480116665,0.1931672961116157
2014-11-07,corp_bond_ig,-0.0015951846228915434,-0.0015951846228915434,0,0.00572766549885273,-0.7575651452583884,-0.01719196287892969,-0.9315496763056872
2014-11-07,developed_equity,0.0103906898978805,0.0103906898978805,0,0.009897306561470032,-0.5359187763113014,2.3385543126746087,0.9943321250590013
2014-11-07,emerging_equity,-0.02280452240583919,-0.02280452240583919,0,0.0064818374812603,5.561668126258665,1.1330626672753685,1.2858168187497712
2014-11-07,korea_equity,-0.0073632885150997085,-0.0073632885150997085,0,0.007146662101149559,4.339271593679136,0.9157066506358088,0.6799749092976601
2014-11-07,short_treasury,-0.001771601855708127,-0.001771601855708127,0,0.006413636729121208,-2.356438315998876,0.8718035889741361,1.6887957746539901
2014-11-07,treasury_7_10y,0.0026623446246245575,0.0026623446246245575,0,0.005704512819647789,-2.3977957579428018,-0.4324287856274045,0.699364336172487
2014-11-10,alternative,0.007155593922416381,0.007155593922416381,0,0.007721306756138802,0.16066779302870982,1.9402542573104953,0.12994231070890228
2014-11-10,corp_bond_ig,0.004303387879865728,0.004303387879865728,0,0.006308235228061676,-0.3932415611425405,0.11846420857048014,-0.8359771188094327
2014-11-10,developed_equity,0.005389709595893022,0.005389709595893022,0,0.009849904105067253,-0.6240619048743851,1.9223811124876002,1.296344475226611
2014-11-10,emerging_equity,-0.03459957033201244,-0.03459957033201244,0,0.005892731249332428,5.135198882746673,0.43805659198255475,1.1484776740411253
2014-11-10,korea_equity,-0.00921256371532575,-0.00921256371532575,0,0.006508775055408478,4.368780322465932,1.1611092545517874,-0.12697583771214577
2014-11-10,short_treasury,-0.0007091071759951495,-0.0007091071759951495,0,0.006578462198376656,-2.1642375333511583,0.8468984086571554,1.4762686753316023
2014-11-10,treasury_7_10y,0.010502181559635115,0.010502181559635115,0,0.006469860672950745,-2.128940513802853,-0.2946643276816297,0.9379832900004706
2014-11-11,alternative,-0.0017873509822113887,-0.0017873509822113887,0,0.007353570312261581,0.07542396551608217,1.7307809486099226,0.019749949791549867
2014-11-11,corp_bond_ig,0.0040506612399460185,0.0040506612399460185,0,0.0060769300907850266,-0.5973391641622335,0.1493283167823102,-0.7443754996360054
2014-11-11,developed_equity,-0.012931660611291917,-0.012931660611291917,0,0.009807959198951721,-0.559394580813212,1.3900800668279312,0.972433969279759
2014-11-11,emerging_equity,-0.04795348748688788,-0.04795348748688788,0,0.006273448467254639,5.209063947407692,0.42998025618595187,1.0789996680991365
2014-11-11,korea_equity,-0.016298637973939822,-0.016298637973939822,0,0.006835145875811577,4.142072949273713,1.0731978061663316,-0.20018331398030959
2014-11-11,short_treasury,0.00023645712555242504,0.00023645712555242504,0,0.006782008334994316,-2.2515291290544535,1.0118440058046874,1.315203012352785
2014-11-11,treasury_7_10y,0.014988063912403149,0.014988063912403149,0,0.006005514413118362,-2.2608331681405445,-0.10076686202190101,0.9565304022954078
2014-11-12,alternative,-0.0035842431124376573,-0.0035842431124376573,0,0.007199009880423546,0.09821297482000786,1.6412594385928114,0.24349633550214717
2014-11-12,corp_bond_ig,0.0031226496181344654,0.0031226496181344654,0,0.0064427051693201065,-0.2234672669523612,0.33402365028549774,-0.5034693626424103
2014-11-12,developed_equity,-0.009928207730790506,-0.009928207730790506,0,0.009886039420962334,-0.6783664937536632,1.3048556868520649,1.0398413053920892
2014-11-12,emerging_equity,-0.05411306944378358,-0.05411306944378358,0,0.0064927805215120316,5.305064943475483,-0.015273128808146361,1.414691923065651
2014-11-12,korea_equity,-0.028117304276078614,-0.028117304276078614,0,0.006341936066746712,4.2722063162175115,0.6059555086536556,-0.414660590431905
2014-11-12,short_treasury,-0.0005907529715920568,-0.0005907529715920568,0,0.007156681269407272,-1.9514561973742708,0.9202952686427854,1.3554604827928556
2014-11-12,treasury_7_10y,0.013656769340835817,0.013656769340835817,0,0.006598185747861862,-2.2497775505019217,-0.12864749920626997,1.1688450733467495
2014-11-13,alternative,-0.021466918250152678,-0.021466918250152678,0,0.007218573242425919,0.1286450730812722,1.413025463673958,0.5191589834726105
2014-11-13,corp_bond_ig,0.005829692783440921,0.005829692783440921,0,0.006663108244538307,-0.30115322704493475,0.16607789038214707,-0.7000215189644056
2014-11-13,developed_equity,-0.021997736092187692,-0.021997736092187692,0,0.00921323150396347,-0.7049037477627415,0.9256499538317512,0.9589591555418381
2014-11-13,emerging_equity,-0.06715324632605646,-0.06715324632605646,0,0.0068977829068899155,5.126234363210844,-0.05025106704246384,1.0284577422486647
2014-11-13,korea_equity,-0.03820540225567204,-0.03820540225567204,0,0.0069387853145599365,4.404728640643825,0.7229797874113436,-0.11270923590148413
2014-11-13,short_treasury,0.00011815872475096079,0.00011815872475096079,0,0.006948431953787804,-2.024511609803395,0.7033943702178987,1.304224541683926
2014-11-13,treasury_7_10y,0.020308971573157697,0.020308971573157697,0,0.00652644969522953,-2.196221147107316,-0.16379882797685766,0.9533126853505606
2014-11-14,alternative,-0.0321141705898611,-0.0321141705898611,0,0.007128823548555374,0.6191820105360316,1.1149253886369388,0.5015009751375757
2014-11-14,corp_bond_ig,0.00691924462107063,0.00691924462107063,0,0.007181666791439056,-0.0024858722109924094,0.33065189628929115,-0.46237059832233657
2014-11-14,developed_equity,-0.033608744673479296,-0.033608744673479296,0,0.009263141080737114,-0.7601913191670074,0.8518131466050644,1.1613731476973648
2014-11-14,emerging_equity,-0.08807909826592342,-0.08807909826592342,0,0.006430244073271751,4.884609168747416,-0.4615304959258879,1.0080756141580465
2014-11-14,korea_equity,-0.020494697503260384,-0.020494697503260384,0,0.006718354299664497,4.439916459433684,0.7701018979863613,0.3754362447655997
2014-11-14,short_treasury,-0.00106274607026291,-0.00106274607026291,0,0.007102075964212418,-2.015081913835687,0.6969599132825487,1.2241561651501165
2014-11-14,treasury_7_10y,0.014462457607316015,0.014462457607316015,0,0.007370403036475182,-2.0930927249769438,-0.23134016740918859,0.8830395875455463
2014-11-17,alternative,-0.029490643492034563,-0.029490643492034563,0,0.007068034261465073,0.43566839430730675,0.937965956656742,0.2981361969348692
2014-11-17,corp_bond_ig,0.008965554668840303,0.008965554668840303,0,0.00683383084833622,-0.3260067518521806,0.3211846955714982,-0.2841354178214887
2014-11-17,developed_equity,-0.04438026630549863,-0.04438026630549863,0,0.009034542366862297,-0.8445702479416516,0.5727715598987164,0.9243919762691203
2014-11-17,emerging_equity,-0.07975610872594319,-0.07975610872594319,0,0.0067584216594696045,4.805017658269322,-0.6389151129269317,1.2359952227602307
2014-11-17,korea_equity,-0.005305964488906856,-0.005305964488906856,0,0.00716378353536129,4.273438760344705,0.3737524475513547,0.1170292173451482
2014-11-17,short_treasury,-0.0003542605005758537,-0.0003542605005758537,0,0.007527125999331474,-2.0619831062641327,0.8568530471735771,1.3708439817079747
2014-11-17,treasury_7_10y,0.020765862406802782,0.020765862406802782,0,0.007180817425251007,-2.1629335440379918,-0.32414542170877425,0.9485445513200549
2014-11-18,alternative,-0.031606658699676604,-0.031606658699676604,0,0.007672196254134178,-0.1851609805290041,0.9685506074853761,1.3228536188377837
2014-11-18,corp_bond_ig,0.008366414674640277,0.008366414674640277,0,0.0070356335490942,0.05634738432836909,0.23571675155886754,-0.09853152316115182
2014-11-18,developed_equity,-0.04330551746260369,-0.04330551746260369,0,0.008758818730711937,-0.8124557907267563,0.43612243018697633,0.677772745433774
2014-11-18,emerging_equity,-0.07690446117819172,-0.07690446117819172,0,0.006718860939145088,5.345540186165225,-1.012219678692286,1.747971833681233
2014-11-18,korea_equity,-0.030361522571687116,-0.030361522571687116,0,0.0064288172870874405,4.31972580605939,0.2374096164951269,0.36297022171425103
2014-11-18,short_treasury,-0.0011810378680009448,-0.0011810378680009448,0,0.007470760494470596,-1.471161078690127,0.9611223399272776,1.4179047637725075
2014-11-18,treasury_7_10y,0.012559464452792213,0.012559464452792213,0,0.00761752761900425,-2.2453066341019627,-0.2814772300077308,0.9796731240722275
2014-11-19,alternative,-0.01408449379940424,-0.01408449379940424,0,0.007554881274700165,-0.4091588742837375,0.7558570073307465,1.3008239388956353
2014-11-19,corp_bond_ig,0.014783394547828177,0.014783394547828177,0,0.006704641506075859,-0.12360693260895024,0.32040027502099117,-0.24516257503578637
2014-11-19,developed_equity,-0.009517275053879337,-0.009517275053879337,0,0.008336005732417107,-0.8493337721811257,0.3561126352344746,0.632950261655599
2014-11-19,emerging_equity,-0.06383497619934497,-0.06383497619934497,0,0.0070063769817352295,5.140132398529248,-1.1675358683032717,1.5210523930653261
2014-11-19,korea_equity,-0.018168871906894757,-0.018168871906894757,0,0.0067338962107896805,4.363225821740415,0.06312364310338923,0.3063375541304722
2014-11-19,short_treasury,-0.0016537563546743517,-0.0016537563546743517,0,0.007179537788033485,-1.6471993781164522,0.7388516101294289,1.3045916152880301
2014-11-19,treasury_7_10y,0.009540164118597927,0.009540164118597927,0,0.007529795169830322,-2.287285151001352,-0.3716953286491397,0.8589629066063961
2014-11-20,alternative,-0.02907491675557561,-0.02907491675557561,0,0.007575171068310738,-0.2043395016178189,0.7935035046611445,1.36988575561543
2014-11-20,corp_bond_ig,0.010410458837528225,0.010410458837528225,0,0.00667988695204258,-0.016571714805796715,0.14139122207751367,-0.0930381706133066
2014-11-20,developed_equity,-0.008942103508702726,-0.008942103508702726,0,0.00817062333226204,-0.879729994221264,0.3214930922541688,0.6461452326305231
2014-11-20,emerging_equity,-0.055677142136098756,-0.055677142136098756,0,0.006757853552699089,4.918583865827646,-1.4071214664733627,1.364680949331078
2014-11-20,korea_equity,-0.012678555079868814,-0.012678555079868814,0,0.007133744657039642,4.509776793317584,0.08571398894134748,0.4858082577704144
2014-11-20,short_treasury,-0.0025980304665832454,-0.0025980304665832454,0,0.007113451138138771,-1.63899178424806,0.8397406245453781,1.1357971642442497
2014-11-20,treasury_7_10y,0.011427453802785426,0.011427453802785426,0,0.008076904341578484,-2.2770609281442367,-0.4969895856641808,0.8226842843529963
2014-11-21,alternative,-0.03166225655889732,-0.03166225655889732,0,0.007919058203697205,-0.2840813150471302,0.8958567701198062,1.695145010384567
2014-11-21,corp_bond_ig,0.00927017057283619,0.00927017057283619,0,0.0058159735053777695,-0.25672188814680547,0.2074021587303144,-0.017651265833528443
2014-11-21,developed_equity,-0.014038522149835808,-0.014038522149835808,0,0.008297841995954514,-0.9454984895150759,0.22255206921096551,0.27234067415829594
2014-11-21,emerging_equity,-0.07210173557046207,-0.07210173557046207,0,0.007647339254617691,5.135797780515653,-1.5461692784490098,1.8628478003942408
2014-11-21,korea_equity,-0.015143521684931383,-0.015143521684931383,0,0.0068326424807310104,4.9877625853746625,0.11305074555688266,0.48095797293879655
2014-11-21,short_treasury,-0.002597327027567986,-0.002597327027567986,0,0.007093029096722603,-1.7125940541356142,0.880520289510147,1.2488506487982478
2014-11-21,treasury_7_10y,0.009408837219959443,0.009408837219959443,0,0.007771003991365433,-2.265662630444925,-0.49954709325235774,0.8149100660759282
2014-11-24,alternative,-0.03587056862683602,-0.03587056862683602,0,0.008208556100726128,-0.45957886654389946,0.7469224839493577,1.6606770913173012
2014-11-24,corp_bond_ig,0.0,0.0,0,0.00585613027215004,-0.16842395072997893,-0.16379889057945726,0.2403941840649017
2014-11-24,developed_equity,-0.011312550088371842,-0.011312550088371842,0,0.008050544187426567,-0.7886176382720157,0.38050515869558393,0.25446429868544546
2014-11-24,emerging_equity,-0.07293893285090569,-0.07293893285090569,0,0.007305959239602089,4.999722647132899,-1.6871931023485733,1.5011881686652473
2014-11-24,korea_equity,-0.026922444918136,-0.026922444918136,0,0.006126785650849342,4.982393721094052,0.040381163823311715,-0.10958825191734906
2014-11-24,short_treasury,-0.0037775905829618983,-0.0037775905829618983,0,0.007154649123549461,-1.762869024555761,0.6993590713889062,1.3137852535211187
2014-11-24,treasury_7_10y,-9.487855689582769e-05,-9.487855689582769e-05,0,0.007577141746878624,-2.205559913304811,-0.5777156360922562,0.7978317806568084
2014-11-25,alternative,-0.029850759265410587,-0.029850759265410587,0,0.008468037471175194,-0.32181898999567277,0.49514965877418493,1.9904989470900105
2014-11-25,corp_bond_ig,-0.00377008165165138,-0.00377008165165138,0,0.005374860018491745,-0.5008194855317173,-0.08710841599875034,0.27008551973940625
2014-11-25,developed_equity,-0.0073559581608638736,-0.0073559581608638736,0,0.007634876295924187,-0.34038467367271763,0.20862961882985348,-0.04482001832083022
2014-11-25,emerging_equity,-0.0648015089490317,-0.0648015089490317,0,0.0077012889087200165,5.055137150247139,-1.8328397062952237,1.558853566575948
2014-11-25,korea_equity,-0.019915421830945745,-0.019915421830945745,0,0.006769707426428795,5.050643851555403,0.15154886433540898,0.17387640132759924
2014-11-25,short_treasury,-0.0037771445964760453,-0.0037771445964760453,0,0.006287522614002228,-1.9937639702079244,0.33427422251544003,1.0015559581555746
2014-11-25,treasury_7_10y,-0.00331437953767455,-0.00331437953767455,0,0.007468650117516518,-2.301398980202307,-0.7515866082289052,1.0723785714168739
2014-11-26,alternative,-0.03228618671472072,-0.03228618671472072,0,0.008250819519162178,-0.2767653892186616,0.6134529714822955,1.8925844153805906
2014-11-26,corp_bond_ig,-0.006428961047407533,-0.006428961047407533,0,0.005389127880334854,-0.31418461308617585,-0.43701738212615393,0.1323383135454827
2014-11-26,developed_equity,-0.0072118491591107725,-0.0072118491591107725,0,0.00766797736287117,0.18209770787697782,0.7214689093495071,0.23920462198071152
2014-11-26,emerging_equity,-0.06918536979325318,-0.06918536979325318,0,0.007571158930659294,5.2573360579032595,-2.0227110381067686,1.470035475647597
2014-11-26,korea_equity,-0.02851181113693957,-0.02851181113693957,0,0.0075680892914533615,6.466535552165181,-0.1403673779002775,1.500408450885539
2014-11-26,short_treasury,-0.004248797310145491,-0.004248797310145491,0,0.006035538390278816,-2.0535297666907857,0.09599912325773781,0.5744726559385609
2014-11-26,treasury_7_10y,-0.003686891606627274,-0.003686891606627274,0,0.008062394335865974,-2.318422935059307,-0.7935709648539401,0.9113241983156112
2014-11-28,alternative,-0.03336262511721233,-0.03336262511721233,0,0.008701210841536522,-0.15099377490327032,0.690460352563858,2.2150198029069013
2014-11-28,corp_bond_ig,-0.007161237465086789,-0.007161237465086789,0,0.004824154078960419,-0.6675322990947978,-0.5853628470499536,0.27360509695514773
2014-11-28,developed_equity,-0.007232516213504736,-0.007232516213504736,0,0.007829166948795319,-0.07182449664146466,0.6201513488726511,-0.4854304571810258
2014-11-28,emerging_equity,-0.05590360710419806,-0.05590360710419806,0,0.008074363693594933,4.972568101448057,-2.2790819740829322,1.8509196368363687
2014-11-28,korea_equity,-0.021272905704078915,-0.021272905704078915,0,0.006992349401116371,5.518277656306177,-0.2564008393942187,0.9133805502990796
2014-11-28,short_treasury,-0.003657446675025211,-0.003657446675025211,0,0.005831995978951454,-2.228663455869417,-0.19733270041693587,0.5413190457425262
2014-11-28,treasury_7_10y,-0.0041435392342986654,-0.0041435392342986654,0,0.007628697901964188,-2.3978441342853647,-0.9736287731759776,1.2384005422236692
2014-12-01,alternative,-0.023070084689666315,-0.023070084689666315,0,0.008840057998895645,-0.13452248253298277,0.7144867276485034,2.0593126852784587
2014-12-01,corp_bond_ig,-8.374817448175698e-05,-8.374817448175698e-05,0,0.004837287589907646,-0.5522219440528515,-1.0473134398076154,0.5739873017260984
2014-12-01,developed_equity,-0.011076132763780389,-0.011076132763780389,0,0.007887238636612892,-0.02824196130351212,0.5977631505623361,-0.8262696257644252
2014-12-01,emerging_equity,-0.037509256181745276,-0.037509256181745276,0,0.00754067488014698,4.299864707731317,-2.1463749948156843,0.9083836204759166
2014-12-01,korea_equity,-0.0217891855732949,-0.0217891855732949,0,0.006989773362874985,5.564999924098299,-0.5495021569882091,1.2011640250227589
2014-12-01,short_treasury,-0.0029505486851788554,-0.0029505486851788554,0,0.005469499155879021,-2.155541839417605,-0.5278370223631843,0.1255842382791853
2014-12-01,treasury_7_10y,0.001134777745456672,0.001134777745456672,0,0.007246648892760277,-2.502031896092232,-1.1292579440634054,1.0999293193761326
2014-12-02,alternative,-0.02486674476293893,-0.02486674476293893,0,0.008749039843678474,-0.10922292420446732,0.8222162922376947,1.9845197772668972
2014-12-02,corp_bond_ig,0.007339317866228212,0.007339317866228212,0,0.0046677906066179276,-0.8236185524892318,-0.878209041131749,0.6815041800534055
2014-12-02,developed_equity,-0.018490596282987548,-0.018490596282987548,0,0.008129643276333809,-0.022949460839329548,0.8222026000754757,-1.0056513941055472
2014-12-02,emerging_equity,-0.03653746710080774,-0.03653746710080774,0,0.008318467065691948,5.849232772390277,-2.436262174659474,1.7657708003706012
2014-12-02,korea_equity,-0.018985090192275345,-0.018985090192275345,0,0.007824447005987167,6.098111724785374,-0.3657882327924117,1.449349426385067
2014-12-02,short_treasury,-0.0027161473323652485,-0.0027161473323652485,0,0.005233144387602806,-2.398999430553331,-0.6818831084052991,-0.07832632070779166
2014-12-02,treasury_7_10y,0.006743912354720383,0.006743912354720383,0,0.0069183651357889175,-2.567920144823511,-1.3470604422949712,1.1865927962934466
2014-12-03,alternative,-0.030115159255330592,-0.030115159255330592,0,0.008536877110600471,-0.02785146703929891,0.7207513650054549,2.142509058736311
2014-12-03,corp_bond_ig,0.009860088764845676,0.009860088764845676,0,0.004592752084136009,-0.5360660572055517,-1.1398705071044464,0.5707646806934509
2014-12-03,developed_equity,-0.02424075680102389,-0.02424075680102389,0,0.008256148546934128,0.03456783142968115,0.9114829347433703,-1.0896569633872804
2014-12-03,emerging_equity,-0.05184639186914386,-0.05184639186914386,0,0.00830412469804287,5.173468844432685,-1.7031967733328897,1.0139798701704859
2014-12-03,korea_equity,-0.02893150627796659,-0.02893150627796659,0,0.008062245324254036,6.046573248305284,-0.20914078717998805,1.880764665596005
2014-12-03,short_treasury,-0.0011814564608010336,-0.0011814564608010336,0,0.005502320826053619,-2.412576514396156,-0.7246347169473819,-0.22791240490619807
2014-12-03,treasury_7_10y,0.011488787390607325,0.011488787390607325,0,0.007089044898748398,-2.5368423358566026,-1.2819456188426537,0.8344027340058688
2014-12-04,alternative,-0.039858281126493256,-0.039858281126493256,0,0.008434569463133812,-0.14037902513959027,0.7039056290786717,1.9011161700911037
2014-12-04,corp_bond_ig,0.012368542192478182,0.012368542192478182,0,0.004117002710700035,-0.5823798636421721,-1.381269667035166,0.8388668289272883
2014-12-04,developed_equity,-0.04294897228059724,-0.04294897228059724,0,0.008117211982607841,-0.15767576125102192,1.021211339552343,-1.5088706809393941
2014-12-04,emerging_equity,-0.07031243451638003,-0.07031243451638003,0,0.008872980251908302,4.430147650931932,-1.3510399366627497,0.4041706735588945
2014-12-04,korea_equity,-0.050773005667895,-0.050773005667895,0,0.008247677236795425,6.19388711621888,-0.11473703705322229,2.0634990242140825
2014-12-04,short_treasury,-0.001771183393018405,-0.001771183393018405,0,0.005254985764622688,-2.6774307002343485,-0.9891779333918387,0.12411987615961578
2014-12-04,treasury_7_10y,0.014097812748141259,0.014097812748141259,0,0.00683886744081974,-2.5949421470716456,-1.3282314833267344,1.0300344186834318
2014-12-05,alternative,-0.05991192116086186,-0.05991192116086186,0,0.0082118920981884,-0.13771253553319932,0.8207116482348323,2.182556471743633
2014-12-05,corp_bond_ig,0.020699534771951633,0.020699534771951633,0,0.004042627289891243,-0.9253986946032752,-1.884267069817098,1.1180186339176728
2014-12-05,developed_equity,-0.05927236013486947,-0.05927236013486947,0,0.0077552590519189835,-0.26595641618280996,1.1423695616948382,-2.147410054859869
2014-12-05,emerging_equity,-0.07240711403695643,-0.07240711403695643,0,0.00915108434855938,4.200147194043337,-1.1395723744533182,0.4837095204717459
2014-12-05,korea_equity,-0.04877183802953189,-0.04877183802953189,0,0.008199727162718773,5.385045674126248,0.008338249712779985,1.695051590502204
2014-12-05,short_treasury,0.0005915420854123443,0.0005915420854123443,0,0.005120821297168732,-2.585879611777987,-0.9088629817854569,-0.1993903179762884
2014-12-05,treasury_7_10y,0.026641323429203112,0.026641323429203112,0,0.006539124995470047,-2.6921085265635143,-1.3837627508710286,1.0261085694732004
2014-12-08,alternative,-0.045293059886614695,-0.045293059886614695,0,0.008236182853579521,-0.34706610147686395,0.7478648565292324,1.7437983743448051
2014-12-08,corp_bond_ig,0.017238505577888086,0.017238505577888086,0,0.003129923716187477,-0.9640156823432408,-1.2705146727598455,0.46402678104395995
2014-12-08,developed_equity,-0.043740606445326735,-0.043740606445326735,0,0.007762031629681587,-0.49076760496305066,1.167106846147129,-2.1139810152389873
2014-12-08,emerging_equity,-0.0382323025695227,-0.0382323025695227,0,0.009072162210941315,4.425719496424177,-1.3370339215487723,0.6179025459728595
2014-12-08,korea_equity,-0.03726599523412111,-0.03726599523412111,0,0.008513091132044792,5.364068916991385,0.18059878298920587,2.084296124822171
2014-12-08,short_treasury,0.0011832241775631136,0.0011832241775631136,0,0.00509326346218586,-2.9431782968134326,-1.0845244520599064,-0.03029526412222489
2014-12-08,treasury_7_10y,0.023044100289243863,0.023044100289243863,0,0.006506610661745071,-2.745652796761602,-1.4933283949455127,1.2778639352974102
2014-12-09,alternative,-0.03463589323915717,-0.03463589323915717,0,0.007803516462445259,-0.3038047082783374,0.859816680593474,1.3726765941827501
2014-12-09,corp_bond_ig,0.013107084792369994,0.013107084792369994,0,0.0029894839972257614,-1.2499110385081802,-1.8467440694546504,0.4397296075226654
2014-12-09,developed_equity,-0.02006871593776849,-0.02006871593776849,0,0.007399501278996468,-0.5154528692845504,1.6221762391490413,-2.477665156696599
2014-12-09,emerging_equity,-0.012531327841571738,-0.012531327841571738,0,0.008471200242638588,3.961491697017525,-1.2211168697145671,0.8027630579980204
2014-12-09,korea_equity,-0.025087724652206655,-0.025087724652206655,0,0.008553767576813698,5.59861790097245,0.04491321672173195,2.1013186259509724
2014-12-09,short_treasury,0.0007096103657977526,0.0007096103657977526,0,0.004757555201649666,-2.94331902839038,-1.0499890600371653,-0.01100953220476997
2014-12-09,treasury_7_10y,0.015117216164744152,0.015117216164744152,0,0.006569927558302879,-2.651625222241863,-1.223962373868475,1.1977496021759253
2014-12-10,alternative,-0.026857655165291483,-0.026857655165291483,0,0.00789429247379303,-0.4061074727339363,1.115391212107938,1.5590115724078113
2014-12-10,corp_bond_ig,0.016137150065338446,0.016137150065338446,0,0.0027656201273202896,-0.9684713717780037,-1.4019799739682755,0.014464724240011159
2014-12-10,developed_equity,-0.01588849323551833,-0.01588849323551833,0,0.007196629419922829,-0.7472664916619353,1.5707068774006103,-2.6917815176802433
2014-12-10,emerging_equity,-0.0010175760399367961,-0.0010175760399367961,0,0.008868241682648659,3.9870385289277905,-0.992670660216196,0.3132376504244954
2014-12-10,korea_equity,-0.0008907756299499914,-0.0008907756299499914,0,0.00890946015715599,5.821683000990449,0.12780010491991425,2.2784022144129943
2014-12-10,short_treasury,0.0007090233590918427,0.0007090233590918427,0,0.004169510677456856,-3.288988514980517,-1.2292573111637992,0.21331611114025978
2014-12-10,treasury_7_10y,0.015519201755219925,0.015519201755219925,0,0.005364876240491867,-2.2713922984021093,-1.2943813337076413,0.8453795561881983
2014-12-11,alternative,-0.027877684884865306,-0.027877684884865306,0,0.007936868816614151,-0.715002989792262,0.9788716281184325,1.3661466016200907
2014-12-11,corp_bond_ig,0.019098070262576705,0.019098070262576705,0,0.002518272027373314,-1.3460248494632385,-1.6944032817569412,-0.039099439340334004
2014-12-11,developed_equity,-0.018384396082444243,-0.018384396082444243,0,0.0071242135018110275,-0.8342358734666729,1.9181473754173597,-2.9669914657892194
2014-12-11,emerging_equity,-0.000769594141846297,-0.000769594141846297,0,0.008674675598740578,3.346147394687178,-1.2815589202740767,0.07255729853414788
2014-12-11,korea_equity,0.00790653395587726,0.00790653395587726,0,0.007978804409503937,4.919373602773404,-0.09993977800738439,1.5732700900667935
2014-12-11,short_treasury,0.001773486907443278,0.001773486907443278,0,0.004095183685421944,-3.1956076990504774,-1.1168513403399363,-0.0822021036704153
2014-12-11,treasury_7_10y,0.020821547928972395,0.020821547928972395,0,0.005085501819849014,-1.9677245179189298,-1.2879235487228182,0.6287645100317378
2014-12-12,alternative,-0.010968963079519445,-0.010968963079519445,0,0.007639678195118904,-0.9044604189530578,0.9650245670128145,0.9641333799417281
2014-12-12,corp_bond_ig,0.01839558803757102,0.01839558803757102,0,0.0020858366042375565,-1.5244622739041394,-1.4160916513250337,-0.29983557106619135
2014-12-12,developed_equity,-0.010043840146436,-0.010043840146436,0,0.007159797474741936,-1.0828233117756616,1.9760609128952014,-2.778679003712357
2014-12-12,emerging_equity,0.024778319226880008,0.024778319226880008,0,0.008897941559553146,3.700086785001396,-1.0903396785514732,-0.684072261616216
2014-12-12,korea_equity,0.030976689683906322,0.030976689683906322,0,0.007397783920168877,4.722779459051157,-0.6789698620705521,1.1439649887959482
2014-12-12,short_treasury,0.0014173767067908738,0.0014173767067908738,0,0.0045773182064294815,-3.4008169427055557,-1.1615960600535322,0.01018245491083741
2014-12-12,treasury_7_10y,0.01345663754102655,0.01345663754102655,0,0.004126209765672684,-2.3110956248174395,-1.4009517717899145,0.686342728151946
2014-12-15,alternative,-0.004608294930875556,-0.004608294930875556,0,0.007391609251499176,-0.9711780432779515,0.9676300999573367,0.5286603584227182
2014-12-15,corp_bond_ig,0.01776581819037415,0.01776581819037415,0,0.002196887508034706,-1.0444061179065913,-1.4882853579200184,-0.5301844278188409
2014-12-15,developed_equity,-0.0031357070869415526,-0.0031357070869415526,0,0.0073557328432798386,-0.8444213579304319,2.0650347984343482,-2.7716068714418545
2014-12-15,emerging_equity,0.03387136142595182,0.03387136142595182,0,0.0086533073335886,4.004770696048531,-0.8451374032810343,-1.1677465194090733
2014-12-15,korea_equity,0.014069311206987845,0.014069311206987845,0,0.007726950570940971,5.207991797558087,-0.6519120432975124,1.7636013488026885
2014-12-15,short_treasury,0.0027187158520334265,0.0027187158520334265,0,0.004913780838251114,-3.255029226104834,-1.2538840198818513,-0.6785540486570353
2014-12-15,treasury_7_10y,0.021853255877306355,0.021853255877306355,0,0.003998173400759697,-2.3947109770831,-1.0475215936692792,-0.06597135455562156
2014-12-16,alternative,-0.01749541024470347,-0.01749541024470347,0,0.0071669332683086395,-1.332925860894192,0.9844843881044046,0.2556024555454499
2014-12-16,corp_bond_ig,0.023388388751065747,0.023388388751065747,0,0.002587590366601944,-0.9788170149142036,-1.6524787895516357,-0.6276688306205559
2014-12-16,developed_equity,-0.0012940900551532408,-0.0012940900551532408,0,0.007090497761964798,-1.0737135806271731,2.0879843346471696,-2.6767841500604654
2014-12-16,emerging_equity,0.03790088318381746,0.03790088318381746,0,0.008526528254151344,4.032917558309473,-0.6094980954200325,-1.701473469927992
2014-12-16,korea_equity,0.0012446602548914498,0.0012446602548914498,0,0.007343193516135216,3.692932223359849,-0.7533088542537821,1.0993406945789999
2014-12-16,short_treasury,0.0036621093089876933,0.0036621093089876933,0,0.004983741790056229,-3.1273939746542814,-1.1650221412919888,-0.7663318152869619
2014-12-16,treasury_7_10y,0.025382544777481586,0.025382544777481586,0,0.003979848697781563,-2.265981993187181,-0.9933519675929311,0.4448362830748867
2014-12-17,alternative,-0.028105222282369113,-0.028105222282369113,0,0.007353343069553375,-1.3312723732086031,0.9914379707591295,0.016158996361614993
2014-12-17,corp_bond_ig,0.017432130710480553,0.017432130710480553,0,0.00289267860352993,-1.0725183925523296,-1.6871318432001932,-0.5315958962527594
2014-12-17,developed_equity,0.008308291811181867,0.008308291811181867,0,0.006891235709190369,-1.0043765486089684,2.1568927850249118,-2.968533791781454
2014-12-17,emerging_equity,0.03784500578921679,0.03784500578921679,0,0.008508691564202309,3.8856882861158804,-0.5837284101066861,-1.4830409587133095
2014-12-17,korea_equity,0.017737548275770676,0.017737548275770676,0,0.007709814235568047,4.008860220916995,-0.47495040467934496,1.1944634880847111
2014-12-17,short_treasury,0.0036655736042614517,0.0036655736042614517,0,0.00535600446164608,-3.0315963345869625,-1.428535509268213,-1.0394951766445417
2014-12-17,treasury_7_10y,0.024901349102373738,0.024901349102373738,0,0.004471944645047188,-2.652945280075401,-0.956597041398853,0.6375758843566887
2014-12-18,alternative,-0.03928572790963314,-0.03928572790963314,1,-0.0023895222693681717,0.9659552323411686,-0.3992360789915694,-0.20790234149238573
2014-12-18,corp_bond_ig,0.018754167933548338,0.018754167933548338,1,-0.006595158949494362,-2.9827876057215166,-0.36071482604559896,1.4992652478464012
2014-12-18,developed_equity,-0.014761141827484892,-0.014761141827484892,1,-0.0012419354170560837,2.028366109860223,-1.0294127416572594,2.050182008940139
2014-12-18,emerging_equity,0.022297138116570192,0.022297138116570192,1,-0.0009017586708068848,-1.7436725548402983,1.356855049596694,-2.259060637152995
2014-12-18,korea_equity,0.019593647532346825,0.019593647532346825,1,-0.001729331910610199,-4.3248543212340165,0.3082264317883936,1.9268603475712405
2014-12-18,short_treasury,0.0037860826731406227,0.0037860826731406227,1,-0.003940079361200333,-1.6331481674789985,-1.638729592801056,3.9019749448386882
2014-12-18,treasury_7_10y,0.0330750331704186,0.0330750331704186,1,-0.005303904414176941,-0.22260544165059884,-0.22447385197161407,2.249326461427609
2014-12-19,alternative,-0.020871102414308673,-0.020871102414308673,1,-0.002025764435529709,1.1035111731404876,-0.3601557407038695,0.10172660613752123
2014-12-19,corp_bond_ig,0.01884737855391072,0.01884737855391072,1,-0.006451595574617386,-2.782309667129501,-0.5046020020889863,1.7601641672875927
2014-12-19,developed_equity,-0.01971124584812778,-0.01971124584812778,1,-0.0022176019847393036,2.269667540359297,-1.1752329742406342,1.675345620366029
2014-12-19,emerging_equity,0.037590089565830764,0.037590089565830764,1,-0.001888396218419075,-2.1060654377147574,1.3236230352753666,-2.35228494865948
2014-12-19,korea_equity,0.026044467405761607,0.026044467405761607,1,-0.0010069645941257477,-4.334470118306329,0.40346891696761605,2.216475050923772
2014-12-19,short_treasury,0.004499138734750829,0.004499138734750829,1,-0.0022471919655799866,-1.8397545737191678,-2.100703812508925,4.315741276742814
2014-12-19,treasury_7_10y,0.024385688632058145,0.024385688632058145,1,-0.005238940939307213,-0.2346896479705765,-0.3536610368175017,2.358167260372106
2014-12-22,alternative,-0.00363307476314767,-0.00363307476314767,1,-0.0026820767670869827,0.9843091985850778,-0.19887563512191206,0.17500633050082845
2014-12-22,corp_bond_ig,0.015113539798828679,0.015113539798828679,1,-0.0062201302498579025,-4.1134086511767,-0.9771408280938217,1.9722787816072804
2014-12-22,developed_equity,-0.011611782975037954,-0.011611782975037954,1,-0.0020260512828826904,1.6073251967738276,-1.165638199905149,2.0753932044235093
2014-12-22,emerging_equity,0.042915149336481884,0.042915149336481884,1,-0.0008234716951847076,-2.0554434542495468,1.5748316976798498,-1.8518923292328655
2014-12-22,korea_equity,0.02592527722202198,0.02592527722202198,1,-0.0007978826761245728,-4.28190592055893,0.561313557835042,2.400895572028759
2014-12-22,short_treasury,0.003906181209130777,0.003906181209130777,1,-0.003155343234539032,-1.862333242533335,-2.091340562011576,4.201321934990986
2014-12-22,treasury_7_10y,0.021843514874517966,0.021843514874517966,1,-0.005349062383174896,-0.9008862600272372,-0.8221093243294538,2.140440026863307
2014-12-23,alternative,-0.008166913987366686,-0.008166913987366686,1,-0.0030030421912670135,0.9170418176691179,-0.32737940079230093,0.7239686190357741
2014-12-23,corp_bond_ig,0.028859910384623655,0.028859910384623655,1,-0.006034513935446739,-4.10045838613376,-1.5748510154457294,2.2431565011711294
2014-12-23,developed_equity,-0.020678246223717944,-0.020678246223717944,1,-0.0029385294765233994,1.6131735872302404,-1.0843997888766106,2.1434745879025567
2014-12-23,emerging_equity,0.044592461387922055,0.044592461387922055,1,-0.0013525038957595825,-2.213319077617454,1.267025478594141,-2.1748573198022005
2014-12-23,korea_equity,0.03761305352172095,0.03761305352172095,1,-0.0020784009248018265,-4.842592446226149,0.9536294312394493,2.3785179392414517
2014-12-23,short_treasury,0.0054508719966774866,0.0054508719966774866,1,-0.0017341971397399902,-1.668495762439396,-2.130109901908914,4.004771302859855
2014-12-23,treasury_7_10y,0.03712138958267874,0.03712138958267874,1,-0.0055695511400699615,-0.9635606020731173,-1.0998114601529787,2.3068656152648885
2014-12-24,alternative,0.001809927133413325,0.001809927133413325,1,-0.004033975303173065,0.9003096214873623,-0.19683233554628046,0.6133848793647145
2014-12-24,corp_bond_ig,0.02808843860926502,0.02808843860926502,1,-0.007063103839755058,-4.224679625458292,-1.2601418965238154,1.3882354305067137
2014-12-24,developed_equity,-0.01289971738680007,-0.01289971738680007,1,-0.0031261760741472244,1.5460465689819318,-1.24293441191164,2.625302847097375
2014-12-24,emerging_equity,0.04270002922227789,0.04270002922227789,1,-0.0008871797472238541,-2.0715670629870555,1.4083034376442785,-1.9444760819340963
2014-12-24,korea_equity,0.033627025919087616,0.033627025919087616,1,-0.0014872513711452484,-4.281860788072749,1.0684219122356258,2.792219243177496
2014-12-24,short_treasury,0.0047393544863414405,0.0047393544863414405,1,-0.002877619117498398,-1.4645472124647478,-1.447485972586762,2.9349315181610853
2014-12-24,treasury_7_10y,0.03553442150849895,0.03553442150849895,1,-0.00514032319188118,-1.2951560535701587,-1.1257762350999383,2.156985070523281
2014-12-26,alternative,0.0,0.0,1,-0.004096899181604385,0.8960162317638578,-0.3565924329106213,0.9940425797866349
2014-12-26,corp_bond_ig,0.028067196116728033,0.028067196116728033,1,-0.007193811237812042,-4.074390986134531,-1.5319524252887173,1.6768604368666875
2014-12-26,developed_equity,-0.01699558496887954,-0.01699558496887954,1,-0.003907974809408188,1.796351457483375,-1.0688508970112922,2.2587935376202672
2014-12-26,emerging_equity,0.028919412919805376,0.028919412919805376,1,-0.0013778731226921082,-2.135782787363437,1.4253536640910662,-1.907342279838653
2014-12-26,korea_equity,0.024516802177845243,0.024516802177845243,1,-0.001878928393125534,-4.620193064135447,1.131866969377024,2.673609567952749
2014-12-26,short_treasury,0.005689175203428709,0.005689175203428709,1,-0.002450970932841301,-1.4942419364436712,-1.636115790743745,3.1592764482035522
2014-12-26,treasury_7_10y,0.03558212374720182,0.03558212374720182,1,-0.005519550293684006,-1.26376960134923,-1.1761742960474273,2.272863889486762
2014-12-29,alternative,-0.006357828864155035,-0.006357828864155035,1,-0.003944259136915207,0.9313322170762516,-0.45773095039569306,0.9723177502639131
2014-12-29,corp_bond_ig,0.03304533004345167,0.03304533004345167,1,-0.0074678994715213776,-3.88108026138702,-1.2456345651181258,1.6184092726985122
2014-12-29,developed_equity,-0.027903763289304107,-0.027903763289304107,1,-0.003616195172071457,1.5335662803056043,-1.1501136995461436,2.734866351667997
2014-12-29,emerging_equity,0.023991797329945497,0.023991797329945497,1,-0.0008708164095878601,-1.8349328170926809,1.5443385191145655,-1.4494444995828184
2014-12-29,korea_equity,0.024788954796212792,0.024788954796212792,1,-0.0012147799134254456,-4.570719091778127,0.8957905360308122,2.837882406253778
2014-12-29,short_treasury,0.0054470897630596316,0.0054470897630596316,1,-0.0032719317823648453,-1.224691385270768,-1.3466173234326477,3.0006231713951275
2014-12-29,treasury_7_10y,0.04000003174405298,0.04000003174405298,1,-0.005487486720085144,-1.6312003100726986,-1.270004885151729,2.094858321225092
2014-12-30,alternative,0.001816572029142538,0.001816572029142538,1,-0.0031561609357595444,1.103231245518694,-0.3859566440349425,1.2325552450214696
2014-12-30,corp_bond_ig,0.029749395524097055,0.029749395524097055,1,-0.006680592894554138,-4.045051978344059,-1.6400690670439162,1.9819045196521454
2014-12-30,developed_equity,-0.024474511207624894,-0.024474511207624894,1,-0.004197083413600922,1.4435793398123336,-1.3232184981431039,2.8448857865824975
2014-12-30,emerging_equity,0.02190526355371425,0.02190526355371425,1,-0.001811843365430832,-2.0952905479531343,1.4212842391478353,-1.6951720064225928
2014-12-30,korea_equity,0.030967023663004634,0.030967023663004634,1,-0.001712314784526825,-4.482677299535905,1.1084784501864966,2.8467446084071
2014-12-30,short_treasury,0.004734776048651135,0.004734776048651135,1,-0.0031465422362089157,-1.2669205033756767,-1.4162824821775004,3.0806063417178664
2014-12-30,treasury_7_10y,0.03513737125532179,0.03513737125532179,1,-0.005416765809059143,-1.9425515770377162,-1.8203798090152554,2.5971678340241224
2014-12-31,alternative,-0.00546453631001087,-0.00546453631001087,1,-0.003638043999671936,0.5430433861232333,-0.6539631263468753,1.7068370538170683
2014-12-31,corp_bond_ig,0.03751775889912845,0.03751775889912845,1,-0.007226141169667244,-3.880475314049335,-1.386412723053859,1.2768812475044513
2014-12-31,developed_equity,-0.02497907931972121,-0.02497907931972121,1,-0.0031839851289987564,1.7577799401908174,-1.2213518146969742,3.539368602013072
2014-12-31,emerging_equity,-0.006871989093208852,-0.006871989093208852,1,-0.001226307824254036,-2.1327426906443416,1.3412584447949887,-1.489150338751221
2014-12-31,korea_equity,0.006511134100026128,0.006511134100026128,1,-0.0016253851354122162,-4.78344127279562,1.140885732321646,2.7535364675378324
2014-12-31,short_treasury,0.00627597901532484,0.00627597901532484,1,-0.00421253964304924,-1.0095812748157746,-1.1072282716146424,2.502131970442031
2014-12-31,treasury_7_10y,0.04302297650622955,0.04302297650622955,1,-0.005291428416967392,-1.539134086162364,-1.7384047875066189,2.092710584228832
2015-01-02,alternative,0.010045648165489363,0.010045648165489363,1,-0.0037188027054071426,0.37531500704779286,-0.5511009242147196,1.9287281049657712
2015-01-02,corp_bond_ig,0.032045366596126446,0.032045366596126446,1,-0.006129978224635124,-3.9011651782675707,-1.7134812883565924,1.6835394144016191
2015-01-02,developed_equity,-0.0076762461974150265,-0.0076762461974150265,1,-0.0035861358046531677,1.5114943243816539,-1.1264750384604398,2.876207949183855
2015-01-02,emerging_equity,0.024503501463055022,0.024503501463055022,1,-0.001910937950015068,-2.251437116778169,1.699081400915939,-1.5104992076169717
2015-01-02,korea_equity,0.03418027376850685,0.03418027376850685,1,-0.0009700246155261993,-4.425064945750986,1.4307144034122135,2.8304620133138902
2015-01-02,short_treasury,0.004494881113115579,0.004494881113115579,1,-0.003497866913676262,-1.5292477807823284,-1.740291454859585,2.6492969112557114
2015-01-02,treasury_7_10y,0.034732043743867846,0.034732043743867846,1,-0.005606643855571747,-1.9444695522737152,-1.4549594671756352,2.3158285864830046
2015-01-05,alternative,0.040590419409066714,0.040590419409066714,1,-0.0036077890545129776,0.601353538868789,-0.5929331936101956,2.318714075353663
2015-01-05,corp_bond_ig,0.01953123736769924,0.01953123736769924,1,-0.006544902920722961,-3.654923145011919,-1.501028980630593,1.390750458751797
2015-01-05,developed_equity,0.024581980715961516,0.024581980715961516,1,-0.002745475620031357,1.615742921328483,-1.0347894453464066,3.3619595416095374
2015-01-05,emerging_equity,0.06276258599597462,0.06276258599597462,1,-0.002145625650882721,-2.455711783881109,1.8494531909681158,-1.3652817184162438
2015-01-05,korea_equity,0.054969485245318195,0.054969485245318195,1,-0.0006185229867696762,-3.8630687236742025,1.1788692353316967,2.122496786788541
2015-01-05,short_treasury,0.003666874322647562,0.003666874322647562,1,-0.0035224780440330505,-1.3108793022525083,-1.6892540807807261,2.768770355799945
2015-01-05,treasury_7_10y,0.019779835235544718,0.019779835235544718,1,-0.0052854567766189575,-1.8491864211942042,-1.5035505978630124,1.9682086205507796
2015-01-06,alternative,0.046860357478973436,0.046860357478973436,1,-0.002756856381893158,0.3656468140227058,-0.2808675490561399,2.3296654040252474
2015-01-06,corp_bond_ig,0.01680323499975489,0.01680323499975489,1,-0.005798470228910446,-3.86381319507809,-1.91196166038934,1.5829999980383402
2015-01-06,developed_equity,0.031575902031679925,0.031575902031679925,1,-0.0029165837913751602,1.2915280014378652,-0.6976084118142838,3.2800674141276986
2015-01-06,emerging_equity,0.061972637191288094,0.061972637191288094,1,-0.002449149265885353,-2.340094138232119,1.765834969855707,-1.4338042332194265
2015-01-06,korea_equity,0.06390485806605417,0.06390485806605417,1,-0.0015774201601743698,-3.827303294908547,1.9692180192706266,1.7873088605496918
2015-01-06,short_treasury,0.003310460785472147,0.003310460785472147,1,-0.003070872277021408,-1.5613844382310873,-1.5937518426081483,2.944326308007811
2015-01-06,treasury_7_10y,0.0146432049000087,0.0146432049000087,1,-0.005180291831493378,-1.8703578512609709,-1.561186851725601,1.576435625979991
2015-01-07,alternative,0.05302322742550869,0.05302322742550869,1,-0.001104922965168953,0.6503297966880275,0.08135959145756563,2.744189403587151
2015-01-07,corp_bond_ig,0.012234402848677384,0.012234402848677384,1,-0.0052752867341041565,-3.6048992750996143,-1.4996340951479148,1.0306530962030735
2015-01-07,developed_equity,0.032549531717726454,0.032549531717726454,1,-0.00261770561337471,1.7072973942184186,-0.3607630459532369,3.119904859348048
2015-01-07,emerging_equity,0.04568912148628623,0.04568912148628623,1,-0.001436237245798111,-2.504507672241538,1.9571439170035665,-0.9390016405619717
2015-01-07,korea_equity,0.04623005935350033,0.04623005935350033,1,-0.0014002248644828796,-4.0590736626113735,1.5067359817365311,1.7386507665217186
2015-01-07,short_treasury,0.0024816719174727275,0.0024816719174727275,1,-0.0034436993300914764,-1.8692059916144488,-1.5812379475686478,2.714599072451385
2015-01-07,treasury_7_10y,0.011123513238675997,0.011123513238675997,1,-0.004764517769217491,-1.3605604979071162,-2.218900275639417,1.3122698367994359
2015-01-08,alternative,0.032198712955498365,0.032198712955498365,1,-0.001249140128493309,0.9256127208036726,0.2679674421511605,2.525201685680332
2015-01-08,corp_bond_ig,0.004892986639005947,0.004892986639005947,1,-0.005137471482157707,-3.7232986469205134,-1.7925379148490344,1.7037919309419924
2015-01-08,developed_equity,0.007434405561656199,0.007434405561656199,1,-0.003021884709596634,1.8931916329968175,-0.1908085550733166,2.487214289406899
2015-01-08,emerging_equity,0.010659851590854474,0.010659851590854474,1,-0.0021877549588680267,-2.1450382614431853,1.6562066583845014,-0.7886158114113737
2015-01-08,korea_equity,0.010437319313296722,0.010437319313296722,1,-0.0013891980051994324,-3.793376874984532,1.6875446964593437,1.8945342648100971
2015-01-08,short_treasury,0.00023633900156205812,0.00023633900156205812,1,-0.004514021798968315,0.01481210428788438,1.0214953481693378,0.0067175997768321285
2015-01-08,treasury_7_10y,0.003909141468740884,0.003909141468740884,1,-0.005293618887662888,-1.6683268682107097,-2.1581734500869802,1.2954520620222423
2015-01-09,alternative,0.032198712955498365,0.032198712955498365,1,-0.001001458615064621,1.1971068499193518,0.37967765580951984,2.6639837548175938
2015-01-09,corp_bond_ig,0.002894941850320576,0.002894941850320576,1,-0.005839092656970024,-3.1834693910390985,-1.4670274558103804,1.497696675433026
2015-01-09,developed_equity,0.0097720214621424,0.0097720214621424,1,-0.0024318043142557144,2.280287384407353,-0.01281282249013157,2.508966179901821
2015-01-09,emerging_equity,0.012477663816086393,0.012477663816086393,1,-0.0022472459822893143,-1.8379305812819295,2.371390157237619,-0.4135332358093743
2015-01-09,korea_equity,0.0007132150414432825,0.0007132150414432825,1,-0.0017044004052877426,-4.221149295198061,1.5999339074514443,1.458687913377802
2015-01-09,short_treasury,-0.0007085210011517074,-0.0007085210011517074,1,-0.005486469715833664,0.3868426272921722,1.1748406706676762,-0.16700848768537896
2015-01-09,treasury_7_10y,-0.001481927019545859,-0.001481927019545859,1,-0.005395309999585152,-1.2104117473124154,-2.6375208335728115,1.006023385090301
2015-01-12,alternative,0.03977801214111243,0.03977801214111243,1,-0.0013792794197797775,1.365814592828244,0.8929389018404137,2.7940250852029997
2015-01-12,corp_bond_ig,-0.0017336670456062908,-0.0017336670456062908,1,-0.0057942066341638565,-0.5913043925582169,-1.2939843188983966,-2.3362954636657136
2015-01-12,developed_equity,0.02142443863387511,0.02142443863387511,1,-0.002713063731789589,2.191990887582137,0.71879795309228,1.8714254242046788
2015-01-12,emerging_equity,0.018228474212206303,0.018228474212206303,1,-0.0035444721579551697,-1.927641840919567,2.40193577971351,-0.6151163569024393
2015-01-12,korea_equity,-0.006774845196674595,-0.006774845196674595,1,-0.0022688210010528564,-3.557342487366111,1.1425410953341266,1.6712191970222088
2015-01-12,short_treasury,-0.0015343429441969647,-0.0015343429441969647,1,-0.005082497373223305,1.4712490259045363,2.6207877522907004,-0.9993961722603892
2015-01-12,treasury_7_10y,-0.00747575053069538,-0.00747575053069538,1,-0.006105165928602219,-1.1644653973858865,-2.4963747861280035,0.7810796580189266
2015-01-13,alternative,0.036044377411068584,0.036044377411068584,1,-0.0018187519162893295,-0.7459889503331696,1.2013849890466664,2.010143331178805
2015-01-13,corp_bond_ig,-0.0019795271197479147,-0.0019795271197479147,1,-0.006411194801330566,-0.9155465064518029,-1.726238182206474,-2.1127437899296084
2015-01-13,developed_equity,0.02872241226660055,0.02872241226660055,1,-0.002684596925973892,1.1051918570652648,0.4076671028433712,1.8964698983878907
2015-01-13,emerging_equity,0.00203609097717794,0.00203609097717794,1,-0.0035265162587165833,-1.8541688479557352,2.67009122041339,-0.6287675177974243
2015-01-13,korea_equity,-0.02721811356821291,-0.02721811356821291,1,-0.0025554895401000977,-3.8847806887213054,1.4638923006270177,1.402371352457313
2015-01-13,short_treasury,-0.0020051683344306515,-0.0020051683344306515,1,-0.005620546638965607,1.8187073267731677,2.5793921895053407,-1.407227871129292
2015-01-13,treasury_7_10y,-0.008759769248270155,-0.008759769248270155,1,-0.00606318935751915,-0.5723204407467651,-3.094562414596962,1.5327222214052088
2015-01-14,alternative,0.053703731960720535,0.053703731960720535,1,-0.0012747794389724731,-0.5162356270279113,1.3865660470029384,1.7323778315613245
2015-01-14,corp_bond_ig,-0.0011527327555891365,-0.0011527327555891365,1,-0.006753923371434212,-2.423110857657249,-1.9039471153966834,-0.057628901162142684
2015-01-14,developed_equity,0.0393194152703078,0.0393194152703078,1,-0.0023287292569875717,1.2345199925960628,1.1121174051781981,1.0507456252657772
2015-01-14,emerging_equity,0.029178382353544308,0.029178382353544308,1,-0.0036716721951961517,-1.7683562815562313,2.787428855897794,-0.37764359953447735
2015-01-14,korea_equity,-0.011383838060337048,-0.011383838060337048,1,-0.003551298752427101,-3.7621391057648843,1.6302159421150813,1.2827452527066667
2015-01-14,short_treasury,-0.002239802396617363,-0.002239802396617363,1,-0.005882536992430687,1.8987170599563374,2.5923401567260838,-1.3849261801262023
2015-01-14,treasury_7_10y,-0.01294168033235188,-0.01294168033235188,1,-0.005188796669244766,-0.8662153504232267,-2.6749352750108883,2.634304787754289
2015-01-15,alternative,0.07310218626849108,0.07310218626849108,1,-0.0021183453500270844,-1.4808597850119567,1.6373126846884118,1.3093534623918615
2015-01-15,corp_bond_ig,-0.010239187264510896,-0.010239187264510896,1,-0.005720123648643494,-2.098983293441669,-2.1733559370304723,1.4243486614120429
2015-01-15,developed_equity,0.050964597785586374,0.050964597785586374,1,-0.0036565791815519333,-0.2850262365741619,1.1912925908627958,1.457422250922727
2015-01-15,emerging_equity,0.03855971214037157,0.03855971214037157,1,-0.004044761881232262,-1.7119987881723557,2.5231589345967635,-0.19954147991178794
2015-01-15,korea_equity,-0.004972519750762183,-0.004972519750762183,1,-0.00346335768699646,-3.395413414787578,1.4776468401676002,1.4633369654065016
2015-01-15,short_treasury,-0.0037664747913432883,-0.0037664747913432883,1,-0.0071624647825956345,1.330377923873866,1.8224665903925326,-1.3170391782987383
2015-01-15,treasury_7_10y,-0.02457223348864057,-0.02457223348864057,1,-0.004634324461221695,-0.9599563451596925,-2.4473582002258154,3.0446174786696956
2015-01-16,alternative,0.07276122456909939,0.07276122456909939,1,-0.0021149106323719025,-1.6212509233382522,1.4953766406761702,1.5981426574124509
2015-01-16,corp_bond_ig,-0.009308112591511097,-0.009308112591511097,1,-0.005654174834489822,-2.0457879159637535,-2.3352166442771733,1.522293401296497
2015-01-16,developed_equity,0.046313427539393937,0.046313427539393937,1,-0.003790624439716339,-0.9918858883511739,1.2266039968915348,1.4973145953077591
2015-01-16,emerging_equity,0.02760192722863941,0.02760192722863941,1,-0.003715667873620987,-1.695351679289745,2.7235911527754046,0.4055311362314884
2015-01-16,korea_equity,-0.005335216779349339,-0.005335216779349339,1,-0.003340587019920349,-3.366369400929369,1.1761973785501547,1.42870904137882
2015-01-16,short_treasury,-0.00329876046603661,-0.00329876046603661,1,-0.006792375817894936,1.4262158005536258,1.4534471034992618,-0.8262572389157598
2015-01-16,treasury_7_10y,-0.02429633751988214,-0.02429633751988214,1,-0.004933664575219154,-0.5163832223934797,-1.9943595245537136,3.152950094016465
2015-01-20,alternative,0.07156138184786909,0.07156138184786909,1,-0.0021891649812459946,-1.7648892357786385,2.7944052234813768,1.730813886120733
2015-01-20,corp_bond_ig,-0.008053939468077864,-0.008053939468077864,1,-0.004700459539890289,-1.4320253319635516,-2.6329227569192573,1.7357897982721748
2015-01-20,developed_equity,0.04537101179466663,0.04537101179466663,1,-0.004043787717819214,-0.7618140676350291,2.119621882055424,1.943431694397843
2015-01-20,emerging_equity,0.028911980239036295,0.028911980239036295,1,-0.004507794976234436,-1.643824984133423,2.638253998431095,0.03900662583751681
2015-01-20,korea_equity,-0.003914612414884555,-0.003914612414884555,1,-0.0030482932925224304,-3.4929690456800313,0.9464955070514549,1.1469478157125523
2015-01-20,short_treasury,-0.0016501578935820271,-0.0016501578935820271,1,-0.007552137598395348,1.7025749595748627,1.1327417625852796,-1.0277869425052837
2015-01-20,treasury_7_10y,-0.021862416724481526,-0.021862416724481526,1,-0.005135830491781235,0.13707091352990683,-2.382090115589216,3.141236626553942
2015-01-21,alternative,0.07228911317941455,0.07228911317941455,1,-0.0014923624694347382,-2.0365533937894122,2.7811509464949147,2.2879898943098516
2015-01-21,corp_bond_ig,-0.007810548135283146,-0.007810548135283146,1,-0.004604898393154144,-1.517067993539454,-2.780021281267963,1.9139575117857537
2015-01-21,developed_equity,0.044321681275627745,0.044321681275627745,1,-0.00428931787610054,-1.4714771936803872,2.0520361132851197,1.3315062788379508
2015-01-21,emerging_equity,0.002481446419641431,0.002481446419641431,1,-0.004599548876285553,-1.3886405739870311,2.804986383060091,0.20452500739307772
2015-01-21,korea_equity,-0.017803601792403367,-0.017803601792403367,1,-0.0038803033530712128,-3.236589206144876,0.657511025878706,1.2555518353576942
2015-01-21,short_treasury,-0.002239448611655148,-0.002239448611655148,1,-0.007056806236505508,1.6601075920630588,0.8820824629132761,-0.7714387349037695
2015-01-21,treasury_7_10y,-0.019669111485506097,-0.019669111485506097,1,-0.005556266754865646,0.30585011470095563,-2.310851233688488,2.542542062599398
2015-01-22,alternative,0.05834094534112455,0.05834094534112455,1,-0.0010884106159210205,-2.0959873218282046,3.1800432859890435,1.8974779999512057
2015-01-22,corp_bond_ig,-0.005840249126058739,-0.005840249126058739,1,-0.004005197435617447,-0.7575728854831386,-3.0443583348200414,1.7551683110098557
2015-01-22,developed_equity,0.03790208509751958,0.03790208509751958,1,-0.004060929641127586,-0.9293194939089626,2.328225047774308,0.8700915948782013
2015-01-22,emerging_equity,-0.009739506424425781,-0.009739506424425781,1,-0.004636075347661972,-1.073843245876873,2.9071209605570263,0.38103740047848167
2015-01-22,korea_equity,-0.021087537062495665,-0.021087537062495665,1,-0.004538208246231079,-3.5578923048186684,1.0340394995050977,1.0782647660050297
2015-01-22,short_treasury,-0.002004459071324294,-0.002004459071324294,1,-0.006777117028832436,1.859135708732334,0.3785877797432113,-0.90181977045577
2015-01-22,treasury_7_10y,-0.0177831044585246,-0.0177831044585246,1,-0.00495854951441288,0.9334345723625003,-2.520273184998717,2.502933367670655
2015-01-23,alternative,0.05763948075445158,0.05763948075445158,1,-0.000923551619052887,-1.7403397429501357,3.6863174218334334,2.775074889515675
2015-01-23,corp_bond_ig,-0.00825974931561313,-0.00825974931561313,1,-0.0053686462342739105,-0.8942755884906017,-3.38045305092249,1.8864829704001638
2015-01-23,developed_equity,0.0470157136098881,0.0470157136098881,1,-0.0047059617936611176,-1.2366672504247391,2.4844390778225267,0.9420358974490565
2015-01-23,emerging_equity,-0.012266928866281446,-0.012266928866281446,1,-0.005374398082494736,-1.056430167114933,2.930247383723603,0.0697663239927518
2015-01-23,korea_equity,-0.02405020987150297,-0.02405020987150297,1,-0.005417998880147934,-3.4571901375807603,0.5736415788812751,1.1275437655718334
2015-01-23,short_treasury,-0.002003514107276727,-0.002003514107276727,1,-0.006470853462815285,1.9972125496322926,0.5530260759508019,-0.9865840567098001
2015-01-23,treasury_7_10y,-0.019681449724670452,-0.019681449724670452,1,-0.00593353807926178,1.5352614367905206,-2.4338062110819743,2.2409042081354116
2015-01-26,alternative,0.0542005434996109,0.0542005434996109,1,-0.0015437602996826172,-1.7620145234791778,4.394709180476667,2.6801158978849062
2015-01-26,corp_bond_ig,-0.0015542121996420244,-0.0015542121996420244,1,-0.0038556791841983795,-0.7699457082502806,-3.5763881523673793,2.1320455150285413
2015-01-26,developed_equity,0.04073405105998518,0.04073405105998518,1,-0.004580311477184296,-0.6177744521451722,2.789202911348155,0.809517298541827
2015-01-26,emerging_equity,0.0014713431850681413,0.0014713431850681413,1,-0.00552704930305481,-1.2072460385059596,2.945808151057278,-0.11156218180542142
2015-01-26,korea_equity,-0.018789109689603234,-0.018789109689603234,1,-0.005365543067455292,-3.7648456721174486,0.7957251568587274,1.2498584091760534
2015-01-26,short_treasury,-0.0005896586079989774,-0.0005896586079989774,1,-0.006934328004717827,2.072941607169285,0.18993149699279757,-0.8988079565786988
2015-01-26,treasury_7_10y,-0.010918385497164063,-0.010918385497164063,1,-0.005559459328651428,1.4099594317783215,-3.006855160612186,1.9392442606504487
2015-01-27,alternative,0.053201095082962,0.053201095082962,1,-0.002585912123322487,-1.0954247880682204,4.442216470978558,3.0771596182723973
2015-01-27,corp_bond_ig,-0.0013895551253392258,-0.0013895551253392258,1,-0.004759456962347031,-1.1054949085085017,-3.26694419737315,2.174984313507104
2015-01-27,developed_equity,0.04280534917138312,0.04280534917138312,1,-0.006543442606925964,-0.8846754723347094,3.074083211847884,0.22965166880090288
2015-01-27,emerging_equity,0.004930891061899478,0.004930891061899478,1,-0.006028039380908012,-0.9415517855392619,2.9306603564667983,0.21926480485021693
2015-01-27,korea_equity,-0.009257620599072092,-0.009257620599072092,1,-0.0057889968156814575,-3.186900014757407,0.22509219541946615,1.3825539834720313
2015-01-27,short_treasury,-0.0011785324209709902,-0.0011785324209709902,1,-0.00682155042886734,2.4666628994195876,0.13017294983959518,-0.712142569380074
2015-01-27,treasury_7_10y,-0.011361534457614675,-0.011361534457614675,1,-0.005538405850529671,1.6815401355296171,-3.163376372006611,1.3377634353829093
2015-01-28,alternative,0.0648994367010276,0.0648994367010276,1,-0.0036193691194057465,-1.038156871427131,4.338567775710305,2.0578191283341796
2015-01-28,corp_bond_ig,-0.013477275776507813,-0.013477275776507813,1,-0.004946157336235046,-1.0948168135331042,-2.656020714708847,1.9372289338214344
2015-01-28,developed_equity,0.05401583185643277,0.05401583185643277,1,-0.005970796570181847,-0.4667576590645859,2.94177997033335,0.13285102922993552
2015-01-28,emerging_equity,0.016201434276767346,0.016201434276767346,1,-0.006067730486392975,-0.8403424654723848,3.061796437545398,-0.23312351458933656
2015-01-28,korea_equity,-0.004382121005141015,-0.004382121005141015,1,-0.00601465068757534,-2.9743638041065132,0.30156613219998873,1.2257445692197118
2015-01-28,short_treasury,-0.00282658677202674,-0.00282658677202674,1,-0.0066050272434949875,3.014517373043734,0.09617924890115151,-0.8922151180728393
2015-01-28,treasury_7_10y,-0.024731779757048322,-0.024731779757048322,1,-0.005224268883466721,1.9934047359640619,-2.988785199727111,1.4286141670819716
2015-01-29,alternative,0.05349042369215362,0.05349042369215362,1,-0.004367763176560402,-0.5597763770999701,3.3187591876288725,2.132365966362224
2015-01-29,corp_bond_ig,-0.008789015509439335,-0.008789015509439335,1,-0.005736280232667923,-0.9080562412495008,-2.873999610037323,1.246063462434201
2015-01-29,developed_equity,0.056555601575840386,0.056555601575840386,1,-0.006771836429834366,-0.798484227975788,2.904073835049742,-0.274352833586185
2015-01-29,emerging_equity,0.015453707953349216,0.015453707953349216,1,-0.00664684921503067,-0.9600503195818204,3.2123111038439487,-0.24630415465133748
2015-01-29,korea_equity,-0.005269615939792471,-0.005269615939792471,1,-0.005753343924880028,-2.945860361892723,0.2981882648934319,1.436460489177067
2015-01-29,short_treasury,-0.0021206445688065623,-0.0021206445688065623,1,-0.0069864243268966675,3.4217290157525673,-0.15947728446561257,-0.6900044287571794
2015-01-29,treasury_7_10y,-0.017793567053601356,-0.017793567053601356,1,-0.004665471613407135,2.628913434389285,-3.013303311102724,1.591891541528081
2015-01-30,alternative,0.06776558363262875,0.06776558363262875,1,-0.00540514849126339,-0.06441473597432282,3.586216503708868,1.262193162379565
2015-01-30,corp_bond_ig,-0.02800872740171345,-0.02800872740171345,1,-0.005886141210794449,-1.7011804404617312,-2.522510090968077,1.311690111494721
2015-01-30,developed_equity,0.06927144908588678,0.06927144908588678,1,-0.005340425297617912,-0.08199700498275544,3.05890639879163,-0.03420013159797518
2015-01-30,emerging_equity,0.042542281597585774,0.042542281597585774,1,-0.006285538896918297,-0.8872336034479784,3.153344744418536,-0.11672092516191353
2015-01-30,korea_equity,0.025336923787080634,0.025336923787080634,1,-0.005559708923101425,-2.8608722588972895,0.19875568895730814,1.2395367183123909
2015-01-30,short_treasury,-0.004471697667701946,-0.004471697667701946,1,-0.007490687072277069,3.721298556156985,-0.5876586250841942,-0.341200423188909
2015-01-30,treasury_7_10y,-0.0350972842668843,-0.0350972842668843,1,-0.004873359575867653,2.044154290206791,-2.892062548517971,1.3737221357516063
2015-02-02,alternative,0.05063289829458184,0.05063289829458184,1,-0.005651883780956268,0.24050110097264443,3.707472608947073,1.6315190287812633
2015-02-02,corp_bond_ig,-0.026845635513706334,-0.026845635513706334,1,-0.005318313837051392,-1.5391974414676237,-2.5260924996464333,1.4174167122899635
2015-02-02,developed_equity,0.04500709769777922,0.04500709769777922,1,-0.005759235471487045,-0.20234178107257608,3.3996518192229934,-0.6373239349554847
2015-02-02,emerging_equity,0.016364493736290342,0.016364493736290342,1,-0.005377808585762978,-0.8051308943005883,3.1768229142337447,-0.05790684479023693
2015-02-02,korea_equity,0.011664896183334106,0.011664896183334106,1,-0.005434727296233177,-2.6654138306518314,0.22443955297535803,1.1658392959509418
2015-02-02,short_treasury,-0.004003725214574483,-0.004003725214574483,1,-0.006465571001172066,4.24693114084217,-0.2612093785334825,-0.22449557400345477
2015-02-02,treasury_7_10y,-0.03438266170831028,-0.03438266170831028,1,-0.004590779542922974,2.0033627064547965,-2.9821810172784207,1.3011285512339754
2015-02-03,alternative,0.02304963123917725,0.02304963123917725,1,-0.0058615244925022125,0.6853571389790595,3.6521363835963094,0.67446016776841
2015-02-03,corp_bond_ig,-0.019564698473163444,-0.019564698473163444,1,-0.004208054393529892,-1.0852475138667381,-2.99036711965157,1.1866599061057257
2015-02-03,developed_equity,0.0333379733331971,0.0333379733331971,1,-0.004958771169185638,0.21226989199543853,3.156656086803905,-0.33114300243620093
2015-02-03,emerging_equity,-0.013343239417820896,-0.013343239417820896,1,-0.0048313625156879425,-0.16708018518641793,3.228425249457629,-0.3075193909395765
2015-02-03,korea_equity,0.0007017704478480269,0.0007017704478480269,1,-0.007053487002849579,-2.6592766430232833,0.1577746057222961,1.0106810582808523
2015-02-03,short_treasury,-0.002946376010557583,-0.002946376010557583,1,-0.006975959986448288,4.410636778223243,-1.1383668722960776,-0.5882678322731935
2015-02-03,treasury_7_10y,-0.02543464163834419,-0.02543464163834419,1,-0.004394847899675369,2.2123268577284008,-3.2499313989245477,1.73674798361377
2015-02-04,alternative,0.03849599972460416,0.03849599972460416,1,-0.006628500297665596,1.432767717287531,3.3192968733002535,0.6172244459423274
2015-02-04,corp_bond_ig,-0.019618984895487745,-0.019618984895487745,1,-0.003887169063091278,-1.1469460087857166,-2.935571742128789,1.0472308244532835
2015-02-04,developed_equity,0.038893521420794164,0.038893521420794164,1,-0.006495997309684753,0.5160652727968651,3.5049665651319555,-0.6202664314607683
2015-02-04,emerging_equity,-0.009932990348446635,-0.009932990348446635,1,-0.0057455189526081085,-0.10183643385933472,3.520602917860064,-1.0789144667901673
2015-02-04,korea_equity,-0.003317594293527293,-0.003317594293527293,1,-0.006442252546548843,-2.3057296370861233,0.4548587943707226,0.7787863260282408
2015-02-04,short_treasury,-0.002710385991978592,-0.002710385991978592,1,-0.0065175797790288925,4.915854668133464,-0.7830690798080261,-0.36416108748603737
2015-02-04,treasury_7_10y,-0.02648886953742735,-0.02648886953742735,1,-0.0038170889019966125,2.324232094142755,-3.137686439542434,1.6167068646638978
2015-02-05,alternative,0.01590108745834007,0.01590108745834007,1,-0.006996853277087212,2.1229690720407803,3.642700417661234,-0.24159457091284353
2015-02-05,corp_bond_ig,-0.026949738706470994,-0.026949738706470994,1,-0.0027135666459798813,-1.0947974342770892,-3.066253253073452,1.136578419306966
2015-02-05,developed_equity,0.014025753046433831,0.014025753046433831,1,-0.006526578217744827,1.1761224492325484,3.743352193141897,-0.9443592636193272
2015-02-05,emerging_equity,-0.03085657990105517,-0.03085657990105517,1,-0.005369624122977257,-0.1300320596847363,3.3343550014553136,-1.2648144771278178
2015-02-05,korea_equity,-0.00420827404710844,-0.00420827404710844,1,-0.006036240607500076,-2.092768511155127,0.34679260113632676,0.7752196264491471
2015-02-05,short_treasury,-0.003418612628405926,-0.003418612628405926,1,-0.007177531719207764,4.351631265797933,-0.952367843487302,-1.1133397921785355
2015-02-05,treasury_7_10y,-0.03291166031373405,-0.03291166031373405,1,-0.00337015837430954,2.278520031877798,-3.0517077193404227,2.078672498048496
2015-02-06,alternative,0.02228164053474302,0.02228164053474302,1,-0.007727976888418198,2.6619608712705447,3.6322647830107058,0.12663366326304748
2015-02-06,corp_bond_ig,-0.012709424270025749,-0.012709424270025749,1,-0.002892952412366867,-0.4989547020563837,-3.0142009771960914,1.2696765641966592
2015-02-06,developed_equity,0.021999468640606867,0.021999468640606867,1,-0.007626619189977646,0.9726765629199761,3.8673792905836986,-0.3511901619624027
2015-02-06,emerging_equity,-0.017830213207282952,-0.017830213207282952,1,-0.005605299025774002,0.23464008127787606,3.582154763134161,-1.3719397660447938
2015-02-06,korea_equity,0.0035618333536464597,0.0035618333536464597,1,-0.006041787564754486,-1.9118450841380963,0.7950276000145623,0.7268719662568072
2015-02-06,short_treasury,-0.0005907529715920568,-0.0005907529715920568,1,-0.006176970899105072,4.483875297857712,-0.870310919869119,-0.5923224879514868
2015-02-06,treasury_7_10y,-0.017429976291299387,-0.017429976291299387,1,-0.0038262754678726196,2.2612816029299085,-3.1561097666068942,1.955819773895372
2015-02-09,alternative,0.00713015217038615,0.00713015217038615,1,-0.008116982877254486,3.2019092522557213,3.79279294082948,-0.15139413764390597
2015-02-09,corp_bond_ig,-0.011793816949903335,-0.011793816949903335,1,-0.002225572243332863,-0.0006512131378636438,-3.0615590932035466,0.8200867906435996
2015-02-09,developed_equity,0.008695583319084044,0.008695583319084044,1,-0.007337592542171478,1.408900890243582,3.923655308266441,-0.49494804326728925
2015-02-09,emerging_equity,-0.038229293441473966,-0.038229293441473966,1,-0.005475223064422607,0.09393768060426921,3.2061601411498253,-0.9505064879701891
2015-02-09,korea_equity,-0.020491762884340736,-0.020491762884340736,1,-0.006576443091034889,-2.2942537030071084,0.3359426021195962,0.4059974303277132
2015-02-09,short_treasury,-0.00023640122679791098,-0.00023640122679791098,1,-0.006047988310456276,4.427786445248709,-1.2686229106822164,-1.0253868121567293
2015-02-09,treasury_7_10y,-0.012800271632210758,-0.012800271632210758,1,-0.003216557204723358,2.0714701393202444,-2.8123188732237216,1.9443423453892188
2015-02-10,alternative,0.004448398516123442,0.004448398516123442,1,-0.009291374124586582,3.5716663882567636,3.705609454655266,-0.34437357685566833
2015-02-10,corp_bond_ig,-0.004052248355850385,-0.004052248355850385,1,-0.0027861427515745163,-0.22763627011924475,-2.8979690482258764,0.6794817412422373
2015-02-10,developed_equity,0.00013893785980378937,0.00013893785980378937,1,-0.00805487297475338,1.9352275146891922,4.434510833622689,-0.7071202900825895
2015-02-10,emerging_equity,-0.028492210601684165,-0.028492210601684165,1,-0.005745194852352142,0.34810791095834337,3.5475952533602926,-1.7988226769509683
2015-02-10,korea_equity,-0.010590561161081258,-0.010590561161081258,1,-0.006476707756519318,-2.2468789242695717,0.679057642949176,0.1822731146827474
2015-02-10,short_treasury,0.0,0.0,1,-0.004835963249206543,4.346687378201627,-0.9078496505313338,-0.3801659111946989
2015-02-10,treasury_7_10y,-0.008554939195769218,-0.008554939195769218,1,-0.0030272919684648514,1.929532183579855,-2.64626902927655,1.8751609020365747
2015-02-11,alternative,0.014272957144512821,0.014272957144512821,1,-0.00903936754912138,4.345987894877518,4.203889925849277,-0.660753588568371
2015-02-11,corp_bond_ig,-0.005702499515753967,-0.005702499515753967,1,-0.002281609922647476,-0.27685600555874457,-2.94345356757346,0.5983509146169386
2015-02-11,developed_equity,0.010973759396719407,0.010973759396719407,1,-0.008342985063791275,1.750851752180392,4.494976054141062,-1.0001684688147143
2015-02-11,emerging_equity,-0.015239992136122926,-0.015239992136122926,1,-0.005803026258945465,0.08359498144422012,3.0552143745421687,-2.3155378482680526
2015-02-11,korea_equity,0.009992718530376754,0.009992718530376754,1,-0.006798684597015381,-1.2472993761791324,0.3117904667397998,0.23442409089179958
2015-02-11,short_treasury,0.00011821458643557214,0.00011821458643557214,1,-0.0052045658230781555,3.489627871560753,-1.2813727972873692,-0.6594536584465408
2015-02-11,treasury_7_10y,-0.007255802598110428,-0.007255802598110428,1,-0.0030026473104953766,1.4050661949051655,-2.5945336426993184,1.766671072834583
2015-02-12,alternative,-0.00615118241533219,-0.00615118241533219,1,-0.010516110807657242,5.486719433640353,4.480808926898829,-0.8974869523014436
2015-02-12,corp_bond_ig,-0.011046050324445944,-0.011046050324445944,1,-0.0024905260652303696,-0.24309027175724862,-3.0083342078912882,0.15721762860178426
2015-02-12,developed_equity,-0.004127156991081904,-0.004127156991081904,1,-0.008717412129044533,2.1402369724570525,4.3540055683197725,-1.7350897653357469
2015-02-12,emerging_equity,-0.0475006190226368,-0.0475006190226368,1,-0.005099320784211159,-0.212184915197403,3.102863050234236,-2.2723870342900168
2015-02-12,korea_equity,-0.014213761955760518,-0.014213761955760518,1,-0.005640080198645592,-1.4354621877130551,0.989860056552244,-0.026134924588356357
2015-02-12,short_treasury,-0.0001181726878850542,-0.0001181726878850542,1,-0.004343695938587189,3.475283386050054,-1.0845549334544997,-0.34717873099312846
2015-02-12,treasury_7_10y,-0.009112919365728556,-0.009112919365728556,1,-0.0031295455992221832,1.2801894188325715,-2.7629670623495315,1.756347226211194
2015-02-13,alternative,-0.0034934631081127154,-0.0034934631081127154,1,-0.011042766273021698,7.787781084527736,5.125394420816685,-0.8850402266525597
2015-02-13,corp_bond_ig,-0.006124352246544951,-0.006124352246544951,1,-0.0019738413393497467,-0.26209854524649645,-3.0196607326371443,0.1950195027208344
2015-02-13,developed_equity,0.003424657534246478,0.003424657534246478,1,-0.008654801174998283,2.7336289492000483,3.6430839018475543,-1.8349656015774383
2015-02-13,emerging_equity,-0.046963362021258725,-0.046963362021258725,1,-0.005860138684511185,-0.5849484879121396,2.38568055995897,-2.271083888618228
2015-02-13,korea_equity,-0.007852911588346667,-0.007852911588346667,1,-0.006657756865024567,-1.6688615818303834,0.5902786054482106,-0.3442778965528552
2015-02-13,short_treasury,0.0,0.0,1,-0.005192846059799194,3.1261704542466036,-1.342478356862893,-0.7572898202017024
2015-02-13,treasury_7_10y,-0.002332524718120621,-0.002332524718120621,1,-0.003311343491077423,0.5733881953397675,-2.547165200638037,1.5991314987413257
2015-02-17,alternative,-0.013913030209748656,-0.013913030209748656,1,-0.010834293439984322,6.856995641274377,4.537185002063667,-1.3944581037819246
2015-02-17,corp_bond_ig,0.00016632803707739008,0.00016632803707739008,1,-0.0030760690569877625,-0.67354726818427,-2.7247277777319048,-0.11507629198829027
2015-02-17,developed_equity,-0.008146618624444546,-0.008146618624444546,1,-0.008020667359232903,2.457907994102751,3.085483168423251,-1.5943234702541205
2015-02-17,emerging_equity,-0.03376053929927647,-0.03376053929927647,1,-0.005291825160384178,-1.2625837163033735,2.554122411417698,-2.439580794137975
2015-02-17,korea_equity,0.019309816028330706,0.019309816028330706,1,-0.0049641989171504974,-1.768956570512446,0.8954974112806872,-0.49563908426022424
2015-02-17,short_treasury,0.00023645712555242504,0.00023645712555242504,1,-0.005178360268473625,0.4318331148413628,-1.5513588030912566,-1.7998099281631725
2015-02-17,treasury_7_10y,0.006859644516951313,0.006859644516951313,1,-0.0024280305951833725,0.5134910958758455,-2.428197711832543,1.8405354197186825
2015-02-18,alternative,0.0026018682950825767,0.0026018682950825767,1,-0.010424086824059486,6.797716951348923,3.9810010990879365,-1.5612784572115423
2015-02-18,corp_bond_ig,0.00886495212823446,0.00886495212823446,1,-0.0031322725117206573,-1.0370747737862698,-2.5964062809507085,0.301582664464933
2015-02-18,developed_equity,0.005002741362387431,0.005002741362387431,1,-0.007328489795327187,2.26308856278982,2.5164974471158206,-1.5887935487449496
2015-02-18,emerging_equity,-0.009859539780325388,-0.009859539780325388,1,-0.004976663738489151,-1.6634169903012934,2.0853837996666127,-2.022462108672767
2015-02-18,korea_equity,0.03536976703157069,0.03536976703157069,1,-0.0045279525220394135,-1.9433838849219054,0.4104172606554952,-0.9253383239617345
2015-02-18,short_treasury,0.0014167975313548187,0.0014167975313548187,1,-0.005341105163097382,-0.1886843457562704,-1.8598388129546286,-2.051939083051895
2015-02-18,treasury_7_10y,0.013560244497371254,0.013560244497371254,1,-0.002144061028957367,0.08534535024389006,-2.0223576954735294,1.8525051083641004
2015-02-19,alternative,-0.013828854937972257,-0.013828854937972257,1,-0.009910766035318375,3.484677344097698,2.068353252094133,-1.5988046930271718
2015-02-19,corp_bond_ig,0.0038946073874261966,0.0038946073874261966,1,-0.003288399428129196,-0.9037643087564409,-2.283252565204044,0.5100772012368848
2015-02-19,developed_equity,-0.000813526218220284,-0.000813526218220284,1,-0.00648493692278862,2.103171119567786,2.1037411870275133,-1.2338537573379007
2015-02-19,emerging_equity,-0.022524747847576077,-0.022524747847576077,1,-0.003962485119700432,-1.5634366923676444,2.4466311602432675,-2.349818692521567
2015-02-19,korea_equity,0.02674080816810731,0.02674080816810731,1,-0.003264622762799263,-2.00160804977526,0.544343075098631,-0.7195292208969203
2015-02-19,short_treasury,0.0007087720911074236,0.0007087720911074236,1,-0.0048418715596199036,-0.43264437833488556,-1.8401802884272602,-1.5455009016626429
2015-02-19,treasury_7_10y,0.011344450055579047,0.011344450055579047,1,-0.0017798710614442825,0.05747206712104006,-1.8872173700575288,2.388040520592105
2015-02-20,alternative,-0.018949155703327336,-0.018949155703327336,1,-0.008851062506437302,3.689754518962817,1.2337873204571568,-0.6766319525906779
2015-02-20,corp_bond_ig,0.005212619975479171,0.005212619975479171,1,-0.0035533420741558075,-0.8843904887722812,-2.1135314268660057,0.49367802090223273
2015-02-20,developed_equity,0.008085143262676953,0.008085143262676953,1,-0.007477462291717529,1.5827792728215229,0.677034654982801,-0.9660000687936777
2015-02-20,emerging_equity,-0.014506918230970833,-0.014506918230970833,1,-0.004711749032139778,-1.5034309577148242,2.5202782725108093,-2.7816315006228898
2015-02-20,korea_equity,0.02848499805903426,0.02848499805903426,1,-0.0039882659912109375,-2.1747038794094196,0.574991496895226,-1.377277769752929
2015-02-20,short_treasury,0.001535884385106323,0.001535884385106323,1,-0.004972739145159721,-0.7578468701194669,-2.2245123325547946,-1.758742922665974
2015-02-20,treasury_7_10y,0.01604126743855261,0.01604126743855261,1,-0.0023080166429281235,-0.45077489990684944,-1.9540340959540907,2.636515317150608
2015-02-23,alternative,-0.006920375717326399,-0.006920375717326399,1,-0.008757341653108597,1.9534572253481883,0.019454089920256688,-0.765202248275888
2015-02-23,corp_bond_ig,0.004123031366708441,0.004123031366708441,1,-0.003723248839378357,-1.4934634511780995,-1.5355457212649535,0.5127485879069552
2015-02-23,developed_equity,0.009545564811647367,0.009545564811647367,1,-0.00799035094678402,2.006748282770277,0.42299276083718124,-1.1294036725307846
2015-02-23,emerging_equity,-0.0014902523868626227,-0.0014902523868626227,1,-0.004123874008655548,-1.3430032384928097,2.306938746742761,-2.9725155923640614
2015-02-23,korea_equity,0.03428568158830925,0.03428568158830925,1,-0.0038398373872041702,-1.8346674154530207,0.433016374506307,-2.0097574715460205
2015-02-23,short_treasury,0.0014171320990736813,0.0014171320990736813,1,-0.004832565784454346,-1.1471169555320515,-1.60623877172462,-1.240876665888286
2015-02-23,treasury_7_10y,0.012699604602286918,0.012699604602286918,1,-0.002035234123468399,-0.48100865433467577,-1.612418600210228,2.9946837664213852
2015-02-24,alternative,-0.02142245128857012,-0.02142245128857012,1,-0.008199159055948257,0.8062533412956129,-0.6281866134228504,-0.5633286105782228
2015-02-24,corp_bond_ig,-0.0009012011514972773,-0.0009012011514972773,1,-0.00432157889008522,-1.6988806053017285,-1.876302361778509,0.9322288928812051
2015-02-24,developed_equity,-0.0006679541991734261,-0.0006679541991734261,1,-0.007163152098655701,0.986398369551541,-0.2074287723573294,-0.37395384289747446
2015-02-24,emerging_equity,-0.011753171901149329,-0.011753171901149329,1,-0.004767574369907379,-1.1039812318373807,1.8935433927034915,-2.9714004210267664
2015-02-24,korea_equity,0.029787238647589698,0.029787238647589698,1,-0.0043447986245155334,-1.8896325731927568,0.4842739679942429,-2.2409009599993697
2015-02-24,short_treasury,0.000943974407724868,0.000943974407724868,1,-0.0049979425966739655,-1.3392821256327518,-1.8480162058195762,-1.150354056376074
2015-02-24,treasury_7_10y,0.009090869200333529,0.009090869200333529,1,-0.002589799463748932,-0.27978743822792745,-1.5674782867345707,3.191887629499874
2015-02-25,alternative,-0.028253450047389772,-0.028253450047389772,1,-0.008090276271104813,0.48558406292201317,-1.1654537296513534,-0.3170320694581672
2015-02-25,corp_bond_ig,-0.0050748557459266985,-0.0050748557459266985,1,-0.00523899681866169,-1.6875184821485203,-1.5428186330014015,0.4770835677969605
2015-02-25,developed_equity,-0.007755071853920437,-0.007755071853920437,1,-0.007531654089689255,0.7792232682163327,-0.944763619392974,-0.5737433323122083
2015-02-25,emerging_equity,-0.025515140914043055,-0.025515140914043055,1,-0.003981780260801315,-0.7033667624701656,1.9802187980050414,-3.497444266884605
2015-02-25,korea_equity,0.019040867297499542,0.019040867297499542,1,-0.00309772789478302,-1.554062447012656,0.5913972578878903,-2.449037954741852
2015-02-25,short_treasury,0.0007079357946164766,0.0007079357946164766,1,-0.0049666352570056915,-1.7427986349466924,-1.3159685303742281,-0.7924174428953918
2015-02-25,treasury_7_10y,0.0037997778212868205,0.0037997778212868205,1,-0.0019518490880727768,-0.4498163645961572,-1.2749184987515303,3.5723693823874143
2015-02-26,alternative,-0.03261805194641909,-0.03261805194641909,1,-0.007242165505886078,0.2479391472079976,-2.1346131499524965,0.07749443114698319
2015-02-26,corp_bond_ig,-0.005843132844954413,-0.005843132844954413,1,-0.005264129489660263,-1.7405780821078674,-1.1161295839668464,0.2584809000451611
2015-02-26,developed_equity,-0.01609880014620102,-0.01609880014620102,1,-0.007012221962213516,-0.18387894513332972,-0.9084532317919385,-0.7115348676083293
2015-02-26,emerging_equity,-0.03482957978167445,-0.03482957978167445,1,-0.004120644181966782,-0.9054228709181639,1.3177546743364765,-3.0515151152437414
2015-02-26,korea_equity,0.009507058499659493,0.009507058499659493,1,-0.003373660147190094,-1.6633367136939279,0.43032325799570903,-2.263145255559306
2015-02-26,short_treasury,0.0011810378680008338,0.0011810378680008338,1,-0.005513623356819153,-1.7347227683879118,-1.3567070487446355,-0.7641999872508962
2015-02-26,treasury_7_10y,0.004102133164727073,0.004102133164727073,1,-0.0021101851016283035,-0.5248086826539881,-1.3787549780605057,3.608436743393916
2015-02-27,alternative,-0.027538700794179194,-0.027538700794179194,1,-0.007249100133776665,0.9726098492280779,-2.135481715071697,-0.25671222574792996
2015-02-27,corp_bond_ig,-0.004269328895172175,-0.004269328895172175,1,-0.00545869767665863,-2.1562459729794465,-0.5048229028988702,0.37350716808517903
2015-02-27,developed_equity,-0.01542797842439192,-0.01542797842439192,1,-0.006367694586515427,0.939791142804665,-1.2374566521366404,-0.6892146456942309
2015-02-27,emerging_equity,-0.03141881544572167,-0.03141881544572167,1,-0.0033823326230049133,-0.6818940833244576,1.4493508988499364,-2.7471366374393695
2015-02-27,korea_equity,0.012184330102325891,0.012184330102325891,1,-0.004192464053630829,-1.5873448297000963,0.6002341142736798,-2.7111233111012227
2015-02-27,short_treasury,0.0014167975313548187,0.0014167975313548187,1,-0.004831032827496529,-2.3453301637160804,-1.0565111728903849,-0.09080670664627453
2015-02-27,treasury_7_10y,0.004459340019094871,0.004459340019094871,1,-0.0017800591886043549,-1.0326832498127276,-0.9052471286858621,3.7601055243932553
2015-03-02,alternative,-0.026586608187727623,-0.026586608187727623,1,-0.006337910890579224,0.46888024928059,-2.7218872172466284,-0.0500852462491264
2015-03-02,corp_bond_ig,0.008885564782379562,0.008885564782379562,1,-0.005189841613173485,-2.085159329444269,-0.7219398930657923,0.24459651611029765
2015-03-02,developed_equity,-0.014857457153714004,-0.014857457153714004,1,-0.00620298832654953,0.5167454918230692,-1.4546888851203374,-0.5343749114467535
2015-03-02,emerging_equity,-0.011307745354518395,-0.011307745354518395,1,-0.004397477954626083,-0.7463108510825018,1.079894994657915,-2.8434671201625807
2015-03-02,korea_equity,0.009113221963697349,0.009113221963697349,1,-0.004120795056223869,-1.4613863385119643,0.31249976486178,-2.024700153342074
2015-03-02,short_treasury,0.0024822587264807794,0.0024822587264807794,1,-0.004247207194566727,-2.2567959937811213,-0.9287449289160671,-0.21505045495928993
2015-03-02,treasury_7_10y,0.013499601257380256,0.013499601257380256,1,-0.0021191202104091644,-1.164897051050499,-1.0588254555804313,3.4760841350266736
2015-03-03,alternative,-0.027538700794179194,-0.027538700794179194,1,-0.0068159811198711395,0.8329082202178679,-2.795907836876837,-0.20035865154653631
2015-03-03,corp_bond_ig,0.011300379124175919,0.011300379124175919,1,-0.005837839096784592,-2.305140457584227,-0.4703366962730547,0.21202309841302425
2015-03-03,developed_equity,-0.011170952852808114,-0.011170952852808114,1,-0.005952032282948494,0.8211907592579748,-1.8735501079606234,-0.9937583227770417
2015-03-03,emerging_equity,-0.005944955910810679,-0.005944955910810679,1,-0.003650519996881485,-0.2909433321099557,0.3531441345046953,-2.7235333508002872
2015-03-03,korea_equity,0.0,0.0,1,-0.0038471221923828125,-1.234005481447982,0.6527251427523286,-2.309296375306694
2015-03-03,short_treasury,0.003546883611595497,0.003546883611595497,1,-0.0036455243825912476,-2.495520596805687,-0.6419852792683204,0.16209561985991203
2015-03-03,treasury_7_10y,0.01832015129195108,0.01832015129195108,1,-0.0012280866503715515,-1.2405814420520154,-0.38138737763492453,3.9228197167095407
2015-03-04,alternative,-0.012998266725877117,-0.012998266725877117,1,-0.006490621715784073,0.7329595669252753,-3.6004131210688834,0.06743530301303403
2015-03-04,corp_bond_ig,0.012139409284263492,0.012139409284263492,1,-0.005896851420402527,-2.4370307131863167,-0.3941227023308647,0.0511638391571443
2015-03-04,developed_equity,-0.012284066409511074,-0.012284066409511074,1,-0.005870744585990906,0.10616968413441699,-2.240856210394846,-1.0845226025207848
2015-03-04,emerging_equity,0.017530697660643746,0.017530697660643746,1,-0.004573965445160866,-0.26408872900496966,0.2550226752061481,-3.0914868695107205
2015-03-04,korea_equity,0.006136018031265733,0.006136018031265733,1,-0.00564955547451973,-1.1996780194659074,0.6806534329218715,-2.498531171849693
2015-03-04,short_treasury,0.0033096783019745946,0.0033096783019745946,1,-0.0042442213743925095,-2.691981431716144,-0.8918975481726117,0.4857980544687903
2015-03-04,treasury_7_10y,0.020747341189585322,0.020747341189585322,1,-0.0011067353188991547,-1.2718368290224542,-0.41181128472279704,4.104866062519384
2015-03-05,alternative,-0.0103448012779499,-0.0103448012779499,1,-0.006140772253274918,1.3518882021876235,-3.554108597739272,-0.3242800505511838
2015-03-05,corp_bond_ig,0.00913392403332769,0.00913392403332769,1,-0.0061097461730241776,-2.4680279185030884,-0.21171116100106474,0.5585774376562666
2015-03-05,developed_equity,-0.004459983932797784,-0.004459983932797784,1,-0.005156215280294418,0.92898453028906,-2.7839242060204894,-1.3118963652531914
2015-03-05,emerging_equity,0.03436174525418445,0.03436174525418445,1,-0.003172149881720543,-0.26048302920109045,-0.13682718347683062,-2.112192807690043
2015-03-05,korea_equity,0.01629286020752274,0.01629286020752274,1,-0.004732981324195862,-1.0471763856351857,0.512789892846927,-2.327728807918276
2015-03-05,short_treasury,0.002835938803653626,0.002835938803653626,1,-0.0034474171698093414,-2.8672848231126262,-0.34312767974342134,0.8226328834158128
2015-03-05,treasury_7_10y,0.017263992365165404,0.017263992365165404,1,-0.0013638511300086975,-1.597617675566307,0.13576671254181635,4.124626554693392
2015-03-06,alternative,0.004347826086956497,0.004347826086956497,1,-0.005542874336242676,1.3250502691496842,-4.076588242460312,0.13648295039299196
2015-03-06,corp_bond_ig,0.021317674217365745,0.021317674217365745,1,-0.006258111447095871,-2.488887945219629,-0.41871109982540355,0.15880934555149606
2015-03-06,developed_equity,0.02150095545058206,0.02150095545058206,1,-0.004786558449268341,0.677196412172745,-2.8449045000769932,-0.814834616005529
2015-03-06,emerging_equity,0.06393281313142052,0.06393281313142052,1,-0.0033287443220615387,-0.6960275473749217,-0.1426467273236666,-2.4352691830409583
2015-03-06,korea_equity,0.03504134234351519,0.03504134234351519,1,-0.006349373608827591,-0.7052460684162903,0.11384435377639238,-2.2784073101210405
2015-03-06,short_treasury,0.004731506050947187,0.004731506050947187,1,-0.003655383363366127,-2.4782475658860625,-0.45260752466747883,0.20767011498273127
2015-03-06,treasury_7_10y,0.029102282273139046,0.029102282273139046,1,-0.001725759357213974,-1.5170990214435818,-0.29915031626747984,4.324092892002411
2015-03-09,alternative,0.005231090841147923,0.005231090841147923,1,-0.005006754770874977,1.6111043798642617,-4.190862428347762,0.32304367890383157
2015-03-09,corp_bond_ig,0.020897768598156174,0.020897768598156174,1,-0.0057547129690647125,-2.492206535679163,0.026295984960935912,0.4393968160731719
2015-03-09,developed_equity,0.00980928073208931,0.00980928073208931,1,-0.004321351647377014,1.0941899178001446,-2.904614447000686,-1.0562844890067489
2015-03-09,emerging_equity,0.06264384363857545,0.06264384363857545,1,-0.0021861381828784943,-0.4451513701916814,-0.05754854746992746,-1.908393372315921
2015-03-09,korea_equity,0.031233401666173277,0.031233401666173277,1,-0.00517519935965538,-0.6706977215122828,0.37424622946952424,-1.419929520035955
2015-03-09,short_treasury,0.003546883611595497,0.003546883611595497,1,-0.0032679811120033264,-2.7328467405109946,0.05130569404841293,0.5805259002916414
2015-03-09,treasury_7_10y,0.025193414647789236,0.025193414647789236,1,-0.0011889021843671799,-1.6358498937027368,0.22557454732914264,4.483078067810289
2015-03-10,alternative,0.029203566829715255,0.029203566829715255,1,-0.004691699519753456,1.1751325130270625,-4.595597147656385,0.802400398808301
2015-03-10,corp_bond_ig,0.01894505632488719,0.01894505632488719,1,-0.0058069899678230286,-2.4719847567805293,-0.4048525327881866,0.3986682563940792
2015-03-10,developed_equity,0.03350950672229014,0.03350950672229014,1,-0.004469655454158783,0.1681065313901826,-2.9194297964711895,-0.8304760280985864
2015-03-10,emerging_equity,0.10957108898529166,0.10957108898529166,1,-0.002020273357629776,-1.2625567882829059,-0.00845291071068074,-1.2001479006171594
2015-03-10,korea_equity,0.06876475705576723,0.06876475705576723,1,-0.00431538000702858,-0.5590098984298918,-0.34137531577633956,-0.9335807013615451
2015-03-10,short_treasury,0.0033096783019745946,0.0033096783019745946,1,-0.0041978321969509125,-2.8608215561514103,-0.22911547616575514,0.5106044183543049
2015-03-10,treasury_7_10y,0.019919221464842263,0.019919221464842263,1,-0.0014417767524719238,-1.6954430579474231,0.208469132057236,4.545418308625162
2015-03-11,alternative,0.03454385715827435,0.03454385715827435,1,-0.0035894475877285004,2.074472857214295,-3.808004593209405,0.5210689548804621
2015-03-11,corp_bond_ig,0.008635729576450535,0.008635729576450535,1,-0.004791077226400375,-2.754373782226979,-0.10041438112444448,1.0642594497093423
2015-03-11,developed_equity,0.031388918558756584,0.031388918558756584,1,-0.0038397125899791718,0.8777855316353007,-3.0098696737427533,-0.5285889155089867
2015-03-11,emerging_equity,0.11212042127407096,0.11212042127407096,1,-0.0005238410085439682,-0.9002351332983796,0.32756292014396987,-0.3915683778065021
2015-03-11,korea_equity,0.06277218734067214,0.06277218734067214,1,-0.003786008805036545,-0.29050342280055724,0.1831982255696259,-0.5248046924821324
2015-03-11,short_treasury,0.0029550827956157377,0.0029550827956157377,1,-0.0026359129697084427,-2.831132165082853,0.4529993505710366,1.1090257820112874
2015-03-11,treasury_7_10y,0.013974843607076126,0.013974843607076126,1,-0.002141062170267105,-2.8489259704473064,0.041657120425282336,4.290959020818491
2015-03-12,alternative,0.02726478616289496,0.02726478616289496,1,-0.0030014999210834503,1.51984248371714,-3.445765832733365,0.9621414699968003
2015-03-12,corp_bond_ig,0.011054790607962106,0.011054790607962106,1,-0.005196457728743553,-2.706723401043161,-0.445974749688304,0.922075248297884
2015-03-12,developed_equity,0.02940367443722991,0.02940367443722991,1,-0.004315514117479324,0.46854215443520075,-2.8103040217295914,-0.640027316878816
2015-03-12,emerging_equity,0.10600981588403724,0.10600981588403724,1,-0.0015334486961364746,-1.0870289275699314,0.28518156305700687,-0.5816583569905339
2015-03-12,korea_equity,0.07213524573711516,0.07213524573711516,1,-0.003237210214138031,-0.21850522855775123,-0.14098096032213484,-0.1648354376022021
2015-03-12,short_treasury,0.0024816719174727275,0.0024816719174727275,1,-0.0033308714628219604,-2.6743294955716643,0.09745580312945237,0.9906044664774998
2015-03-12,treasury_7_10y,0.012743633759326745,0.012743633759326745,1,-0.002495802938938141,-2.494935628269548,-0.2598795036081256,4.6049800001144945
2015-03-13,alternative,0.038019479308319504,0.038019479308319504,1,-0.0035600122064352036,1.9103447253704067,-3.1276615195339326,0.5280281932680801
2015-03-13,corp_bond_ig,0.013586706983684582,0.013586706983684582,1,-0.004686359316110611,-2.71400346234775,0.049525459176049426,1.2971148676718345
2015-03-13,developed_equity,0.029147681007623882,0.029147681007623882,1,-0.0041807349771261215,0.8912617965355135,-3.112155839780505,-1.226362218095153
2015-03-13,emerging_equity,0.11305488034748601,0.11305488034748601,1,-0.0013052113354206085,-0.9349646469640238,0.2081999927857358,-0.5924640801804391
2015-03-13,korea_equity,0.08450442007760284,0.08450442007760284,1,-0.003249678760766983,-0.011081047685698281,0.4112995524676701,-0.5741144668022287
2015-03-13,short_treasury,0.0029540353079700044,0.0029540353079700044,1,-0.002704314887523651,-2.7081269543854374,0.6640734510219697,1.3351185766806486
2015-03-13,treasury_7_10y,0.016328880752904062,0.016328880752904062,1,-0.002473384141921997,-2.7802490882011512,-0.046433767733390106,4.802456381400247
2015-03-16,alternative,0.02892202538027444,0.02892202538027444,1,-0.0032789763063192368,1.4944591652997778,-3.083221337541013,0.735089066507173
2015-03-16,corp_bond_ig,0.014905495629218724,0.014905495629218724,1,-0.0043898653239011765,-2.870974233420021,-0.28267475788914515,0.9285655805095813
2015-03-16,developed_equity,0.02102390328364967,0.02102390328364967,1,-0.005136318504810333,0.26901294908863904,-2.8123301743126254,-1.6753364344598913
2015-03-16,emerging_equity,0.10474720198931164,0.10474720198931164,1,-0.002828780561685562,-1.4427105903018715,0.5369157993697224,-0.9130666945116088
2015-03-16,korea_equity,0.08760566502099665,0.08760566502099665,1,-0.003399025648832321,-0.3429979295165809,-0.2403647869907322,0.34765105800926815
2015-03-16,short_treasury,0.0033081141459827546,0.0033081141459827546,1,-0.0034645870327949524,-3.0340747371304055,0.2772973926090842,1.2741612715234458
2015-03-16,treasury_7_10y,0.015804754854419123,0.015804754854419123,1,-0.0030851513147354126,-2.694741552881412,-0.11514775150798498,4.472080359378244
2015-03-17,alternative,0.04144618064374184,0.04144618064374184,1,-0.003424743190407753,2.229685129508368,-2.79462981430089,0.27740477923832796
2015-03-17,corp_bond_ig,0.013883100475807986,0.013883100475807986,1,-0.003362990915775299,-3.3455645408476093,0.13386518540868306,1.5013120474316717
2015-03-17,developed_equity,0.024503671613327116,0.024503671613327116,1,-0.004462501034140587,0.32622725927750473,-2.867782904616515,-1.622115902887315
2015-03-17,emerging_equity,0.09971945775842905,0.09971945775842905,1,-0.0001341104507446289,-2.5617622270763403,0.3642742312837394,0.07680149594379694
2015-03-17,korea_equity,0.06683040669117046,0.06683040669117046,1,-0.0034690070897340775,0.1820938074019708,0.09129499868129509,-0.301978689635229
2015-03-17,short_treasury,0.0035452069561106025,0.0035452069561106025,1,-0.0022387411445379257,-2.9193970660069097,1.240170599912743,1.4279234910894003
2015-03-17,treasury_7_10y,0.01427903646765083,0.01427903646765083,1,-0.002756204456090927,-3.0852074162693697,-0.048615927116887524,4.794104550314302
2015-03-18,alternative,0.027681700863976033,0.027681700863976033,2,0.013953998684883118,0.8627653083922471,-0.7650702491045632,0.3500945317715013
2015-03-18,corp_bond_ig,0.0009854869827563562,0.0009854869827563562,2,0.0072426944971084595,0.9531428035233921,0.5955453629453918,-1.1038971886073976
2015-03-18,developed_equity,0.008879268350012293,0.008879268350012293,2,0.009054519236087799,-1.0823508504793085,-2.7771477377740075,0.2660691504851714
2015-03-18,emerging_equity,0.08190194337800061,0.08190194337800061,2,0.0090198814868927,-0.7061388929520916,0.18907893023315478,1.602519251866627
2015-03-18,korea_equity,0.06142169478130177,0.06142169478130177,2,0.010013334453105927,-2.313290311594866,1.140158564656761,-0.47973300717529965
2015-03-18,short_treasury,0.0016505469246892446,0.0016505469246892446,2,0.010740391910076141,0.10008148727551862,2.288863746371803,0.9335888284445356
2015-03-18,treasury_7_10y,0.003506227093953429,0.003506227093953429,2,0.010312475264072418,1.3396374669448197,1.7777839980916421,-0.2920785721566048
2015-03-19,alternative,0.02979843620813072,0.02979843620813072,2,0.012696228921413422,0.4585895265974908,-0.8313804395568337,-0.13837361872332699
2015-03-19,corp_bond_ig,0.00883202378330683,0.00883202378330683,2,0.007875710725784302,1.1843463951935973,0.9552482823389343,-0.7704738101217734
2015-03-19,developed_equity,0.006785180939538726,0.006785180939538726,2,0.009599238634109497,-1.2429891184391326,-2.711417541245966,0.4820512769638107
2015-03-19,emerging_equity,0.08128637498192393,0.08128637498192393,2,0.0101858451962471,-0.4700466288337571,0.7390612579852408,2.044890638825997
2015-03-19,korea_equity,0.06659677389026708,0.06659677389026708,2,0.010696105659008026,-2.1938933861035554,1.0942595189894255,0.06533415319128542
2015-03-19,short_treasury,0.002479035376487859,0.002479035376487859,2,0.01168348640203476,0.4086584645044499,2.468608473955028,1.052164275388105
2015-03-19,treasury_7_10y,0.010290169482606304,0.010290169482606304,2,0.010981373488903046,1.6356697497955945,2.0330143001405596,-0.011508819743923161
2015-03-20,alternative,0.03248460841680956,0.03248460841680956,2,0.013881184160709381,0.7559531231304321,-0.523178590194926,0.27341210046760767
2015-03-20,corp_bond_ig,0.0036217174182491263,0.0036217174182491263,2,0.008010201156139374,0.5029159103005981,1.4243966593334028,-0.6972407298207669
2015-03-20,developed_equity,0.002539800128417813,0.002539800128417813,2,0.009758912026882172,-0.743392744411535,-2.330248364753257,0.3976058115862877
2015-03-20,emerging_equity,0.06437120505215121,0.06437120505215121,2,0.009979337453842163,-0.6378779904376454,0.8153442024264185,1.9849712556424666
2015-03-20,korea_equity,0.06889388109224881,0.06889388109224881,2,0.01049051433801651,-2.5873985239058643,1.006951496335904,0.08232023347326174
2015-03-20,short_treasury,0.0016516105295187877,0.0016516105295187877,2,0.01121453195810318,0.29181462499184874,2.2686136392667335,0.9784930331366238
2015-03-20,treasury_7_10y,0.004339407545908669,0.004339407545908669,2,0.011057309806346893,1.2631303589265015,1.9089541191175219,-0.3020220230247399
2015-03-23,alternative,0.03048780406758378,0.03048780406758378,2,0.013371460139751434,0.21529435066780073,-0.6917146380320126,0.2944990819853971
2015-03-23,corp_bond_ig,0.0010676265615212621,0.0010676265615212621,2,0.008211307227611542,0.5294584339642878,1.3055559799756007,-0.5946619283100152
2015-03-23,developed_equity,-0.004927355642988629,-0.004927355642988629,2,0.009752616286277771,-0.9557057357107708,-2.473844792077308,0.42840842427333947
2015-03-23,emerging_equity,0.06741291126966886,0.06741291126966886,2,0.010517455637454987,-0.7194098120743003,0.9961399588546127,2.0851182555752703
2015-03-23,korea_equity,0.06077349048762515,0.06077349048762515,2,0.011056490242481232,-2.2053599401441617,1.0552680092885949,0.5200418799076011
2015-03-23,short_treasury,0.001415036708362516,0.001415036708362516,2,0.010851405560970306,-0.10003411119783719,2.100313084004774,0.7202770969696262
2015-03-23,treasury_7_10y,0.0009221402151198266,0.0009221402151198266,2,0.01059577614068985,1.3345002942527844,1.6716390942563732,-0.19235086653177313
2015-03-24,alternative,0.03940455446806612,0.03940455446806612,2,0.01379721611738205,0.46971217519721986,-0.6260066376118871,0.4238844749884889
2015-03-24,corp_bond_ig,-0.006888039023462578,-0.006888039023462578,2,0.0050611793994903564,0.04955518720422367,0.8111390767514675,-1.587506420953731
2015-03-24,developed_equity,0.0021388005257458875,0.0021388005257458875,2,0.010556720197200775,-0.5642736525702834,-2.3606655590894112,0.3016128792301002
2015-03-24,emerging_equity,0.07457874816684718,0.07457874816684718,2,0.009709872305393219,-1.063685028058805,0.8611608062232532,2.0342324443682003
2015-03-24,korea_equity,0.06611563734210191,0.06611563734210191,2,0.01058775931596756,-2.3791687235234544,0.9717656643117041,0.06860524453517179
2015-03-24,short_treasury,0.00023572607137545276,0.00023572607137545276,2,0.010420389473438263,-0.565423580568506,1.8521397180947168,0.5528549317029001
2015-03-24,treasury_7_10y,-0.007905870748320165,-0.007905870748320165,2,0.00860365480184555,0.9170672636497018,1.144285609572745,-1.0109651896235685
2015-03-25,alternative,0.04669606213002475,0.04669606213002475,2,0.01259496808052063,0.21825263209562276,-0.9601147597016323,0.05737248266016347
2015-03-25,corp_bond_ig,-0.0010695588609497264,-0.0010695588609497264,2,0.005061931908130646,0.8104352178516018,1.0217961423821882,-1.0707202204027841
2015-03-25,developed_equity,0.014688101074417315,0.014688101074417315,2,0.010840088129043579,-0.4077673939818657,-2.3819999461783334,0.25604357935331207
2015-03-25,emerging_equity,0.09994957915400526,0.09994957915400526,2,0.010296590626239777,-0.5773895751574246,0.968702145862631,2.116751385213832
2015-03-25,korea_equity,0.08858129756863198,0.08858129756863198,2,0.010174877941608429,-2.323092418395121,0.8228137346297537,-0.002766834640055184
2015-03-25,short_treasury,0.0009433066072124241,0.0009433066072124241,2,0.00904703140258789,0.05668777490680152,1.436216847341431,-0.8151801648419783
2015-03-25,treasury_7_10y,-0.0005539429410595931,-0.0005539429410595931,2,0.008518844842910767,0.990136547310058,0.7619469607208977,-0.9352431638131912
2015-03-26,alternative,0.05590064971032005,0.05590064971032005,2,0.013518847525119781,0.5785551153153322,-0.5655102679075265,0.29180881099546563
2015-03-26,corp_bond_ig,0.007036411031851708,0.007036411031851708,2,0.005288653075695038,0.006238672599571746,1.1198423515549314,-1.3293541750210294
2015-03-26,developed_equity,0.03108817183719248,0.03108817183719248,2,0.010865047574043274,-0.14319875118916386,-2.147675469551377,0.2052516008125525
2015-03-26,emerging_equity,0.11435832717908401,0.11435832717908401,2,0.009939320385456085,-1.0474240827636607,0.9581296991489631,1.9297620292379314
2015-03-26,korea_equity,0.09243109910981295,0.09243109910981295,2,0.009915105998516083,-2.973065793811106,0.5313489687985598,0.017366921947894895
2015-03-26,short_treasury,0.0017695119950340565,0.0017695119950340565,2,0.009061023592948914,0.12624939577450528,1.5970677139883425,-0.5113130077445864
2015-03-26,treasury_7_10y,0.008635100571290577,0.008635100571290577,2,0.007823161780834198,0.6545825708824686,0.40130969595294824,-1.4757726324768234
2015-03-27,alternative,0.05752212389380529,0.05752212389380529,2,0.012882500886917114,0.2999371996504857,-0.49309355926449455,0.16639176384785764
2015-03-27,corp_bond_ig,0.0023086970820838104,0.0023086970820838104,2,0.004910685122013092,0.33680009204090516,0.6598468419318739,-1.1357163788249653
2015-03-27,developed_equity,0.029295565387103206,0.029295565387103206,2,0.0113750621676445,-0.6078510479754254,-1.8798099471200744,0.18038135185398807
2015-03-27,emerging_equity,0.11556009830434477,0.11556009830434477,2,0.0101323202252388,-0.8389230642932591,0.9525584945116654,2.0193824916954
2015-03-27,korea_equity,0.09316120343716738,0.09316120343716738,2,0.010157905519008636,-2.63810090563513,0.16849516103385812,0.3361395990691436
2015-03-27,short_treasury,0.0010611172790495615,0.0010611172790495615,2,0.008622802793979645,-0.2311618631835071,1.1412649954059861,-0.9445381930622344
2015-03-27,treasury_7_10y,0.00314462013738126,0.00314462013738126,2,0.008116073906421661,0.7132113745356697,0.45789083845723433,-1.1255074080136984
2015-03-30,alternative,0.05638767864210492,0.05638767864210492,2,0.013527892529964447,0.373666032878042,-0.21775442883799268,0.20718610265001935
2015-03-30,corp_bond_ig,-0.005350247240993089,-0.005350247240993089,2,0.004771105945110321,-0.2632487056827029,0.40978147020769656,-1.1665240867620201
2015-03-30,developed_equity,0.028124996436678762,0.028124996436678762,2,0.01390732079744339,-0.17845788692520423,-0.5989403628243731,0.31871544446779765
2015-03-30,emerging_equity,0.09622075620158599,0.09622075620158599,2,0.009659446775913239,-1.0242300752606905,0.8244666638806152,1.761914760174825
2015-03-30,korea_equity,0.09135113154331864,0.09135113154331864,2,0.010311141610145569,-3.1683996519392092,0.16373946663468142,-0.010103806127046295
2015-03-30,short_treasury,0.0007075249347439083,0.0007075249347439083,2,0.00683053582906723,0.3868825898781951,0.42603103109952006,-1.4365621265570645
2015-03-30,treasury_7_10y,-0.0013874898254745416,-0.0013874898254745416,2,0.007788605988025665,0.5041455973095069,0.07940374596464111,-1.431850817153738
2015-03-31,alternative,0.0592920083915236,0.0592920083915236,2,0.013079024851322174,0.19913362412553642,-0.06894273042108119,0.14280296126205505
2015-03-31,corp_bond_ig,-0.015364413447116698,-0.015364413447116698,2,0.004494860768318176,0.26944506774177157,0.07763459511403273,-0.9182176369003147
2015-03-31,developed_equity,0.022594201784865042,0.022594201784865042,2,0.013726219534873962,-0.16662481992726702,-0.5219553184695777,0.17231661787129987
2015-03-31,emerging_equity,0.08497382897209738,0.08497382897209738,2,0.009944625198841095,-0.5138395093428249,0.7789910239514446,1.639222690485464
2015-03-31,korea_equity,0.08245977057302367,0.08245977057302367,2,0.009963907301425934,-3.1652084876575364,0.08750578003656628,-0.006689958069212256
2015-03-31,short_treasury,0.0,0.0,2,0.007510609924793243,0.17704279365385456,0.1780268651255113,-1.4670172969819284
2015-03-31,treasury_7_10y,-0.007657549919074413,-0.007657549919074413,2,0.00857517123222351,0.22915836382353835,0.002040934128602592,-1.0179965162372278
2015-04-01,alternative,0.04565405512361398,0.04565405512361398,2,0.01387842744588852,0.1785855758962285,0.26439326798060375,0.3481189906123976
2015-04-01,corp_bond_ig,-0.01470468139460046,-0.01470468139460046,2,0.0052093565464019775,-0.59633051407162,0.30838237542703634,-1.2046042525326461
2015-04-01,developed_equity,0.02200356226105349,0.02200356226105349,2,0.013362623751163483,-0.36236523896448014,-0.39079351214273556,0.2001209904519831
2015-04-01,emerging_equity,0.05537779819960931,0.05537779819960931,2,0.009733863174915314,-1.0201327382224668,0.7461580403143371,1.575826792901404
2015-04-01,korea_equity,0.06586511272865914,0.06586511272865914,2,0.010100089013576508,-3.782843514592165,0.08311618209256896,-0.05772769103022864
2015-04-01,short_treasury,-0.00011774867058600424,-0.00011774867058600424,2,0.005378760397434235,0.44094569300580444,-0.8681526804005705,-2.02059861827416
2015-04-01,treasury_7_10y,-0.01103655422227301,-0.01103655422227301,2,0.007609851658344269,-0.07916482800964528,-0.09078813931258135,-1.4724771023179606
2015-04-02,alternative,0.04181180570351728,0.04181180570351728,2,0.013118289411067963,0.003483034382564968,-0.49802515431940053,0.4794724089213195
2015-04-02,corp_bond_ig,-0.021229341372248745,-0.021229341372248745,2,0.0046011582016944885,-0.5181406045137917,-0.5729437286266825,-1.413608820854845
2015-04-02,developed_equity,0.018870476792596902,0.018870476792596902,2,0.012862659990787506,-0.11005933880035058,-0.31369727799839825,0.16861187640234743
2015-04-02,emerging_equity,0.04607171760067397,0.04607171760067397,2,0.007809922099113464,-2.3000239805279175,0.5110791880441494,0.05232417510151631
2015-04-02,korea_equity,0.05430101046408109,0.05430101046408109,2,0.008976265788078308,-3.8070668907885024,-0.8960423005596616,-0.3968493047894457
2015-04-02,short_treasury,-0.000824787234109503,-0.000824787234109503,2,0.005361407995223999,-0.05907009725586871,-1.8377496418758499,-1.9291102270395244
2015-04-02,treasury_7_10y,-0.015126355076052755,-0.015126355076052755,2,0.008379124104976654,0.08659404566037142,-0.4754626379493379,-0.9590277169778537
2015-04-06,alternative,0.039826826615767086,0.039826826615767086,2,0.01337006688117981,0.060049792935772194,-0.2632048744140807,0.5220682185889914
2015-04-06,corp_bond_ig,-0.025638940619499895,-0.025638940619499895,2,0.004171602427959442,-0.8969922565146801,-0.9540873868785984,-1.6384231218334906
2015-04-06,developed_equity,0.016624286821879775,0.016624286821879775,2,0.012849219143390656,-0.009796972212339113,-0.5313437147087553,0.10432114071140901
2015-04-06,emerging_equity,0.03878379013959665,0.03878379013959665,2,0.006870776414871216,-2.409815557992679,0.7918479053005972,-1.0658669827901393
2015-04-06,korea_equity,0.04933653600041099,0.04933653600041099,2,0.008176825940608978,-1.9551408602408957,-1.0676005485683924,-1.1274274024013302
2015-04-06,short_treasury,-0.0016482150414937058,-0.0016482150414937058,2,0.005271203815937042,-0.057958311519618506,-2.1364293175422877,-1.9306783960632643
2015-04-06,treasury_7_10y,-0.018422992308198327,-0.018422992308198327,2,0.008294515311717987,0.2046426774830431,-0.7183283998738668,-1.504692035369816
2015-04-07,alternative,0.03122288273058471,0.03122288273058471,2,0.012985430657863617,-0.2678126021852054,-0.21489876549986797,0.4567087519585179
2015-04-07,corp_bond_ig,-0.030786822168135886,-0.030786822168135886,2,0.00419209897518158,-0.7559267025390477,-1.297925409889457,-1.8108541422795925
2015-04-07,developed_equity,0.009983780846576584,0.009983780846576584,2,0.013206154108047485,0.02770710267615805,-0.296374247982684,0.2619560243647768
2015-04-07,emerging_equity,0.03272369467553271,0.03272369467553271,2,0.006485186517238617,-2.5819121963634943,0.3548735842653116,-1.2007330551162922
2015-04-07,korea_equity,0.04938907075787413,0.04938907075787413,2,0.007471524178981781,-2.0748039853752394,-1.6260495187395756,-1.116445499979788
2015-04-07,short_treasury,-0.0011781158972300476,-0.0011781158972300476,2,0.0056274160742759705,-0.14328631721254406,-2.522951659815004,-1.84361043048552
2015-04-07,treasury_7_10y,-0.02089281399522358,-0.02089281399522358,2,0.008646748960018158,0.16552410162447886,-0.9597945866367639,-1.329313512672388
2015-04-08,alternative,0.01633700641984337,0.01633700641984337,2,0.013398788869380951,-0.18146284539127805,-0.06424842082113028,0.8377913880599611
2015-04-08,corp_bond_ig,-0.03464653824570785,-0.03464653824570785,2,0.004119150340557098,-1.5444850614670445,-1.0915841305746652,-1.8334286999250882
2015-04-08,developed_equity,0.002421637303129609,0.002421637303129609,2,0.014035530388355255,0.07702639637775786,-0.267332430779033,0.7650766626186664
2015-04-08,emerging_equity,-0.0009427507716153194,-0.0009427507716153194,2,0.007240869104862213,-1.2228691170861627,0.46313680434055365,-1.2714798394484566
2015-04-08,korea_equity,0.027234016580784504,0.027234016580784504,2,0.008762285113334656,-2.2555648906332086,-1.2946903089489539,-0.6860668108342872
2015-04-08,short_treasury,-0.0015315416779508872,-0.0015315416779508872,2,0.005180805921554565,-0.24769416918442513,-2.836178006062698,-1.8527087080249913
2015-04-08,treasury_7_10y,-0.024781228611514772,-0.024781228611514772,2,0.008023165166378021,0.3874880199918907,-1.2359544877178894,-1.7824819687009037
2015-04-09,alternative,0.013698616715036138,0.013698616715036138,2,0.013431169092655182,-0.4439078133806904,0.1604624067704048,1.1662433638298288
2015-04-09,corp_bond_ig,-0.025849998831754983,-0.025849998831754983,2,0.003475099802017212,-1.4174918707880322,-1.6065836508375868,-2.2582661333606384
2015-04-09,developed_equity,0.007137069270811258,0.007137069270811258,2,0.01374790072441101,-0.033329880066003244,-0.055016135927087095,0.6797976047030369
2015-04-09,emerging_equity,-0.012135277983275738,-0.012135277983275738,2,0.006691358983516693,-0.6251446252955783,0.45508754761465914,-1.2732015409154152
2015-04-09,korea_equity,0.019289812531534167,0.019289812531534167,2,0.00772460550069809,-2.309208402247687,-1.8538920275847064,-0.7413754442088042
2015-04-09,short_treasury,-0.0015320831556363546,-0.0015320831556363546,2,0.005232907831668854,-0.614553131208657,-3.2939232779167433,-2.0709006313045157
2015-04-09,treasury_7_10y,-0.016649736764365985,-0.016649736764365985,2,0.008488617837429047,0.2857515531393744,-1.206648179901478,-1.5913672232763965
2015-04-10,alternative,0.02568493083575185,0.02568493083575185,2,0.013514764606952667,-0.3510671504681414,0.454802945392406,1.3456243741874656
2015-04-10,corp_bond_ig,-0.021621154773219797,-0.021621154773219797,2,0.004362061619758606,-1.659683934700668,-1.6975437413812018,-2.030054272671207
2015-04-10,developed_equity,0.011879330104112906,0.011879330104112906,2,0.014181949198246002,-0.029040852318919126,0.037919315824195665,1.0679283502614711
2015-04-10,emerging_equity,-0.0002332587682211118,-0.0002332587682211118,2,0.007331579923629761,-0.4774315665912546,0.6261900495048541,-0.8692933631157755
2015-04-10,korea_equity,0.0063758570108058965,0.0063758570108058965,2,0.008065402507781982,-0.3793215109561612,-1.6051634090317644,-1.121318670203236
2015-04-10,short_treasury,0.00011781806695987385,0.00011781806695987385,2,0.005210168659687042,-0.3695465607613966,-3.457072666630194,-2.1599641814592854
2015-04-10,treasury_7_10y,-0.012583277084667666,-0.012583277084667666,2,0.008660808205604553,0.2762384075737362,-1.1721101716897717,-1.8185886349133487
2015-04-13,alternative,0.017887550654402506,0.017887550654402506,2,0.013792477548122406,-0.5987606639657269,0.599226907210674,1.854623295188481
2015-04-13,corp_bond_ig,-0.03116777107800639,-0.03116777107800639,2,0.004396088421344757,-1.3152565848560942,-1.6913320478695835,-2.2127943557257694
2015-04-13,developed_equity,0.015838930270815954,0.015838930270815954,2,0.01376398652791977,0.29586927498294835,0.4541821391809227,0.93665572248156
2015-04-13,emerging_equity,-0.0039878484490522,-0.0039878484490522,2,0.006847001612186432,-0.3244885728436703,-0.026040557593431327,-0.9564341677276081
2015-04-13,korea_equity,-0.0026926935769535643,-0.0026926935769535643,2,0.008357711136341095,-0.20342285227574963,-1.5539743110795492,-1.1900406186406083
2015-04-13,short_treasury,-0.0014137031228834696,-0.0014137031228834696,2,0.00537746399641037,-0.6052114480929738,-3.5891681333739482,-1.969645145024544
2015-04-13,treasury_7_10y,-0.024284439600205432,-0.024284439600205432,2,0.008592210710048676,-0.061787327221803696,-1.2587341692603067,-1.8222058957547203
2015-04-14,alternative,0.017035774906349888,0.017035774906349888,2,0.013745449483394623,-0.4853208849626185,0.5685706131910612,1.8352675403907879
2015-04-14,corp_bond_ig,-0.034788299633397135,-0.034788299633397135,2,0.005284793674945831,-1.9064210431388129,-1.3892519214409327,-1.9770952825295813
2015-04-14,developed_equity,0.006284278846766966,0.006284278846766966,2,0.01459454745054245,1.1227638108698133,0.47051117406366716,1.2485121909957313
2015-04-14,emerging_equity,-0.011676786631561686,-0.011676786631561686,2,0.007249355316162109,-0.19243166137406353,0.12100484862594835,-0.8758431401501351
2015-04-14,korea_equity,-0.019682412251550985,-0.019682412251550985,2,0.008291147649288177,1.1240388043377114,-1.0863552904943214,-1.842910648572535
2015-04-14,short_treasury,-0.0017663863531942603,-0.0017663863531942603,2,0.005459152162075043,-0.6883707784659485,-3.8614297398170376,-1.7360190133576714
2015-04-14,treasury_7_10y,-0.02642241460146122,-0.02642241460146122,2,0.008747182786464691,-0.11508345549846859,-1.3515023418194865,-1.7940512639782054
2015-04-15,alternative,0.01778152837640601,0.01778152837640601,2,0.013129904866218567,1.0380941231731262,0.6130880752940031,1.209453820845863
2015-04-15,corp_bond_ig,-0.03632338749123354,-0.03632338749123354,2,0.0046121105551719666,-1.2775058895900553,-1.497817818344316,-2.2677262783455796
2015-04-15,developed_equity,0.011892130713432092,0.011892130713432092,2,0.014021709561347961,0.5448424651332504,0.7083614592778953,1.0702253305386775
2015-04-15,emerging_equity,-0.016697528382206506,-0.016697528382206506,2,0.007001139223575592,-0.2946566826311441,-0.20257471504173855,-0.9241107623773287
2015-04-15,korea_equity,-0.01940151777534782,-0.01940151777534782,2,0.008741296827793121,1.9901588728612059,-1.1085890534400236,-1.785786215334687
2015-04-15,short_treasury,-0.0012953440028663499,-0.0012953440028663499,2,0.005799509584903717,-0.5813383588839359,-3.664302610358926,-1.5146754459505551
2015-04-15,treasury_7_10y,-0.028248064834409226,-0.028248064834409226,2,0.008997350931167603,-0.0793719644629678,-1.1415926672234102,-1.4511279648898203
2015-04-16,alternative,0.021043770503194503,0.021043770503194503,2,0.012771673500537872,1.3530986801584384,0.2035807951979307,-0.1388888811521093
2015-04-16,corp_bond_ig,-0.032488301782770845,-0.032488301782770845,2,0.005799181759357452,-1.4358433201147807,-1.5411112452500932,-1.806501368634816
2015-04-16,developed_equity,0.0173356859420033,0.0173356859420033,2,0.014422625303268433,0.7185894134434195,1.2296253400826955,1.1477444157288255
2015-04-16,emerging_equity,-0.014726171263935828,-0.014726171263935828,2,0.007586561143398285,1.4253978724995442,-0.6023819203860538,-0.9115030673065112
2015-04-16,korea_equity,-0.01934328052429024,-0.01934328052429024,2,0.00926024466753006,2.8286731870478063,-0.545149380208664,-1.8169008359640257
2015-04-16,short_treasury,-0.0008239135543612885,-0.0008239135543612885,2,0.008339233696460724,-0.173111090741741,-2.9730203421307144,-1.8338771773181881
2015-04-16,treasury_7_10y,-0.025652821448391094,-0.025652821448391094,2,0.009443826973438263,-0.08939193339769304,-1.2497204801869932,-1.340701637498855
2015-04-17,alternative,0.038297872340425476,0.038297872340425476,2,0.010675661265850067,1.5845577357317764,-0.6076014546364682,-0.7327020533845237
2015-04-17,corp_bond_ig,-0.028391435002827814,-0.028391435002827814,2,0.005445860326290131,-0.9229654453360572,-1.6314811406399892,-2.1637861029791536
2015-04-17,developed_equity,0.03086670494903876,0.03086670494903876,2,0.014747299253940582,0.5918211379556048,1.7353973720718914,1.3225137147711625
2015-04-17,emerging_equity,0.010538659365318281,0.010538659365318281,2,0.0070131197571754456,1.0977975131239848,-1.1561797127075895,-1.1015582048008152
2015-04-17,korea_equity,-0.020485086703092015,-0.020485086703092015,2,0.008664391934871674,2.8428967396414295,-0.8375307515485879,-1.9122749047483532
2015-04-17,short_treasury,-0.000353259302210418,-0.000353259302210418,2,0.00860818475484848,-0.3502674307164508,-2.9690505618120797,-1.812278755350787
2015-04-17,treasury_7_10y,-0.02064598945396201,-0.02064598945396201,2,0.009381905198097229,-0.3064791421620088,-1.144152414810709,-1.402443992185718
2015-04-20,alternative,0.03911563379087424,0.03911563379087424,2,0.009381577372550964,1.3622127051764512,-0.7406997308858414,-1.372147773979878
2015-04-20,corp_bond_ig,-0.03354386908101681,-0.03354386908101681,2,0.00615295022726059,-1.0866204131657449,-1.6420026303220745,-1.7029514569371893
2015-04-20,developed_equity,0.011199951171875,0.011199951171875,2,0.015072397887706757,0.37236741136950263,1.5423201265694892,1.3974370135013638
2015-04-20,emerging_equity,0.0011720402540877917,0.0011720402540877917,2,0.007706098258495331,1.5841330393398516,-0.9431812969998903,-0.877734255367656
2015-04-20,korea_equity,-0.03757084526031118,-0.03757084526031118,2,0.009625248610973358,3.0046392780952944,-0.6880250476642745,-1.7412566613664697
2015-04-20,short_treasury,-0.000824488531378953,-0.000824488531378953,2,0.00881185382604599,-0.3181635271094846,-3.2262418277570064,-1.5450379286798346
2015-04-20,treasury_7_10y,-0.025464209175865338,-0.025464209175865338,2,0.009821183979511261,0.11530478165169432,-1.4096199733920904,-1.238354292360299
2015-04-21,alternative,0.03127638928820131,0.03127638928820131,2,0.009318381547927856,1.3240989063648267,-0.6219942657385855,-1.426183892969855
2015-04-21,corp_bond_ig,-0.03847417869318548,-0.03847417869318548,2,0.005725555121898651,-0.5990366813200055,-1.8067712725649263,-1.9073156057424148
2015-04-21,developed_equity,0.033458243564740586,0.033458243564740586,2,0.014426343142986298,0.16154497011537972,1.4863280125230547,1.3506799151245863
2015-04-21,emerging_equity,-0.0030296217333374287,-0.0030296217333374287,2,0.007397904992103577,1.7776065591239867,-1.3657831684680188,-0.9315068000287853
2015-04-21,korea_equity,-0.0304361812122802,-0.0304361812122802,2,0.009509555995464325,3.1689538808590694,-1.0246366976075467,-1.6900096506546527
2015-04-21,short_treasury,-0.0015308202569592755,-0.0015308202569592755,2,0.008440233767032623,-0.36104124116300634,-3.321887508452461,-1.3466580337070015
2015-04-21,treasury_7_10y,-0.027729175970591657,-0.027729175970591657,2,0.00975596159696579,0.1320409645828755,-1.3487925527411235,-1.043468809349755
2015-04-22,alternative,0.03201350589263097,0.03201350589263097,2,0.009343110024929047,1.0546568940612733,-1.1137045621614883,-1.0872004833072704
2015-04-22,corp_bond_ig,-0.03104617386905617,-0.03104617386905617,2,0.007090620696544647,-0.538936806880529,-1.4439036162067018,-1.446761018375887
2015-04-22,developed_equity,0.021741993155628192,0.021741993155628192,2,0.014100439846515656,-0.2383378633185026,1.1277212403508998,1.5303351626334676
2015-04-22,emerging_equity,-0.014295571758221937,-0.014295571758221937,2,0.007912717759609222,1.835443756056183,-1.5277048338162562,-0.5025444408824581
2015-04-22,korea_equity,-0.03246121416297576,-0.03246121416297576,2,0.010379724204540253,3.5566985721993327,-0.7293322960356716,-1.590352990224285
2015-04-22,short_treasury,-0.00035355073466525333,-0.00035355073466525333,2,0.009417049586772919,0.16600413751169796,-3.522249201410605,-1.2444581939301986
2015-04-22,treasury_7_10y,-0.01992217904334248,-0.01992217904334248,2,0.009900026023387909,0.4396890316944331,-1.5706811628871253,-1.0799753629461561
2015-04-23,alternative,0.03703698470922934,0.03703698470922934,2,0.008703596889972687,0.8850915316304275,-1.3542194746662666,-1.1754903098391392
2015-04-23,corp_bond_ig,-0.028907878107131135,-0.028907878107131135,2,0.006591968238353729,-0.283805986776856,-1.4589691972215757,-1.7478614161015316
2015-04-23,developed_equity,0.02005304708683786,0.02005304708683786,2,0.013984240591526031,-0.5799598208869571,0.8247332303438744,1.5311560195507703
2015-04-23,emerging_equity,-0.024948505077808436,-0.024948505077808436,2,0.007789261639118195,1.842841331036685,-1.7384693212731326,-0.7838959199639545
2015-04-23,korea_equity,-0.053242189631444004,-0.053242189631444004,2,0.01010575145483017,3.7091086320366586,-0.7001568299270815,-1.6468811888740444
2015-04-23,short_treasury,-0.00047120880922302266,-0.00047120880922302266,2,0.009414322674274445,-0.25490819852265556,-3.3942248952494958,-1.0055256051412957
2015-04-23,treasury_7_10y,-0.017090055188185627,-0.017090055188185627,2,0.00967879593372345,0.32966187626557486,-1.1451469365340132,-1.189619278287493
2015-04-24,alternative,0.03613447942653614,0.03613447942653614,2,0.009292684495449066,0.7761724553810206,-1.4490803726394825,-0.9246836360438918
2015-04-24,corp_bond_ig,-0.03140155895527541,-0.03140155895527541,2,0.007661551237106323,-0.5855328812484754,-1.0936600554005191,-1.2007390696825182
2015-04-24,developed_equity,0.013885154512385256,0.013885154512385256,2,0.013990186154842377,-0.5278569335636701,0.6971178678259324,1.2543132635160008
2015-04-24,emerging_equity,-0.02531349679086936,-0.02531349679086936,2,0.008301116526126862,2.423051914197947,-1.4848438244256699,-0.6168947894871716
2015-04-24,korea_equity,-0.04422095282174332,-0.04422095282174332,2,0.010924793779850006,3.7691799204616574,-0.7242208331013218,-1.3339967860403488
2015-04-24,short_treasury,-0.0015308202569592755,-0.0015308202569592755,2,0.010125786066055298,0.010677667859903005,-3.2920462056462525,-0.6158052624255996
2015-04-24,treasury_7_10y,-0.022737675170390048,-0.022737675170390048,2,0.010619096457958221,0.7071167844112725,-1.1812281970634542,-0.881716379139614
2015-04-27,alternative,0.02092050209205021,0.02092050209205021,2,0.008992455899715424,0.4320624980485075,-1.2098433599549112,-1.4862219842401236
2015-04-27,corp_bond_ig,-0.02640670573331827,-0.02640670573331827,2,0.006936587393283844,-0.4431548130915894,-1.1653625235904272,-1.4611625604663934
2015-04-27,developed_equity,0.00026471594948440647,0.00026471594948440647,2,0.01236136257648468,-0.6694931354800147,-0.1333507634299247,0.24424640439569079
2015-04-27,emerging_equity,-0.04452519454999182,-0.04452519454999182,2,0.008268199861049652,2.7718672835302627,-2.2072337911889504,-0.38339270237194195
2015-04-27,korea_equity,-0.06048517275385645,-0.06048517275385645,2,0.010451681911945343,3.7780741624673233,-0.8472471012506321,-1.3383643112040307
2015-04-27,short_treasury,-0.0012954964739996244,-0.0012954964739996244,2,0.009791724383831024,0.0901473053858013,-3.3904494672094736,-0.42536359809800284
2015-04-27,treasury_7_10y,-0.015120776355263876,-0.015120776355263876,2,0.010538138449192047,0.4399148187290546,-0.85044243188554,-1.006861112273992
2015-04-28,alternative,0.020850708658751715,0.020850708658751715,2,0.00838131457567215,0.1424708059376082,-1.8145014632770997,-1.5141104054584544
2015-04-28,corp_bond_ig,-0.019612671209957355,-0.019612671209957355,2,0.007607750594615936,-0.8802182814746685,-1.045158123991199,-0.8655621292725068
2015-04-28,developed_equity,0.005814754222986496,0.005814754222986496,2,0.01184016466140747,-0.31445419512217093,-0.20586659450164063,-0.11211221559858144
2015-04-28,emerging_equity,-0.04581538786057604,-0.04581538786057604,2,0.008732087910175323,2.482234382310345,-2.0732419054513316,-0.09570849410381442
2015-04-28,korea_equity,-0.0771801155688151,-0.0771801155688151,2,0.010371975600719452,3.6603732870041044,-0.9498086015682212,-1.2305644784236192
2015-04-28,short_treasury,-0.0007070246971412342,-0.0007070246971412342,2,0.010667271912097931,0.39104723783159684,-3.065587223000391,-0.06339444064749035
2015-04-28,treasury_7_10y,-0.011115199688944477,-0.011115199688944477,2,0.010177277028560638,-0.15959111387346792,-1.1312841269073393,-0.9275298659068817
2015-04-29,alternative,0.02589813018003717,0.02589813018003717,2,0.007780678570270538,0.3329258326556036,-1.6012780093870342,-1.8163720758084705
2015-04-29,corp_bond_ig,-0.013517983700699565,-0.013517983700699565,2,0.007513716816902161,-2.2578840123438315,-1.408085753432835,-0.5320928020762593
2015-04-29,developed_equity,0.00732068510401529,0.00732068510401529,2,0.009685017168521881,-0.664919233196586,-0.8308475297966558,-1.1081742716898724
2015-04-29,emerging_equity,-0.04639412988719749,-0.04639412988719749,2,0.008918024599552155,2.4296780803531797,-2.0377253901994625,-0.005756887167069471
2015-04-29,korea_equity,-0.0666558636934027,-0.0666558636934027,2,0.010330051183700562,3.600679519194274,-1.285638742678479,-1.287872960043316
2015-04-29,short_treasury,-0.00035342578072083963,-0.00035342578072083963,2,0.010195352137088776,-0.36510665533064895,-3.0631980561613195,-0.14469993624945865
2015-04-29,treasury_7_10y,-0.006507967312484153,-0.006507967312484153,2,0.01112566888332367,-1.904925154614666,-1.5403483835495815,0.16554748589593193
2015-04-30,alternative,0.026868216781144927,0.026868216781144927,2,0.0077104270458221436,0.26624322722713045,-1.7615994106318682,-1.4487581309278832
2015-04-30,corp_bond_ig,-0.013923676541157892,-0.013923676541157892,2,0.007181338965892792,-2.8933220864381095,-2.1527729662458603,0.5463358424717972
2015-04-30,developed_equity,0.0042792150313970545,0.0042792150313970545,2,0.008839987218379974,-0.8768218903531897,-0.8982269640323541,-1.5835023166905433
2015-04-30,emerging_equity,-0.04104482491580841,-0.04104482491580841,2,0.008713439106941223,2.380639250778174,-2.415928080404545,0.17398683162758777
2015-04-30,korea_equity,-0.05509234972636701,-0.05509234972636701,2,0.010526053607463837,3.5801275929059386,-1.3649642797101242,-1.1506153863278905
2015-04-30,short_treasury,0.0,0.0,2,0.010337688028812408,-0.359948991717491,-3.172952802477455,0.16310049701022789
2015-04-30,treasury_7_10y,-0.0056728412282749385,-0.0056728412282749385,2,0.011702708899974823,-2.2352884169360285,-1.7038911522310274,1.018313014163456
2015-05-01,alternative,0.022575289398694576,0.022575289398694576,2,0.008620277047157288,0.13027937485896582,-1.666362742335732,-0.7312981487368427
2015-05-01,corp_bond_ig,-0.014039497366880815,-0.014039497366880815,2,0.008025705814361572,-3.8330302122502973,-2.649495915280404,1.0509250303071658
2015-05-01,developed_equity,0.005196527298999332,0.005196527298999332,2,0.008109085261821747,-1.2977956299265356,-1.081228795648452,-1.5246285663699257
2015-05-01,emerging_equity,-0.050533155679619135,-0.050533155679619135,2,0.008490405976772308,2.3341232208831872,-2.498605791618393,0.2326838696172513
2015-05-01,korea_equity,-0.0640941494232391,-0.0640941494232391,2,0.010732315480709076,3.4512076170361494,-1.2783818560095095,-1.0000113663791914
2015-05-01,short_treasury,-0.00023589943090840393,-0.00023589943090840393,2,0.010007552802562714,-0.5419828122904761,-3.3084006206872023,0.17313626120794312
2015-05-01,treasury_7_10y,-0.004682524870911919,-0.004682524870911919,2,0.01163378357887268,-2.7674057972595745,-2.5163029780288375,1.7112555593914796
2015-05-04,alternative,0.02581181110330366,0.02581181110330366,2,0.007708273828029633,0.2224033344683844,-2.137033029110808,-0.8330403442228346
2015-05-04,corp_bond_ig,-0.015939945977168968,-0.015939945977168968,2,0.009206622838973999,-3.969294665384509,-2.6589926837183966,2.7504237591300598
2015-05-04,developed_equity,-0.0017144254209849885,-0.0017144254209849885,2,0.008445434272289276,-1.3827991441774863,-1.1164039345548848,-1.418123542747835
2015-05-04,emerging_equity,-0.05231621317573065,-0.05231621317573065,2,0.008989140391349792,2.384174371166207,-2.7349741990150087,0.5605864018770063
2015-05-04,korea_equity,-0.07474060615341338,-0.07474060615341338,2,0.01099223643541336,3.5831639029730145,-1.6811721446370322,-0.9528294562164207
2015-05-04,short_treasury,-0.0003538491463626059,-0.0003538491463626059,2,0.01049787551164627,0.041390745128640376,-3.2662839981160463,0.36787756727879106
2015-05-04,treasury_7_10y,-0.009572040788622949,-0.009572040788622949,2,0.011201523244380951,-3.089243874624207,-2.411206754940292,2.303864051804966
2015-05-05,alternative,0.042893174168808335,0.042893174168808335,2,0.008508801460266113,-0.14924617904246223,-1.9475644070230085,-0.5036440072774598
2015-05-05,corp_bond_ig,-0.02061335122742247,-0.02061335122742247,2,0.010369330644607544,-3.021222498580552,-2.157019811328373,2.7793681809326665
2015-05-05,developed_equity,0.009350747295417294,0.009350747295417294,2,0.008286736905574799,-1.6908984761953147,-1.3557546373736986,-1.2974335504010108
2015-05-05,emerging_equity,-0.04683127696374256,-0.04683127696374256,2,0.009278856217861176,2.2370949232482054,-2.6710570267538407,0.677076046159964
2015-05-05,korea_equity,-0.07018692704863727,-0.07018692704863727,2,0.010653749108314514,3.345536449174366,-2.169121334449899,-0.8758465127335728
2015-05-05,short_treasury,-0.00047182019466029956,-0.00047182019466029956,2,0.010723434388637543,-0.3801395780820459,-2.97076362152461,0.20559261993724065
2015-05-05,treasury_7_10y,-0.01635643832199485,-0.01635643832199485,2,0.011273711919784546,-2.995491254176287,-2.0680999620244873,2.0616589619395453
2015-05-06,alternative,0.040609163922903146,0.040609163922903146,2,0.00812983512878418,-0.02159458553030206,-2.4514967127314713,-0.23093849312177647
2015-05-06,corp_bond_ig,-0.011284590396802296,-0.011284590396802296,2,0.011500924825668335,-2.0484116463493294,-1.034098162243952,3.313743433207176
2015-05-06,developed_equity,0.004026243641958027,0.004026243641958027,2,0.008478440344333649,-1.6595719492317105,-1.2680221567352123,-0.9636652062540387
2015-05-06,emerging_equity,-0.04953995056281857,-0.04953995056281857,2,0.009163573384284973,2.2263641633536566,-2.9525874725872163,0.756249448513257
2015-05-06,korea_equity,-0.0669427871247168,-0.0669427871247168,2,0.011038564145565033,3.582018485444748,-1.9113300274400724,-0.7895778913665875
2015-05-06,short_treasury,0.0,0.0,2,0.010592401027679443,-0.2199302637825481,-3.0652511925160693,0.3163980059766176
2015-05-06,treasury_7_10y,-0.006706962784612247,-0.006706962784612247,2,0.011779546737670898,-1.8047334611806225,-1.5498165306414309,2.486358716678785
2015-05-07,alternative,0.03293920165217634,0.03293920165217634,2,0.008145913481712341,-0.23178717111922842,-2.2306911492120807,-0.12651649550399444
2015-05-07,corp_bond_ig,-0.02019774657876494,-0.02019774657876494,2,0.011658169329166412,-1.8166812976132622,-1.188553800516997,3.406378216537857
2015-05-07,developed_equity,-0.0008022136363057264,-0.0008022136363057264,2,0.007628165185451508,-1.670938989629643,-1.3979649941475851,-0.8395078070413191
2015-05-07,emerging_equity,-0.052445100984485626,-0.052445100984485626,2,0.008932806551456451,1.9852825231497155,-3.0895131612381044,0.7499336439662536
2015-05-07,korea_equity,-0.06481324721525816,-0.06481324721525816,2,0.01102764904499054,3.227621702134927,-1.900343924948219,-0.7334745774035826
2015-05-07,short_treasury,-0.0005902154277306337,-0.0005902154277306337,2,0.009960681200027466,-0.24761486981073977,-3.0936497799838913,0.11083951994606898
2015-05-07,treasury_7_10y,-0.018060372618173615,-0.018060372618173615,2,0.01162891834974289,-2.0637337527870288,-1.3335888888903307,2.215343821028686
2015-05-08,alternative,0.017529202175510905,0.017529202175510905,2,0.00807468593120575,-0.3010794975831852,-2.4907719528087027,0.3232428238559179
2015-05-08,corp_bond_ig,-0.02646837634935184,-0.02646837634935184,2,0.011716865003108978,-1.6663462435604044,-0.5694917372952776,3.610872949833842
2015-05-08,developed_equity,-0.02084150181430855,-0.02084150181430855,2,0.008625157177448273,-2.3300758522105003,-1.3690961226153986,-0.5252931962306612
2015-05-08,emerging_equity,-0.06461396143640852,-0.06461396143640852,2,0.009296990931034088,2.124273213475537,-2.9087501734673946,1.1374407304833398
2015-05-08,korea_equity,-0.0683560937881299,-0.0683560937881299,2,0.008936665952205658,3.880771712503435,-2.4319534530660847,-0.24203339071738994
2015-05-08,short_treasury,-0.0014143696648641901,-0.0014143696648641901,2,0.010361872613430023,-0.13158561173544406,-2.808352462151095,0.344196912939226
2015-05-08,treasury_7_10y,-0.020427288982759806,-0.020427288982759806,2,0.011036016047000885,-1.6261058595743338,-1.127825436445322,2.253919616851116
2015-05-11,alternative,0.01087868662558833,0.01087868662558833,2,0.00852387398481369,-0.5606808745498935,-2.447294610447431,0.300701323345628
2015-05-11,corp_bond_ig,-0.020965972938541633,-0.020965972938541633,2,0.011648453772068024,-1.4667162680520969,-0.2810445573760485,3.3866096457860864
2015-05-11,developed_equity,-0.01810257321693398,-0.01810257321693398,2,0.007842056453227997,-2.389781968463546,-1.5819145568438349,-0.6814051104353099
2015-05-11,emerging_equity,-0.06123406806835985,-0.06123406806835985,2,0.009382210671901703,2.104794630852888,-3.028125061037176,1.2935044267624958
2015-05-11,korea_equity,-0.05973670605967185,-0.05973670605967185,2,0.008877202868461609,3.6094884336851374,-2.558706250528259,-0.20531709701042006
2015-05-11,short_treasury,-0.0009438630136665571,-0.0009438630136665571,2,0.010239429771900177,-0.5801259382725367,-2.5036619019295316,0.1531403306843966
2015-05-11,treasury_7_10y,-0.013911244877215623,-0.013911244877215623,2,0.011114366352558136,-1.5572515441136248,-0.7076092174965085,1.7119382919881234
2015-05-12,alternative,0.026800644115139383,0.026800644115139383,2,0.008401170372962952,-0.4179442764366327,-3.0984530199286424,0.6161642725002383
2015-05-12,corp_bond_ig,-0.022186336483279723,-0.022186336483279723,2,0.013594724237918854,-0.2942625692740263,0.23739802896501636,4.112306978513224
2015-05-12,developed_equity,0.0023917127300894236,0.0023917127300894236,2,0.008295789361000061,-2.0840318688345216,-1.8026377528495965,-0.17159784689084429
2015-05-12,emerging_equity,-0.04442346601304836,-0.04442346601304836,2,0.009659282863140106,2.277120910950441,-2.911647775602019,1.4397485387415765
2015-05-12,korea_equity,-0.0511219631499088,-0.0511219631499088,2,0.008839890360832214,3.6081409447758954,-2.1821562056746084,-0.2596564203270951
2015-05-12,short_treasury,-0.0012975461284984169,-0.0012975461284984169,2,0.010076865553855896,-0.32787724308334665,-2.6518868810053062,0.24563511738267463
2015-05-12,treasury_7_10y,-0.01843968745382696,-0.01843968745382696,2,0.011280141770839691,-1.1590105569755558,-0.4326807701869923,2.0188556576497327
2015-05-13,alternative,0.020798669413248705,0.020798669413248705,2,0.008062802255153656,-0.29223435114390095,-3.2129118245490615,0.5758741583404325
2015-05-13,corp_bond_ig,-0.012592493345620515,-0.012592493345620515,2,0.013316623866558075,-0.5187867413164012,0.09465204399105125,4.104387014255928
2015-05-13,developed_equity,-0.002773097907805111,-0.002773097907805111,2,0.008152998983860016,-2.035787193742439,-1.8413354406758131,-0.23258615240448943
2015-05-13,emerging_equity,-0.0509433907943081,-0.0509433907943081,2,0.009497977793216705,2.231282209502065,-3.03270985720653,1.3376444856483563
2015-05-13,korea_equity,-0.06136820732508874,-0.06136820732508874,2,0.009283393621444702,3.5140953948664757,-2.1673520570701803,0.09497104094876611
2015-05-13,short_treasury,-0.0015328057677180817,-0.0015328057677180817,2,0.010356836020946503,-0.19771925389305617,-2.3759796069013652,0.2044333904228105
2015-05-13,treasury_7_10y,-0.00937409201825612,-0.00937409201825612,2,0.011835746467113495,-1.500672321455624,0.050280627267790534,2.040841921262665
2015-05-14,alternative,0.010717192000470055,0.010717192000470055,2,0.008498556911945343,0.3835236120652169,-3.1010610547595294,0.565648054067247
2015-05-14,corp_bond_ig,-0.017637597097194258,-0.017637597097194258,2,0.012974418699741364,-0.24474601239187355,0.5867780149245692,4.161074361916726
2015-05-14,developed_equity,-0.016909174204306376,-0.016909174204306376,2,0.00844854861497879,-1.8205822841608292,-1.8149248199861272,-0.4256673378258672
2015-05-14,emerging_equity,-0.06025217269371619,-0.06025217269371619,2,0.010008886456489563,2.265358893849977,-2.662275975146518,1.368123719096151
2015-05-14,korea_equity,-0.08155149733660416,-0.08155149733660416,2,0.008764810860157013,3.5651020975050605,-2.310029959133025,-0.09023481430955384
2015-05-14,short_treasury,-0.002709338310669218,-0.002709338310669218,2,0.01094835251569748,-0.08819073691018921,-2.0798857399772355,0.31992577735120775
2015-05-14,treasury_7_10y,-0.013305686947882145,-0.013305686947882145,2,0.011710792779922485,-1.1786286115490592,0.4292520224303592,2.047561827301921
2015-05-15,alternative,-0.002459041407851026,-0.002459041407851026,2,0.009192809462547302,1.0352886641553047,-2.7172005536501476,0.16957741023179873
2015-05-15,corp_bond_ig,-0.024589458264802744,-0.024589458264802744,2,0.013137809932231903,-0.2162456122211559,0.8604933822743124,4.243827137092999
2015-05-15,developed_equity,-0.02471243378772192,-0.02471243378772192,2,0.008547693490982056,-2.082287101618248,-1.4364633322849598,-0.6808288219708414
2015-05-15,emerging_equity,-0.0778679140564208,-0.0778679140564208,2,0.009911738336086273,1.9792895763383926,-2.8897475084722584,1.5549687702109938
2015-05-15,korea_equity,-0.07746362778409233,-0.07746362778409233,2,0.008369080722332,3.28509123236652,-2.609262082586844,-0.04868901751759837
2015-05-15,short_treasury,-0.0022382193753369695,-0.0022382193753369695,2,0.010965727269649506,-0.34966479999539135,-1.8486970379104826,0.2146768399784067
2015-05-15,treasury_7_10y,-0.017989372603304576,-0.017989372603304576,2,0.011946946382522583,-1.3299022496719894,1.0389486803117933,1.913570642776714
2015-05-18,alternative,-0.007364925687073032,-0.007364925687073032,2,0.009413354098796844,1.4705310831995706,-2.841311037577021,0.29795269862781903
2015-05-18,corp_bond_ig,-0.014596008526483017,-0.014596008526483017,2,0.013779319822788239,0.44586600753500727,1.4048670014093922,4.177106729601377
2015-05-18,developed_equity,-0.014108646446355788,-0.014108646446355788,2,0.009018339216709137,-0.9737037662606244,-0.46441400586459836,-1.4001407346268007
2015-05-18,emerging_equity,-0.06813392436877963,-0.06813392436877963,2,0.009974740445613861,2.248591113189119,-2.631722920989352,1.53426958137059
2015-05-18,korea_equity,-0.07824333673230566,-0.07824333673230566,2,0.008407659828662872,3.1317016771983086,-2.230730169850696,-0.07845701923414534
2015-05-18,short_treasury,-0.0012964755505052716,-0.0012964755505052716,2,0.01145046204328537,0.14228788411429583,-1.4650648989968305,0.38308129248222433
2015-05-18,treasury_7_10y,-0.007546486516713413,-0.007546486516713413,2,0.012256793677806854,-0.7179718717952319,1.743988812397575,2.0598461180004217
2015-05-19,alternative,-0.004098360655737654,-0.004098360655737654,2,0.00961516797542572,1.3040774362317802,-2.3863725220659853,0.19977008691629328
2015-05-19,corp_bond_ig,-0.009384851827601626,-0.009384851827601626,2,0.013620398938655853,0.2744743870371745,1.4072050307736332,4.384856328850838
2015-05-19,developed_equity,-0.02861951631101689,-0.02861951631101689,2,0.008614614605903625,-0.9655327810050581,-0.8028014092117066,-1.500931913724484
2015-05-19,emerging_equity,-0.06404857274319375,-0.06404857274319375,2,0.009747378528118134,2.212627427237378,-2.894715353287249,1.4226219658465211
2015-05-19,korea_equity,-0.07235187838460733,-0.07235187838460733,2,0.008440099656581879,2.919567322868108,-2.3894121083060536,0.020864742109311538
2015-05-19,short_treasury,0.0,0.0,2,0.011320672929286957,0.1785735250325322,-1.4284631610980452,0.44346812556287474
2015-05-19,treasury_7_10y,-0.0025583122050287788,-0.0025583122050287788,2,0.012362770736217499,-0.8282992033098607,2.0324409201912457,2.098611764524597
2015-05-20,alternative,-0.003265318578603349,-0.003265318578603349,2,0.009191103279590607,1.7078250495782585,-2.645600104838183,-0.1076695970483962
2015-05-20,corp_bond_ig,-0.012356173558553118,-0.012356173558553118,2,0.01359453797340393,1.3508694264725176,2.0739436096844783,3.8221441843267323
2015-05-20,developed_equity,-0.022323748283759715,-0.022323748283759715,2,0.009054072201251984,-1.3627087132827427,-0.7060629413282185,-1.5958923995338894
2015-05-20,emerging_equity,-0.05473684567457049,-0.05473684567457049,2,0.011093847453594208,2.297282049562419,-2.187585497565124,1.7352594908516625
2015-05-20,korea_equity,-0.06860291471907087,-0.06860291471907087,2,0.00815088301897049,2.9762109463810926,-2.510323363809824,-0.08232140139913731
2015-05-20,short_treasury,-0.00011792190835246963,-0.00011792190835246963,2,0.01213017851114273,0.4246518926049311,-1.0685162282341578,0.5849842002927151
2015-05-20,treasury_7_10y,-0.005483541836702854,-0.005483541836702854,2,0.012312091886997223,-0.3468273577072828,2.494874809703612,2.2273084477043477
2015-05-21,alternative,-0.04301944442896266,-0.04301944442896266,2,0.010010994970798492,2.1893514437226345,-2.291247825417509,-0.1887100270872012
2015-05-21,corp_bond_ig,-0.011788711524649442,-0.011788711524649442,2,0.013744063675403595,0.6626946176399979,2.0157438967731154,4.339199536229964
2015-05-21,developed_equity,-0.018617372095148466,-0.018617372095148466,2,0.009102709591388702,-1.4306103580698295,-1.0820962890873904,-1.516947619276181
2015-05-21,emerging_equity,-0.059624347225577634,-0.059624347225577634,2,0.010777361690998077,2.362183261788518,-2.5646921604719046,1.8246957796120944
2015-05-21,korea_equity,-0.06513347470190367,-0.06513347470190367,2,0.008224062621593475,2.676895327696969,-2.5545387268213045,0.03901891110000073
2015-05-21,short_treasury,-0.00023567051769013414,-0.00023567051769013414,2,0.012213587760925293,0.09024005893087204,-0.6269902264450373,0.7177339345475005
2015-05-21,treasury_7_10y,-0.006109036809748614,-0.006109036809748614,2,0.012418679893016815,-0.4776928945325315,2.8093431412402032,2.1080686693547146
2015-05-22,alternative,-0.03487431423625187,-0.03487431423625187,2,0.0099167600274086,2.2530507688069195,-2.2512253367993877,-0.35289840346586654
2015-05-22,corp_bond_ig,-0.018925598933037246,-0.018925598933037246,2,0.013113528490066528,1.145734157134604,2.4278667597219763,3.8485937359823166
2015-05-22,developed_equity,-0.015651453983316244,-0.015651453983316244,2,0.00974159687757492,-1.2547297937132653,-0.7962287979336853,-1.351142091770941
2015-05-22,emerging_equity,-0.04913435204370564,-0.04913435204370564,2,0.011217094957828522,2.7495278668459164,-1.844664361025284,1.8074548796768675
2015-05-22,korea_equity,-0.05762486762133712,-0.05762486762133712,2,0.009072519838809967,2.6155124024496685,-1.6583655295265347,0.22043520949687373
2015-05-22,short_treasury,-0.00023592725846133256,-0.00023592725846133256,2,0.012737162411212921,0.5617832924780927,-0.12751497839018064,0.8087703100188428
2015-05-22,treasury_7_10y,-0.012245695242207422,-0.012245695242207422,2,0.011915020644664764,0.09450233576292764,2.961974067180639,1.8211955491058442
2015-05-26,alternative,-0.020491803278688492,-0.020491803278688492,2,0.010391749441623688,2.2760935003283977,-2.402748598376269,-0.34515806046154984
2015-05-26,corp_bond_ig,-0.025433055978354324,-0.025433055978354324,2,0.013192340731620789,0.6208982557524362,2.232441727594082,3.8847497803647912
2015-05-26,developed_equity,0.0003970193259152932,0.0003970193259152932,2,0.009794779121875763,-0.9644834315559195,-1.1366159343855664,-1.0636975730878446
2015-05-26,emerging_equity,-0.02425107999191345,-0.02425107999191345,2,0.010870091617107391,2.86844318380961,-2.08691200245308,1.730891335794409
2015-05-26,korea_equity,-0.03499231520247281,-0.03499231520247281,2,0.008768178522586823,2.3621802937112695,-1.9212583548683824,0.24704617355442385
2015-05-26,short_treasury,-0.0005896586079989774,-0.0005896586079989774,2,0.012816622853279114,0.6537411704835203,-0.04106441669189215,1.0197890403904009
2015-05-26,treasury_7_10y,-0.021344306176845573,-0.021344306176845573,2,0.011778570711612701,0.0174271347232322,2.990896265360221,1.5560824822441637
2015-05-27,alternative,-0.031045776179621898,-0.031045776179621898,2,0.01020052284002304,1.900844944835854,-2.0863101846867496,-0.6795198005702254
2015-05-27,corp_bond_ig,-0.023719064148221558,-0.023719064148221558,2,0.012372545897960663,0.7895603064805575,2.606782703698374,3.311783979752352
2015-05-27,developed_equity,-0.015109729557964302,-0.015109729557964302,2,0.009732760488986969,-1.1641726411157733,-1.162060755409664,-1.1885770349575189
2015-05-27,emerging_equity,-0.03137627060612069,-0.03137627060612069,2,0.011600546538829803,3.0457235491967456,-1.345617998827784,1.8784853253553337
2015-05-27,korea_equity,-0.028798102005620274,-0.028798102005620274,2,0.008872546255588531,2.336651644785138,-1.6304358966940693,0.39744042629994597
2015-05-27,short_treasury,-0.00023578167246840476,-0.00023578167246840476,2,0.013244785368442535,0.6239494789817072,0.43060773701371213,1.0493636824709234
2015-05-27,treasury_7_10y,-0.017890629673013136,-0.017890629673013136,2,0.009420089423656464,0.41007939851306563,2.610902383883698,2.033767794111679
2015-05-28,alternative,-0.03175896929119071,-0.03175896929119071,2,0.00982549786567688,1.8244144387439305,-2.473506654123287,-0.598067755720863
2015-05-28,corp_bond_ig,-0.02326171520558573,-0.02326171520558573,2,0.01231498271226883,0.7595610439528255,2.562835311032311,3.138988922301646
2015-05-28,developed_equity,-0.02272728876542429,-0.02272728876542429,2,0.009708710014820099,-1.3940023861398514,-1.3463889682698973,-1.1197851058187092
2015-05-28,emerging_equity,-0.02914255951667266,-0.02914255951667266,2,0.011591456830501556,2.9340926609298723,-1.476625880959763,2.0715643692449803
2015-05-28,korea_equity,-0.03026110919229219,-0.03026110919229219,2,0.008816473186016083,2.080860684446729,-1.5767718900317254,0.5704097507980627
2015-05-28,short_treasury,-0.0009428619032808561,-0.0009428619032808561,2,0.012831851840019226,0.05973045760423711,0.4643425933058722,1.3887100168391602
2015-05-28,treasury_7_10y,-0.02124278738064167,-0.02124278738064167,2,0.009309835731983185,0.4398853563731763,2.5236876776458703,2.0950613798800837
2015-05-29,alternative,-0.029435862744762953,-0.029435862744762953,2,0.010189525783061981,2.046232763780603,-2.410829505266623,-0.7795920059275968
2015-05-29,corp_bond_ig,-0.028155866205948676,-0.028155866205948676,2,0.011836759746074677,0.9047279027474445,2.6882510462292317,2.8829219792025844
2015-05-29,developed_equity,-0.011584489145992416,-0.011584489145992416,2,0.009687848389148712,-1.283916194507121,-1.46875969285008,-1.174237350005272
2015-05-29,emerging_equity,-0.02893965607052218,-0.02893965607052218,2,0.011611610651016235,3.0410863172937024,-0.8512753878599699,1.926209973523432
2015-05-29,korea_equity,-0.034948105266902285,-0.034948105266902285,2,0.009576208889484406,2.2704295649795485,-0.7880834559184275,0.6349847778161509
2015-05-29,short_treasury,-0.0017674269002535548,-0.0017674269002535548,2,0.013280577957630157,0.11237090287126027,0.6483655328774004,1.6563340500706107
2015-05-29,treasury_7_10y,-0.02646840515824722,-0.02646840515824722,2,0.008944950997829437,0.7055519707373789,2.5817390769744804,1.8191672482963366
2015-06-01,alternative,-0.05805401411568967,-0.05805401411568967,2,0.010303005576133728,1.7368535803860066,-2.238617009491762,-0.7827612174618875
2015-06-01,corp_bond_ig,-0.011425616915398451,-0.011425616915398451,2,0.01169692724943161,1.1232191524212984,2.6800517350732487,2.6815462401265022
2015-06-01,developed_equity,-0.04255035764302684,-0.04255035764302684,2,0.00982818752527237,-1.0084743003056797,-1.640030244782587,-0.9034121609053904
2015-06-01,emerging_equity,-0.046874956344253316,-0.046874956344253316,2,0.011090129613876343,3.247919673453763,-1.1732784637814688,1.871337990421717
2015-06-01,korea_equity,-0.04157933260527091,-0.04157933260527091,2,0.009374506771564484,2.2222593885365467,-0.8933054648897066,0.7669969071708715
2015-06-01,short_treasury,0.0009436403893205991,0.0009436403893205991,2,0.013104192912578583,-0.07157694393234905,0.8210789663549413,1.7818369160224035
2015-06-01,treasury_7_10y,-0.009220885762091124,-0.009220885762091124,2,0.008817456662654877,0.5100547018081693,2.8674272917272257,1.6204011675535264
2015-06-02,alternative,-0.059253211064851596,-0.059253211064851596,2,0.010704860091209412,1.8953922165950179,-2.56615285436409,-0.6067291883086589
2015-06-02,corp_bond_ig,-0.008227623259871364,-0.008227623259871364,2,0.011358074843883514,1.6006503940513177,2.769052161708549,2.0241177133827217
2015-06-02,developed_equity,-0.0462351405693322,-0.0462351405693322,2,0.009640298783779144,-1.193326141700619,-1.321928399907963,-1.025234980778337
2015-06-02,emerging_equity,-0.036478600169342124,-0.036478600169342124,2,0.011689238250255585,3.0208885465126003,-0.38671554396352253,1.8012543228671818
2015-06-02,korea_equity,-0.03434377247158826,-0.03434377247158826,2,0.009474091231822968,2.085202063013062,-0.5449126679507036,0.7418583174664055
2015-06-02,short_treasury,0.0010617431974679903,0.0010617431974679903,2,0.012513525784015656,-0.43865144447389337,0.71388500318096,1.1076969253471913
2015-06-02,treasury_7_10y,-0.005021781075414844,-0.005021781075414844,2,0.008877873420715332,0.7107913895114493,3.080132098751366,1.5419798487611776
2015-06-03,alternative,-0.06129031027517007,-0.06129031027517007,2,0.010364964604377747,1.927136448952188,-2.343165148412036,-0.4842883613752058
2015-06-03,corp_bond_ig,-0.007849595960613076,-0.007849595960613076,2,0.01298794150352478,2.063454000128382,2.275068517478215,2.280013415135562
2015-06-03,developed_equity,-0.03665956501544865,-0.03665956501544865,2,0.010211020708084106,-1.2106885341385416,-1.3139619720594398,-0.8856683482584606
2015-06-03,emerging_equity,-0.032265942306223705,-0.032265942306223705,2,0.011776953935623169,2.793098537855347,-0.4666264970193878,2.0276470927566312
2015-06-03,korea_equity,-0.017460346827964934,-0.017460346827964934,2,0.009770520031452179,2.0243305233654536,-0.23800295569531113,0.84974903932036
2015-06-03,short_treasury,0.00011803323675496635,0.00011803323675496635,2,0.011477917432785034,-0.25115712612950125,0.9033166692335901,0.8526856220932895
2015-06-03,treasury_7_10y,-0.003249200495735849,-0.003249200495735849,2,0.010960839688777924,0.6122244242947646,2.909631869705422,2.7412585729619496
2015-06-04,alternative,-0.05691056910569103,-0.05691056910569103,2,0.01056911051273346,2.186949435345377,-2.5183536776721716,-0.5242446955137783
2015-06-04,corp_bond_ig,-0.009182182322431509,-0.009182182322431509,2,0.012575633823871613,2.070110348572344,2.541834594028741,2.1642689034221188
2015-06-04,developed_equity,-0.024996593747017015,-0.024996593747017015,2,0.009330421686172485,-1.0692758925752774,-1.4629109907871136,-1.2257022278230274
2015-06-04,emerging_equity,-0.012658280581818282,-0.012658280581818282,2,0.012142680585384369,2.6096901951715807,0.23363963125781712,1.8416897865525548
2015-06-04,korea_equity,-0.009589786935851108,-0.009589786935851108,2,0.010443098843097687,2.156167801363295,0.21171202348448798,0.7448255996193361
2015-06-04,short_treasury,0.0015338908957871489,0.0015338908957871489,2,0.011684991419315338,-0.3683660648665019,1.072202572701049,0.8678092284020185
2015-06-04,treasury_7_10y,-0.0045649391342657,-0.0045649391342657,2,0.010611578822135925,0.9071343876706357,2.978285856710905,2.243168024513204
2015-06-05,alternative,-0.0711365851230179,-0.0711365851230179,2,0.010414622724056244,1.9726934223188624,-2.494361413923563,-0.45460845331244426
2015-06-05,corp_bond_ig,-0.0001725398657898003,-0.0001725398657898003,2,0.01344655454158783,2.5539314741200303,2.6492553375317356,2.2758011345940896
2015-06-05,developed_equity,-0.036531556728216064,-0.036531556728216064,2,0.009608887135982513,-1.333471614955353,-1.3035112501216104,-0.7980888739368163
2015-06-05,emerging_equity,-0.03590133182482713,-0.03590133182482713,2,0.011642701923847198,2.5523704466263366,-0.07093527833795729,1.871587086918987
2015-06-05,korea_equity,-0.03133954146163975,-0.03133954146163975,2,0.010413676500320435,2.131919615346127,0.41063552857110974,0.9460047587172965
2015-06-05,short_treasury,0.0027164681930742507,0.0027164681930742507,2,0.010855920612812042,-0.8723208065062306,1.3797489858901952,0.3769173312233071
2015-06-05,treasury_7_10y,0.009771091851946911,0.009771091851946911,2,0.012208729982376099,1.6973119327359372,2.827087044088484,2.6892428674387423
2015-06-08,alternative,-0.073010676082637,-0.073010676082637,2,0.01066230982542038,1.9571388098168294,-2.7271159946005956,-0.46968627056796686
2015-06-08,corp_bond_ig,0.004660805391702105,0.004660805391702105,2,0.012574657797813416,2.5943079340212742,2.8312029886440446,2.2361589226662075
2015-06-08,developed_equity,-0.026673895559626848,-0.026673895559626848,2,0.00989830493927002,-1.252591177407069,-0.7933346526203463,-0.753754552468345
2015-06-08,emerging_equity,-0.0501246483296095,-0.0501246483296095,2,0.011866673827171326,2.3171231008446282,0.5536111886186429,1.9666304894734103
2015-06-08,korea_equity,-0.03972800963258827,-0.03972800963258827,2,0.010128132998943329,1.910944167067522,0.48604276136588603,0.795918985941911
2015-06-08,short_treasury,0.0020065883675148832,0.0020065883675148832,2,0.011141106486320496,-1.0799357653567656,1.8622945975311611,0.5416547061442071
2015-06-08,treasury_7_10y,0.011000588442773518,0.011000588442773518,2,0.011769048869609833,1.8080380359438515,2.916302795687691,2.3416771391786195
2015-06-09,alternative,-0.08774839267987411,-0.08774839267987411,2,0.010711848735809326,1.6033378438843362,-2.3402145109176535,-0.4016868467117277
2015-06-09,corp_bond_ig,0.010577434189690038,0.010577434189690038,2,0.01338580995798111,2.8271482238214225,2.671083138451757,2.0594380324200245
2015-06-09,developed_equity,-0.054097655431849856,-0.054097655431849856,2,0.010427586734294891,-1.5919822912708341,-0.7021379929565936,-0.7170891838779468
2015-06-09,emerging_equity,-0.0772704913169221,-0.0772704913169221,2,0.010876841843128204,2.6413329051970256,0.24727181240892365,1.8490031191449439
2015-06-09,korea_equity,-0.059583625665655116,-0.059583625665655116,2,0.009168185293674469,2.6807869325477816,0.20877323578217835,0.09054796960274773
2015-06-09,short_treasury,0.00354278519929907,0.00354278519929907,2,0.010675691068172455,-1.1702424738484312,2.0377202496873195,0.3501108176957167
2015-06-09,treasury_7_10y,0.018330170038854066,0.018330170038854066,2,0.011860653758049011,1.982133994383569,2.55648852252062,2.3151591042327486
2015-06-10,alternative,-0.08156606953066836,-0.08156606953066836,2,0.011367566883563995,1.6461649913403205,-2.5283731309474597,-0.25070954366690756
2015-06-10,corp_bond_ig,0.00660699073542248,0.00660699073542248,2,0.01268189400434494,2.1741182398390073,2.6342511649185587,2.011346571859863
2015-06-10,developed_equity,-0.04997354388196207,-0.04997354388196207,2,0.009979285299777985,-1.3519939699587913,-0.4378708348262504,-0.6720198016927229
2015-06-10,emerging_equity,-0.0729475036701368,-0.0729475036701368,2,0.01172860711812973,2.9576083681107934,0.8160934816969209,1.9456448111358473
2015-06-10,korea_equity,-0.056187762324018786,-0.056187762324018786,2,0.010066129267215729,2.910502169686964,0.55351377646873,0.29581761165616194
2015-06-10,short_treasury,0.003071042943414204,0.003071042943414204,2,0.010519824922084808,-1.5239618044993068,2.0735508823484503,0.1378682287005515
2015-06-10,treasury_7_10y,0.015125237463060603,0.015125237463060603,2,0.012132711708545685,2.403234623557506,2.680363461350531,2.0820054907370276
2015-06-11,alternative,-0.055419686972214555,-0.055419686972214555,2,0.011030785739421844,1.2158488527026854,-2.2536739194191244,-0.19008241542992388
2015-06-11,corp_bond_ig,-0.008616975215020029,-0.008616975215020029,2,0.012964040040969849,2.4498673138762803,2.5591253665948916,2.1130622829135564
2015-06-11,developed_equity,-0.033236157553065526,-0.033236157553065526,2,0.00994613766670227,-1.5638554784409175,-0.19593812009705594,-0.7339645552154973
2015-06-11,emerging_equity,-0.04473168431106289,-0.04473168431106289,2,0.01067446917295456,2.9895873128909862,0.49370884524434927,1.7705820447074223
2015-06-11,korea_equity,-0.04287241391223784,-0.04287241391223784,2,0.010237157344818115,3.0223776354780765,0.6222215511801259,0.27123983066534507
2015-06-11,short_treasury,0.0018894193686613825,0.0018894193686613825,2,0.010040998458862305,-1.916923544824107,2.454380453718461,-0.09679160371925964
2015-06-11,treasury_7_10y,0.0001911359447659411,0.0001911359447659411,2,0.012478090822696686,2.436278715117941,2.6728074867750915,1.7681395326091738
2015-06-12,alternative,-0.046492634740492034,-0.046492634740492034,3,-0.001454092562198639,-1.2837713945981841,2.826476343908093,1.1845612374443655
2015-06-12,corp_bond_ig,-0.009063404714656498,-0.009063404714656498,3,0.020017802715301514,5.537851339259939,1.0665486455538429,-2.452717790771999
2015-06-12,developed_equity,-0.025599975585937518,-0.025599975585937518,3,0.0017271637916564941,-0.7466036951186459,-0.8268842146941738,0.5056969634049167
2015-06-12,emerging_equity,-0.03827039888896,-0.03827039888896,3,0.01212691143155098,1.366547181362583,2.6677377712683654,-0.5584828769561196
2015-06-12,korea_equity,-0.03158274688357954,-0.03158274688357954,3,0.009876899421215057,0.9382708122041441,2.576713419254163,-0.7677278038287374
2015-06-12,short_treasury,0.0016536662366233301,0.0016536662366233301,3,0.007245317101478577,1.1734115493399297,-3.1990337538726146,0.462184837867561
2015-06-12,treasury_7_10y,-0.0019127482107115235,-0.0019127482107115235,3,0.01943729817867279,5.0477759564455,0.9392184524273978,-2.993829918470422
2015-06-15,alternative,-0.03533274881010895,-0.03533274881010895,3,-0.0024071484804153442,-1.411376519222306,2.678053972765435,0.9922513383388913
2015-06-15,corp_bond_ig,-0.008029010536771186,-0.008029010536771186,3,0.019291728734970093,5.1703816526497395,0.8620028594860316,-2.567476424588337
2015-06-15,developed_equity,-0.011797791883935815,-0.011797791883935815,3,0.001705765724182129,-0.6602731747693924,-1.047768040963787,0.6441734642793256
2015-06-15,emerging_equity,-0.02563459246781863,-0.02563459246781863,3,0.01284676045179367,1.6094157610499766,2.4486379426508686,-0.611985343384029
2015-06-15,korea_equity,-0.03518314559635605,-0.03518314559635605,3,0.01189403235912323,1.6243791776957723,2.159062486545707,-0.8404465365607323
2015-06-15,short_treasury,0.0016528854154975736,0.0016528854154975736,3,0.007723107933998108,1.3200451222146399,-3.6569078131645036,0.2376422129687753
2015-06-15,treasury_7_10y,-0.0011448823583880552,-0.0011448823583880552,3,0.016750149428844452,4.392866486802866,0.567963271159466,-3.370589752382615
2015-06-16,alternative,-0.03380054410852895,-0.03380054410852895,3,-0.0015007779002189636,-1.0945665426822802,2.2051259291446095,0.7901398586501094
2015-06-16,corp_bond_ig,-0.007922888189622612,-0.007922888189622612,3,0.017782151699066162,4.901905596991591,0.5488136305943417,-2.4840659735188857
2015-06-16,developed_equity,-0.014043004808141135,-0.014043004808141135,3,0.00315093994140625,-0.2342192055009423,-1.027651178751335,0.7396996543669639
2015-06-16,emerging_equity,-0.03693460889911382,-0.03693460889911382,3,0.013225771486759186,1.801665937870022,2.3625748645833204,-0.3655015315423692
2015-06-16,korea_equity,-0.03541436053193525,-0.03541436053193525,3,0.012717768549919128,1.9267694135323006,1.9742789236431308,-0.7097703082885793
2015-06-16,short_treasury,0.0016523000602122195,0.0016523000602122195,3,0.005620960146188736,1.0639859186855967,-3.7729265152032974,0.029566012039031867
2015-06-16,treasury_7_10y,-0.0011406021065134553,-0.0011406021065134553,3,0.015107523649930954,3.94694063668991,0.2741138134319367,-3.2350698069000425
2015-06-17,alternative,-0.024691358024691357,-0.024691358024691357,3,-0.0022670775651931763,-1.4407318424626938,2.1812188260084335,0.48232765387150306
2015-06-17,corp_bond_ig,-0.006287170382363483,-0.006287170382363483,3,0.01636892929673195,4.592011688759838,0.2518315444701818,-2.650705955722702
2015-06-17,developed_equity,-0.009465392137746886,-0.009465392137746886,3,0.0026230588555336,-0.4714886489702782,-1.3089927462432775,0.4741695460576245
2015-06-17,emerging_equity,-0.030719268584215698,-0.030719268584215698,3,0.012436829507350922,1.7925197831041506,1.7737579869974514,-0.4504467122404374
2015-06-17,korea_equity,-0.03275420943848362,-0.03275420943848362,3,0.01205039769411087,1.7691976054499094,1.6950899527509733,-0.8635137566439632
2015-06-17,short_treasury,0.00047176453703778876,0.00047176453703778876,3,0.007565993815660477,1.9784960820624953,-3.408798495223778,0.28105276495962833
2015-06-17,treasury_7_10y,-0.00208980334685982,-0.00208980334685982,3,0.01335730031132698,3.5457416503234236,0.046262043164310325,-3.4160347665762187
2015-06-18,alternative,-0.0294840173555293,-0.0294840173555293,3,-0.002376928925514221,-1.3063252212412007,2.15420097983218,0.5196389901155256
2015-06-18,corp_bond_ig,-0.0037963972011511027,-0.0037963972011511027,3,0.015390843152999878,4.434780102744879,0.12685949011871905,-2.341830172245962
2015-06-18,developed_equity,-0.00814528795998204,-0.00814528795998204,3,0.001685813069343567,-0.42462970187210036,-1.2664115251483201,0.6735102885499736
2015-06-18,emerging_equity,-0.040831515271202656,-0.040831515271202656,3,0.01269376277923584,1.8326985219100167,1.6381837447764036,-0.7800565275773974
2015-06-18,korea_equity,-0.05107524217004322,-0.05107524217004322,3,0.011457450687885284,1.7475798769062196,1.3377053208873753,-0.8719336641373195
2015-06-18,short_treasury,0.0,0.0,3,0.006797533482313156,1.9759044141045543,-3.462716124153189,0.20285065292997628
2015-06-18,treasury_7_10y,-0.0012359053122457109,-0.0012359053122457109,3,0.01323750615119934,3.550486613178934,-0.15138305696379162,-2.9987088967941182
2015-06-19,alternative,0.004240882048591521,0.004240882048591521,3,-0.001531936228275299,-1.0705639165599248,1.8994888340019818,0.7224120524274362
2015-06-19,corp_bond_ig,-0.011414300034133351,-0.011414300034133351,3,0.013753406703472137,3.879160017554678,-0.21949254813742275,-2.604938605359529
2015-06-19,developed_equity,-0.0171133054196132,-0.0171133054196132,3,0.002153247594833374,-0.46211135720494767,-1.2777402134548759,0.6638920852797591
2015-06-19,emerging_equity,-0.038692036910194405,-0.038692036910194405,3,0.012522846460342407,1.9535355018763094,1.1499375685993833,-0.7979298713656222
2015-06-19,korea_equity,-0.05746089113220876,-0.05746089113220876,3,0.009875774383544922,1.417937912524625,1.2510694635086228,-0.9448374103221377
2015-06-19,short_treasury,-0.0008251761559976423,-0.0008251761559976423,3,0.005737747997045517,1.6759115257196857,-3.6678289413528535,-0.08477177696797555
2015-06-19,treasury_7_10y,-0.008510652726987256,-0.008510652726987256,3,0.011647120118141174,3.1537207368785083,-0.42269973782244036,-3.093471202585194
2015-06-22,alternative,-0.004201680672268893,-0.004201680672268893,3,-0.0009471476078033447,-0.9195002467273061,1.5242760376703626,0.6076883291863628
2015-06-22,corp_bond_ig,-0.0014705724151317101,-0.0014705724151317101,3,0.010439157485961914,3.214914225497522,-0.49391985870466637,-2.401138137128893
2015-06-22,developed_equity,-0.020405470923788527,-0.020405470923788527,3,0.0036118216812610626,-0.1273506322205432,-1.451982332765454,0.9717469785015116
2015-06-22,emerging_equity,-0.05216532883179026,-0.05216532883179026,3,0.010530360043048859,1.6105112773279155,0.7097273395619488,-0.5561504823506289
2015-06-22,korea_equity,-0.06611130207886817,-0.06611130207886817,3,0.009226396679878235,1.2290881547700392,0.9282764284133583,-1.0783171833239904
2015-06-22,short_treasury,0.0,0.0,3,0.0034880638122558594,1.4074661583397365,-3.7803282187074085,-0.14264192742755788
2015-06-22,treasury_7_10y,0.0026702153124842365,0.0026702153124842365,3,0.010308966040611267,2.828159611478948,-0.8214965332836494,-2.546952074275778
2015-06-23,alternative,-0.012552301255230103,-0.012552301255230103,3,-0.0002569258213043213,-0.7359164488883276,1.3648654738312274,0.6551967220305474
2015-06-23,corp_bond_ig,0.0020808522696753595,0.0020808522696753595,3,0.009198732674121857,2.750850488701323,-0.6996444990342413,-2.5164537101590034
2015-06-23,developed_equity,-0.02711993017170833,-0.02711993017170833,3,0.003186207264661789,-0.14184741841042822,-1.6396719260849886,0.6904483904534421
2015-06-23,emerging_equity,-0.07480505912129976,-0.07480505912129976,3,0.00936046615242958,1.397548425685421,0.12708963087620423,-0.5494172718944959
2015-06-23,korea_equity,-0.08378810105905687,-0.08378810105905687,3,0.008683547377586365,1.1796529941912401,0.6603391047824304,-1.3311183834935592
2015-06-23,short_treasury,0.00011801930655419568,0.00011801930655419568,3,0.0022711828351020813,1.1257878415691258,-4.274517318270367,-0.06843923277360953
2015-06-23,treasury_7_10y,0.006982932094375283,0.006982932094375283,3,0.008119389414787292,2.3428974234211353,-1.0933951092656913,-2.5066625796988613
2015-06-24,alternative,-0.008431703312527516,-0.008431703312527516,3,0.001184210181236267,-0.2972992459056106,1.2038249860608283,0.7939767190735558
2015-06-24,corp_bond_ig,0.0022479206173597888,0.0022479206173597888,3,0.007437974214553833,2.422959017602225,-1.089015915314621,-2.3490163159053785
2015-06-24,developed_equity,-0.01547486722095126,-0.01547486722095126,3,0.001694992184638977,-0.4010819880336772,-1.786657297594459,0.7440436885032436
2015-06-24,emerging_equity,-0.07730065094181382,-0.07730065094181382,3,0.008467912673950195,1.1954322792105598,-0.1475651490531872,-0.8776849498650217
2015-06-24,korea_equity,-0.08558238140876928,-0.08558238140876928,3,0.006505519151687622,0.7515786942938458,0.4489141947323014,-1.2020084533051492
2015-06-24,short_treasury,-0.00023592725846133256,-0.00023592725846133256,3,0.00033989548683166504,0.8398463985867908,-4.417840462157448,-0.2690089997844426
2015-06-24,treasury_7_10y,0.008106804830625647,0.008106804830625647,3,0.007064558565616608,2.1886714452776146,-1.429905281405914,-2.0673333843277732
2015-06-25,alternative,-0.021867102108953262,-0.021867102108953262,3,-0.002089187502861023,-1.5632384797779089,1.7621415070882118,-0.7469707364299403
2015-06-25,corp_bond_ig,0.003464116408160134,0.003464116408160134,3,0.0059274062514305115,2.035507697851576,-1.2425271516318641,-2.3904691183992406
2015-06-25,developed_equity,-0.014467275663458734,-0.014467275663458734,3,0.0026886016130447388,-0.10714735614790018,-2.4237015458216584,0.8844333480713547
2015-06-25,emerging_equity,-0.08062515230161749,-0.08062515230161749,3,0.0064869895577430725,0.8059325869783609,-0.47568207735205276,-0.743500394682143
2015-06-25,korea_equity,-0.09807417654102746,-0.09807417654102746,3,0.005010519176721573,0.41080351674407706,0.09760215487529701,-1.4911138370241197
2015-06-25,short_treasury,0.00023598293326787534,0.00023598293326787534,3,-0.0013048425316810608,0.4294805025224723,-4.975273743748665,-0.3113881649428083
2015-06-25,treasury_7_10y,0.011569048247770386,0.011569048247770386,3,0.005079329013824463,1.7204197029664932,-1.6120342381514554,-2.324041490014109
2015-06-26,alternative,-0.03117099446814242,-0.03117099446814242,3,-0.0029233768582344055,-1.8619967480722968,1.5295647828455228,-1.0373982241717716
2015-06-26,corp_bond_ig,0.008178134609757803,0.008178134609757803,3,0.003644358366727829,1.647942037167434,-1.2287948945744254,-1.881062166072216
2015-06-26,developed_equity,-0.0276169063592846,-0.0276169063592846,3,0.005317073315382004,0.3496752609563716,-2.626213908595215,0.9627545280918499
2015-06-26,emerging_equity,-0.08940645298120542,-0.08940645298120542,3,0.00426056981086731,0.4980901480242908,-0.9070775828770172,-0.8603375589645967
2015-06-26,korea_equity,-0.08730726135641842,-0.08730726135641842,3,0.0031990855932235718,0.04489715478744065,-0.18440126774589338,-1.5683093066410345
2015-06-26,short_treasury,0.0015344340361764797,0.0015344340361764797,3,-0.0024182945489883423,0.04642311567762718,-4.6506768439810875,-0.3612041494644396
2015-06-26,treasury_7_10y,0.0197906163941175,0.0197906163941175,3,0.0023905932903289795,1.170070102806603,-2.0347817570791884,-1.738809206328148
2015-06-29,alternative,0.013020833678267563,0.013020833678267563,3,-0.002392187714576721,-1.5113853563332253,1.0896743153416624,-0.9172770718860079
2015-06-29,corp_bond_ig,-0.0012937857747130632,-0.0012937857747130632,3,0.0014766305685043335,0.9731915449915856,-1.4911190014767424,-2.109064677256215
2015-06-29,developed_equity,0.01716735160099514,0.01716735160099514,3,0.004038475453853607,0.4075916204388746,-2.937366055450825,1.14988294508963
2015-06-29,emerging_equity,-0.05917011575612596,-0.05917011575612596,3,0.005901522934436798,1.1811708971168802,-0.4193544446849973,-0.5880031520520097
2015-06-29,korea_equity,-0.0581480569798668,-0.0581480569798668,3,0.002817898988723755,0.09084839577413749,-0.484384508800416,-1.695321573346265
2015-06-29,short_treasury,-0.0003535090629402937,-0.0003535090629402937,3,-0.004097208380699158,-0.27664550699375545,-4.839277378619487,-0.30658220545180737
2015-06-29,treasury_7_10y,0.005223128266130805,0.005223128266130805,3,-0.000376775860786438,0.5741068817021834,-2.388437542571683,-2.038363301654179
2015-06-30,alternative,0.012079391781252946,0.012079391781252946,3,-1.3150274753570557e-05,-0.9758592643565732,0.9086892754107142,-0.7855975063113672
2015-06-30,corp_bond_ig,-0.00025923590546528263,-0.00025923590546528263,3,0.0005015134811401367,0.8365634933586859,-1.7901490300928493,-2.055901669868721
2015-06-30,developed_equity,0.02285320769558674,0.02285320769558674,3,0.006521895527839661,1.143180324730403,-2.7880311833538003,0.8270165520942421
2015-06-30,emerging_equity,-0.06385660897281908,-0.06385660897281908,3,0.003916606307029724,0.7834016163067147,-0.7417050112460537,-0.8813146694742179
2015-06-30,korea_equity,-0.05643259981687243,-0.05643259981687243,3,0.00010075420141220093,-0.4030798956058095,-0.6293182422046206,-1.6788132596753682
2015-06-30,short_treasury,-0.0005892417086751367,-0.0005892417086751367,3,-0.005526810884475708,-0.6360789070533303,-5.010855182098521,-0.694531998757894
2015-06-30,treasury_7_10y,0.006570753242310934,0.006570753242310934,3,-0.0013346895575523376,0.4326737458493075,-2.6815988553453485,-1.8018827606113006
2015-07-01,alternative,0.005154625998760709,0.005154625998760709,3,0.00021693110466003418,-1.0393157597664306,0.6511323912776975,-1.1229953818752163
2015-07-01,corp_bond_ig,0.006346751680048834,0.006346751680048834,3,-0.0002623945474624634,0.618830796914515,-2.0621321731082025,-2.154763717749973
2015-07-01,developed_equity,0.015936200276477797,0.015936200276477797,3,0.006276607513427734,1.1295871220031406,-3.039681844848807,0.729619411920227
2015-07-01,emerging_equity,-0.07249302654264222,-0.07249302654264222,3,0.003219597041606903,0.6284999366895605,-0.8166575177997519,-0.7070960366135359
2015-07-01,korea_equity,-0.08723749219565391,-0.08723749219565391,3,-0.001080334186553955,-0.5552017082216486,-1.0319733268763873,-1.8295393755340903
2015-07-01,short_treasury,0.00023594859075415364,0.00023594859075415364,3,-0.007030844688415527,-1.096781876988726,-5.176010472798382,-1.1275328280763361
2015-07-01,treasury_7_10y,0.014573313505198415,0.014573313505198415,3,-0.0025666579604148865,0.22564118907446548,-2.866725882387448,-1.6575568669573602
2015-07-02,alternative,0.012068978671369912,0.012068978671369912,3,0.006176069378852844,1.030484114419055,-0.13053541477445574,1.1545391014011532
2015-07-02,corp_bond_ig,0.0077082920206617,0.0077082920206617,3,-0.0007650628685951233,0.5543194751109182,-2.1841780335354515,-1.7422371794377778
2015-07-02,developed_equity,0.015903427390843383,0.015903427390843383,3,0.007509946823120117,1.627767914702941,-3.153827926457844,1.07992385261137
2015-07-02,emerging_equity,-0.06686777096625973,-0.06686777096625973,3,0.0017061084508895874,0.41794785526984835,-1.1909370911960808,-0.9275136050904974
2015-07-02,korea_equity,-0.08230231513202224,-0.08230231513202224,3,-0.003683343529701233,-1.1021061714966114,-1.410385770420401,-1.8727456524081008
2015-07-02,short_treasury,-0.00023558722565342194,-0.00023558722565342194,3,-0.008965112268924713,-1.6616890861253526,-5.5323525482422475,-1.2910462014143558
2015-07-02,treasury_7_10y,0.01691033059543945,0.01691033059543945,3,-0.004524141550064087,-0.38926714474397284,-3.1374202599942502,-1.4823038581397991
2015-07-06,alternative,0.028169054758972578,0.028169054758972578,3,0.006318319588899612,1.1572173138756123,-0.5606338264945553,1.0812659705058292
2015-07-06,corp_bond_ig,0.003191880196916186,0.003191880196916186,3,-0.0007626265287399292,0.41580988566275456,-2.251545848562442,-1.9607389735950318
2015-07-06,developed_equity,0.025833341810438393,0.025833341810438393,3,0.008535437285900116,2.1002924910627074,-2.9088546402598303,1.3154774240572356
2015-07-06,emerging_equity,-0.056115807388063765,-0.056115807388063765,3,0.00459207221865654,1.2523212418122251,-0.9736351209281534,-0.8190270307317189
2015-07-06,korea_equity,-0.06803476233674433,-0.06803476233674433,3,-0.0028079822659492493,-0.7754878462406882,-1.4748617744805907,-1.9008000936480833
2015-07-06,short_treasury,-0.0005889640855020195,-0.0005889640855020195,3,-0.010284528136253357,-2.180765945316377,-5.2779399866731005,-1.3440369525254192
2015-07-06,treasury_7_10y,0.011289201884730371,0.011289201884730371,3,-0.003661125898361206,-0.32867573421937374,-3.1229675595812147,-1.353557608561783
2015-07-07,alternative,0.03893806660069821,0.03893806660069821,3,0.009101271629333496,2.1909561897686154,-0.0572847052746635,1.2909929009542058
2015-07-07,corp_bond_ig,-0.006013784952408896,-0.006013784952408896,3,-0.0010234415531158447,0.3228695744665583,-2.4958074086947755,-1.7989069523582146
2015-07-07,developed_equity,0.02145332943609435,0.02145332943609435,3,0.010148495435714722,2.6617954225345,-2.4419933804249747,1.4193464957256094
2015-07-07,emerging_equity,-0.03833024622273362,-0.03833024622273362,3,0.011778455227613449,2.774954084713224,0.2516062209701033,-1.214513157558435
2015-07-07,korea_equity,-0.05199405373576238,-0.05199405373576238,3,-0.0013296976685523987,-0.2988695452269009,-1.2955881270013776,-1.3477446154469235
2015-07-07,short_treasury,-0.0020025700337800156,-0.0020025700337800156,3,-0.011995472013950348,-2.608996316139199,-4.992800218027998,-1.6671556236513323
2015-07-07,treasury_7_10y,0.003406193604273522,0.003406193604273522,3,-0.004880145192146301,-0.5998706087463312,-3.5577957391681037,-1.404403871409611
2015-07-08,alternative,0.06261344570744098,0.06261344570744098,3,0.010295040905475616,2.4528656704244267,-0.2533060429846492,0.9503490996155223
2015-07-08,corp_bond_ig,-0.01123882623569239,-0.01123882623569239,3,-0.001522839069366455,0.1270789749111417,-2.534260317585405,-1.816908685423055
2015-07-08,developed_equity,0.053919488777387725,0.053919488777387725,3,0.01019980013370514,2.762842659649979,-1.8578940118508174,0.9867133065490126
2015-07-08,emerging_equity,-0.003806400062396076,-0.003806400062396076,3,0.012694224715232849,3.0833377883099247,0.6002899512589275,-1.1909210967378339
2015-07-08,korea_equity,-0.034732817592102005,-0.034732817592102005,3,0.0002532452344894409,0.41336968484567016,-1.6123851151571824,-0.20100733811232913
2015-07-08,short_treasury,-0.002941868558770766,-0.002941868558770766,3,-0.011333182454109192,-2.7879710662267,-4.8157740362903345,-1.514787727225177
2015-07-08,treasury_7_10y,-0.0044293772311718715,-0.0044293772311718715,3,-0.004104331135749817,-0.481888686812001,-3.5702071422069945,-1.4497873039819515
2015-07-09,alternative,0.034635893239157056,0.034635893239157056,3,0.011754918843507767,2.7393147842788466,-0.34753722348970006,0.9627895365720184
2015-07-09,corp_bond_ig,-0.002763621144261541,-0.002763621144261541,3,-0.0017920881509780884,0.005851570306730403,-2.4927772491937517,-1.3715442645444953
2015-07-09,developed_equity,0.022603638732670905,0.022603638732670905,3,0.013140160590410233,3.523295117515275,-1.80151990444166,0.9611558649385017
2015-07-09,emerging_equity,-0.031208373733271788,-0.031208373733271788,3,0.011490054428577423,2.89745838875147,0.3625808521315108,-1.3003560074775262
2015-07-09,korea_equity,-0.05746049258749997,-0.05746049258749997,3,-0.0025783181190490723,-0.20064670582340985,-1.9761028813383514,-0.35205076931742463
2015-07-09,short_treasury,-0.002001862607287186,-0.002001862607287186,3,-0.011705756187438965,-2.9928659199127536,-4.368982222301145,-1.3003604403208842
2015-07-09,treasury_7_10y,0.006073829106635342,0.006073829106635342,3,-0.00486503541469574,-0.737065400494085,-3.6884435488868546,-1.1165011965772607
2015-07-10,alternative,0.0008627995927916743,0.0008627995927916743,3,0.013497695326805115,3.315290457182108,-0.5895139599679687,1.0453213342829728
2015-07-10,corp_bond_ig,0.007127333099290256,0.007127333099290256,3,-0.0030897557735443115,-0.4354066229765304,-2.5300717248021183,-1.5564862349266915
2015-07-10,developed_equity,0.005478722287016735,0.005478722287016735,3,0.01214306429028511,3.5424141489376857,-1.818332909171576,1.0790708137248375
2015-07-10,emerging_equity,-0.05567116196933242,-0.05567116196933242,3,0.010522831231355667,2.5198626399980952,0.19357461430178205,-1.482182953161683
2015-07-10,korea_equity,-0.06644272586096955,-0.06644272586096955,3,-0.0029241442680358887,-0.3238784144541374,-2.159900939902158,-0.30169099530849025
2015-07-10,short_treasury,-0.0015322637792231086,-0.0015322637792231086,3,-0.01141134649515152,-3.1047378168933624,-4.2316054654326525,-1.2467477915074026
2015-07-10,treasury_7_10y,0.017106277962234184,0.017106277962234184,3,-0.004837729036808014,-0.8192495277853263,-3.751621467434674,-1.2340015271884337
2015-07-13,alternative,0.008554319819907175,0.008554319819907175,3,0.01513335108757019,3.675095514169475,-0.4288192007328779,1.1235746438445124
2015-07-13,corp_bond_ig,0.005313594025572854,0.005313594025572854,3,-0.0020713061094284058,-0.31739684383968414,-2.557182435120623,-1.6456308656216874
2015-07-13,developed_equity,0.012315291506963977,0.012315291506963977,3,0.01515524834394455,4.290737998206138,-1.888067851139785,1.098697366827571
2015-07-13,emerging_equity,-0.04625325271935177,-0.04625325271935177,3,0.009434565901756287,2.4244596239414347,0.06793734358817884,-1.4167400913434265
2015-07-13,korea_equity,-0.057212070509766844,-0.057212070509766844,3,-0.003700338304042816,-0.5295138136340145,-2.141893930490099,-0.14333021702934512
2015-07-13,short_treasury,-0.0010613675005438639,-0.0010613675005438639,3,-0.011983528733253479,-3.003897334910063,-4.301235673809232,-1.271659677351897
2015-07-13,treasury_7_10y,0.015618984705681127,0.015618984705681127,3,-0.005380779504776001,-0.9598131551851872,-4.078981643390103,-1.1806128170595471
2015-07-14,alternative,-0.008517887453174944,-0.008517887453174944,3,0.015427928417921066,3.6813801384053106,-0.5716055737314729,0.89134345684939
2015-07-14,corp_bond_ig,0.008616169283048647,0.008616169283048647,3,-0.0019448697566986084,-0.3996451561658648,-2.605110397335978,-1.5061418808153308
2015-07-14,developed_equity,-0.00203502276138956,-0.00203502276138956,3,0.013890288770198822,4.211400782522745,-1.962312825550432,0.7969608850942516
2015-07-14,emerging_equity,-0.06886773154803816,-0.06886773154803816,3,0.007740955799818039,2.004512800823713,-0.21218185535058376,-1.2883913228051078
2015-07-14,korea_equity,-0.08063911379707867,-0.08063911379707867,3,-0.0039964765310287476,-0.6742108308470527,-2.0572479893454383,-0.1737979527937285
2015-07-14,short_treasury,-0.00023569830185710128,-0.00023569830185710128,3,-0.011830009520053864,-3.136518828558591,-4.550193968759195,-1.306767793850863
2015-07-14,treasury_7_10y,0.019104020950991618,0.019104020950991618,3,-0.004372112452983856,-0.8491749439754459,-4.052931250806781,-1.4671321978786882
2015-07-15,alternative,-0.013651864469140462,-0.013651864469140462,3,0.016321152448654175,3.919348252402419,-0.6557349456492017,0.8630288770561872
2015-07-15,corp_bond_ig,0.004427101994278537,0.004427101994278537,3,-0.0011723637580871582,-0.2558438079824245,-2.5696143252441908,-1.3465413715086842
2015-07-15,developed_equity,-0.010444984532158363,-0.010444984532158363,3,0.016017522662878036,4.490616432521485,-1.9840824968470314,0.6752370354123296
2015-07-15,emerging_equity,-0.07278895857674872,-0.07278895857674872,3,0.0071750059723854065,2.0681384906248312,-0.37188916958973117,-0.9543529546758021
2015-07-15,korea_equity,-0.07323994929427013,-0.07323994929427013,3,-0.005023598670959473,-0.9253589402633507,-2.421155761906261,-0.28974697283748
2015-07-15,short_treasury,-0.0005891722651066855,-0.0005891722651066855,3,-0.011039815843105316,-3.0370596423134306,-4.4058701541984995,-0.9842029756298571
2015-07-15,treasury_7_10y,0.01484446895375724,0.01484446895375724,3,-0.0035861656069755554,-0.7758058592205226,-3.8433544284887478,-1.719722770515824
2015-07-16,alternative,-0.01940930845365252,-0.01940930845365252,3,0.01732739806175232,4.254403750990386,-0.6463329100441997,0.7571615701675632
2015-07-16,corp_bond_ig,-0.0006066883037831872,-0.0006066883037831872,3,-0.0004246830940246582,-0.07335493451544202,-2.4869169382430507,-1.392706606390243
2015-07-16,developed_equity,-0.018977168293346613,-0.018977168293346613,3,0.012853246182203293,3.6670657536200104,-2.2798482620049887,0.7108622448892075
2015-07-16,emerging_equity,-0.08580267233245675,-0.08580267233245675,3,0.0056065842509269714,1.6042244033744044,-0.5082279233302776,-1.0068921767135084
2015-07-16,korea_equity,-0.08175863179621856,-0.08175863179621856,3,-0.00412663072347641,-0.8021236862980857,-2.437181844791127,-0.22098440636677574
2015-07-16,short_treasury,-0.0009430841604131102,-0.0009430841604131102,3,-0.009783640503883362,-2.900861430940105,-4.464532161465709,-0.9451381268254819
2015-07-16,treasury_7_10y,0.012565441756092977,0.012565441756092977,3,-0.001912444829940796,-0.5070257559889892,-4.0130264659911195,-1.2378765027293326
2015-07-17,alternative,-0.015189899170952148,-0.015189899170952148,3,0.01802320033311844,4.610000178082556,-0.4333598239448075,0.7630059913666831
2015-07-17,corp_bond_ig,-0.0003464482577907324,-0.0003464482577907324,3,0.0023239552974700928,0.4316013928262014,-2.5401573739099326,-1.3310150626361674
2015-07-17,developed_equity,-0.017770593921874522,-0.017770593921874522,3,0.013669576495885849,3.9572041012440615,-2.3589367968542754,0.7945775660519696
2015-07-17,emerging_equity,-0.08333332513179947,-0.08333332513179947,3,0.00556761771440506,1.5913092359376582,-0.363978029225724,-0.9890260783220655
2015-07-17,korea_equity,-0.07101042647882572,-0.07101042647882572,3,-0.004722312092781067,-0.9312531675300478,-2.3817613606441905,-0.3855035599065548
2015-07-17,short_treasury,-0.0011790882796808289,-0.0011790882796808289,3,-0.008372046053409576,-2.634441164628726,-4.232412280122215,-0.8877868932898688
2015-07-17,treasury_7_10y,0.011422088383044704,0.011422088383044704,3,-0.0008898898959159851,-0.17552180605359843,-3.8905609451607415,-0.9333355973781395
2015-07-20,alternative,-0.01942570120030862,-0.01942570120030862,3,0.017111022025346756,4.313852497200529,-0.6738605161129924,0.5835050596289991
2015-07-20,corp_bond_ig,0.005208772127826888,0.005208772127826888,3,0.001512765884399414,0.06410445500641453,-2.7019211413173267,-1.307834632678916
2015-07-20,developed_equity,-0.012822202661607496,-0.012822202661607496,3,0.011215370148420334,3.286177577993514,-2.6727342604630837,0.329078871730043
2015-07-20,emerging_equity,-0.087509713808541,-0.087509713808541,3,0.004121609032154083,1.1799238526456723,-0.6695532344498474,-1.0886595438748161
2015-07-20,korea_equity,-0.07639554216047029,-0.07639554216047029,3,-0.0024297088384628296,-0.5150914873180363,-2.123597147801006,-0.550684493984473
2015-07-20,short_treasury,0.0,0.0,3,-0.008550338447093964,-2.784782635605544,-3.8465334436445526,-0.6431601164630129
2015-07-20,treasury_7_10y,0.01525988075732787,0.01525988075732787,3,-0.0014129281044006348,-0.5712146579526474,-3.818871501337997,-1.0699696506367795
2015-07-21,alternative,-0.024472586716277722,-0.024472586716277722,3,0.017777271568775177,4.524212663800298,-0.5856464687121229,0.47463830618135616
2015-07-21,corp_bond_ig,-0.000693076590515318,-0.000693076590515318,3,0.003102187067270279,0.21123296101006858,-2.423941990804576,-1.0985085115401079
2015-07-21,developed_equity,-0.009468374751152031,-0.009468374751152031,3,0.011994801461696625,3.670542550309254,-2.8768527589702306,0.31525034936851826
2015-07-21,emerging_equity,-0.09761168461961023,-0.09761168461961023,3,0.0026951953768730164,1.0414244607955052,-0.8110364147405388,-0.8944649406003293
2015-07-21,korea_equity,-0.0857847898191525,-0.0857847898191525,3,-0.004097290337085724,-0.7794286307751679,-2.2378343862163583,-0.2619619204806618
2015-07-21,short_treasury,-0.00023589293214909546,-0.00023589293214909546,3,-0.007252290844917297,-2.566103846140243,-3.959865701667816,-0.6805510185488797
2015-07-21,treasury_7_10y,0.010842680200364052,0.010842680200364052,3,-0.00018424540758132935,-0.3885825350572608,-3.858195176486762,-0.7648631444808867
2015-07-22,alternative,-0.028813572253211017,-0.028813572253211017,3,0.01736351102590561,4.355136180889479,-0.567007384427491,0.3203760854153484
2015-07-22,corp_bond_ig,0.0028551810505859088,0.0028551810505859088,3,0.003478005528450012,0.2900776167398235,-2.6107941965922574,-1.2475815750650512
2015-07-22,developed_equity,-0.015365749787193406,-0.015365749787193406,3,0.009104296565055847,2.6871022165486864,-2.8894661380785043,0.5185005932563551
2015-07-22,emerging_equity,-0.09586513754610393,-0.09586513754610393,3,0.0013618245720863342,0.5928437313677919,-1.0061508253874767,-1.2561570488057006
2015-07-22,korea_equity,-0.0806916584918792,-0.0806916584918792,3,-0.00135079026222229,-0.10361171227919654,-1.890118258302358,-0.371268772768211
2015-07-22,short_treasury,0.0008258576340254287,0.0008258576340254287,3,-0.006339594721794128,-2.572216204746337,-3.6558250208218506,-0.4275100694423479
2015-07-22,treasury_7_10y,0.015769010307256526,0.015769010307256526,3,0.0023019015789031982,-0.07349470770778928,-3.1894415185646126,-0.8874616168145801
2015-07-23,alternative,-0.057823091076482314,-0.057823091076482314,3,0.017675980925559998,4.526177525199067,-0.2755438388210974,0.35873060328747053
2015-07-23,corp_bond_ig,0.0005176431067641651,0.0005176431067641651,3,0.005812067538499832,0.8714966538614066,-2.5473576949564705,-1.0674761863742703
2015-07-23,developed_equity,-0.042140927936960115,-0.042140927936960115,3,0.007825974375009537,2.475169540347697,-2.988324225768002,0.5681574578710056
2015-07-23,emerging_equity,-0.10132972641517646,-0.10132972641517646,3,0.004989776760339737,1.548773099824599,-0.6214274947588625,-1.2025952370799489
2015-07-23,korea_equity,-0.09203886754304458,-0.09203886754304458,3,0.000936649739742279,0.5666084734685968,-1.2692768872963829,-1.0255236223991444
2015-07-23,short_treasury,0.000353974399901702,0.000353974399901702,3,-0.0041312724351882935,-2.119122433341339,-3.3702941141808034,-0.2582451004904537
2015-07-23,treasury_7_10y,0.014380362500911126,0.014380362500911126,3,0.00600815936923027,0.8169552842939252,-3.0244638004902415,-1.5811992336458833
2015-07-24,alternative,-0.0644883903972231,-0.0644883903972231,3,0.015809006989002228,3.901727303198178,-0.5427938848902989,0.3746583223891241
2015-07-24,corp_bond_ig,0.0012082453295063633,0.0012082453295063633,3,0.0049204640090465546,0.4479580166155319,-2.4907587714943653,-0.7369439480635225
2015-07-24,developed_equity,-0.059404607865446324,-0.059404607865446324,3,0.00639680027961731,2.155696491239708,-3.3740127533398985,0.5128805452920531
2015-07-24,emerging_equity,-0.11629792805127137,-0.11629792805127137,3,0.008051447570323944,2.414274684777581,-0.07867792143067749,-1.8811799960213187
2015-07-24,korea_equity,-0.09707401115780057,-0.09707401115780057,3,0.010071486234664917,3.0060291389308342,0.391582101688675,-1.4388545566683564
2015-07-24,short_treasury,0.0011793663526518117,0.0011793663526518117,3,-0.003525190055370331,-2.0661980066277468,-3.1308272588502972,0.4104510665527256
2015-07-24,treasury_7_10y,0.017485807379571394,0.017485807379571394,3,0.006509367376565933,0.6469988546396634,-2.849991229254887,-1.5482592029408444
2015-07-27,alternative,-0.09565217391304348,-0.09565217391304348,3,0.014823034405708313,3.8297563241177954,-0.7161643256504068,0.421671409450107
2015-07-27,corp_bond_ig,-0.0016395824690624838,-0.0016395824690624838,3,0.005816932767629623,0.6110439980473384,-2.272787205976855,-0.5054577172415484
2015-07-27,developed_equity,-0.08631204392620184,-0.08631204392620184,3,0.004609726369380951,1.6573566525070542,-3.6331266992968394,0.2115901203558717
2015-07-27,emerging_equity,-0.1386138842388378,-0.1386138842388378,3,0.008897081017494202,2.870998322160476,0.14632066520838247,-1.4883187686591368
2015-07-27,korea_equity,-0.12197994702583614,-0.12197994702583614,3,0.007846169173717499,2.560205853072478,0.23344818709824428,-1.0765303800873198
2015-07-27,short_treasury,0.000942861903280745,0.000942861903280745,3,-0.0032191500067710876,-1.9855831403677198,-3.0188287859159018,0.2785346700252048
2015-07-27,treasury_7_10y,0.01582666303369007,0.01582666303369007,3,0.008278273046016693,1.0768638921310592,-2.8255052986197615,-1.6697986114330496
2015-07-28,alternative,-0.09682944059865695,-0.09682944059865695,3,0.013062037527561188,3.314967192546653,-0.7354055319583752,0.11730962052975069
2015-07-28,corp_bond_ig,-0.00595908486009622,-0.00595908486009622,3,0.00546921044588089,0.4846381522690667,-2.4613462108990665,-0.27319482795912864
2015-07-28,developed_equity,-0.09650202598999358,-0.09650202598999358,3,0.00282914936542511,1.1983754870697838,-3.843639257699334,0.27454453360592246
2015-07-28,emerging_equity,-0.13640077025105246,-0.13640077025105246,3,0.007452894002199173,2.367139401668911,0.09773556683015512,-1.646303462926554
2015-07-28,korea_equity,-0.11766979353236406,-0.11766979353236406,3,0.00703711062669754,2.2968562430267903,0.09068758571529005,-1.293227027580009
2015-07-28,short_treasury,0.0007072681515820634,0.0007072681515820634,3,-0.0024186372756958008,-1.8994249044609943,-3.021568817015352,0.22543584920184062
2015-07-28,treasury_7_10y,0.01313178469235643,0.01313178469235643,3,0.011657007038593292,2.3363236986613516,-2.9849805592526075,-0.13225497415978676
2015-07-29,alternative,-0.07587383882634546,-0.07587383882634546,3,0.012611929327249527,3.2988474831554373,-0.6713764474274826,0.2590812842561463
2015-07-29,corp_bond_ig,-0.005704932562721976,-0.005704932562721976,3,0.0062369704246521,0.588927352318001,-2.234482094954305,-0.06929972739863949
2015-07-29,developed_equity,-0.0779959682497342,-0.0779959682497342,3,-0.00044724345207214355,0.5176510557018547,-3.8103938303130436,0.2900630046738007
2015-07-29,emerging_equity,-0.11647343426939294,-0.11647343426939294,3,0.006776235997676849,2.2869091579235845,-0.003358376020055057,-2.076252820967253
2015-07-29,korea_equity,-0.09788461831899786,-0.09788461831899786,3,0.005551941692829132,1.862275875199979,0.1383428693727116,-1.3972377907363138
2015-07-29,short_treasury,0.0003537174880372529,0.0003537174880372529,3,7.808208465576172e-06,-1.3891356921204372,-2.931322909307605,0.18871458500045454
2015-07-29,treasury_7_10y,0.008325495820433959,0.008325495820433959,3,0.012889586389064789,2.5935372859431243,-2.7314924504369436,0.22591504445612165
2015-07-30,alternative,-0.053846179929554094,-0.053846179929554094,3,0.010402541607618332,2.640860263403242,-0.8197951287860428,-0.04591753743109738
2015-07-30,corp_bond_ig,-0.005269983674743517,-0.005269983674743517,3,0.005617029964923859,0.307364201753644,-2.135186726195307,-0.0021771842641293802
2015-07-30,developed_equity,-0.05530759305849908,-0.05530759305849908,3,-0.00010105222463607788,0.6798053691103842,-4.205644698410677,0.17378783548426263
2015-07-30,emerging_equity,-0.06808278640771048,-0.06808278640771048,3,0.005988992750644684,1.9785799440419638,0.013874972817725047,-2.19964152193822
2015-07-30,korea_equity,-0.05329398556131404,-0.05329398556131404,3,0.00840863585472107,2.6626138698637374,0.44927831758651776,-1.883982498553535
2015-07-30,short_treasury,0.0009437517308339416,0.0009437517308339416,3,3.109872341156006e-05,-1.2587115267050903,-3.2765261501043557,0.6343197240718159
2015-07-30,treasury_7_10y,0.006614977794943577,0.006614977794943577,3,0.010289926081895828,1.9000370522516536,-2.6815629752611727,-0.04447205610709675
2015-07-31,alternative,-0.0562180441936897,-0.0562180441936897,3,0.010386697947978973,2.7651775555395464,-0.6869590895203876,-0.14087221955240697
2015-07-31,corp_bond_ig,-0.008594757310825596,-0.008594757310825596,3,0.006293974816799164,0.5451194779511394,-1.8345443579357363,-0.012289139460797457
2015-07-31,developed_equity,-0.05695008512283484,-0.05695008512283484,3,-0.001478344202041626,0.3142190569002548,-4.177682204260817,-0.13604800421206725
2015-07-31,emerging_equity,-0.08997845497562629,-0.08997845497562629,3,0.003842528909444809,1.6048801442091207,-0.39009257720556517,-2.144037194095196
2015-07-31,korea_equity,-0.06232900757498394,-0.06232900757498394,3,0.0071702636778354645,2.5323577351623885,0.38273933160299883,-1.6054456250502778
2015-07-31,short_treasury,-0.0005892417086751367,-0.0005892417086751367,3,0.0006735920906066895,-0.8988976966828166,-3.796543390995654,0.38182805782335666
2015-07-31,treasury_7_10y,0.0009394820727870457,0.0009394820727870457,3,0.009654391556978226,1.8467808952877085,-2.8507540059907175,-0.08089771285025069
2015-08-03,alternative,-0.05736305139193987,-0.05736305139193987,3,0.008383702486753464,2.223334916473283,-0.9116649495166631,-0.5642830868757892
2015-08-03,corp_bond_ig,-0.010577034545102837,-0.010577034545102837,3,0.005270920693874359,0.10407550539840503,-1.788557104043021,0.1556866981196222
2015-08-03,developed_equity,-0.06268612530676132,-0.06268612530676132,3,-0.0007174462080001831,0.4766370633124048,-4.274777424223113,-0.1298137374929205
2015-08-03,emerging_equity,-0.07287670814827696,-0.07287670814827696,3,0.0032779425382614136,1.2795582231335834,-0.49881239128430965,-1.991061620502974
2015-08-03,korea_equity,-0.05098194212663054,-0.05098194212663054,3,0.00723729282617569,2.4141777367421398,0.10254454778610649,-1.8270605120810757
2015-08-03,short_treasury,-0.0008249816863057369,-0.0008249816863057369,3,0.0005600526928901672,-1.0767124154290382,-3.774096249605263,0.39257547311825697
2015-08-03,treasury_7_10y,-0.002251387121996906,-0.002251387121996906,3,0.006326295435428619,0.9978155281150636,-2.6845703706454436,-0.31768385742993244
2015-08-04,alternative,-0.09028959400638936,-0.09028959400638936,3,0.006938651204109192,1.9373169148166727,-0.8091240406127471,-0.3611485724550035
2015-08-04,corp_bond_ig,-0.002420041371497428,-0.002420041371497428,3,0.008095987141132355,0.8537643599712568,-1.554546625507536,0.6333778460801464
2015-08-04,developed_equity,-0.0898374608218202,-0.0898374608218202,3,-0.002649664878845215,-0.15395171992315546,-3.945146202029388,-0.317771635987652
2015-08-04,emerging_equity,-0.1119301711510794,-0.1119301711510794,3,0.0008558779954910278,0.7056349169018177,-0.7644280871764365,-1.930986633537886
2015-08-04,korea_equity,-0.07922152278188699,-0.07922152278188699,3,0.005496367812156677,1.9458474312389236,-0.22023898940658476,-1.9008992234600177
2015-08-04,short_treasury,0.0005901253734998946,0.0005901253734998946,3,0.0015958696603775024,-0.8947712903140168,-3.8515358118314853,0.26641480844826865
2015-08-04,treasury_7_10y,0.005846252704820198,0.005846252704820198,3,0.0056542083621025085,0.7832605778965896,-2.744073132798903,0.3913181177192123
2015-08-05,alternative,-0.07514940680642335,-0.07514940680642335,3,0.00606619194149971,1.7475539604793777,-1.0635012860555608,-0.3969320548474618
2015-08-05,corp_bond_ig,0.0,0.0,3,0.006379775702953339,0.28943794413126667,-1.3117541661057628,0.5499812453962131
2015-08-05,developed_equity,-0.07896865995579316,-0.07896865995579316,3,-0.001887880265712738,-0.024924925087694286,-4.235415376917312,-0.4120853434600148
2015-08-05,emerging_equity,-0.0993449631627672,-0.0993449631627672,3,0.002464987337589264,0.9972789709978097,-0.7437486669651391,-2.0555456145133175
2015-08-05,korea_equity,-0.0579280387328267,-0.0579280387328267,3,0.005515366792678833,1.804566785686021,-0.39325224935835945,-1.8450437408176183
2015-08-05,short_treasury,0.0007081028704909453,0.0007081028704909453,3,0.0030670166015625,-0.7179282564383169,-3.2783994247856914,0.6047737472296069
2015-08-05,treasury_7_10y,0.007004902196563467,0.007004902196563467,3,0.005979251116514206,0.8161831150850671,-2.318279254409722,0.41890234617167793
2015-08-06,alternative,-0.06437768240343344,-0.06437768240343344,3,0.0062612444162368774,1.9178499331704015,-1.01342744010103,-0.3692140903827783
2015-08-06,corp_bond_ig,0.002857900992171425,0.002857900992171425,3,0.006610967218875885,0.26193687536236687,-0.7204107559332464,0.6031683415006115
2015-08-06,developed_equity,-0.07054165785731337,-0.07054165785731337,3,-0.0015444755554199219,-0.09058649744517858,-4.156620881746434,-0.8903705080160502
2015-08-06,emerging_equity,-0.0878303594028822,-0.0878303594028822,3,0.0007969141006469727,0.6774917310951782,-1.1055832441726703,-1.9338107310774797
2015-08-06,korea_equity,-0.052768328084407456,-0.052768328084407456,3,0.003986034542322159,1.4181075517674329,-0.41060067460637023,-1.525346253101124
2015-08-06,short_treasury,0.000471987203862545,0.000471987203862545,3,0.0027752965688705444,-0.5168859040979505,-3.5272309630667507,0.6003761500299616
2015-08-06,treasury_7_10y,0.005942809553086903,0.005942809553086903,3,0.006702706217765808,1.0202130271734502,-2.0345449812045775,0.5753897958259108
2015-08-07,alternative,-0.07241380625757676,-0.07241380625757676,3,0.0048620328307151794,1.60727238773846,-1.3539029544998966,-0.5004711934279142
2015-08-07,corp_bond_ig,0.001639723893225975,0.001639723893225975,3,0.006362840533256531,0.02348559962640216,-0.8160221947087845,0.6635420271525498
2015-08-07,developed_equity,-0.08881629133913582,-0.08881629133913582,3,-0.0011235177516937256,0.08565975294884891,-4.451996041471172,-0.6847727348196044
2015-08-07,emerging_equity,-0.11460054916929452,-0.11460054916929452,3,0.0014695972204208374,0.6732882410443873,-1.1313970641848725,-2.1536824641556738
2015-08-07,korea_equity,-0.07676929463106152,-0.07676929463106152,3,0.004328086972236633,1.4591322914367473,-0.42435166952181563,-1.6195601718376773
2015-08-07,short_treasury,0.0010624951984170572,0.0010624951984170572,3,0.0025367438793182373,-0.6085386653682322,-3.008432350225075,0.9431236046936351
2015-08-07,treasury_7_10y,0.005073765986836065,0.005073765986836065,3,0.005657672882080078,0.7764664213870547,-1.7619334076528141,0.07828498555057073
2015-08-10,alternative,-0.06022051214785318,-0.06022051214785318,3,0.004574622958898544,1.6065582647032508,-1.5137456122652402,-0.5089845343437643
2015-08-10,corp_bond_ig,0.0009530627975635753,0.0009530627975635753,3,0.006072763353586197,-0.08248372580032905,-0.3776295466008904,0.6568177698040296
2015-08-10,developed_equity,-0.06839693104060995,-0.06839693104060995,3,-0.0011816620826721191,-0.08688139459536855,-4.20119734241961,-0.5366774554187563
2015-08-10,emerging_equity,-0.10159848321600373,-0.10159848321600373,3,0.00030840933322906494,0.4415570158087513,-1.341766211370786,-1.9612760249259853
2015-08-10,korea_equity,-0.06443957919945653,-0.06443957919945653,3,0.004214931279420853,1.4235474221086288,-0.39361685735256163,-1.4118494691146959
2015-08-10,short_treasury,0.000708270089035512,0.000708270089035512,3,0.002369821071624756,-0.6809970361649405,-3.0876834203176866,0.5265655359211969
2015-08-10,treasury_7_10y,0.004811794947727099,0.004811794947727099,3,0.004316151142120361,0.1579561942988473,-1.55735134811422,0.48345684074376905
2015-08-11,alternative,-0.06099654966535861,-0.06099654966535861,3,0.0038626529276371002,1.4173877764268856,-1.767148478048297,-0.5630459216559919
2015-08-11,corp_bond_ig,-0.0010354883701272355,-0.0010354883701272355,3,0.00562392920255661,-0.41204912618575573,-0.48404440878888677,0.7417471118623828
2015-08-11,developed_equity,-0.07558452614364175,-0.07558452614364175,3,0.0005825608968734741,0.26598097810778276,-4.163404995914279,0.07950874598812502
2015-08-11,emerging_equity,-0.08614949936587246,-0.08614949936587246,3,0.00360286608338356,0.9471738336126363,-0.819658606957924,-2.0903017828108235
2015-08-11,korea_equity,-0.019832370143719302,-0.019832370143719302,3,0.00988750159740448,2.7197684636841575,0.3254221217148919,-1.3760716831301232
2015-08-11,short_treasury,-0.0008252734623446223,-0.0008252734623446223,3,0.0035165250301361084,-0.4768389237871526,-2.908411237800383,0.6160739473775515
2015-08-11,treasury_7_10y,-0.0014059567199022904,-0.0014059567199022904,3,0.004302196204662323,0.0012036825284254928,-1.215799010718358,0.19552012027013055
2015-08-12,alternative,-0.04498267315640403,-0.04498267315640403,3,0.00392497330904007,1.5911018844621156,-1.8561259040103997,-0.4037702531800328
2015-08-12,corp_bond_ig,-0.0014691744040306043,-0.0014691744040306043,3,0.006268762052059174,-0.15828461566073845,-0.1694736208624365,0.654446714801137
2015-08-12,developed_equity,-0.06593554160127557,-0.06593554160127557,3,0.0023733824491500854,0.4074857620257842,-3.9404296416595614,-0.09416748812464792
2015-08-12,emerging_equity,-0.062183427899325516,-0.062183427899325516,3,0.006736591458320618,2.081754168860101,-0.3128519007864466,-2.0263730224078205
2015-08-12,korea_equity,-0.009597737573762255,-0.009597737573762255,3,0.009706016629934311,2.5897676698541074,0.14783528288510248,-1.0294466391765873
2015-08-12,short_treasury,-0.00047159768534854596,-0.00047159768534854596,3,0.0020269453525543213,-0.6159311552207589,-3.0193200033874126,0.6857986484195397
2015-08-12,treasury_7_10y,-0.0032817484211303816,-0.0032817484211303816,3,0.0034794174134731293,-0.3598933063178644,-0.6230358244346152,0.09841456034832145
2015-08-13,alternative,-0.05335625741026295,-0.05335625741026295,3,0.002521008253097534,1.3132259919884757,-2.1834994657705122,-0.6627229256866312
2015-08-13,corp_bond_ig,0.0026884502172568325,0.0026884502172568325,3,0.004990831017494202,-0.3768092637380323,-0.1628089658661857,0.9209739628233478
2015-08-13,developed_equity,-0.06585269710455632,-0.06585269710455632,3,0.0028447359800338745,0.7350851015070807,-3.1917122503327575,-0.6177870811053906
2015-08-13,emerging_equity,-0.056933497289339274,-0.056933497289339274,3,0.0082317516207695,2.1529540987679523,-0.24335862221760884,-2.069412141878435
2015-08-13,korea_equity,-0.010187448682685951,-0.010187448682685951,3,0.008068233728408813,2.063329313196433,-0.003879204791103644,-1.0450274609665142
2015-08-13,short_treasury,0.0007079357946164766,0.0007079357946164766,3,0.0012989044189453125,-0.8406910875776794,-2.699955308702062,0.4207471729034846
2015-08-13,treasury_7_10y,0.0019742321994005163,0.0019742321994005163,3,0.0038766562938690186,-0.21479931360459856,-0.12968718259784323,-0.045744380939922745
2015-08-14,alternative,-0.06426735386571036,-0.06426735386571036,3,0.0017819777131080627,1.190674146096465,-2.2679454519220084,-0.6493265356902777
2015-08-14,corp_bond_ig,0.0016461830221841112,0.0016461830221841112,3,0.00506022572517395,-0.3791769461281223,0.021787499119895366,0.9640787139463374
2015-08-14,developed_equity,-0.06853070261433292,-0.06853070261433292,3,0.003013875335454941,0.8854089981476003,-3.370808162758316,-0.0788399718869845
2015-08-14,emerging_equity,-0.059667858280931796,-0.059667858280931796,3,0.005526851862668991,1.404832428132523,-0.36727032777973884,-1.914403002327973
2015-08-14,korea_equity,-0.02073593182029143,-0.02073593182029143,3,0.008278995752334595,2.0740063452421174,-0.1611471223407258,-1.3404688346264604
2015-08-14,short_treasury,0.0009444201619563941,0.0009444201619563941,3,0.0005726516246795654,-1.0307728098575861,-2.8199540034862864,0.13041556365025306
2015-08-14,treasury_7_10y,0.003952551858664943,0.003952551858664943,3,0.0022251904010772705,-0.7830381637799085,0.30969442726356305,0.17776594756944397
2015-08-17,alternative,-0.05770884613521876,-0.05770884613521876,3,0.002357378602027893,1.1836101363262443,-2.2586137845782086,-0.6875950339627278
2015-08-17,corp_bond_ig,-0.009068166883631323,-0.009068166883631323,3,0.0034302063286304474,-0.7323329136615354,-0.1730617572753272,0.857705079182196
2015-08-17,developed_equity,-0.06179924365307177,-0.06179924365307177,3,0.003020651638507843,0.818545378171647,-3.3280290196459594,-0.0368076090109351
2015-08-17,emerging_equity,-0.0401252097866418,-0.0401252097866418,3,0.008133169263601303,2.011624051055069,-0.22460376121210315,-1.943861490130439
2015-08-17,korea_equity,0.005156765725259582,0.005156765725259582,3,0.009851954877376556,2.3312930829491165,-0.1516972070227493,-1.4135358465390997
2015-08-17,short_treasury,-0.0010618683933076856,-0.0010618683933076856,3,0.003366515040397644,-0.46687333509676726,-2.1767210032471125,0.15793025630603225
2015-08-17,treasury_7_10y,-0.005730395752366002,-0.005730395752366002,3,0.003244072198867798,-0.36997290563266144,0.42874248032188905,0.395318489489874
2015-08-18,alternative,-0.04238755701174046,-0.04238755701174046,3,0.0036773383617401123,1.6075298261452733,-1.9653332407389292,-0.5238163187681992
2015-08-18,corp_bond_ig,-0.003467720252884332,-0.003467720252884332,3,0.003797568380832672,-0.7260053942938558,0.254233742668741,0.909608487031754
2015-08-18,developed_equity,-0.05339346555880187,-0.05339346555880187,3,0.010480251163244247,3.036977466960735,-1.7510915772399216,-1.3661716226329141
2015-08-18,emerging_equity,-0.006041400880694714,-0.006041400880694714,3,0.012753926217556,3.3543432282047103,0.6378967380670867,-1.9387879413243723
2015-08-18,korea_equity,0.051069192291476107,0.051069192291476107,3,0.012116022408008575,3.0603716656205724,0.5511101955909876,-1.4459857468182336
2015-08-18,short_treasury,-0.001061903691924826,-0.001061903691924826,3,0.00545550137758255,0.21290254572281211,-2.0846273896095435,0.4591488250640264
2015-08-18,treasury_7_10y,-0.00442229230430391,-0.00442229230430391,3,0.0021480992436408997,-0.661798023432939,0.7306699279256786,0.40754706714824207
2015-08-19,alternative,-0.02966842557721938,-0.02966842557721938,3,0.003665406256914139,1.5422640150599238,-1.9633528961244695,-0.5997457408471861
2015-08-19,corp_bond_ig,-8.629226049916561e-05,-8.629226049916561e-05,3,0.004312850534915924,-0.5846152023142331,0.21392888879868133,0.8372489484955827
2015-08-19,developed_equity,-0.042535584522645054,-0.042535584522645054,3,0.011986181139945984,3.369450781845357,-1.5264117742668561,-1.2626597935247892
2015-08-19,emerging_equity,0.004078047835167853,0.004078047835167853,3,0.017179422080516815,4.564068424374452,1.1712347785761374,-1.895041864603589
2015-08-19,korea_equity,0.056635381099031656,0.056635381099031656,3,0.013009175658226013,3.117828785800373,0.8720521003499866,-1.2438372351339657
2015-08-19,short_treasury,0.00023572607137545276,0.00023572607137545276,3,0.0063051991164684296,0.2029224718123703,-1.6835650827963429,0.6118728173676067
2015-08-19,treasury_7_10y,-0.00224443900761806,-0.00224443900761806,3,0.0016622766852378845,-0.770144730358585,0.8953248096290725,0.2708982747908634
2015-08-20,alternative,-0.01714802773959634,-0.01714802773959634,3,0.0032681748270988464,1.493652692997887,-2.247443404229201,-1.0066019964585526
2015-08-20,corp_bond_ig,0.0023279585726125873,0.0023279585726125873,3,0.0037275776267051697,-0.798496919032191,0.6167660356007104,0.6902017525492998
2015-08-20,developed_equity,-0.035790050812262275,-0.035790050812262275,3,0.013873584568500519,4.113828477081823,-1.4782077652765435,-1.6092877687250462
2015-08-20,emerging_equity,0.0011838092466271988,0.0011838092466271988,3,0.017149750143289566,4.705609247117186,1.4286352497683452,-1.3061088913624475
2015-08-20,korea_equity,0.06907620771761591,0.06907620771761591,3,0.016218222677707672,3.9920286856450473,1.6316601651215752,-1.2992916380299957
2015-08-20,short_treasury,0.0010612775312719425,0.0010612775312719425,3,0.005400538444519043,0.14382507533099478,-1.9811621008325802,0.39511824660378825
2015-08-20,treasury_7_10y,-0.00027978715683041333,-0.00027978715683041333,3,0.0016570836305618286,-0.9775477457009616,1.002272468876568,0.3590736296627156
2015-08-21,alternative,0.009191176212782759,0.009191176212782759,3,0.00669470801949501,2.1948875907699006,-1.556664364061313,-0.895066757662313
2015-08-21,corp_bond_ig,-0.0030169680861664716,-0.0030169680861664716,3,0.0031178370118141174,-1.1143770258518413,0.6371617515948345,0.746445077067978
2015-08-21,developed_equity,-0.00670943846051808,-0.00670943846051808,3,0.016285307705402374,5.076797510154224,0.16880545348449053,-1.4384381559083974
2015-08-21,emerging_equity,0.03114505214545571,0.03114505214545571,3,0.019237220287322998,5.239381595043458,2.2757503519191298,-1.5305635759986593
2015-08-21,korea_equity,0.07970228487595676,0.07970228487595676,3,0.01959555596113205,5.009019552003806,1.9241914577715211,-1.790680763365401
2015-08-21,short_treasury,-0.0005890334800014996,-0.0005890334800014996,3,0.007093299180269241,0.2691099579692188,-1.3198838238189239,0.2780076494020097
2015-08-21,treasury_7_10y,-0.009939616160311915,-0.009939616160311915,3,0.0018437951803207397,-0.8304206700185042,0.5476551917251319,0.4013384870737551
2015-08-24,alternative,0.03750001467191266,0.03750001467191266,3,0.024856802076101303,10.650990041903768,4.37062184726515,-3.7145723919776192
2015-08-24,corp_bond_ig,0.004062591501293955,0.004062591501293955,3,0.003658793866634369,-0.9864357190719131,0.8590079899581622,0.7302330725621863
2015-08-24,developed_equity,0.015617990240390123,0.015617990240390123,3,0.028637602925300598,22.943047517645105,11.003732790327843,-11.098346196854962
2015-08-24,emerging_equity,0.05810982479431459,0.05810982479431459,3,0.024558812379837036,7.700174896790939,2.1465382769465484,-0.12473452034400323
2015-08-24,korea_equity,0.08859058203318582,0.08859058203318582,3,0.023771073669195175,6.994001232440796,1.9819946811997493,-0.17542169016798848
2015-08-24,short_treasury,-0.000470986876058066,-0.000470986876058066,3,0.001069098711013794,-0.9099537918457523,-1.684804225132361,0.9270784155870296
2015-08-24,treasury_7_10y,-0.006677188245171273,-0.006677188245171273,3,0.0001195371150970459,-1.7304910806312934,-0.18461977995883408,1.0296600156137692
2015-08-25,alternative,0.016129003070505465,0.016129003070505465,3,0.025473248213529587,9.857075499615577,3.89603652639099,-2.125583963524163
2015-08-25,corp_bond_ig,0.008601197887870615,0.008601197887870615,3,0.002060025930404663,-1.2837872699085937,0.4531968159527478,0.7203611420203874
2015-08-25,developed_equity,0.009340204462724655,0.009340204462724655,3,0.028949979692697525,20.339079616128085,9.37919247160727,-11.369620918369991
2015-08-25,emerging_equity,0.028058049062515966,0.028058049062515966,3,0.024674780666828156,7.777761255079489,2.0813275862567218,0.1624306297825634
2015-08-25,korea_equity,0.05790742225954082,0.05790742225954082,3,0.02213187888264656,6.8965097087517755,1.6977825078234419,0.02678358714047036
2015-08-25,short_treasury,-0.00035338413844465677,-0.00035338413844465677,3,-0.00097636878490448,-1.4505980183815246,-1.4952494887071097,0.8506687363092228
2015-08-25,treasury_7_10y,-0.0023312197405820356,-0.0023312197405820356,3,-0.0011481642723083496,-2.0368275185366134,0.0973143937421815,0.9465578316332333
2015-08-26,alternative,-0.017527689106400124,-0.017527689106400124,3,0.025441974401474,9.991511557862506,3.707634118542774,-1.115495652263121
2015-08-26,corp_bond_ig,0.009388871098980456,0.009388871098980456,3,0.0007079541683197021,-1.8342212265634328,0.7034711182016862,0.2386037706233351
2015-08-26,developed_equity,-0.01586127566082951,-0.01586127566082951,3,0.028979100286960602,21.422559812444113,9.991519985879018,-12.294279502112406
2015-08-26,emerging_equity,-0.009154691268534076,-0.009154691268534076,3,0.02440718561410904,7.996837733931245,2.0610221884892246,0.15253280900317323
2015-08-26,korea_equity,0.022596490657406987,0.022596490657406987,3,0.022367484867572784,6.981772542962425,1.6851962872978345,-0.08340941472977303
2015-08-26,short_treasury,0.0008251688736515828,0.0008251688736515828,3,-0.002481207251548767,-1.8640710151751037,-1.6431361204452422,0.609912909216662
2015-08-26,treasury_7_10y,0.005348092372223556,0.005348092372223556,3,-0.0004748404026031494,-1.9157704687438304,0.34803137658708877,1.1624712053039858
2015-08-27,alternative,-0.035230298139102945,-0.035230298139102945,3,0.0261826328933239,9.105028984984305,3.30165117351648,-1.32936985032089
2015-08-27,corp_bond_ig,0.005384772884042377,0.005384772884042377,3,0.0010320395231246948,-1.5159606519120663,0.2841148843539621,0.36388872587254456
2015-08-27,developed_equity,-0.032923032231079175,-0.032923032231079175,3,0.028765883296728134,14.19096375700725,6.043856819785629,-7.02949285026388
2015-08-27,emerging_equity,-0.05318526095560505,-0.05318526095560505,3,0.023746706545352936,7.703442744018672,1.8300639045537888,0.355073896629144
2015-08-27,korea_equity,-0.002492707382762638,-0.002492707382762638,3,0.02160639688372612,6.869604360393103,1.2197715623857783,0.11488672955717327
2015-08-27,short_treasury,0.00023576043395023838,0.00023576043395023838,3,-0.0023671388626098633,-1.8568362307183632,-1.786274677536541,0.2848087667771345
2015-08-27,treasury_7_10y,0.0032858253337020304,0.0032858253337020304,3,-0.0014454275369644165,-2.103412101114057,0.2347215461337983,0.8665441557456275
2015-08-28,alternative,-0.059566840448845415,-0.059566840448845415,3,0.028217654675245285,13.898379255436193,5.74319014883341,-1.3174184100637114
2015-08-28,corp_bond_ig,0.005288258503864718,0.005288258503864718,3,-0.0001614987850189209,-1.9665906141014873,0.5188567056153113,-0.00039490086934284777
2015-08-28,developed_equity,-0.06639953594762749,-0.06639953594762749,3,0.028960131108760834,17.26758978618425,7.39111652538887,-8.674772797875653
2015-08-28,emerging_equity,-0.061278856412892546,-0.061278856412892546,3,0.022603027522563934,7.169527599294503,1.725177720153834,0.10698746712264473
2015-08-28,korea_equity,-0.019587464232743157,-0.019587464232743157,3,0.02075318992137909,6.2971620682952425,1.1693855976107075,0.02170447785928226
2015-08-28,short_treasury,0.0014149599108186361,0.0014149599108186361,3,-0.002226881682872772,-1.845940116705541,-1.9323635032796262,0.12050233353167544
2015-08-28,treasury_7_10y,0.00882300012510373,0.00882300012510373,3,-0.0008367002010345459,-2.065076129980206,0.34685146521832383,0.8668552562603489
2015-08-31,alternative,-0.06630331992310734,-0.06630331992310734,3,0.028874941170215607,13.890501127273986,5.72394954513024,-1.4071562330026595
2015-08-31,corp_bond_ig,0.009125700278440396,0.009125700278440396,3,0.0002334117889404297,-1.8863973579942317,0.07758454630200835,0.42359088869944933
2015-08-31,developed_equity,-0.06081188082804767,-0.06081188082804767,3,0.028716877102851868,12.801158909384892,4.904446426815172,-1.351069902499688
2015-08-31,emerging_equity,-0.058510624506747044,-0.058510624506747044,3,0.022546611726284027,7.415443028551208,1.7411358325000295,0.4402953393384688
2015-08-31,korea_equity,-0.019648800662851462,-0.019648800662851462,3,0.019051015377044678,6.380362129319874,0.8774996338537748,0.3728059821545574
2015-08-31,short_treasury,0.0022411234270109937,0.0022411234270109937,3,-0.0028264522552490234,-1.837681812084655,-2.1253257899052294,0.06216502945535638
2015-08-31,treasury_7_10y,0.01400900578430897,0.01400900578430897,3,-0.0023897290229797363,-2.4491928683077737,0.4096785841019268,0.5364210345384302
2015-09-01,alternative,-0.016853960677187363,-0.016853960677187363,3,0.028088867664337158,13.638234443874765,5.512238315978413,-1.547855202054636
2015-09-01,corp_bond_ig,0.005804870729287259,0.005804870729287259,3,-0.0011775046586990356,-2.2586713809099033,0.09026719160170478,0.19936673171867408
2015-09-01,developed_equity,-0.005955062331144179,-0.005955062331144179,3,0.029181964695453644,13.168348472345835,4.861809769307805,-0.9960126275040022
2015-09-01,emerging_equity,0.007685213937330682,0.007685213937330682,3,0.022255413234233856,7.531522821136764,1.641813365508114,0.5555710158191762
2015-09-01,korea_equity,0.04141756234818894,0.04141756234818894,3,0.019172683358192444,6.279954231647533,0.8975050383951313,0.2656761915051815
2015-09-01,short_treasury,0.0025952722592341715,0.0025952722592341715,3,-0.002409219741821289,-1.9265141513413218,-2.2423992305495193,-0.19873589065293207
2015-09-01,treasury_7_10y,0.011249691555596852,0.011249691555596852,3,-0.0010936856269836426,-2.252831414291086,0.764011065251722,0.6925335857023444
2015-09-02,alternative,-0.023084025203630176,-0.023084025203630176,3,0.028657495975494385,12.650539497464258,5.122687843157709,-1.666767458903392
2015-09-02,corp_bond_ig,0.004164888129575717,0.004164888129575717,3,-0.0014379620552062988,-2.1426590388977598,-0.30969755625145595,-0.05232044032915139
2015-09-02,developed_equity,-0.020518854711981116,-0.020518854711981116,3,0.028411373496055603,9.719963565111822,3.0991063736697155,-1.1798363520049353
2015-09-02,emerging_equity,-0.0012121489553740261,-0.0012121489553740261,3,0.020874686539173126,6.864930617305854,1.4220388978543654,0.7419774254154891
2015-09-02,korea_equity,0.040503677720295395,0.040503677720295395,3,0.017202172428369522,5.908813858217775,0.46334205647400495,0.43763675771892263
2015-09-02,short_treasury,0.0018869681682660566,0.0018869681682660566,3,-5.036592483520508e-06,-1.5259627653289416,-1.8615733233980727,-0.0551487916356505
2015-09-02,treasury_7_10y,0.01325440588939375,0.01325440588939375,3,-0.0017018765211105347,-2.2887624743067585,0.6780523124823995,0.3350334521331719
2015-09-03,alternative,-0.013761467889908285,-0.013761467889908285,3,0.028690792620182037,12.101646113039601,4.761876470740715,-1.6193269251806073
2015-09-03,corp_bond_ig,0.0037996096754424613,0.0037996096754424613,3,0.0011342763900756836,-1.087683545009114,-0.8353273729941677,1.7420976650982676
2015-09-03,developed_equity,-0.011009981940108382,-0.011009981940108382,3,0.0297892726957798,12.287071070784972,4.290212799356264,-1.3063696585287166
2015-09-03,emerging_equity,0.021430699112049423,0.021430699112049423,3,0.02014549821615219,6.629427792382295,1.274920255191309,0.5979927985785956
2015-09-03,korea_equity,0.05655202236109713,0.05655202236109713,3,0.015937980264425278,4.977223957961538,0.36258267581203385,0.29574949990176963
2015-09-03,short_treasury,0.003302261779379201,0.003302261779379201,3,5.5946409702301025e-05,-1.6074167020355596,-2.0586318876267993,-0.2521650758865486
2015-09-03,treasury_7_10y,0.015660147960460558,0.015660147960460558,3,-0.0009357035160064697,-2.40598050967175,0.8405710933827313,0.48840889171734064
2015-09-04,alternative,0.013940520643787702,0.013940520643787702,3,0.03004012256860733,10.85808480520571,3.988640635206998,-1.45620347203721
2015-09-04,corp_bond_ig,-0.0011200866461534842,-0.0011200866461534842,3,0.0006736516952514648,-1.2104388850735928,-1.1978475617623363,1.549312867159361
2015-09-04,developed_equity,0.03558076356906481,0.03558076356906481,3,0.02974790334701538,10.434811309538023,3.0302228994986837,-1.487851836576602
2015-09-04,emerging_equity,0.07560673152839037,0.07560673152839037,3,0.01953233778476715,6.401984927906823,1.0006965322661672,0.5743898097302654
2015-09-04,korea_equity,0.10588998175256337,0.10588998175256337,3,0.015542369335889816,4.953389955979999,-0.0031683761587444825,0.471042964901374
2015-09-04,short_treasury,0.002476404208906491,0.002476404208906491,3,-0.0002215057611465454,-1.485602103132969,-2.5206210718927733,0.014337079247529475
2015-09-04,treasury_7_10y,0.006917807378937546,0.006917807378937546,3,-0.001844167709350586,-2.5150229748291495,0.6267645717593214,0.19299911305555068
2015-09-08,alternative,-0.012635392484826258,-0.012635392484826258,4,0.021575400605797768,6.043103658609681,-1.5929531415526663,4.100904923607387
2015-09-08,corp_bond_ig,0.005540227126394903,0.005540227126394903,4,-0.00045689381659030914,-2.2636406907081064,-1.6602438462730242,3.3756434128209136
2015-09-08,developed_equity,0.0029019817607429665,0.0029019817607429665,4,0.02285941131412983,7.377770234178283,-1.4708702645731462,3.991798793351555
2015-09-08,emerging_equity,0.04071165501607954,0.04071165501607954,4,0.011354880407452583,3.742969632724445,-2.6303186992672707,2.3363022876747217
2015-09-08,korea_equity,0.0764842339285432,0.0764842339285432,4,0.011373693123459816,3.005738805450705,-2.2777585817444566,2.713779067234038
2015-09-08,short_treasury,0.00271326372586822,0.00271326372586822,4,0.008986661210656166,3.623649133859711,0.603529410768171,0.31989893564921174
2015-09-08,treasury_7_10y,0.013427232912448739,0.013427232912448739,4,0.001753970980644226,0.5302022940683419,1.1442739705876468,2.222205570460085
2015-09-09,alternative,0.016468393157417438,0.016468393157417438,4,0.02120434306561947,6.073022949642649,-1.6031466969101569,3.8932695326761646
2015-09-09,corp_bond_ig,0.006910279648917328,0.006910279648917328,4,-0.0007905866950750351,-2.3234727038235943,-1.8219159253413546,3.0978222776207285
2015-09-09,developed_equity,0.025294135598575407,0.025294135598575407,4,0.02910199947655201,8.99130252231829,-1.4741855003873436,4.894774978116246
2015-09-09,emerging_equity,0.07396176121753939,0.07396176121753939,4,0.010202554985880852,3.3172612087657813,-2.4176615384849236,2.044729307270198
2015-09-09,korea_equity,0.0949103709240171,0.0949103709240171,4,0.008983833715319633,2.235085511546905,-2.1919987042164517,2.421131720839242
2015-09-09,short_treasury,0.0027139039166206302,0.0027139039166206302,4,0.007279546931385994,2.8102430132257057,0.5663205017957488,0.18864348859562866
2015-09-09,treasury_7_10y,0.01051250926372771,0.01051250926372771,4,0.0022485721856355667,0.6289365097062671,1.4364017060085044,1.9989899624396614
2015-09-10,alternative,0.008152187621736084,0.008152187621736084,4,0.02470698021352291,7.108605540604373,-1.2567090973009916,4.205144516299186
2015-09-10,corp_bond_ig,0.004933353732972101,0.004933353732972101,4,-0.0004583243280649185,-2.3032062610839956,-1.7206866541850876,3.0828116511098766
2015-09-10,developed_equity,0.02480191453689673,0.02480191453689673,4,0.025524480268359184,7.985440107442426,-1.3698434233728523,4.5139233145682125
2015-09-10,emerging_equity,0.07440742292206015,0.07440742292206015,4,0.01048319973051548,3.6050743731164863,-2.537804193266032,2.0549070542754357
2015-09-10,korea_equity,0.09092783190540432,0.09092783190540432,4,0.008407680317759514,2.216569303400643,-2.338158700451454,2.296148497020197
2015-09-10,short_treasury,0.0021231458807209336,0.0021231458807209336,4,0.00374491885304451,1.9164677121369476,0.4405537073791565,0.09615435031898248
2015-09-10,treasury_7_10y,0.010159869902678142,0.010159869902678142,4,0.0013923738151788712,0.5200894692509529,1.7136291055985817,2.0779766016432126
2015-09-11,alternative,0.007272755015980126,0.007272755015980126,4,0.02314506657421589,6.886558124146209,-1.605902035630389,3.894460192750967
2015-09-11,corp_bond_ig,0.004670480044105529,0.004670480044105529,4,0.0004842076450586319,-1.8211367252292232,-1.978009634333408,3.407575724613083
2015-09-11,developed_equity,0.028344843721217483,0.028344843721217483,4,0.026715533807873726,8.316423256663183,-1.6803634317103253,4.822097089873553
2015-09-11,emerging_equity,0.07411833861606976,0.07411833861606976,4,0.009468132629990578,3.400327088244624,-2.421644544337077,1.8300721486303149
2015-09-11,korea_equity,0.09901188508228853,0.09901188508228853,4,0.006326500326395035,1.5094787851302625,-2.4749410806149656,2.1751477092019287
2015-09-11,short_treasury,0.001768677398855889,0.001768677398855889,4,-0.005744600668549538,-1.3942487776244847,0.014959769039785492,0.6264461464296602
2015-09-11,treasury_7_10y,0.008069061696159396,0.008069061696159396,4,0.0009554773569107056,0.2127074030100423,1.8807601042621,2.020066579434517
2015-09-14,alternative,0.01190479018395929,0.01190479018395929,4,0.008846605196595192,2.7522531864898667,-1.9856543157817628,2.482595515493797
2015-09-14,corp_bond_ig,0.008822737113410861,0.008822737113410861,4,-0.0003902427852153778,-2.025264017406802,-1.6433226290898666,2.887482256798884
2015-09-14,developed_equity,0.029870494506240908,0.029870494506240908,4,0.02033214457333088,6.897047066216869,-1.8471830756933934,3.8886485078269177
2015-09-14,emerging_equity,0.0676443679094556,0.0676443679094556,4,0.006430750712752342,2.3701211307142223,-2.923480834821032,1.6169386220953024
2015-09-14,korea_equity,0.10421425469349521,0.10421425469349521,4,0.0024207867681980133,0.51420252974718,-2.854735831717266,1.566778795692955
2015-09-14,short_treasury,0.0017690945189203777,0.0017690945189203777,4,-0.007189212366938591,-1.4422614820732842,-0.17417149156192993,0.4992003892948193
2015-09-14,treasury_7_10y,0.01049871337999675,0.01049871337999675,4,0.0011174771934747696,0.4902169186995986,1.6414435530092917,1.8106606906354155
2015-09-15,alternative,-0.0018281953825148856,-0.0018281953825148856,4,0.00861203484237194,2.755578474192399,-2.2333192564794073,2.4555362577673656
2015-09-15,corp_bond_ig,0.01568766851377279,0.01568766851377279,4,-0.0035353917628526688,-3.112769214628068,-1.9696215416572107,2.6675202582862547
2015-09-15,developed_equity,0.010201062667212657,0.010201062667212657,4,0.02156965248286724,7.125689290676425,-1.9662405355877317,4.115695010838343
2015-09-15,emerging_equity,0.040320208384485356,0.040320208384485356,4,0.004470380023121834,1.6740444955940073,-2.905272782330065,1.3640452807458217
2015-09-15,korea_equity,0.07818595134581785,0.07818595134581785,4,0.003553209826350212,0.7152450880063269,-2.622529930021298,1.8693015970043885
2015-09-15,short_treasury,0.003543203711416254,0.003543203711416254,4,-0.005417773500084877,-1.165427771956364,0.2115213770657188,0.2325104118875865
2015-09-15,treasury_7_10y,0.019463390582628026,0.019463390582628026,4,-0.0009124167263507843,-0.23172111431079642,1.9461780457952833,1.336628909273917
2015-09-16,alternative,-0.014453464482651834,-0.014453464482651834,4,0.007000764831900597,2.175154171245427,-2.3378584478358526,2.362864962763242
2015-09-16,corp_bond_ig,0.017833867822378835,0.017833867822378835,4,-0.0026716403663158417,-2.982811741993865,-1.7203280779763501,2.6564446732205687
2015-09-16,developed_equity,0.0033179942000312046,0.0033179942000312046,4,0.017921844497323036,6.142257731442113,-2.0812715676612625,4.024147466274462
2015-09-16,emerging_equity,0.023444323912521492,0.023444323912521492,4,0.003913844004273415,1.385616625798695,-2.9008048604154864,1.4354011187372253
2015-09-16,korea_equity,0.04878525289151847,0.04878525289151847,4,0.002687772735953331,0.6004423889006273,-2.789157871060466,1.8482956527110903
2015-09-16,short_treasury,0.005079053356735086,0.005079053356735086,4,-0.0030833017081022263,0.01372860967526087,0.12896937392574873,0.6437837611497643
2015-09-16,treasury_7_10y,0.025328422332602907,0.025328422332602907,4,-0.0017687175422906876,-0.11431851484824605,1.8639836411351165,1.0670462397863136
2015-09-17,alternative,-0.00539566987938267,-0.00539566987938267,4,0.0034606512635946274,1.4045638909582505,-2.806929635040027,1.9931715989560297
2015-09-17,corp_bond_ig,0.009059494465397888,0.009059494465397888,4,-0.0036112982779741287,-3.0419072379880476,-1.7345757374102353,2.712522377962836
2015-09-17,developed_equity,0.01961633599355217,0.01961633599355217,4,0.01751807890832424,6.249343943710505,-1.9460689415797907,3.598137386711637
2015-09-17,emerging_equity,0.05076878265234663,0.05076878265234663,4,0.0022105667740106583,0.8916302547254146,-2.944836535302953,1.4366147088923704
2015-09-17,korea_equity,0.07970725217238184,0.07970725217238184,4,0.0012839902192354202,0.25918242359870647,-3.1461094575359887,1.7860998518133235
2015-09-17,short_treasury,0.0022392745412269655,0.0022392745412269655,4,-0.001402711495757103,0.6032192075147113,0.2696507427109118,0.9146293500660136
2015-09-17,treasury_7_10y,0.013403320577869193,0.013403320577869193,4,-0.001788584515452385,-0.13758433968370434,2.1983539487429296,1.1704640700892734
2015-09-18,alternative,0.014692364111132505,0.014692364111132505,4,0.00325888954102993,1.1945574235125969,-2.7062820171063238,1.899226769372374
2015-09-18,corp_bond_ig,0.0063655730216731765,0.0063655730216731765,4,-0.002754220739006996,-2.665799420098847,-1.6070586304121977,2.3193466268298226
2015-09-18,developed_equity,0.037118524697253186,0.037118524697253186,4,0.007478466257452965,3.247592355747787,-2.2186626047929154,2.315119168075431
2015-09-18,emerging_equity,0.07153408329773847,0.07153408329773847,4,0.0010124631226062775,0.4221023212336851,-3.3421458582265426,1.4133050678797183
2015-09-18,korea_equity,0.08641727445040392,0.08641727445040392,4,0.0006152763962745667,-0.0859944417675904,-2.636159970141267,1.7030507442866558
2015-09-18,short_treasury,0.001295801756890702,0.001295801756890702,4,-0.0010722484439611435,0.9772854279371049,0.02514301173397851,1.0205685065255239
2015-09-18,treasury_7_10y,0.007836517574013602,0.007836517574013602,4,-0.0019975323230028152,0.07918024638622552,1.9061689864150848,0.9415660534538526
2015-09-21,alternative,0.0009107328901798439,0.0009107328901798439,4,0.00489388220012188,2.0224902024290756,-2.872664978890451,1.881280212510136
2015-09-21,corp_bond_ig,0.011412758542533652,0.011412758542533652,4,-0.0018119961023330688,-2.1394719242319056,-1.8155997943511035,2.668486205012095
2015-09-21,developed_equity,0.0361233353831496,0.0361233353831496,4,0.010355977341532707,4.323351023840162,-2.2969439478565756,2.8024299353170923
2015-09-21,emerging_equity,0.06248150967574162,0.06248150967574162,4,-0.00011742673814296722,0.07593120663971399,-3.349758175065176,1.4658668812858437
2015-09-21,korea_equity,0.09511252273558735,0.09511252273558735,4,0.00045851990580558777,-0.00044449443553355044,-2.958843777639868,1.7829505431063755
2015-09-21,short_treasury,0.002239538538515884,0.002239538538515884,4,-0.0014452431350946426,0.8798945515029604,0.3114755304415723,0.9444617083948278
2015-09-21,treasury_7_10y,0.0131356868251713,0.0131356868251713,4,-0.00172463059425354,0.039754699075519505,2.1992492459528945,0.7332253516586609
2015-09-22,alternative,0.019462450828765077,0.019462450828765077,4,0.006303330883383751,2.2632235923033903,-2.4735941232533163,2.0026494890793467
2015-09-22,corp_bond_ig,0.0051652759573459495,0.0051652759573459495,4,-0.00141972117125988,-1.979991780429465,-1.4929335143625007,2.510898911701095
2015-09-22,developed_equity,0.054792445282333624,0.054792445282333624,4,0.007380848750472069,3.263975645395602,-2.3377481153400916,2.4652680649505943
2015-09-22,emerging_equity,0.08237777889305176,0.08237777889305176,4,-0.0011534783989191055,-0.13142366277190018,-3.62078987327495,1.166019600037121
2015-09-22,korea_equity,0.11508422712045929,0.11508422712045929,4,0.00014878623187541962,0.029136008512370436,-3.0524607004507036,1.7666016949271859
2015-09-22,short_treasury,0.0010602422892245222,0.0010602422892245222,4,-0.00215349905192852,1.0042520648389266,0.13761363486981704,0.9307000475314362
2015-09-22,treasury_7_10y,0.0046680981901858765,0.0046680981901858765,4,-0.0012462437152862549,0.4709787382565481,2.2477660016231606,0.991225057113023
2015-09-23,alternative,0.018674136587250034,0.018674136587250034,4,0.005179043859243393,2.087755594700618,-2.926535376138567,2.037471113690274
2015-09-23,corp_bond_ig,0.01076750830762152,0.01076750830762152,4,-0.004598250612616539,-2.594123313339292,-1.720642549575582,2.3666763819938152
2015-09-23,developed_equity,0.04492540501836517,0.04492540501836517,4,0.012516206130385399,4.855738550517681,-2.1637056417802327,3.2232121300390215
2015-09-23,emerging_equity,0.08402323865335215,0.08402323865335215,4,-0.002393813803792,-0.42798842119711583,-3.7130991180045094,1.0198666752349639
2015-09-23,korea_equity,0.11652496340919871,0.11652496340919871,4,0.0009100828319787979,0.1343223764385138,-2.7434698513914757,1.5710450316376348
2015-09-23,short_treasury,0.0017676352203632728,0.0017676352203632728,4,-0.002678779885172844,0.4694000588868776,0.45541086961206073,0.6756377355627887
2015-09-23,treasury_7_10y,0.00925325276129696,0.00925325276129696,4,-0.00023584626615047455,0.7154150031208354,2.5144032687530826,0.9165617221077493
2015-09-24,alternative,0.032863849765258246,0.032863849765258246,4,0.00513201579451561,2.172996826627349,-2.6051141632555592,1.7826423160671552
2015-09-24,corp_bond_ig,0.012746496595979817,0.012746496595979817,4,-0.0025225747376680374,-1.9583925772784148,-1.112890470465971,2.1611293244022205
2015-09-24,developed_equity,0.060438670247013215,0.060438670247013215,4,0.009912623092532158,4.401285546087607,-2.5657847576503534,2.6767168651014206
2015-09-24,emerging_equity,0.11117956497179926,0.11117956497179926,4,-0.0031954292207956314,-0.7334573108903741,-4.1064259536196985,0.8946979083332325
2015-09-24,korea_equity,0.1392537030474954,0.1392537030474954,4,0.001539362594485283,0.35521110648638343,-2.7350254399232337,1.62950434055608
2015-09-24,short_treasury,0.0015310004453099602,0.0015310004453099602,4,-0.0032051559537649155,0.10293420673353244,0.67023161492785,0.47037066780959863
2015-09-24,treasury_7_10y,0.008772699940509998,0.008772699940509998,4,-0.0006838534027338028,0.5015030588645835,2.0547357391217216,0.698955256147011
2015-09-25,alternative,0.043071145530696464,0.043071145530696464,4,0.0077557917684316635,3.126755695624226,-2.8835494103150605,2.1318602652382355
2015-09-25,corp_bond_ig,0.01209400051868803,0.01209400051868803,4,-0.0008089933544397354,-1.1069593833330897,-1.1221413101331803,2.4754015779595746
2015-09-25,developed_equity,0.05905869800696184,0.05905869800696184,4,0.01350603811442852,5.517729106317471,-2.5702293229060196,3.338413278640516
2015-09-25,emerging_equity,0.12006170390274118,0.12006170390274118,4,-0.004661353304982185,-1.1206024192443953,-4.179284760863371,0.6473909987942605
2015-09-25,korea_equity,0.14014992665724257,0.14014992665724257,4,-0.0013422276824712753,-0.5823792839213627,-2.848477928052045,1.257515205110511
2015-09-25,short_treasury,0.0011782546351468692,0.0011782546351468692,4,-0.0017860457301139832,0.5416071719120062,1.005645740175202,0.6169040405381916
2015-09-25,treasury_7_10y,0.005707874938471136,0.005707874938471136,4,-0.0033316481858491898,-0.3104317208620908,2.3911700569952528,0.6752778446400505
2015-09-28,alternative,0.06429946999868652,0.06429946999868652,4,0.010000364854931831,3.5907838500044686,-2.3199357306913875,2.3954276130311953
2015-09-28,corp_bond_ig,0.012159396975178094,0.012159396975178094,4,-0.0006737764924764633,-0.9142072944902924,-0.9018757570885015,2.064564405548861
2015-09-28,developed_equity,0.09580012576105368,0.09580012576105368,4,0.011446217074990273,5.033086393525646,-2.923801989297185,2.9982807425860156
2015-09-28,emerging_equity,0.13402712465170286,0.13402712465170286,4,-0.004085458815097809,-1.1117555509938848,-4.189214109451681,1.018953976788943
2015-09-28,korea_equity,0.1625930212524449,0.1625930212524449,4,-0.001605309545993805,-0.5487096667047094,-3.0278096361870954,1.2139260391698843
2015-09-28,short_treasury,0.000470986876057955,0.000470986876057955,4,-0.0016205757856369019,0.471875899007758,0.8601437773484341,0.7155744347925521
2015-09-28,treasury_7_10y,0.0026051244003690854,0.0026051244003690854,4,-0.003901660442352295,-0.29926446970493364,2.4885774156474567,0.46963075959483375
2015-09-29,alternative,0.0680933831925632,0.0680933831925632,4,0.006307749077677727,2.5492509458290544,-2.639844231115184,2.166660615280093
2015-09-29,corp_bond_ig,0.011110161990752099,0.011110161990752099,4,-0.0037096627056598663,-1.6704487488973327,-1.3937095990634882,1.941462822443729
2015-09-29,developed_equity,0.09781607103527556,0.09781607103527556,4,0.014666134491562843,5.970851111454737,-2.688782343191549,3.3500175378529398
2015-09-29,emerging_equity,0.11581916371684176,0.11581916371684176,4,-0.00253945030272007,-0.6289619034165461,-4.1336945958748,1.2772829612713188
2015-09-29,korea_equity,0.15778246205596402,0.15778246205596402,4,-0.0008100848644971848,-0.5278872803091271,-2.8094313420719716,1.332107189305532
2015-09-29,short_treasury,0.00035305141656949424,0.00035305141656949424,4,-0.003560425713658333,-0.24437636677561383,0.9473380514119887,0.2954106848658217
2015-09-29,treasury_7_10y,0.001668987554218404,0.001668987554218404,4,-0.0017507057636976242,0.2101285403197853,2.489693815767866,0.18524672325870487
2015-09-30,alternative,0.05047621954055059,0.05047621954055059,4,0.006698032841086388,2.6746356632053376,-2.3474638441685416,1.9548420098858101
2015-09-30,corp_bond_ig,0.007321958224906666,0.007321958224906666,4,-0.0020922143012285233,-1.0503725272224003,-1.1753367531460492,1.93629149724356
2015-09-30,developed_equity,0.07173882217088212,0.07173882217088212,4,0.009761234745383263,4.705800053140607,-2.7936650020684164,2.472119893161638
2015-09-30,emerging_equity,0.07199514027566378,0.07199514027566378,4,-0.004417017102241516,-1.2277320906828917,-4.092007283897843,1.0484238515946116
2015-09-30,korea_equity,0.10393603570519172,0.10393603570519172,4,0.0005765501409769058,-0.12155182443108604,-2.662887762528313,1.581279220599549
2015-09-30,short_treasury,-0.001176591088769996,-0.001176591088769996,4,-0.003892144188284874,-0.48621430671535876,0.6665123867955858,0.36828980332806127
2015-09-30,treasury_7_10y,-0.003708181289460377,-0.003708181289460377,4,-0.002851877361536026,-0.3018149764920958,2.398195296151046,0.11010658853326596
2015-10-01,alternative,0.03875234740886868,0.03875234740886868,4,0.008697370067238808,3.430648828836036,-2.39384285871394,2.2446960412398127
2015-10-01,corp_bond_ig,0.0033699073562247772,0.0033699073562247772,4,0.0005005467683076859,-0.10415748800142581,-1.2008362607376928,2.6897295080574666
2015-10-01,developed_equity,0.07855753188922443,0.07855753188922443,4,0.011065168306231499,5.419319044988622,-3.3288931745785133,2.8840592054790735
2015-10-01,emerging_equity,0.056128711778086426,0.056128711778086426,4,-0.006160026416182518,-1.681547152002808,-4.189745541544666,0.837978011489366
2015-10-01,korea_equity,0.08572004524086152,0.08572004524086152,4,-8.762255311012268e-05,-0.2526264358553685,-2.745069746987803,1.5227444149493643
2015-10-01,short_treasury,-0.0014125382165770528,-0.0014125382165770528,4,-0.0005892012268304825,0.6574686953649312,0.8595836694789524,0.7445296870284288
2015-10-01,treasury_7_10y,-0.009091783547729881,-0.009091783547729881,4,-0.0030248742550611496,-0.7020436280838717,2.226667143976431,-0.019465207835521053
2015-10-02,alternative,0.0213953772256541,0.0213953772256541,4,0.007251070812344551,2.9396834256326176,-2.09162806137817,1.8204924034264502
2015-10-02,corp_bond_ig,0.001548522956674292,0.001548522956674292,4,0.00231255404651165,0.48932545680619605,-0.6609768631130939,2.277072136876518
2015-10-02,developed_equity,0.06011570813790357,0.06011570813790357,4,0.010587295517325401,5.303872484877472,-3.4007104399979537,2.8082462332935583
2015-10-02,emerging_equity,0.030437316035830664,0.030437316035830664,4,-0.004135612398386002,-1.2928988735053322,-4.197493172878676,1.3933142464563897
2015-10-02,korea_equity,0.08607951666787295,0.08607951666787295,4,-0.00029733218252658844,-0.4885656166896425,-2.597098166125792,1.8923194666799616
2015-10-02,short_treasury,-0.00282118096427042,-0.00282118096427042,4,-0.003432268276810646,-1.177524661146262,0.23746437540346685,1.8001116288706969
2015-10-02,treasury_7_10y,-0.011910266315253937,-0.011910266315253937,4,-0.0044929515570402145,-1.1096083632916687,1.9139547832229595,0.149470643735121
2015-10-05,alternative,0.021998181113157322,0.021998181113157322,4,0.007323501631617546,3.0806465803553578,-2.3641259397528875,2.016051521449537
2015-10-05,corp_bond_ig,-0.0029328384921083472,-0.0029328384921083472,4,-0.0011086910963058472,-0.27953793905104524,-0.49458643793452844,1.5871745645164999
2015-10-05,developed_equity,0.03955544428972235,0.03955544428972235,4,0.014349376782774925,6.445489414649375,-3.0517406612336684,3.238234153388777
2015-10-05,emerging_equity,0.02863759581157943,0.02863759581157943,4,-0.00203789584338665,-0.47919310514837543,-3.7093065943637518,1.6250063372721755
2015-10-05,korea_equity,0.08321911152137185,0.08321911152137185,4,0.001043645665049553,0.07661310172065113,-2.1370501299092446,1.996368347641214
2015-10-05,short_treasury,-0.003176147108292615,-0.003176147108292615,4,-0.0038797948509454727,-1.5751325052461613,0.7452981288429492,1.0972536259568664
2015-10-05,treasury_7_10y,-0.010769622528778555,-0.010769622528778555,4,-0.0030453260987997055,-0.61139225513486,1.8784051149255707,-0.2226085202068059
2015-10-06,alternative,0.01828153539400912,0.01828153539400912,4,0.009505575522780418,2.944339899902091,-1.6509850838602815,2.259016811440506
2015-10-06,corp_bond_ig,-0.004820981149563752,-0.004820981149563752,4,0.0006834790110588074,0.4383053973656525,0.014004398468801277,1.5472648852233901
2015-10-06,developed_equity,0.04499422000537101,0.04499422000537101,4,0.012938713654875755,5.557680475474643,-2.4303459657413407,2.8891976084507442
2015-10-06,emerging_equity,0.044045219695511895,0.044045219695511895,4,-0.004613390192389488,-1.425020687121972,-3.407346642627088,1.164679235866356
2015-10-06,korea_equity,0.10088320535192663,0.10088320535192663,4,0.0026256274431943893,0.2532810892112521,-1.5079510000375407,2.4498872539932304
2015-10-06,short_treasury,-0.003176431094898846,-0.003176431094898846,4,-0.0024439264088869095,-1.2905689893185335,0.41546186007876607,1.3845423215680486
2015-10-06,treasury_7_10y,-0.01538037299560513,-0.01538037299560513,4,-0.004698971286416054,-1.0067255753999256,1.1316507434039202,0.3051574811819228
2015-10-07,alternative,0.0,0.0,4,0.010508941486477852,3.505358596302787,-1.705499081500277,2.427918426872059
2015-10-07,corp_bond_ig,-0.00943637708673628,-0.00943637708673628,4,0.0013816487044095993,0.4339434391434575,-0.0068845179060546,1.7760055102639971
2015-10-07,developed_equity,0.031985021349610454,0.031985021349610454,4,0.016340380534529686,6.652396192861011,-2.5131021869683297,3.2649952941820275
2015-10-07,emerging_equity,0.008749685876963786,0.008749685876963786,4,-0.002778204157948494,-0.7857536533360248,-2.710291547469245,1.652539541608996
2015-10-07,korea_equity,0.05334347775814985,0.05334347775814985,4,0.0047369226813316345,1.1311579424756373,-0.7707234325523582,2.541018603982296
2015-10-07,short_treasury,-0.004000987924854149,-0.004000987924854149,4,-0.0035926084965467453,-1.9544761276957128,0.4631044177808373,1.3968903661662946
2015-10-07,treasury_7_10y,-0.0139327507800181,-0.0139327507800181,4,-0.0008633621037006378,-0.30098841267413945,1.421191971043487,0.6426978086492565
2015-10-08,alternative,-0.004492362859751964,-0.004492362859751964,4,0.01131272129714489,3.4924476952799317,-1.0244491836708818,2.066716662423115
2015-10-08,corp_bond_ig,-0.005253644019851844,-0.005253644019851844,4,0.001607762649655342,0.6233571389194895,0.693590499063788,1.0738689425015375
2015-10-08,developed_equity,0.034225967735626694,0.034225967735626694,4,0.015260724350810051,6.1478199801374025,-1.8581403724534225,2.8857653569538435
2015-10-08,emerging_equity,-0.00027931124956415143,-0.00027931124956415143,4,-0.0005968641489744186,-0.2282800701674934,-2.3329571504503974,2.272904413571858
2015-10-08,korea_equity,0.04422604723750245,0.04422604723750245,4,0.004119222983717918,0.6093723629628808,-0.6509564602480943,2.7231700582938427
2015-10-08,short_treasury,-0.0037664747913432883,-0.0037664747913432883,4,-0.0038199592381715775,-2.0974234772092992,0.46438971229986364,1.5518173637265569
2015-10-08,treasury_7_10y,-0.012013419151826854,-0.012013419151826854,4,-0.0016676541417837143,-0.4697012816044276,1.6801391465845243,0.7694791690634262
2015-10-09,alternative,0.0,0.0,4,0.011177083477377892,3.694652652868811,-1.6007699731626988,2.2195137688668263
2015-10-09,corp_bond_ig,-0.012138460895807501,-0.012138460895807501,4,-0.0017531272023916245,-0.09591447244265121,0.5809248575773305,0.6150360244424655
2015-10-09,developed_equity,0.025135707235209415,0.025135707235209415,4,0.01588086597621441,6.375130031293406,-2.2215437088572485,3.0658094789217314
2015-10-09,emerging_equity,-0.01780744057048511,-0.01780744057048511,4,-0.00015827268362045288,-0.06845144956471298,-2.0588545186741687,1.8025183753850438
2015-10-09,korea_equity,0.014984065296986149,0.014984065296986149,4,0.006177293136715889,1.4883894434641254,-0.29474824693579904,2.714589111195412
2015-10-09,short_treasury,-0.004708115939139779,-0.004708115939139779,4,-0.0062559824436903,-3.0576843150142303,0.7209473752477583,1.0016760391516955
2015-10-09,treasury_7_10y,-0.01926656410821559,-0.01926656410821559,4,0.00070999376475811,0.28652546392716854,1.4985065918586054,0.31379144058055003
2015-10-12,alternative,-0.0072398466222427516,-0.0072398466222427516,4,0.009590966627001762,2.850283936738763,-1.22810095769139,1.77005377459262
2015-10-12,corp_bond_ig,-0.017748433023850763,-0.017748433023850763,4,0.0009400490671396255,1.0464006579871983,1.4790293199633153,-0.06765347444811379
2015-10-12,developed_equity,0.014859279143737414,0.014859279143737414,4,0.012388063594698906,5.218511778407227,-1.9561882611717494,2.3027716274053676
2015-10-12,emerging_equity,-0.03504345568170686,-0.03504345568170686,4,-0.0019814781844615936,-0.3982284231903222,-2.099250592834766,1.6688403167709451
2015-10-12,korea_equity,-0.002067997715627934,-0.002067997715627934,4,0.005361512303352356,1.3094046357523548,0.1869794656422391,2.5591623370636913
2015-10-12,short_treasury,-0.00470922432754628,-0.00470922432754628,4,-0.004874128848314285,-2.6660289114656965,0.9618103704159077,1.1595165933016007
2015-10-12,treasury_7_10y,-0.024211507759405393,-0.024211507759405393,4,-0.002187492325901985,-0.5338788505333896,1.583174586559575,0.017369016822408073
2015-10-13,alternative,0.0018315438024374409,0.0018315438024374409,4,0.011026432737708092,3.52554883659246,-1.6899752264654757,2.393320782959241
2015-10-13,corp_bond_ig,-0.014501479561779163,-0.014501479561779163,4,2.8701499104499817e-05,0.7873821472698935,1.5096967660939808,-0.2924099479921799
2015-10-13,developed_equity,0.026687802687039408,0.026687802687039408,4,0.012443995103240013,5.557463476447083,-2.4724765371049635,2.3318744429743576
2015-10-13,emerging_equity,-0.023368472250170247,-0.023368472250170247,4,-0.0018551573157310486,-0.2573160595419523,-1.7086452777476286,1.367618265161365
2015-10-13,korea_equity,0.0013323124020641064,0.0013323124020641064,4,0.006313720718026161,1.4032205923897099,0.3045296674517946,2.4533029494374743
2015-10-13,short_treasury,-0.004589847993946017,-0.004589847993946017,4,-0.005600119009613991,-2.8787238884925213,1.1347670490459167,0.8825322826789783
2015-10-13,treasury_7_10y,-0.023262299358063232,-0.023262299358063232,4,-0.0005718059837818146,-0.3010674711212934,1.7182567491366878,-0.08602873105957384
2015-10-14,alternative,0.0018332225520989454,0.0018332225520989454,4,0.01020331121981144,3.2386604860636323,-1.1198686253324994,1.784269082405684
2015-10-14,corp_bond_ig,-0.018461569761618613,-0.018461569761618613,4,0.002918340265750885,1.7889252761166925,1.5399230753722406,0.2410174107919201
2015-10-14,developed_equity,0.022142246133142196,0.022142246133142196,4,0.010843964293599129,4.6919935024475175,-1.780815516825667,1.8319676782445382
2015-10-14,emerging_equity,-0.02884616629404324,-0.02884616629404324,4,0.0011672303080558777,0.4180276862958692,-1.2066514277022236,2.1891130939225154
2015-10-14,korea_equity,-0.0041430774449658925,-0.0041430774449658925,4,0.007017128169536591,1.5536389791341971,0.5330564478860338,2.3584251655816777
2015-10-14,short_treasury,-0.006228684946609442,-0.006228684946609442,4,-0.0026247743517160416,-1.8314271445163535,1.3969530576720506,0.9337071920581653
2015-10-14,treasury_7_10y,-0.029034948731719412,-0.029034948731719412,4,-0.005781153216958046,-2.3083520281281715,1.2672434752304162,0.249554564849823
2015-10-15,alternative,-0.021699833263926216,-0.021699833263926216,4,0.008539466187357903,2.9113059727718302,-1.512148869890938,1.7399582791660129
2015-10-15,corp_bond_ig,-0.018383873044784393,-0.018383873044784393,4,0.0006216894835233688,1.296298761312703,1.2135440049733364,0.13779781096897173
2015-10-15,developed_equity,-0.006790258033043117,-0.006790258033043117,4,0.01114150695502758,4.95119507310554,-2.0206077598697894,1.9630262404422758
2015-10-15,emerging_equity,-0.06101609123929841,-0.06101609123929841,4,-0.0019015781581401825,-0.43198999535341837,-1.570986846321247,1.6566622517407517
2015-10-15,korea_equity,-0.042315467426894626,-0.042315467426894626,4,0.006197771057486534,1.4355385337309805,0.5711372918778003,2.1020183748167254
2015-10-15,short_treasury,-0.005291681241675006,-0.005291681241675006,4,-0.004761630669236183,-2.5351103484417665,1.3520838812947311,0.6901587865467351
2015-10-15,treasury_7_10y,-0.025157243355592884,-0.025157243355592884,4,-0.005764046683907509,-2.281797256760957,1.4705691769186104,0.20393315768977852
2015-10-16,alternative,-0.033484135278209815,-0.033484135278209815,4,0.009313752874732018,2.890468512589962,-0.9711890021441236,1.5978742705577613
2015-10-16,corp_bond_ig,-0.015813304623488733,-0.015813304623488733,4,0.0027863923460245132,1.8620585467804374,1.3135100695127826,0.31243042246213926
2015-10-16,developed_equity,-0.01372190107797977,-0.01372190107797977,4,0.007861336693167686,3.731172481283557,-1.8322228730643473,1.4994753707347488
2015-10-16,emerging_equity,-0.07475859543372843,-0.07475859543372843,4,-8.294358849525452e-05,0.1348080483865939,-1.0787518331413104,1.942806931245803
2015-10-16,korea_equity,-0.05615914149576451,-0.05615914149576451,4,0.004661703482270241,1.012444247355073,0.42510008360327695,2.0877252934085884
2015-10-16,short_treasury,-0.003999956916360348,-0.003999956916360348,4,-0.004254480823874474,-2.384877033849058,1.5410351931486819,0.7760723151878114
2015-10-16,treasury_7_10y,-0.020642374828633625,-0.020642374828633625,4,-0.007062356919050217,-2.874642539910154,0.6391172347493304,0.22327877289498435
2015-10-19,alternative,-0.010919058789586655,-0.010919058789586655,4,0.008035926148295403,2.576346811055064,-1.5151606511779354,1.912144121205592
2015-10-19,corp_bond_ig,-0.015558212024246343,-0.015558212024246343,4,0.0009002313017845154,1.2215111744016467,1.4391406632115378,0.23671647254012113
2015-10-19,developed_equity,0.0031179312402955794,0.0031179312402955794,4,0.008870089426636696,4.196789950707501,-2.2430135511308684,1.6730771045133106
2015-10-19,emerging_equity,-0.04710151591684508,-0.04710151591684508,4,-0.0005937665700912476,-0.05543047869970117,-0.8645412319512179,1.7305766241887384
2015-10-19,korea_equity,-0.04166666666666663,-0.04166666666666663,4,0.006129175424575806,1.5794867614190171,0.4147901149553508,2.025374883935277
2015-10-19,short_treasury,-0.0043513480242174385,-0.0043513480242174385,4,-0.008097773417830467,-3.6878195799479334,1.7620881182897068,0.7471137134577057
2015-10-19,treasury_7_10y,-0.018892395370502357,-0.018892395370502357,4,-0.0056676436215639114,-2.492394624713805,0.84813689402654,0.28143475033612914
2015-10-20,alternative,-0.020909118652343905,-0.020909118652343905,4,0.009901357814669609,3.145982873877142,-1.235821038114708,1.6986898755597448
2015-10-20,corp_bond_ig,-0.012675602345457393,-0.012675602345457393,4,0.0014725644141435623,1.0042287141407713,1.504748759793797,0.10168283791924485
2015-10-20,developed_equity,0.002972386127914506,0.002972386127914506,4,0.00675906240940094,3.301533441700225,-1.816905517493144,1.3196725846164374
2015-10-20,emerging_equity,-0.049623608371915484,-0.049623608371915484,4,-0.0009224563837051392,-0.28413494518023596,-0.7311830955034653,2.067770852177794
2015-10-20,korea_equity,-0.05178764551267223,-0.05178764551267223,4,0.006641685962677002,1.6404757437511017,0.4921772606521038,2.250645970709389
2015-10-20,short_treasury,-0.0041186878052419384,-0.0041186878052419384,4,-0.005685163661837578,-2.8880630337083364,1.6647684788520367,0.7176942642263702
2015-10-20,treasury_7_10y,-0.01579775986060772,-0.01579775986060772,4,-0.0061881691217422485,-2.5824718156218975,1.0617273809484902,0.27005462293524285
2015-10-21,alternative,-0.0027497289327134133,-0.0027497289327134133,4,0.00827912800014019,2.864314581450017,-1.5461840913265974,1.5214427877368852
2015-10-21,corp_bond_ig,-0.01730014353717302,-0.01730014353717302,4,-0.0007192138582468033,0.12829525288526886,1.0013149494473734,1.1758108361610893
2015-10-21,developed_equity,0.02156826825826519,0.02156826825826519,4,0.00678626075387001,3.2190765084522073,-1.8212498400763875,1.3577986491782652
2015-10-21,emerging_equity,-0.025176787215421936,-0.025176787215421936,4,-0.0011469833552837372,-0.5394387540474775,-0.49806909634463786,1.9131783132192657
2015-10-21,korea_equity,-0.03379758117725573,-0.03379758117725573,4,0.006663002073764801,1.6777535963107624,0.6448333262120474,1.8839192699232654
2015-10-21,short_treasury,-0.004823004961843624,-0.004823004961843624,4,-0.00787576474249363,-3.3697943995903015,1.5035980231936665,0.275390062583824
2015-10-21,treasury_7_10y,-0.01963329024517857,-0.01963329024517857,4,-0.004075868055224419,-1.8775186361911889,1.2778228374244713,0.17717735898331557
2015-10-22,alternative,-0.010909063165838062,-0.010909063165838062,4,0.010315345600247383,3.295863290222791,-1.262908735030798,1.4011350490006402
2015-10-22,corp_bond_ig,-0.01649795792524067,-0.01649795792524067,4,-0.001769116148352623,-0.2616345038993979,0.8266397291817269,1.7967126204295973
2015-10-22,developed_equity,0.0068956587390820445,0.0068956587390820445,4,0.008714584633708,3.4528069355223723,-1.6147313724177261,1.4844764020772068
2015-10-22,emerging_equity,-0.036308240210882525,-0.036308240210882525,4,0.0003971066325902939,0.07093654413855484,-0.189020037080011,2.080604635622886
2015-10-22,korea_equity,-0.03238793061927925,-0.03238793061927925,4,0.007266724482178688,1.5547545652554824,0.7319765935670125,2.180925913920804
2015-10-22,short_treasury,-0.005409208366890628,-0.005409208366890628,4,-0.005141319707036018,-2.5354098808053616,1.6931168703936614,0.2991591541203354
2015-10-22,treasury_7_10y,-0.018503099896016062,-0.018503099896016062,4,-0.0030295494943857193,-1.409128479568473,1.455919151489643,0.3292815470749747
2015-10-23,alternative,-0.024237024601920676,-0.024237024601920676,4,0.008967546746134758,3.110713072342017,-1.436012279317965,1.3495850631316721
2015-10-23,corp_bond_ig,-0.013059118819285565,-0.013059118819285565,4,-0.0029179565608501434,-0.5544426062649508,0.9580288384418508,1.8237906426388892
2015-10-23,developed_equity,0.003913330081821709,0.003913330081821709,4,0.007085075601935387,3.0572585709954563,-1.8820896117448298,1.3412818147386627
2015-10-23,emerging_equity,-0.03224034042782209,-0.03224034042782209,4,-0.002062356099486351,-0.8255287485522802,-0.4401225577655978,1.635830977727969
2015-10-23,korea_equity,-0.029223716422303037,-0.029223716422303037,4,0.0077129993587732315,1.5052657177353648,0.6378850222697511,2.0503080166670546
2015-10-23,short_treasury,-0.004589847993946017,-0.004589847993946017,4,-0.007469154894351959,-3.111118305145931,1.7038023975258791,-0.05409571483425854
2015-10-23,treasury_7_10y,-0.01423526573227163,-0.01423526573227163,4,-0.0022617392241954803,-0.8997285248682922,1.4877259588119498,0.18328687486033912
2015-10-26,alternative,-0.020739432102001354,-0.020739432102001354,4,0.015449395403265953,4.675668120365934,-0.6454607535799506,1.780383891893171
2015-10-26,corp_bond_ig,-0.014484148742053504,-0.014484148742053504,4,-0.0013492535799741745,0.10293703612839848,1.2230025512928047,1.7252228836945116
2015-10-26,developed_equity,-0.0013987757323989936,-0.0013987757323989936,4,0.011874159798026085,4.475531704551836,-1.0650631449486598,1.3888591918315476
2015-10-26,emerging_equity,-0.032536101188348265,-0.032536101188348265,4,-0.0003401804715394974,-0.5129472882836993,-0.19372053444666357,2.091627806411309
2015-10-26,korea_equity,-0.030530200372027028,-0.030530200372027028,4,0.010174563154578209,2.2148273884743817,1.1042855130987903,1.8934224133852173
2015-10-26,short_treasury,-0.004707561729226484,-0.004707561729226484,4,-0.0057081375271081924,-2.1179595802431535,1.3683545289215366,-0.27204271287634824
2015-10-26,treasury_7_10y,-0.015497455133943183,-0.015497455133943183,4,-0.005080364644527435,-1.3170379720339092,1.470833982994211,-0.10444703286437493
2015-10-27,alternative,-0.012750468915915913,-0.012750468915915913,4,0.013905676081776619,4.532803210126619,-0.9862080517894152,1.5309171345853179
2015-10-27,corp_bond_ig,-0.014395250591489273,-0.014395250591489273,4,-0.0010237973183393478,0.12388928703526465,0.9500695637093899,2.071963904432506
2015-10-27,developed_equity,0.004623169567842478,0.004623169567842478,4,0.013116208836436272,4.778192766575339,-1.1941737677384123,1.377486485452078
2015-10-27,emerging_equity,-0.016314993777912123,-0.016314993777912123,4,0.0017811525613069534,-0.05540161217988163,0.17490651698391477,2.0080567316415103
2015-10-27,korea_equity,-0.010497232096371434,-0.010497232096371434,4,0.009502680972218513,1.8154091453025298,0.9379122494161917,1.6497962492964462
2015-10-27,short_treasury,-0.005058827119715059,-0.005058827119715059,4,-0.00900653749704361,-3.1655421405878403,1.2858129733011994,-0.1998856273530638
2015-10-27,treasury_7_10y,-0.017032272134425486,-0.017032272134425486,4,-0.006986839696764946,-1.871414227701269,1.3962492056105515,0.025145651398711805
2015-10-28,alternative,-0.011786065419669978,-0.011786065419669978,4,0.01518663577735424,5.021784176535343,-0.8154725424955607,1.154848630721582
2015-10-28,corp_bond_ig,-0.009577584429615538,-0.009577584429615538,4,-0.0024745184928178787,-0.34481416433805473,1.565937790130859,1.6998457576703283
2015-10-28,developed_equity,0.0018167256462808812,0.0018167256462808812,4,0.013314271345734596,5.0767311355072335,-1.0107054444763484,0.9773852743568634
2015-10-28,emerging_equity,-0.012521304335554428,-0.012521304335554428,4,0.0020296089351177216,0.11184460987375684,0.502316020253673,1.7189341968544014
2015-10-28,korea_equity,-0.0022283924844014313,-0.0022283924844014313,4,0.009362449869513512,1.7822427199215598,1.5052770580594148,1.0337057868195123
2015-10-28,short_treasury,-0.0036517559291153745,-0.0036517559291153745,4,-0.00563933327794075,-2.1607193740456845,1.5632988986963572,0.044382359091089674
2015-10-28,treasury_7_10y,-0.011352016440361767,-0.011352016440361767,4,-0.004922367632389069,-1.2459506155368623,1.6869812677266525,0.2969627797467387
2015-10-29,alternative,-0.008189276736879525,-0.008189276736879525,4,0.011587833985686302,4.368059605300349,-1.5879484612322654,1.0024143543867274
2015-10-29,corp_bond_ig,-0.0022390813820243327,-0.0022390813820243327,4,-0.0011196229606866837,0.06782305721033098,1.6166132659093586,1.9403257493570254
2015-10-29,developed_equity,-0.00846282734261461,-0.00846282734261461,4,0.014440296217799187,5.7486540615042205,-1.6781469745176973,1.3807051849679142
2015-10-29,emerging_equity,-0.024992896071804438,-0.024992896071804438,4,0.004076080396771431,0.6025798770873637,0.8316614299034273,1.5152459108970413
2015-10-29,korea_equity,-0.007802377286940332,-0.007802377286940332,4,0.011574270203709602,2.3869953673846767,1.2951213367149375,1.202155557854033
2015-10-29,short_treasury,-0.0027113444768239736,-0.0027113444768239736,4,-0.006164489313960075,-1.9887885148479298,1.6946635590934427,0.16378837670334276
2015-10-29,treasury_7_10y,-0.004213060186574191,-0.004213060186574191,4,-0.003185184672474861,-0.5794685915829877,1.574552336898705,0.5343912355743814
2015-10-30,alternative,-0.0018215352648254246,-0.0018215352648254246,4,0.016738569363951683,5.596988813401062,-1.403213685525675,1.569612220532937
2015-10-30,corp_bond_ig,-0.004380643487864155,-0.004380643487864155,4,-0.0015085022896528244,0.2168967048919618,1.9386427534715718,1.580723720666674
2015-10-30,developed_equity,0.002800400206726561,0.002800400206726561,4,0.014535034075379372,5.653914074839976,-1.3884833436596136,1.2411503052131956
2015-10-30,emerging_equity,-0.025236515066632492,-0.025236515066632492,4,0.0040482040494680405,0.5411556922005633,0.8643954724202421,1.595038417124588
2015-10-30,korea_equity,-0.028687041975909322,-0.028687041975909322,4,0.013002356514334679,2.784998070478613,1.3815058228925936,1.2861184113109645
2015-10-30,short_treasury,-0.0030649785526148943,-0.0030649785526148943,4,-0.004984850063920021,-1.2219128297966024,1.6400662419369458,0.029333664887070805
2015-10-30,treasury_7_10y,-0.005793264218231231,-0.005793264218231231,4,-0.0031136367470026016,-0.40393067101925134,1.6290992698873084,0.4944258596538915
2015-11-02,alternative,-0.015246609401275202,-0.015246609401275202,4,0.011975729838013649,4.3452402233221985,-1.7210104797368169,0.9697499104565941
2015-11-02,corp_bond_ig,0.007440095489211984,0.007440095489211984,4,0.0012645181268453598,0.9240981518563869,1.746255923011858,1.5178475153346243
2015-11-02,developed_equity,0.0006942844171660134,0.0006942844171660134,4,0.016422724351286888,6.048265506590034,-1.4106295799419823,1.7015293748249498
2015-11-02,emerging_equity,-0.03683918230315231,-0.03683918230315231,4,0.004271246492862701,0.5851494414057312,0.7096336360553285,1.4804263531424147
2015-11-02,korea_equity,-0.02856106335997044,-0.02856106335997044,4,0.011465469375252724,2.0071514681402425,1.160105252073042,1.4140220116522653
2015-11-02,short_treasury,-0.0018880816231794384,-0.0018880816231794384,4,-0.0051320455968379974,-0.9106320400835276,1.5088409785388919,-0.025152103033702355
2015-11-02,treasury_7_10y,0.0023463162162329354,0.0023463162162329354,4,-0.004501450806856155,-0.8098835910596173,1.8709268134331918,0.1889945656966051
2015-11-03,alternative,-0.017953321118540422,-0.017953321118540422,4,0.016823770478367805,5.564530757245176,-1.131216110006825,1.4260264096680482
2015-11-03,corp_bond_ig,0.004930793272906797,0.004930793272906797,4,-0.0007806923240423203,0.15107923677248933,2.0751140499697756,1.2338759878093073
2015-11-03,developed_equity,-0.007476130284237437,-0.007476130284237437,4,0.015776390209794044,6.086875014470107,-1.2506706483334753,1.478050444987741
2015-11-03,emerging_equity,-0.06078264504320163,-0.06078264504320163,4,0.006774131208658218,1.5203765184278115,0.792171474839655,1.7642253142816566
2015-11-03,korea_equity,-0.059725413888531254,-0.059725413888531254,4,0.007426632568240166,0.45835630498767505,1.2843891515774981,1.0935269935904746
2015-11-03,short_treasury,-0.0025964972499333827,-0.0025964972499333827,4,-0.004916129633784294,-1.0326153758167365,1.479807991325362,-0.023142465197402956
2015-11-03,treasury_7_10y,0.0021643301420823935,0.0021643301420823935,4,-0.002371339127421379,-0.18894415072625098,1.8466361078375721,0.4248972726193625
2015-11-04,alternative,-0.02160217424699573,-0.02160217424699573,4,0.013142520561814308,4.77563766894067,-1.5681598684721065,1.014979672628227
2015-11-04,corp_bond_ig,-0.0072746510643888485,-0.0072746510643888485,4,-0.0003928299993276596,-0.060835380050172284,2.236826303624619,1.2602942590994577
2015-11-04,developed_equity,-0.013064556662704452,-0.013064556662704452,4,0.015968257561326027,6.076175860204661,-1.3181029810734441,1.5365767456776978
2015-11-04,emerging_equity,-0.05847789743801568,-0.05847789743801568,4,0.0064652785658836365,1.4559443495134528,1.0472425818712188,1.592469526690243
2015-11-04,korea_equity,-0.056429782870664136,-0.056429782870664136,4,0.0055046845227479935,-0.3790940711049949,1.315092560480531,0.9072710441844043
2015-11-04,short_treasury,-0.001535884385106323,-0.001535884385106323,4,-0.005505187436938286,-1.1718200234530538,1.9494625988216716,-0.630862372693344
2015-11-04,treasury_7_10y,-0.007347460265488159,-0.007347460265488159,4,-0.002509668469429016,-0.41070124819551856,1.8742955148993643,0.22158918878360337
2015-11-05,alternative,-0.016245514460112243,-0.016245514460112243,4,0.019661767408251762,6.3315990799555015,-0.8010705330471813,1.7271963233556702
2015-11-05,corp_bond_ig,-0.0021645021645021467,-0.0021645021645021467,4,0.0009813327342271805,0.3989605631843371,2.3477531467403034,1.0196485348232678
2015-11-05,developed_equity,-0.00207700807731237,-0.00207700807731237,4,0.016596319153904915,6.5372886855006564,-0.7079892638469255,0.9892809076036098
2015-11-05,emerging_equity,-0.05363123491236588,-0.05363123491236588,4,0.006725102663040161,1.4150313454118983,1.1334274751474094,1.4981230900727498
2015-11-05,korea_equity,-0.05339367896722991,-0.05339367896722991,4,0.006168866530060768,-0.10707919416289456,1.2836496351597075,0.9532113545735381
2015-11-05,short_treasury,-0.0012996291486860878,-0.0012996291486860878,4,-0.005394021049141884,-1.1522504540632648,2.105999523181457,-1.109603016654163
2015-11-05,treasury_7_10y,-0.003016304136773118,-0.003016304136773118,4,-0.0043061263859272,-0.9836176344675315,1.9196195276637114,0.179741816694309
2015-11-06,alternative,-0.02436827169016842,-0.02436827169016842,4,0.0165813397616148,5.774684196626099,-1.3890899424894634,1.3619524013976165
2015-11-06,corp_bond_ig,0.006100191270084654,0.006100191270084654,4,0.003955645486712456,1.3658117404804868,2.0540854548402425,0.7850798764642344
2015-11-06,developed_equity,-0.0036222087023141114,-0.0036222087023141114,4,0.020341908559203148,7.641125935037776,-0.6135483918439973,1.62868373797993
2015-11-06,emerging_equity,-0.056090639802552134,-0.056090639802552134,4,0.007443731650710106,1.8123471502136967,1.2904492607544307,1.4788400637934458
2015-11-06,korea_equity,-0.057021594960234956,-0.057021594960234956,4,0.004632545635104179,-0.6084663236163215,1.2635376749090168,0.6467938298808302
2015-11-06,short_treasury,-0.00047304773749112794,-0.00047304773749112794,4,-0.0022986996918916702,-0.5279018231194365,1.5745659933599336,-1.7088478968143783
2015-11-06,treasury_7_10y,0.007022851328468027,0.007022851328468027,4,-0.003943214192986488,-0.7425793643850686,2.4782968447022102,-0.44898616612944126
2015-11-09,alternative,-0.02643567891667864,-0.02643567891667864,4,0.0200034212321043,6.641767536134192,-1.2855245322493196,1.7314306567129447
2015-11-09,corp_bond_ig,0.006459545294469349,0.006459545294469349,4,0.0038214121013879776,1.7452140364578534,2.057630967844025,0.0656601944248004
2015-11-09,developed_equity,-0.002674960505020141,-0.002674960505020141,4,0.02041495405137539,7.635434978685824,-0.5546400475725468,1.3954981006580933
2015-11-09,emerging_equity,-0.04270765497402418,-0.04270765497402418,4,0.01013237051665783,2.68442597348164,1.400220419683585,1.5880698378350175
2015-11-09,korea_equity,-0.04766395076712204,-0.04766395076712204,4,0.005154229700565338,-0.5404811313249966,1.6659161508728129,0.3022218050280108
2015-11-09,short_treasury,-0.0003548471607760506,-0.0003548471607760506,4,0.002061871811747551,0.6859315360677518,1.6377490467236098,-1.1109434915634235
2015-11-09,treasury_7_10y,0.009316434117253358,0.009316434117253358,4,-0.0017748530954122543,-0.3002414702101001,2.4408992221394996,-0.49286702161403334
2015-11-10,alternative,-0.027422303091013567,-0.027422303091013567,4,0.015515295788645744,5.550986185843518,-1.604148931223104,1.0851283239999965
2015-11-10,corp_bond_ig,0.0036569279453664283,0.0036569279453664283,4,0.0029745884239673615,1.2260949376709445,2.2208898602079103,0.11482274845632337
2015-11-10,developed_equity,-0.010397609706451094,-0.010397609706451094,4,0.02039465121924877,7.753452976834472,-0.6112810894882371,1.4604281014687286
2015-11-10,emerging_equity,-0.046396268787550765,-0.046396268787550765,4,0.010343661531805992,2.9858532933873634,1.2956724875045078,1.6083883910006394
2015-11-10,korea_equity,-0.04257748816726026,-0.04257748816726026,4,0.003845052793622017,-0.9020385329347316,1.696424299894452,0.231763595847973
2015-11-10,short_treasury,-0.0004729358555376484,-0.0004729358555376484,4,0.0007887575775384903,0.4956515129557048,1.5016352219332867,-1.3673359531924743
2015-11-10,treasury_7_10y,0.008919275518076919,0.008919275518076919,4,0.00011328421533107758,0.2928264409479846,2.5331575642068276,-0.4816215874002081
2015-11-11,alternative,-0.026532492634109506,-0.026532492634109506,4,0.01783333532512188,5.8388951070457065,-1.1204369673619048,1.4159168209498763
2015-11-11,corp_bond_ig,0.0013932747057794348,0.0013932747057794348,4,0.003157997503876686,1.36425816919739,2.30183229706753,-0.08172223768330591
2015-11-11,developed_equity,-0.008721270911882795,-0.008721270911882795,4,0.020708514377474785,7.701292341010818,-0.40808229286487935,1.2200264021934806
2015-11-11,emerging_equity,-0.05474668199655075,-0.05474668199655075,4,0.011009091511368752,3.4290083325736553,1.6317743807865186,1.2868729119431668
2015-11-11,korea_equity,-0.04311653834986229,-0.04311653834986229,4,0.004808584228157997,-0.6459136791846207,1.5046330420964704,0.07894937707325325
2015-11-11,short_treasury,-0.0008278109844517267,-0.0008278109844517267,4,0.00286230631172657,1.1541434305727998,1.4523715474413446,-1.3776889331072686
2015-11-11,treasury_7_10y,0.007214753774935412,0.007214753774935412,4,-0.0007467195391654968,-0.053350598239685,2.5641239818727506,-0.4948231447186479
2015-11-12,alternative,-0.04066537911816315,-0.04066537911816315,4,0.015149613842368126,5.042479101341344,-1.2487742688334804,1.1653501926079357
2015-11-12,corp_bond_ig,0.0034842672983559364,0.0034842672983559364,4,0.0035008061677217484,1.4410838113541753,2.4438282888320604,0.16754218089770936
2015-11-12,developed_equity,-0.015382450436372874,-0.015382450436372874,4,0.023675816133618355,8.587350937680363,-0.23801584244370036,1.6608843371693054
2015-11-12,emerging_equity,-0.07233164380708379,-0.07233164380708379,4,0.01074904017150402,3.3755228551934127,1.6232448011179967,1.3168065771914446
2015-11-12,korea_equity,-0.05030599301504701,-0.05030599301504701,4,0.003369443118572235,-0.8692790988608662,1.5728148210440327,-0.30533995228276106
2015-11-12,short_treasury,0.0,0.0,4,-0.00027599558234214783,0.6480430148947209,0.5464855139108571,-2.2997253945739065
2015-11-12,treasury_7_10y,0.014705838708956032,0.014705838708956032,4,-0.0025189612060785294,-0.2529814532594585,2.655668524602464,-0.9235788745142377
2015-11-13,alternative,-0.04119851498268745,-0.04119851498268745,4,0.018390001729130745,5.747513493827282,-1.0116007914698069,1.7884175475493578
2015-11-13,corp_bond_ig,-0.0068612204248315045,-0.0068612204248315045,4,0.0011346954852342606,0.6470814596196858,2.417343283439615,-0.15460864151359618
2015-11-13,developed_equity,-0.0055937949343097815,-0.0055937949343097815,4,0.021977411583065987,8.027366116085645,0.10005717295678071,1.2447737478900363
2015-11-13,emerging_equity,-0.044126401366648804,-0.044126401366648804,4,0.011564148589968681,3.370334784487836,1.8239173606825994,1.276458429366796
2015-11-13,korea_equity,-0.022044426266461303,-0.022044426266461303,4,0.005295192822813988,-0.2075599349699566,1.6193930475029956,-0.36105665398440884
2015-11-13,short_treasury,-0.0020081005313721256,-0.0020081005313721256,4,0.001185040920972824,1.2934477598107745,0.07142623176148291,-2.20692161350599
2015-11-13,treasury_7_10y,0.0034026521736059134,0.0034026521736059134,4,-0.002614179626107216,-0.09686390366930811,2.41540070112408,-1.1496087663192078
2015-11-16,alternative,-0.043238243608048066,-0.043238243608048066,4,0.017173396423459053,5.442946366851144,-1.3451922077620315,1.8095516184762934
2015-11-16,corp_bond_ig,-0.006946882826654788,-0.006946882826654788,4,0.0017549749463796616,0.6622479088401837,2.642221108542214,0.2797158189487003
2015-11-16,developed_equity,-0.011867707719377951,-0.011867707719377951,4,0.024583695456385612,8.720295080605842,-0.1924678541289516,1.8216210367796402
2015-11-16,emerging_equity,-0.04796722595850833,-0.04796722595850833,4,0.009288875386118889,2.883444997473789,1.9613230864520184,0.9392326831366188
2015-11-16,korea_equity,-0.017004851557782308,-0.017004851557782308,4,0.004213714972138405,-0.2688730322058897,1.5838649149823405,-0.642908442423899
2015-11-16,short_treasury,-0.0021261551782373322,-0.0021261551782373322,4,0.0007854271680116653,1.1572786694338368,-0.15739636564357143,-2.439496638545154
2015-11-16,treasury_7_10y,-0.00047199405895292923,-0.00047199405895292923,4,-0.0008353684097528458,0.44938321889429406,2.5488416290494813,-1.0527182763426082
2015-11-17,alternative,-0.01857010266175907,-0.01857010266175907,4,0.02249251864850521,7.657963230465542,0.3200933078649016,3.8224384197672334
2015-11-17,corp_bond_ig,-0.008154080945176667,-0.008154080945176667,4,0.0011184010654687881,0.11314333363590058,2.6407488811271778,-0.22484141785173242
2015-11-17,developed_equity,-0.0011290125651367555,-0.0011290125651367555,4,0.021057358011603355,7.856562935910047,1.4456855504304218,1.7817545016439085
2015-11-17,emerging_equity,-0.026400748660911466,-0.026400748660911466,4,0.00837676040828228,2.1171149169633323,2.406712149830957,1.5008678189964169
2015-11-17,korea_equity,0.014771590092582665,0.014771590092582665,4,-0.0020691771060228348,-2.5652838960420388,2.1357502005587174,0.4350443376225234
2015-11-17,short_treasury,-0.0025994753450108155,-0.0025994753450108155,4,0.0022706855088472366,1.8522511128444077,-0.48769805398279137,-2.5400776787806665
2015-11-17,treasury_7_10y,-0.002832622428330045,-0.002832622428330045,4,0.0014944840222597122,1.0438312681700725,2.223510524282741,-0.7785390365622287
2015-11-18,alternative,-0.03492649765781797,-0.03492649765781797,4,0.02219080738723278,7.781425798259015,0.44685211210972114,3.680229464143471
2015-11-18,corp_bond_ig,-0.007284679175054154,-0.007284679175054154,4,0.0016149990260601044,0.5178053174034207,2.892428239403806,-0.1292060997969212
2015-11-18,developed_equity,-0.021112899576489652,-0.021112899576489652,4,0.022255567833781242,7.409210068264664,2.0953776605750987,1.4523792166894103
2015-11-18,emerging_equity,-0.049332582939778935,-0.049332582939778935,4,0.00931834988296032,2.690473763013529,2.237316402414913,1.2302978199726178
2015-11-18,korea_equity,-0.02191042507004748,-0.02191042507004748,4,-0.0006147623062133789,-1.7982865548635885,1.7398549923089621,0.7713325963636666
2015-11-18,short_treasury,-0.0022458016009283543,-0.0022458016009283543,4,0.003871893510222435,2.513365594731958,-0.6979353114314019,-2.4511677549835604
2015-11-18,treasury_7_10y,0.0017948464038424206,0.0017948464038424206,4,0.0011696573346853256,1.392601783824107,1.905230245320208,-1.1334691871546803
2015-11-19,alternative,-0.04963236557364836,-0.04963236557364836,4,0.01966133527457714,6.892708582891435,0.33113524785011533,3.523464795486454
2015-11-19,corp_bond_ig,-0.010203201812424845,-0.010203201812424845,4,0.0011910069733858109,0.5186176800795995,2.7608864613825883,-0.24242307284253226
2015-11-19,developed_equity,-0.03438164373085584,-0.03438164373085584,4,0.017821600660681725,5.751682276829502,1.8865841499829867,1.5228257485801053
2015-11-19,emerging_equity,-0.06097207086494005,-0.06097207086494005,4,0.007850034162402153,2.1795031751675378,2.012984777399837,1.2198539517805496
2015-11-19,korea_equity,-0.033850243558460336,-0.033850243558460336,4,-0.0007792878895998001,-1.649394080282671,1.8279805075285085,0.4133363715814104
2015-11-19,short_treasury,-0.0007094488849520575,-0.0007094488849520575,4,0.005455058068037033,3.108253814860853,-0.9860423656034351,-2.3358417290554314
2015-11-19,treasury_7_10y,0.0032048635971506645,0.0032048635971506645,4,0.0018735267221927643,1.382208644645287,1.8302358986734302,-0.9910741980334721
2015-11-20,alternative,-0.04047832585109856,-0.04047832585109856,4,0.020588597282767296,7.197132639152107,0.48287619340536686,3.511515546003528
2015-11-20,corp_bond_ig,-0.009340086718961138,-0.009340086718961138,4,0.0008285921066999435,0.6238037906769419,2.7358317202675755,-0.081771577525594
2015-11-20,developed_equity,-0.04441044633284552,-0.04441044633284552,4,0.016491202637553215,5.239092568972773,2.0837704352753663,1.276885756408352
2015-11-20,emerging_equity,-0.0774486756472087,-0.0774486756472087,4,0.006584508344531059,2.01933917433932,1.8512392188673785,0.9554471551131827
2015-11-20,korea_equity,-0.04666045692822929,-0.04666045692822929,4,-0.001684272661805153,-1.8145411162384855,1.9045415811830886,0.555963222740288
2015-11-20,short_treasury,-0.0008276151963680922,-0.0008276151963680922,4,0.003292649984359741,2.7842791180836346,-1.5679021862676956,-2.9072517746096875
2015-11-20,treasury_7_10y,0.005002420235559857,0.005002420235559857,4,0.0007083937525749207,1.1918999633977496,1.8170712159934024,-1.291394701115662
2015-11-23,alternative,-0.03591161676496957,-0.03591161676496957,4,0.020016049966216087,7.0968751349180135,0.4405334207777389,3.4751561682366527
2015-11-23,corp_bond_ig,-0.01097948182908659,-0.01097948182908659,4,0.001792697235941887,0.7447204201143328,2.5815371853096245,-0.24418636406171737
2015-11-23,developed_equity,-0.029135759193693045,-0.029135759193693045,4,0.014487823471426964,4.742974202093521,1.9442474517081678,1.2268221432879953
2015-11-23,emerging_equity,-0.06122451888653391,-0.06122451888653391,4,0.007357964292168617,2.2182480932695197,1.7901083323699816,0.8985902153781321
2015-11-23,korea_equity,-0.035640192969159656,-0.035640192969159656,4,-0.0018582064658403397,-2.0792315944046083,1.9712675966674154,0.32553128984050433
2015-11-23,short_treasury,-0.0009459835797963612,-0.0009459835797963612,4,0.001891300082206726,2.3699761025100603,-1.9298791137401898,-3.2753495909415307
2015-11-23,treasury_7_10y,0.0008483737429729743,0.0008483737429729743,4,0.0012134779244661331,1.2791702024670635,1.425923936413617,-1.4061615054992453
2015-11-24,alternative,-0.014760133317333168,-0.014760133317333168,4,0.01972866617143154,6.9937988400098945,0.45479440738589505,3.370120230821345
2015-11-24,corp_bond_ig,-0.010457169596806537,-0.010457169596806537,4,0.0027964916080236435,1.239008683695977,2.459976529365677,-0.3094164659454319
2015-11-24,developed_equity,-0.01826799017317804,-0.01826799017317804,4,0.015338225290179253,4.692717401433635,1.8069377484307714,1.1511721368116907
2015-11-24,emerging_equity,-0.052902551450959345,-0.052902551450959345,4,0.008816616609692574,2.6576513461121274,1.622135794184843,0.7990451799098817
2015-11-24,korea_equity,-0.04038708705440264,-0.04038708705440264,4,-0.002408059313893318,-2.1492337165344146,2.075237369422349,0.44759308877089504
2015-11-24,short_treasury,-0.0013007048687301292,-0.0013007048687301292,4,0.0013635586947202682,2.4081755016565767,-2.4521627833026867,-3.764939079176739
2015-11-24,treasury_7_10y,-0.0023542705928266683,-0.0023542705928266683,4,-0.0005789678543806076,1.1604325097535624,0.7487600323420502,-2.164136667652929
2015-11-25,alternative,-0.01651378946566817,-0.01651378946566817,4,0.018214328214526176,6.492764467581398,0.5023761144757042,3.056370066374118
2015-11-25,corp_bond_ig,-0.01096526201357928,-0.01096526201357928,4,0.00015196390450000763,0.5803227731129039,2.1523614156624262,-0.9821535770338192
2015-11-25,developed_equity,-0.023573753436366918,-0.023573753436366918,4,0.012522252276539803,3.6755860855155307,1.9816048719130404,0.9784811229391253
2015-11-25,emerging_equity,-0.048991375376426505,-0.048991375376426505,4,0.007521016523241997,2.2342076842718868,1.6596549675928556,0.3421635356810954
2015-11-25,korea_equity,-0.04783174607704921,-0.04783174607704921,4,-0.003429075703024864,-2.232969813601713,2.030891716586016,-0.06379101005245022
2015-11-25,short_treasury,-0.0015370640813200387,-0.0015370640813200387,4,0.0009096115827560425,2.23660102516501,-2.5790190157665984,-3.9481975440114567
2015-11-25,treasury_7_10y,-0.0026352826286765163,-0.0026352826286765163,4,0.0006399247795343399,1.5533292665094136,0.4437902353810073,-2.1537600322043637
2015-11-27,alternative,-0.02568810139227362,-0.02568810139227362,4,0.01795600913465023,6.206069226460905,0.6665822316653081,2.811734849178243
2015-11-27,corp_bond_ig,-0.012515078030412519,-0.012515078030412519,4,6.329268217086792e-05,0.7925048127128405,2.0215794742317135,-0.8609165589809522
2015-11-27,developed_equity,-0.0194487108703979,-0.0194487108703979,4,0.014741560444235802,4.4537205582444885,1.842201132928439,0.8386977778407831
2015-11-27,emerging_equity,-0.03447254614867856,-0.03447254614867856,4,0.008401064202189445,3.0401620076634455,1.3872371705874247,0.2656794919472724
2015-11-27,korea_equity,-0.05317356601201151,-0.05317356601201151,4,-0.004925822839140892,-2.411692476629921,2.1039218532694255,-0.26241044040542233
2015-11-27,short_treasury,-0.002364030163704678,-0.002364030163704678,4,-0.002015717327594757,1.4291807657995976,-2.9251034086433414,-4.395761601660609
2015-11-27,treasury_7_10y,-0.0034787772137906403,-0.0034787772137906403,4,-0.0001901630312204361,1.4698252080606002,0.07482761523167841,-2.515685080757957
2015-11-30,alternative,-0.02737226315480623,-0.02737226315480623,4,0.01772899739444256,5.924690793796079,1.125547206776251,2.487245647672305
2015-11-30,corp_bond_ig,-0.01803126478520134,-0.01803126478520134,4,-0.002042217180132866,-0.23739405043415615,2.1939358716992263,-1.0858865756588776
2015-11-30,developed_equity,-0.011449311133450824,-0.011449311133450824,4,0.012112690135836601,3.3735068089207063,2.0048468459339928,0.44070524854007703
2015-11-30,emerging_equity,-0.03501036724455753,-0.03501036724455753,4,0.008195800706744194,2.9283242062869967,1.279729418663771,0.03402163634188529
2015-11-30,korea_equity,-0.0405149451346577,-0.0405149451346577,4,-0.003491004928946495,-1.9428905022906067,2.036670871462168,-0.4893470855682313
2015-11-30,short_treasury,-0.0022466884485264904,-0.0022466884485264904,4,-0.0022543538361787796,1.3752859482069582,-2.9972482073612183,-4.3542542762007495
2015-11-30,treasury_7_10y,-0.009116552695417002,-0.009116552695417002,4,0.0005055665969848633,1.5744786131612358,-0.1986352211953736,-2.3836773480425686
2015-12-01,alternative,-0.03825140674774763,-0.03825140674774763,4,0.0174225103110075,5.832937881611667,0.9303690352380052,2.4676841079295366
2015-12-01,corp_bond_ig,-0.022584777349431095,-0.022584777349431095,4,-0.0009378697723150253,0.10674482274688558,2.1527056356365386,-0.8862028275504339
2015-12-01,developed_equity,-0.028448452564772575,-0.028448452564772575,4,0.014163834974169731,4.075311606570428,1.8052610113226997,0.7186418739012661
2015-12-01,emerging_equity,-0.05722625064153741,-0.05722625064153741,4,0.006954578682780266,2.77577032752545,1.1908720334274439,-0.2586775981102967
2015-12-01,korea_equity,-0.06810568911609549,-0.06810568911609549,4,-0.0025499816983938217,-1.4329357379942038,2.020479865658304,-0.5996487660987426
2015-12-01,short_treasury,-0.002128166248273722,-0.002128166248273722,4,-0.0012349020689725876,1.7988096859210156,-3.654447918566711,-4.505026986516344
2015-12-01,treasury_7_10y,-0.012453200309461843,-0.012453200309461843,4,-0.0005766823887825012,1.5415176138755873,-1.0814643389363263,-3.081066940222911
2015-12-02,alternative,-0.03839126617053301,-0.03839126617053301,5,-3.155320882797241e-05,0.7118733191292607,-1.6021274491285298,-0.7000278036444859
2015-12-02,corp_bond_ig,-0.01859340678970811,-0.01859340678970811,5,-0.0017642155289649963,-0.6848722323781942,-1.02210699794661,1.0616317564881723
2015-12-02,developed_equity,-0.029153353272562077,-0.029153353272562077,5,-0.001154780387878418,-1.2412735696816275,2.376792681937163,3.1119407782690427
2015-12-02,emerging_equity,-0.048758910119352405,-0.048758910119352405,5,-0.003272339701652527,-2.466371643420749,-0.8209643791774236,0.9894000693735255
2015-12-02,korea_equity,-0.05821015191159795,-0.05821015191159795,5,-0.0027184784412384033,-3.5378331341198286,0.35158029793073753,1.0356109220346488
2015-12-02,short_treasury,-0.001774955887908991,-0.001774955887908991,5,0.0016100704669952393,2.1605064773138527,-1.7786586086466876,1.8110365919423923
2015-12-02,treasury_7_10y,-0.008544635324970629,-0.008544635324970629,5,0.0009089559316635132,1.225407429341072,-0.9123115460005422,0.985743592805759
2015-12-03,alternative,-0.04231829441827295,-0.04231829441827295,5,0.003536909818649292,3.6348568634284057,1.4869743357196563,-0.4600052993024791
2015-12-03,corp_bond_ig,-0.005932132264405809,-0.005932132264405809,5,-0.0019379407167434692,-0.3779523554572708,-1.680626658707356,0.9828411998209138
2015-12-03,developed_equity,-0.03393893239836632,-0.03393893239836632,5,-0.00215032696723938,-1.933478898171908,2.5071759910815854,3.0703617257922597
2015-12-03,emerging_equity,-0.06953943399190987,-0.06953943399190987,5,-0.003413937985897064,-2.4963737540163375,-0.8237561985089272,0.8879932736970777
2015-12-03,korea_equity,-0.07015526118210136,-0.07015526118210136,5,-0.0031421631574630737,-3.578490513135523,0.24448245124633566,0.7141446230187282
2015-12-03,short_treasury,-0.00047332758864282454,-0.00047332758864282454,5,0.0026407092809677124,2.517655687418859,-2.254451701912981,1.6777663608005264
2015-12-03,treasury_7_10y,0.006263082931404984,0.006263082931404984,5,0.0009948015213012695,1.655011794655239,-1.1269379059290363,1.0182138517915809
2015-12-04,alternative,-0.052293549983873255,-0.052293549983873255,5,0.002727687358856201,3.3792078334317868,1.4057533917207918,-0.07481383181161508
2015-12-04,corp_bond_ig,-0.010759200553314696,-0.010759200553314696,5,-0.0018607527017593384,-0.31638290222793436,-1.8271716405835805,0.9237538622464528
2015-12-04,developed_equity,-0.054807783612712546,-0.054807783612712546,5,-0.002292260527610779,-2.301990689184344,2.6239686681295122,3.7819973870740737
2015-12-04,emerging_equity,-0.07378990048797274,-0.07378990048797274,5,-0.0035723745822906494,-2.43468219758039,-0.8684835403363977,0.8305801734016909
2015-12-04,korea_equity,-0.0684512059002208,-0.0684512059002208,5,-0.0026924684643745422,-3.345357515172524,0.2579147620232437,0.6929849586891962
2015-12-04,short_treasury,-0.0013013203825871233,-0.0013013203825871233,5,0.0017058029770851135,2.4049460352593752,-2.430355221449564,1.5533250859350713
2015-12-04,treasury_7_10y,0.002269126413740885,0.002269126413740885,5,0.0007441118359565735,1.686320478592307,-1.7724024799872655,0.9039686139258584
2015-12-07,alternative,-0.056429218873499054,-0.056429218873499054,5,0.0021312981843948364,3.0978540714905414,1.394787056024466,0.03161634084933179
2015-12-07,corp_bond_ig,-0.008575122476732311,-0.008575122476732311,5,-0.00266091525554657,-0.20341907501742557,-2.148595992559891,0.4019354916087049
2015-12-07,developed_equity,-0.05858494139649717,-0.05858494139649717,5,-0.0020730197429656982,-2.4805900624527863,2.5215639489375863,4.288542638324942
2015-12-07,emerging_equity,-0.07623046312852344,-0.07623046312852344,5,-0.004030220210552216,-2.6147223934792376,-1.0818693561197528,0.4899649069498806
2015-12-07,korea_equity,-0.06555770203824274,-0.06555770203824274,5,-0.0035056769847869873,-3.4684768500474115,0.14729340253470902,0.4124649625279165
2015-12-07,short_treasury,-0.0005915218214502804,-0.0005915218214502804,5,0.0019893795251846313,2.737303961691956,-2.474789731595188,1.449248413144324
2015-12-07,treasury_7_10y,0.00508906712299706,0.00508906712299706,5,0.00012937188148498535,1.9281020043121702,-1.9162181975358141,0.5759944132610274
2015-12-08,alternative,-0.0720974190787721,-0.0720974190787721,5,0.002127602696418762,3.4099234911153293,0.8723802125864122,-0.12625374420078272
2015-12-08,corp_bond_ig,-0.006504769992619397,-0.006504769992619397,5,-0.002469196915626526,0.015846527757170513,-2.3905029039887644,0.5287763937734958
2015-12-08,developed_equity,-0.08032178297796266,-0.08032178297796266,5,-0.0015420764684677124,-1.8948559744868296,1.9834184047525851,4.243186260353871
2015-12-08,emerging_equity,-0.0946889458874498,-0.0946889458874498,5,-0.0043506920337677,-2.274985951116664,-1.8461606069980967,0.5408743735834584
2015-12-08,korea_equity,-0.07042527422994993,-0.07042527422994993,5,-0.0027197301387786865,-3.053031737880808,-0.20040196794667003,0.386644274730472
2015-12-08,short_treasury,-0.00011835446666241811,-0.00011835446666241811,5,0.002064943313598633,2.7878821042925024,-2.8561382609803228,1.1115312454991624
2015-12-08,treasury_7_10y,0.006687379643190994,0.006687379643190994,5,0.000702977180480957,2.102700064365872,-2.0971426994222298,0.6308144362775291
2015-12-09,alternative,-0.08176695914351739,-0.08176695914351739,5,0.0019828081130981445,3.421070259256835,0.849907595147448,-0.215067354758316
2015-12-09,corp_bond_ig,-0.005465405324585504,-0.005465405324585504,5,-0.0022623687982559204,0.42576982222982224,-2.9416250852340053,0.33891171509578716
2015-12-09,developed_equity,-0.07979558032415668,-0.07979558032415668,5,-0.0019096657633781433,-2.1934956346672556,2.126979632146909,4.2985108454104894
2015-12-09,emerging_equity,-0.09700122541895706,-0.09700122541895706,5,-0.004039399325847626,-2.3649669176917416,-1.983989671606623,0.6788321878780185
2015-12-09,korea_equity,-0.07226522665944068,-0.07226522665944068,5,-0.0033008158206939697,-3.21097883723128,-0.24833669072150047,0.43905583834698586
2015-12-09,short_treasury,0.00023653469186002418,0.00023653469186002418,5,0.0022001713514328003,2.9417246209975723,-3.0632200680633526,1.1018971442558327
2015-12-09,treasury_7_10y,0.007711837493684204,0.007711837493684204,5,0.00040387362241744995,2.533432954874958,-2.0745194704488186,0.45285794564387466
2015-12-10,alternative,-0.08740604246604111,-0.08740604246604111,5,0.0015594065189361572,3.296542620781365,0.850492491160165,-0.26985966793051863
2015-12-10,corp_bond_ig,-0.006347855277683445,-0.006347855277683445,5,-0.0019467920064926147,0.809628157200427,-3.1088701778514842,0.1013926612148982
2015-12-10,developed_equity,-0.07889878618251389,-0.07889878618251389,5,-0.0022678449749946594,-2.2515316001033128,2.002991119140706,4.1656280867320605
2015-12-10,emerging_equity,-0.09118913025134934,-0.09118913025134934,5,-0.003888651728630066,-2.14105309976425,-2.2325355241657494,0.6416947313408777
2015-12-10,korea_equity,-0.06620550543760217,-0.06620550543760217,5,-0.003126375377178192,-3.0809099819925168,-0.45229483472370424,0.2673555973815683
2015-12-10,short_treasury,0.0011835539904063719,0.0011835539904063719,5,0.0015344694256782532,2.7454191808767447,-3.1717005916185146,0.9853673062797145
2015-12-10,treasury_7_10y,0.006691791655829782,0.006691791655829782,5,0.0012101903557777405,2.7376067021272363,-2.6457274227133056,0.6177185148543792
2015-12-11,alternative,-0.0635838719602414,-0.0635838719602414,5,0.0012103021144866943,2.7711171728902366,0.627138472105794,0.06164620856495642
2015-12-11,corp_bond_ig,-0.005815956481720619,-0.005815956481720619,5,-0.0014336705207824707,1.3613130800840567,-3.6567003245939036,0.10162076953652982
2015-12-11,developed_equity,-0.055692154304703645,-0.055692154304703645,5,-0.0018493980169296265,-2.2305785349084495,2.450586165637323,4.006595143238008
2015-12-11,emerging_equity,-0.06307447921521947,-0.06307447921521947,5,-0.003920398652553558,-2.394057567010461,-2.4709822268271164,0.6423593414813674
2015-12-11,korea_equity,-0.05115812361462724,-0.05115812361462724,5,-0.003519207239151001,-3.2248215858402203,-0.6294906538167797,-0.023191709788188436
2015-12-11,short_treasury,0.00011824254242220889,0.00011824254242220889,5,0.0016155093908309937,2.991751997919099,-3.3522461633915093,1.039148550437267
2015-12-11,treasury_7_10y,0.003179092818952345,0.003179092818952345,5,0.0008946210145950317,3.0436710440868397,-2.644533964490436,0.24235981460497608
2015-12-14,alternative,-0.07031254365574513,-0.07031254365574513,5,0.001458093523979187,2.9430687190027474,0.21311692483666989,0.35373468255927726
2015-12-14,corp_bond_ig,0.00463488225945885,0.00463488225945885,5,-0.0016045570373535156,1.9949186388987277,-3.7508329606320485,-0.09220003800181936
2015-12-14,developed_equity,-0.0781768619716785,-0.0781768619716785,5,-0.0024277418851852417,-1.9298342386903116,2.0368035190094225,3.268612786744617
2015-12-14,emerging_equity,-0.08764819878117691,-0.08764819878117691,5,-0.0039396584033966064,-2.1995783169865426,-2.455527848183697,0.7143020663926857
2015-12-14,korea_equity,-0.0628366538751669,-0.0628366538751669,5,-0.002968505024909973,-3.0242373791162063,-0.8336368718719359,0.038794260005179076
2015-12-14,short_treasury,0.0018937586241551951,0.0018937586241551951,5,0.0017352327704429626,2.9061495640330204,-3.42167185762172,0.9270454898019375
2015-12-14,treasury_7_10y,0.014600559239774213,0.014600559239774213,5,0.0014650672674179077,3.157467863585955,-2.970711872746885,0.6059171649538398
2015-12-15,alternative,-0.07596155313345099,-0.07596155313345099,5,0.0011780932545661926,2.6801511946313177,0.2932695697947395,0.6955714115767336
2015-12-15,corp_bond_ig,-0.000437242492925205,-0.000437242492925205,5,-0.00023739784955978394,2.0193314385289054,-3.5067059583070854,0.03537981191009937
2015-12-15,developed_equity,-0.07034609131536251,-0.07034609131536251,5,-0.002351798117160797,-2.2147352634289024,2.1683815278701974,3.4423814711924168
2015-12-15,emerging_equity,-0.08970814576761377,-0.08970814576761377,5,-0.00405467301607132,-2.4952616956657714,-2.1680408087812615,0.8560025033869492
2015-12-15,korea_equity,-0.06644382395100512,-0.06644382395100512,5,-0.003115743398666382,-3.00409221790191,-0.91329652210741,0.013563602434974759
2015-12-15,short_treasury,0.002248991530090061,0.002248991530090061,5,0.002422250807285309,3.356668355216879,-3.8001680104197715,1.1295555911918347
2015-12-15,treasury_7_10y,0.01511000550895747,0.01511000550895747,5,0.0013285726308822632,3.2902503212162717,-2.7278297095560613,0.46038888381656956
2015-12-16,alternative,-0.11542097729876111,-0.11542097729876111,5,0.0005436241626739502,2.7692147350269067,-0.13753702283401348,0.32082889681519045
2015-12-16,corp_bond_ig,-0.001749142510475199,-0.001749142510475199,5,-0.0003714263439178467,1.9299089659782378,-3.5788314276073505,-0.4028164775822955
2015-12-16,developed_equity,-0.11076575710370162,-0.11076575710370162,5,-0.0027911514043807983,-2.080780937047203,1.434634965941922,3.117772518217535
2015-12-16,emerging_equity,-0.1425127971662511,-0.1425127971662511,5,-0.003656923770904541,-2.241916215660152,-2.4588853801416866,0.7155426395994905
2015-12-16,korea_equity,-0.1287109274821726,-0.1287109274821726,5,-0.0027870982885360718,-3.4945594292501836,-0.6992312312691307,-1.2456825606161956
2015-12-16,short_treasury,0.003909420534811359,0.003909420534811359,5,0.0024795830249786377,2.53796248936383,-2.783686558776239,0.9321304472852558
2015-12-16,treasury_7_10y,0.022535718584066222,0.022535718584066222,5,0.001731276512145996,3.367372835836661,-3.0282898051915916,0.5955218519093252
2015-12-17,alternative,-0.11428571428571432,-0.11428571428571432,5,0.0005999282002449036,2.309328693994277,-0.05836222569733058,0.5004056664994072
2015-12-17,corp_bond_ig,-0.007338201784986453,-0.007338201784986453,5,-0.0007206946611404419,1.7201330099754022,-3.3722364111510297,-0.10615857888060504
2015-12-17,developed_equity,-0.09555780941683678,-0.09555780941683678,5,-0.001536436378955841,-1.0416919621690452,1.7313637419175254,2.760972111032199
2015-12-17,emerging_equity,-0.11843709888764775,-0.11843709888764775,5,-0.0033560767769813538,-2.205570554789152,-2.367242673392998,0.7571792586619172
2015-12-17,korea_equity,-0.08056589749056031,-0.08056589749056031,5,-0.0025333166122436523,-2.6059410234670595,-0.9874343832114194,-0.12263748421856958
2015-12-17,short_treasury,0.0037910162414536153,0.0037910162414536153,5,0.0027373358607292175,2.8083590987734586,-2.8709747855800094,1.162526602408078
2015-12-17,treasury_7_10y,0.016973082230698378,0.016973082230698378,5,0.0012994557619094849,3.3168724952811637,-2.6814968781604867,0.2853736037850469
2015-12-18,alternative,-0.11411995046058598,-0.11411995046058598,5,0.0012377873063087463,2.7022994949906387,-0.1885775143513645,1.0135181203134684
2015-12-18,corp_bond_ig,-0.005853045879274044,-0.005853045879274044,5,-0.0006802454590797424,1.5597579623889746,-3.6115040500990134,-0.09136892997450369
2015-12-18,developed_equity,-0.09552750049581682,-0.09552750049581682,5,-0.001524902880191803,-0.5204186639813753,1.2373741301048649,2.361439009808406
2015-12-18,emerging_equity,-0.13476267443330425,-0.13476267443330425,5,-0.0034705698490142822,-1.8409397702046082,-2.7796404137930306,0.6193311361783048
2015-12-18,korea_equity,-0.11254648625615127,-0.11254648625615127,5,-0.0022489652037620544,-2.362551046919446,-1.0823616313787845,-0.1363419547972227
2015-12-18,short_treasury,0.0031945608516903423,0.0031945608516903423,5,0.0025494247674942017,2.6766515086920357,-2.505542364680463,0.9909588361790623
2015-12-18,treasury_7_10y,0.018321872993054322,0.018321872993054322,5,0.0014902129769325256,3.054064540001406,-2.6941384899715586,0.5158025013264396
2015-12-21,alternative,-0.11601156039766491,-0.11601156039766491,5,0.0005243569612503052,1.9233847443121617,-0.128380729509604,1.4500851092778233
2015-12-21,corp_bond_ig,-0.009428213027342203,-0.009428213027342203,5,-0.0005061402916908264,1.4175935741552936,-3.289412937564488,0.15594471564597556
2015-12-21,developed_equity,-0.08653844230081376,-0.08653844230081376,5,-0.0013469457626342773,-0.3555907344135915,1.438210772024685,2.2362658620093008
2015-12-21,emerging_equity,-0.12469138040936423,-0.12469138040936423,5,-0.0028303712606430054,-1.736996950654975,-2.886490155064953,0.7916167972049687
2015-12-21,korea_equity,-0.09315171850348825,-0.09315171850348825,5,-0.0022453591227531433,-2.3950295188881743,-1.3073207378504696,-0.2860906255463533
2015-12-21,short_treasury,0.003194848375831061,0.003194848375831061,5,0.003068968653678894,3.0425559267001727,-2.8129230700703265,1.3451490189489628
2015-12-21,treasury_7_10y,0.015308012791416026,0.015308012791416026,5,0.0014165565371513367,2.997603414650863,-2.431969274405314,0.25396532875940175
2015-12-22,alternative,-0.094555818386302,-0.094555818386302,5,0.0008909404277801514,2.236336139576548,-0.5721151022395107,1.2983952800961132
2015-12-22,corp_bond_ig,-0.0075174877524544215,-0.0075174877524544215,5,-0.0003273189067840576,1.2009645975910557,-3.0790314117241726,-0.03864449936939729
2015-12-22,developed_equity,-0.07387094643682712,-0.07387094643682712,5,-0.0019308477640151978,-0.31063973126252004,0.6388820727425424,1.9185959859990454
2015-12-22,emerging_equity,-0.10195958172883823,-0.10195958172883823,5,-0.002526193857192993,-1.437106307826868,-3.3049021994902716,0.7321827772467329
2015-12-22,korea_equity,-0.07469690536596774,-0.07469690536596774,5,-0.002068623900413513,-2.063761428190897,-1.3345717578896554,-0.029271169485450083
2015-12-22,short_treasury,0.003077312614561789,0.003077312614561789,5,0.0029770582914352417,2.7367433003269106,-2.5905269207327595,0.7104974896463531
2015-12-22,treasury_7_10y,0.015916391378310024,0.015916391378310024,5,0.0022217631340026855,3.068289430304155,-2.5745370765683986,0.40097651683245567
2015-12-23,alternative,-0.12546817549607137,-0.12546817549607137,5,0.0011850297451019287,2.1374244986097217,-0.4570525023918533,1.944639053990423
2015-12-23,corp_bond_ig,-0.009432330402224243,-0.009432330402224243,5,-0.0007764473557472229,0.8685124449695193,-2.7465160772868598,0.006747331897795528
2015-12-23,developed_equity,-0.1021307142836243,-0.1021307142836243,5,-0.000734180212020874,1.0421400966969947,0.5468636681635015,1.5154216256570578
2015-12-23,emerging_equity,-0.12952895973824186,-0.12952895973824186,5,-0.0022723525762557983,-1.2109845355938127,-3.3479102108120657,0.8591633097628536
2015-12-23,korea_equity,-0.09464703138357866,-0.09464703138357866,5,-0.003170691430568695,-2.3113483701538655,-2.2828494646270547,-0.5629166215317333
2015-12-23,short_treasury,0.003433588902094442,0.003433588902094442,5,0.0029337257146835327,2.8214291159085594,-2.6506140841292627,0.9592283969611103
2015-12-23,treasury_7_10y,0.02161601720553019,0.02161601720553019,5,0.0018123909831047058,2.8293220633695677,-2.2383107720307707,0.2094973764673957
2015-12-24,alternative,-0.11287312330767274,-0.11287312330767274,5,0.0018301308155059814,2.602939229923987,-0.6590933019578341,1.827830333586917
2015-12-24,corp_bond_ig,-0.007071193072097026,-0.007071193072097026,5,-0.0010318383574485779,0.8316887387990907,-3.1678659706803387,-0.17294253450428632
2015-12-24,developed_equity,-0.08085719517299106,-0.08085719517299106,5,-0.00048460811376571655,1.3325763026985802,0.3037584606951858,1.4208257730727574
2015-12-24,emerging_equity,-0.11363636363636365,-0.11363636363636365,5,-0.0020732134580612183,-0.8976931815482555,-3.515978121017721,0.8018648085192309
2015-12-24,korea_equity,-0.07896796183692134,-0.07896796183692134,5,-0.002879813313484192,-1.9743106287257572,-2.8542213506290306,-0.2821162645150131
2015-12-24,short_treasury,0.0040260980411110925,0.0040260980411110925,5,0.0031069740653038025,2.9522785333506194,-2.4574758214114927,0.6310561410497575
2015-12-24,treasury_7_10y,0.02208168642951258,0.02208168642951258,5,0.0022615715861320496,3.0774474725729046,-2.488982768268356,0.03248122883691301
2015-12-28,alternative,-0.11205267644483985,-0.11205267644483985,5,0.0017873197793960571,2.7243237114503644,-0.5673621503381794,2.0653315462635
2015-12-28,corp_bond_ig,-0.008565713884844062,-0.008565713884844062,5,-0.0010331794619560242,0.8049095432595657,-2.9439488002203613,-0.10655759875215218
2015-12-28,developed_equity,-0.08961190681948972,-0.08961190681948972,5,-0.00045549869537353516,1.3865223609062207,0.15734862096796207,1.5212052147788124
2015-12-28,emerging_equity,-0.11046691451527779,-0.11046691451527779,5,-0.0016644597053527832,-0.9162564410092437,-3.4546968456648983,0.9803339348256291
2015-12-28,korea_equity,-0.07514335099846703,-0.07514335099846703,5,-0.002580389380455017,-1.9843300544802502,-2.758894339927994,-0.501147553394371
2015-12-28,short_treasury,0.0048577728116405705,0.0048577728116405705,5,0.003347456455230713,3.2454605977713795,-2.288037680244019,0.8430434844919791
2015-12-28,treasury_7_10y,0.022643660479771732,0.022643660479771732,5,0.0009444877505302429,1.9615771961427355,-2.588298344572696,-0.0749131478098995
2015-12-29,alternative,-0.11163228608082809,-0.11163228608082809,5,0.0023557692766189575,3.1299209367221907,-0.6211225401918581,2.1200471794784117
2015-12-29,corp_bond_ig,-0.0022843273319941293,-0.0022843273319941293,5,-0.00036310404539108276,1.1346925688317726,-3.180074009396333,-0.35314432293246334
2015-12-29,developed_equity,-0.09505654049214762,-0.09505654049214762,5,-0.003293074667453766,0.7765974693787168,0.7289917678519184,0.1436800220292229
2015-12-29,emerging_equity,-0.09725605795455705,-0.09725605795455705,5,-0.0013339295983314514,-0.669643849448224,-3.7953620160334784,1.3275883023355106
2015-12-29,korea_equity,-0.06767956362513061,-0.06767956362513061,5,-0.004088938236236572,-1.9909951520944367,-3.7561889701984423,0.01656158269015301
2015-12-29,short_treasury,0.0050959980940075145,0.0050959980940075145,5,0.0037689805030822754,3.233107177978501,-2.453736042733654,0.5205705036490648
2015-12-29,treasury_7_10y,0.029403381059925016,0.029403381059925016,5,0.0002930164337158203,2.0644087622128193,-2.934162235299028,-0.16979450147018577
2015-12-30,alternative,-0.08901516725099701,-0.08901516725099701,5,0.0016469806432724,2.7236128770400456,-0.21788239673886367,2.3911853369508087
2015-12-30,corp_bond_ig,0.0028993308024907183,0.0028993308024907183,5,-0.001216888427734375,0.5766105429937918,-2.9741526405464067,-0.009831251478059855
2015-12-30,developed_equity,-0.06656197000310904,-0.06656197000310904,5,-0.0023552924394607544,1.4311370654281386,0.7785198022346831,0.19986706670341292
2015-12-30,emerging_equity,-0.05326730170131477,-0.05326730170131477,5,-0.00148715078830719,-0.6934264329383215,-3.8924920419674995,1.4081388553215337
2015-12-30,korea_equity,-0.04672524095510022,-0.04672524095510022,5,-0.0037230104207992554,-1.9598652295639742,-3.7922353903849197,-0.3341155928040364
2015-12-30,short_treasury,0.006042679229977255,0.006042679229977255,5,0.00405372679233551,3.282911690868805,-2.437408979292576,0.8255678804667658
2015-12-30,treasury_7_10y,0.0345121773728958,0.0345121773728958,5,0.00015747547149658203,1.8731629015009637,-2.65266294938598,-0.577722407343964
2015-12-31,alternative,-0.08079848143134405,-0.08079848143134405,5,0.0014567896723747253,2.4287729048549282,-0.4024060786058372,2.1251250736911236
2015-12-31,corp_bond_ig,-0.00491189525037572,-0.00491189525037572,5,-0.0012704357504844666,0.5566941473907451,-3.1483461534671053,-0.3349670856499533
2015-12-31,developed_equity,-0.060488493919120256,-0.060488493919120256,5,-0.0029231011867523193,1.3505178159745739,0.7981504476903136,0.23345397015579025
2015-12-31,emerging_equity,-0.05933513580453198,-0.05933513580453198,5,-0.0017344579100608826,-0.615942634069171,-4.087232902869765,1.3621766975144172
2015-12-31,korea_equity,-0.04147367897190102,-0.04147367897190102,5,-0.0035306140780448914,-1.7578772002840712,-3.697209430159043,-0.25462860147425503
2015-12-31,short_treasury,0.005452810350219606,0.005452810350219606,5,0.003359884023666382,3.1124739818631517,-2.3102929792310274,0.5347434596051288
2015-12-31,treasury_7_10y,0.0294535535392908,0.0294535535392908,5,-7.99521803855896e-05,1.6983256391994166,-2.530242988984125,-0.4818563447149897
2016-01-04,alternative,-0.09510088060510424,-0.09510088060510424,5,0.0007832273840904236,2.0932132803350134,-0.49024172741222727,2.4649548100789884
2016-01-04,corp_bond_ig,-0.0025449170153514222,-0.0025449170153514222,5,-0.001576930284500122,0.5304046119629522,-2.8065133451417568,-0.2667120825508162
2016-01-04,developed_equity,-0.06647226909653625,-0.06647226909653625,5,-0.0016017705202102661,2.1737122828684363,0.5791198577932614,0.9889823091638169
2016-01-04,emerging_equity,-0.06419675066006392,-0.06419675066006392,5,-0.0017313957214355469,-0.7641188978848384,-3.728187967017404,1.1592817666511623
2016-01-04,korea_equity,-0.04638219084417583,-0.04638219084417583,5,-0.0026763230562210083,-2.082716511747184,-2.1541768728950244,-0.2077051918606464
2016-01-04,short_treasury,0.005445709456908476,0.005445709456908476,5,0.0035975798964500427,3.3068413916290123,-2.063323121378421,0.6303534978046297
2016-01-04,treasury_7_10y,0.032346287019632936,0.032346287019632936,5,0.0003139078617095947,1.6554423000471397,-2.3927477399323687,-0.8929783763667163
2016-01-05,alternative,-0.08325271877491291,-0.08325271877491291,5,0.0008084774017333984,2.329033565318305,-0.8915623877447564,2.2193804633905003
2016-01-05,corp_bond_ig,-0.0055258737918427725,-0.0055258737918427725,5,-0.001139707863330841,0.6264296169393065,-3.139242044535308,-0.4692562589069483
2016-01-05,developed_equity,-0.0532883842696944,-0.0532883842696944,5,-0.002183377742767334,1.7030724128324128,0.35523331734867714,1.5284418382527507
2016-01-05,emerging_equity,-0.03983429042161457,-0.03983429042161457,5,-0.0022444650530815125,-1.0840970214498586,-3.347229558234096,1.1424453826957408
2016-01-05,korea_equity,-0.030582956509320303,-0.030582956509320303,5,-0.0032114535570144653,-1.876614290137989,-2.4616769583805684,0.11426817863130201
2016-01-05,short_treasury,0.006278118820095324,0.006278118820095324,5,0.003236517310142517,3.1617540711409715,-2.251895872435579,0.28264980643983656
2016-01-05,treasury_7_10y,0.031506426474725124,0.031506426474725124,5,0.0001832321286201477,1.5570459888303476,-2.330225991082561,-0.8629291733603385
2016-01-06,alternative,-0.06764707378312651,-0.06764707378312651,5,-0.00020988285541534424,1.8817440683482243,-1.0225274628040386,1.972826477999703
2016-01-06,corp_bond_ig,-0.008998766272370173,-0.008998766272370173,5,-0.002279937267303467,0.3380735809963631,-2.959529048468334,-0.2698761401552127
2016-01-06,developed_equity,-0.041140712863954265,-0.041140712863954265,5,-0.0012524351477622986,2.1019999761103985,-0.7024540585003496,1.704955780804945
2016-01-06,emerging_equity,-0.013645226345825767,-0.013645226345825767,5,-0.00167856365442276,-0.8564571041698215,-3.4077643110760536,1.1204716288274985
2016-01-06,korea_equity,0.007958137552151578,0.007958137552151578,5,-0.002297021448612213,-1.7416056916031677,-2.3304645214057653,0.3951475528336926
2016-01-06,short_treasury,0.005919261190651559,0.005919261190651559,5,0.0031439438462257385,3.144486109038817,-2.2263020529535122,0.17887008819034161
2016-01-06,treasury_7_10y,0.027754327633594977,0.027754327633594977,5,-0.0005700960755348206,1.0788132713997256,-2.062806474265796,-1.2804232133273636
2016-01-07,alternative,-0.04843587786347692,-0.04843587786347692,5,0.002407580614089966,2.146071372287378,-0.06922247793621938,1.99376850675141
2016-01-07,corp_bond_ig,-0.009951980438912211,-0.009951980438912211,5,-0.00198952853679657,0.46112507135095393,-3.4544644448193087,-0.601327202778995
2016-01-07,developed_equity,-0.0277820618710507,-0.0277820618710507,5,0.0017768144607543945,2.925434859620876,0.6839148439612348,2.2084202013024914
2016-01-07,emerging_equity,0.006034204010598732,0.006034204010598732,5,-0.001280076801776886,-1.0094120187753,-2.9207205556682156,0.8321388237876212
2016-01-07,korea_equity,0.011704601349537436,0.011704601349537436,5,-0.0014240816235542297,-1.485991471602743,-2.552677217386427,0.40890496453391134
2016-01-07,short_treasury,0.0053254076715052445,0.0053254076715052445,5,0.002334386110305786,2.916700567902294,-2.2306520913860606,-0.06519029409076477
2016-01-07,treasury_7_10y,0.02685257129804297,0.02685257129804297,5,-0.0008554831147193909,1.0998908487446382,-2.07420474972334,-1.2999053468665254
2016-01-08,alternative,-0.0726714298454113,-0.0726714298454113,5,0.002951227128505707,2.487424863468527,-0.1633757333695991,2.0615861358898364
2016-01-08,corp_bond_ig,-0.00558268835533704,-0.00558268835533704,5,-0.0027000680565834045,0.5073483666633517,-3.367013367987686,-0.668721704380385
2016-01-08,developed_equity,-0.03703128840595682,-0.03703128840595682,5,0.0019066110253334045,2.6297027652722713,1.0789836900500285,2.91761488376602
2016-01-08,emerging_equity,0.0030498187695642276,0.0030498187695642276,5,-0.0018383637070655823,-1.4781126391766914,-3.2641582305871366,0.965571197867914
2016-01-08,korea_equity,0.01027176432566601,0.01027176432566601,5,-0.0005802884697914124,-0.5623497375788779,-1.5424987090545794,0.6231388029562058
2016-01-08,short_treasury,0.005794767115792743,0.005794767115792743,5,0.0022741779685020447,3.01153495991792,-2.010673612121854,-0.11921170061016245
2016-01-08,treasury_7_10y,0.03191785459862362,0.03191785459862362,5,-0.0007198750972747803,1.1696645655471063,-1.808507961885044,-1.869439662748306
2016-01-11,alternative,-0.08341914110616477,-0.08341914110616477,5,0.003397710621356964,2.2507743752471328,0.014117260764499269,2.317213121305192
2016-01-11,corp_bond_ig,-0.00577575962285537,-0.00577575962285537,5,-0.002113431692123413,0.6882200697644685,-3.2717719279929494,-0.8805252301329294
2016-01-11,developed_equity,-0.04775846732277966,-0.04775846732277966,5,0.0016474947333335876,2.2320536777799433,1.0514113580714466,3.2503906103650735
2016-01-11,emerging_equity,-0.010508456472623107,-0.010508456472623107,5,-0.002337932586669922,-1.8093424059179886,-3.1276268726919505,1.0182984844530631
2016-01-11,korea_equity,-0.011428590804811511,-0.011428590804811511,5,-0.0012033060193061829,-0.7929470273648583,-1.7102392796665755,0.5848855921972821
2016-01-11,short_treasury,0.005083347012549311,0.005083347012549311,5,0.001908332109451294,2.908594279133502,-2.3667311589220583,0.13615765939930696
2016-01-11,treasury_7_10y,0.03538993414191616,0.03538993414191616,5,-0.0011458098888397217,1.1469047230317493,-1.8430028777706007,-2.076727996202322
2016-01-12,alternative,-0.07818928716806428,-0.07818928716806428,5,0.0029804259538650513,1.9053411036542687,-0.1560739801808403,2.1635093741241924
2016-01-12,corp_bond_ig,-0.006810432092992147,-0.006810432092992147,5,-0.0026999711990356445,0.4652914128996789,-3.212395285757431,-0.5471372255490848
2016-01-12,developed_equity,-0.05208329924570909,-0.05208329924570909,5,0.001494288444519043,2.0518479159797463,0.688200533925673,3.1957951879817235
2016-01-12,emerging_equity,-0.008457374983651067,-0.008457374983651067,5,-0.002513319253921509,-1.8278143995274627,-3.6110938130520056,0.9540734754904436
2016-01-12,korea_equity,-0.003608617733815711,-0.003608617733815711,5,-0.0011672228574752808,-0.9270510519720604,-1.9956145426648633,0.5086040743386476
2016-01-12,short_treasury,0.004964517452961781,0.004964517452961781,5,0.0021691620349884033,2.934761237309144,-2.2146875832143884,-0.2704057734635937
2016-01-12,treasury_7_10y,0.03383350938990093,0.03383350938990093,5,-0.001493200659751892,1.2824229387610733,-1.3584164070698852,-2.679844881712178
2016-01-13,alternative,-0.07878151513048426,-0.07878151513048426,5,0.002508498728275299,1.284713546625768,-0.11098835042934374,2.2528197489958517
2016-01-13,corp_bond_ig,-0.0065285516881198324,-0.0065285516881198324,5,-0.0032607167959213257,0.11129035894366797,-3.1886988422038733,-0.8682257407650706
2016-01-13,developed_equity,-0.04209041829340432,-0.04209041829340432,5,0.00134287029504776,1.9612946285394455,0.3798855521565613,2.887950333854133
2016-01-13,emerging_equity,-0.014700865134214758,-0.014700865134214758,5,-0.0021176189184188843,-1.790164504021042,-3.543454762699872,0.9228653499941277
2016-01-13,korea_equity,-0.02085993085962634,-0.02085993085962634,5,-0.0011493265628814697,-0.7062898821535173,-2.499842980338468,0.4765439897030144
2016-01-13,short_treasury,0.005315970940704684,0.005315970940704684,5,0.001920253038406372,2.841844184312989,-2.1534891052348617,-0.2518481609697963
2016-01-13,treasury_7_10y,0.034537194803851756,0.034537194803851756,5,-0.002181306481361389,0.9902601828438429,-1.6204444983407098,-2.6268849006527297
2016-01-14,alternative,-0.06555666516539871,-0.06555666516539871,5,0.0026400014758110046,1.5067118462849023,-0.3656747184906233,2.146181261478767
2016-01-14,corp_bond_ig,-0.007173473119916118,-0.007173473119916118,5,-0.0038589313626289368,0.024504040444876744,-3.4177702665929277,-0.7236608419531206
2016-01-14,developed_equity,-0.04444779643431984,-0.04444779643431984,5,0.001429133117198944,1.7733468078478745,0.6871371328394015,3.130946693543738
2016-01-14,emerging_equity,-0.010462351492498745,-0.010462351492498745,5,-0.0018484964966773987,-1.6058349797227467,-3.7638112019595384,0.9178961265483568
2016-01-14,korea_equity,-0.02147821481813439,-0.02147821481813439,5,-0.0010695978999137878,-0.7057307411485584,-2.319069471563723,0.5747382902570636
2016-01-14,short_treasury,0.0038975060610750845,0.0038975060610750845,5,0.0018531233072280884,2.7770125361972333,-1.933643471732888,-0.2738493050753303
2016-01-14,treasury_7_10y,0.02874689765275984,0.02874689765275984,5,-0.002784624695777893,0.63758892318293,-1.4482092082629774,-2.538576456292205
2016-01-15,alternative,-0.013903775954629216,-0.013903775954629216,5,0.0037643462419509888,1.3113795291368016,-0.25413351707089604,3.2580852290404163
2016-01-15,corp_bond_ig,-0.010425814331256777,-0.010425814331256777,5,-0.00352468341588974,0.026376212230173494,-3.076982756632376,-0.6088957208703262
2016-01-15,developed_equity,0.009374009619655954,0.009374009619655954,5,0.0024165287613868713,1.9676827176771599,0.4841863175392962,3.603331567978441
2016-01-15,emerging_equity,0.05305693174479642,0.05305693174479642,5,-0.0011646151542663574,-1.5540864761451736,-3.726723706688553,1.3420657717907003
2016-01-15,korea_equity,0.02945702578908005,0.02945702578908005,5,-4.632771015167236e-05,0.1774332239185138,-2.8219845680275006,0.6253153531027861
2016-01-15,short_treasury,0.002478157773974088,0.002478157773974088,5,0.001621842384338379,2.8817904881614416,-1.9342871193516296,-0.6483441839273011
2016-01-15,treasury_7_10y,0.0209278838868161,0.0209278838868161,5,-0.003210112452507019,0.5543891446765831,-1.369190879248776,-2.5461858595974474
2016-01-19,alternative,0.013978527438256005,0.013978527438256005,5,0.0037048757076263428,1.4851995856727986,-0.6122088632324384,2.9904892040883664
2016-01-19,corp_bond_ig,-0.006248342001533125,-0.006248342001533125,5,-0.003031894564628601,0.2542080355001784,-3.303813296287032,-0.1617864192382376
2016-01-19,developed_equity,0.01895131007621087,0.01895131007621087,5,0.0017051100730895996,1.529957454789887,0.877990057121873,3.8190493205424785
2016-01-19,emerging_equity,0.05817175740981528,0.05817175740981528,5,-0.0008482262492179871,-1.5038291363552014,-3.8016682589554565,1.269964294276756
2016-01-19,korea_equity,0.01260953496566608,0.01260953496566608,5,-0.00015448033809661865,0.03414934256764764,-2.793775530821906,0.5673325440485216
2016-01-19,short_treasury,0.002832501525563691,0.002832501525563691,5,0.002175375819206238,2.982577573726502,-1.693078755676644,-0.7347119466011994
2016-01-19,treasury_7_10y,0.01974969784838332,0.01974969784838332,5,-0.004141747951507568,0.0010026461581194497,-0.8867609533532349,-2.4635717385872384
2016-01-20,alternative,0.030567719414852146,0.030567719414852146,5,0.004002280533313751,1.624546758915229,-0.0316237815352589,3.0838321742761323
2016-01-20,corp_bond_ig,0.00035143484235788947,0.00035143484235788947,5,-0.00247858464717865,0.20225650465070114,-2.896599297756401,-0.009938928259143942
2016-01-20,developed_equity,0.03232517848466854,0.03232517848466854,5,0.0036224275827407837,1.8248882696870836,0.8237413438108527,4.09621799218825
2016-01-20,emerging_equity,0.07539820038111866,0.07539820038111866,5,-0.0009997710585594177,-1.6103576492071616,-3.7603458630346656,1.5060716462372932
2016-01-20,korea_equity,0.033745010457604696,0.033745010457604696,5,0.0005060359835624695,0.12322269794396952,-2.7668147593008894,1.0451205390219827
2016-01-20,short_treasury,0.0029484608715721894,0.0029484608715721894,5,0.0013467073440551758,3.004822879813543,-1.4644346920507043,-0.7283605522681967
2016-01-20,treasury_7_10y,0.019468542755337825,0.019468542755337825,5,-0.0019541382789611816,0.1782373445980193,-0.505935111154759,-2.125022787088509
2016-01-21,alternative,0.0195228103181857,0.0195228103181857,5,0.004199005663394928,1.7148979187974915,-0.1952789684647367,3.023901959762341
2016-01-21,corp_bond_ig,0.0025557496466690477,0.0025557496466690477,5,-0.0021780729293823242,0.5304181688432893,-3.0343997618036616,0.10258855243910653
2016-01-21,developed_equity,0.02567777952254713,0.02567777952254713,5,0.003835350275039673,1.9019113914191947,0.8574611908043165,3.9612947255298745
2016-01-21,emerging_equity,0.06629051905169536,0.06629051905169536,5,-0.0007786974310874939,-1.4996016738274205,-3.702750929052688,1.7933926923233956
2016-01-21,korea_equity,0.014798700628623873,0.014798700628623873,5,0.00018109381198883057,-0.12062647402505093,-2.7759640398265386,1.1663028145867775
2016-01-21,short_treasury,0.0021231458807209336,0.0021231458807209336,5,0.0015400797128677368,3.308085606425751,-1.3433810665738422,-0.7749276080850233
2016-01-21,treasury_7_10y,0.022014589214515823,0.022014589214515823,5,-0.002338424324989319,-0.17311665680005356,-0.4291485176405434,-2.195377605431404
2016-01-22,alternative,0.0,0.0,5,0.004012301564216614,1.8326655172929494,-0.10126023518845306,3.0863013702113395
2016-01-22,corp_bond_ig,0.00396333401984883,0.00396333401984883,5,-0.002255089581012726,0.27638714359243793,-2.5291459624114623,0.3633350072097992
2016-01-22,developed_equity,0.012774570238920369,0.012774570238920369,5,0.0036414265632629395,2.006880168421539,0.5401372318738102,4.171610660684901
2016-01-22,emerging_equity,0.05659733555165869,0.05659733555165869,5,-0.0007869601249694824,-1.7605474158184475,-3.7797863838125076,1.9139365384010962
2016-01-22,korea_equity,0.006128506284818647,0.006128506284818647,5,0.00013776123523712158,-0.28781391919959864,-2.6797166506816206,1.0227175827663253
2016-01-22,short_treasury,0.0025958846100664346,0.0025958846100664346,5,0.0011661425232887268,3.075795678542292,-1.1699916792471332,-1.16199383169578
2016-01-22,treasury_7_10y,0.023268697904204272,0.023268697904204272,5,-0.003183409571647644,-0.6321215438919977,-0.0645650827427201,-2.35371588103847
2016-01-25,alternative,0.0021412949140773296,0.0021412949140773296,5,0.0035979822278022766,1.4679786533038488,-0.3323360131912104,3.121528431592796
2016-01-25,corp_bond_ig,0.00705345675077651,0.00705345675077651,5,-0.0022204816341400146,0.5893429672744989,-3.559197594582668,-0.03512130357126525
2016-01-25,developed_equity,0.014871103544077613,0.014871103544077613,5,0.0035784468054771423,1.9344379571172494,0.7501142013944029,3.969092735563524
2016-01-25,emerging_equity,0.05202913645402396,0.05202913645402396,5,-0.0015281811356544495,-1.8346758368239418,-3.7132469074994434,1.7878781984321022
2016-01-25,korea_equity,0.0027849414581262444,0.0027849414581262444,5,0.00016560405492782593,-0.19748624907472564,-2.8167679797155554,1.2048973916470802
2016-01-25,short_treasury,0.0027139039166206302,0.0027139039166206302,5,0.0005560070276260376,3.248480180161609,-1.2832627821705214,-1.303713071998749
2016-01-25,treasury_7_10y,0.021897764424634092,0.021897764424634092,5,-0.003459244966506958,-0.8946071987113429,0.021632157896630984,-2.101419576006381
2016-01-26,alternative,-0.01577287091553614,-0.01577287091553614,5,0.0038222074508666992,1.745030970654264,-0.17432146543419658,2.997639480267767
2016-01-26,corp_bond_ig,0.0051873041882049,0.0051873041882049,5,-0.003440752625465393,0.24410937422813575,-3.873491634917005,0.5126477124032879
2016-01-26,developed_equity,-0.00015533894008090687,-0.00015533894008090687,5,0.003850989043712616,2.123162412569034,0.4216489811118713,4.081026264569928
2016-01-26,emerging_equity,0.03452992235493468,0.03452992235493468,5,-0.0013732612133026123,-2.0942917243982033,-3.972241228325454,1.7511392812839637
2016-01-26,korea_equity,-0.005517791329092581,-0.005517791329092581,5,0.0007552206516265869,-0.11538996762273733,-2.7918095210162104,1.330063049598863
2016-01-26,short_treasury,0.0024766963345344006,0.0024766963345344006,5,4.798173904418945e-05,3.1418555991761274,-1.7087104109311877,-0.6409444855012405
2016-01-26,treasury_7_10y,0.021143024348130757,0.021143024348130757,5,-0.003385312855243683,-1.0092233228416307,0.36141592540757206,-2.2442596275463176
2016-01-27,alternative,0.0010604291716322933,0.0010604291716322933,5,0.003944471478462219,1.7171378178698014,-0.6971285243538925,2.951426152604047
2016-01-27,corp_bond_ig,0.013576663240624898,0.013576663240624898,5,-0.00359991192817688,0.05006074572979926,-4.139666172191754,0.3015221094520701
2016-01-27,developed_equity,0.020846364142036666,0.020846364142036666,5,0.0037549808621406555,2.050726843813603,0.37211358852520227,3.70277069617434
2016-01-27,emerging_equity,0.041509468530219085,0.041509468530219085,5,-0.0015101581811904907,-2.0848364637152033,-4.02025662900512,2.0748623318403174
2016-01-27,korea_equity,0.005345306768294034,0.005345306768294034,5,0.0001357942819595337,-0.41389012573059253,-2.7345740109013907,1.5011474055671596
2016-01-27,short_treasury,0.002476112374930395,0.002476112374930395,5,-0.00020938366651535034,3.058407492764328,-1.618429378082464,-0.6680403969966413
2016-01-27,treasury_7_10y,0.023433904694439178,0.023433904694439178,5,-0.003572121262550354,-1.4144071043826196,0.2602760004223357,-2.0765557240887027
2016-01-28,alternative,0.0031679309548635626,0.0031679309548635626,5,0.004129752516746521,2.0512023072353096,-0.6348431095077837,3.1669360543750584
2016-01-28,corp_bond_ig,0.012064131525497235,0.012064131525497235,5,-0.002669200301170349,0.27697869194030617,-3.875582527493787,0.5132637655776365
2016-01-28,developed_equity,0.015764041533342876,0.015764041533342876,5,0.003522440791130066,1.9689395082659458,0.18852221596216034,4.041592093775228
2016-01-28,emerging_equity,0.015197529426375755,0.015197529426375755,5,-0.0013426393270492554,-2.0636775942831016,-4.186990388176549,2.2645509720594386
2016-01-28,korea_equity,-0.020105836252686804,-0.020105836252686804,5,0.0006882920861244202,-0.10069330624538535,-2.7832827136052085,1.4703960623494934
2016-01-28,short_treasury,0.0011791782383501204,0.0011791782383501204,5,0.00039511173963546753,3.2670590176596774,-1.541431659490985,-0.6749019184601185
2016-01-28,treasury_7_10y,0.017138124309150626,0.017138124309150626,5,-0.0036594346165657043,-1.4397173282324855,0.5047142209724652,-1.916627966976848
2016-01-29,alternative,-0.01663200129810727,-0.01663200129810727,5,0.003985866904258728,1.769620163826651,-0.7921185817116173,2.969612634160549
2016-01-29,corp_bond_ig,0.007533951807758843,0.007533951807758843,5,-0.002142667770385742,0.5114303339441612,-3.8654023357425857,0.23766991361763384
2016-01-29,developed_equity,-0.005814801259229507,-0.005814801259229507,5,0.0034876391291618347,1.88204305080827,0.025415993130953114,3.560366166734695
2016-01-29,emerging_equity,-0.008177952322398152,-0.008177952322398152,5,-0.0016674846410751343,-2.1537291392519897,-4.097193184120984,2.318472893799917
2016-01-29,korea_equity,-0.024088845526740288,-0.024088845526740288,5,0.0003760010004043579,-0.2917880721845109,-2.86268485876331,1.5082097838632773
2016-01-29,short_treasury,0.0005888048546345281,0.0005888048546345281,5,-0.0014133751392364502,1.5130624869397808,-2.215256036205165,-1.2175189297585651
2016-01-29,treasury_7_10y,0.013380983194075213,0.013380983194075213,5,-0.003838479518890381,-1.7723651710995052,1.275686915811493,-1.947882966225886
2016-02-01,alternative,0.003102410147110879,0.003102410147110879,5,0.004212886095046997,1.8814825533639126,-0.8599262125946621,3.120808787353985
2016-02-01,corp_bond_ig,0.0052887273658484,0.0052887273658484,5,-0.0016585290431976318,0.6316770708682464,-3.4545641516657497,0.4705741884545876
2016-02-01,developed_equity,0.01682212088069268,0.01682212088069268,5,0.0039002448320388794,2.3279387269564342,-0.31243276465087766,3.732270343703669
2016-02-01,emerging_equity,0.03698807485096012,0.03698807485096012,5,-0.0013763979077339172,-1.9659096996604937,-4.201626796003364,2.1375064796448755
2016-02-01,korea_equity,0.00609117647153079,0.00609117647153079,5,0.0003419741988182068,-0.5893477406529392,-2.927854290685268,1.6656471214513935
2016-02-01,short_treasury,-0.0002357538686436067,-0.0002357538686436067,5,-0.0016646087169647217,1.130210830674737,-2.0246895481719474,-1.5995585526002156
2016-02-01,treasury_7_10y,0.007819743582148764,0.007819743582148764,5,-0.003242291510105133,-1.7226440312979299,1.151324352793099,-2.0466426188605187
2016-02-02,alternative,0.03715499058798333,0.03715499058798333,5,0.004014462232589722,1.784072701383374,-0.8506849447130538,3.201225648992677
2016-02-02,corp_bond_ig,0.005454822252431324,0.005454822252431324,5,-0.0021973997354507446,0.5247447630114969,-3.7468784598336016,0.37890537545709996
2016-02-02,developed_equity,0.04294191069152875,0.04294191069152875,5,0.004388928413391113,2.3193002749332905,-0.011704255206579799,3.5389194550478065
2016-02-02,emerging_equity,0.08600684380142276,0.08600684380142276,5,-0.00200798362493515,-2.182371887518555,-4.211409609681725,2.4107072662904074
2016-02-02,korea_equity,0.04366624580752321,0.04366624580752321,5,-0.0005450546741485596,-0.7879473450580464,-3.6242162981172577,2.093572133665772
2016-02-02,short_treasury,-0.0016484091504225251,-0.0016484091504225251,5,-0.0015337318181991577,0.9943528344694793,-2.4246453903039007,-1.9099883102181197
2016-02-02,treasury_7_10y,-0.0010048470733985404,-0.0010048470733985404,5,-0.003184884786605835,-1.8866434507923038,0.8700809800838374,-1.8376754357354566
2016-02-03,alternative,0.04012674946372696,0.04012674946372696,5,0.004045866429805756,1.7864235382118907,-0.8046464677429093,3.5878362064705875
2016-02-03,corp_bond_ig,0.012700674513050902,0.012700674513050902,5,-0.0018855482339859009,0.3707414920870588,-3.463518553225711,0.7629065270246091
2016-02-03,developed_equity,0.04155683662507004,0.04155683662507004,5,0.005069799721240997,2.884117437635401,-0.3179479931381233,3.661176783528295
2016-02-03,emerging_equity,0.06803853971156304,0.06803853971156304,5,-0.0021633803844451904,-2.216268863559649,-4.597136774833867,2.9947297462612896
2016-02-03,korea_equity,0.03620578236388616,0.03620578236388616,5,-0.0008932724595069885,-1.2178637226716849,-3.5166673699082365,2.6610787365986424
2016-02-03,short_treasury,-0.001530279671430379,-0.001530279671430379,5,-0.002022966742515564,0.17698498439258423,-0.6566524135383791,-2.3680682920711087
2016-02-03,treasury_7_10y,0.0012802870745494133,0.0012802870745494133,5,-0.0007042065262794495,-0.8496227499827534,1.4827293165117124,-2.079291380381156
2016-02-04,alternative,0.04626710406390022,0.04626710406390022,5,0.003710806369781494,1.816010049366574,-1.2187984645371006,3.712052577598537
2016-02-04,corp_bond_ig,0.012077957708684695,0.012077957708684695,5,-0.0027084872126579285,-0.12632534013385702,-3.9277830164500247,0.33817202234357596
2016-02-04,developed_equity,0.050185960589968825,0.050185960589968825,5,0.0042283907532691956,2.677867947360404,-0.3648241741528532,3.2297924888739376
2016-02-04,emerging_equity,0.08102763619951636,0.08102763619951636,5,-0.0024295151233673096,-2.5402621779558543,-4.127084062865616,2.5763597555162177
2016-02-04,korea_equity,0.03345108195765545,0.03345108195765545,5,-0.0020934343338012695,-1.8749799896214265,-3.414493281221905,2.4171870598385845
2016-02-04,short_treasury,-0.0024714497052577,-0.0024714497052577,5,-0.0015920624136924744,0.047158512679326546,-0.6177400974748599,-2.3918034684919114
2016-02-04,treasury_7_10y,-0.004470375522680592,-0.004470375522680592,5,-0.0010787099599838257,-0.9998843808592098,1.3880071670313547,-2.174078143265566
2016-02-05,alternative,0.06044535274419527,0.06044535274419527,5,0.0035699233412742615,1.8687597834500207,-1.6095564959123794,3.2997051583929364
2016-02-05,corp_bond_ig,0.013402668142001417,0.013402668142001417,5,-0.0028681010007858276,-0.08505188473312487,-3.6996767120768626,0.6868181630763683
2016-02-05,developed_equity,0.06662452472118341,0.06662452472118341,5,0.004328295588493347,3.0571718563664927,-0.6370817238280228,3.0774724857525504
2016-02-05,emerging_equity,0.09196935047756472,0.09196935047756472,5,-0.0022795796394348145,-2.154652569210004,-4.018508095794737,2.605965647570688
2016-02-05,korea_equity,0.042911251077848656,0.042911251077848656,5,-0.0016007423400878906,-1.3809051715038376,-3.202642811828623,2.0752245296938523
2016-02-05,short_treasury,-0.0029429076984230917,-0.0029429076984230917,5,-0.0025440528988838196,-0.39196057265390477,-0.47338760622886883,-2.5783747022259
2016-02-05,treasury_7_10y,-0.007744860812037291,-0.007744860812037291,5,-0.0013956576585769653,-1.3380827630758527,1.2723322060926827,-2.1041898976644893
2016-02-08,alternative,0.08719648630165766,0.08719648630165766,5,0.002556845545768738,1.6075055866758703,-1.5222551104753606,2.947150069445522
2016-02-08,corp_bond_ig,0.01350877996076627,0.01350877996076627,5,-0.0039920806884765625,-0.4986185607565627,-4.234456738524625,0.20587778683977248
2016-02-08,developed_equity,0.07018107801352369,0.07018107801352369,5,0.0036825835704803467,2.8781467200685213,-0.800510577903703,3.1658068020225887
2016-02-08,emerging_equity,0.08817563072184442,0.08817563072184442,5,-0.002577260136604309,-2.294977688935976,-3.9129325338645553,2.3268667076296885
2016-02-08,korea_equity,0.026053792969482847,0.026053792969482847,5,-0.0025289803743362427,-1.6573810462715584,-3.47093997530472,2.181050213829325
2016-02-08,short_treasury,-0.003409769607543245,-0.003409769607543245,5,-0.0012712553143501282,-0.4432338477440033,-0.3254719394814298,-2.4526302914927958
2016-02-08,treasury_7_10y,-0.00940581458259715,-0.00940581458259715,5,-0.0016211941838264465,-1.7959179659154048,1.618658212999605,-1.9331878828065994
2016-02-09,alternative,0.10337075222744008,0.10337075222744008,5,0.0023322105407714844,1.461359350649313,-1.8358183226821416,2.8605114193840455
2016-02-09,corp_bond_ig,0.015843702509352964,0.015843702509352964,5,-0.003900177776813507,-0.24109961980290964,-4.061396777551282,0.2872188891857083
2016-02-09,developed_equity,0.08882060437615702,0.08882060437615702,5,0.0038579702377319336,3.101114350274525,-0.971013849729809,2.928338304818701
2016-02-09,emerging_equity,0.11031172505795395,0.11031172505795395,5,-0.0028216391801834106,-2.005642564220528,-4.124367098900316,2.244300851023294
2016-02-09,korea_equity,0.04388780298096839,0.04388780298096839,5,-0.002066567540168762,-1.133430631941905,-3.452690582432457,1.794794496982702
2016-02-09,short_treasury,-0.0034108832931418753,-0.0034108832931418753,5,-0.001861572265625,-0.9553852114212744,0.08060881367856781,-2.388065162815674
2016-02-09,treasury_7_10y,-0.013473170387103273,-0.013473170387103273,5,-0.001529783010482788,-2.024548981213397,1.8847960074893733,-2.2316105233630252
2016-02-10,alternative,0.09486607304413108,0.09486607304413108,5,0.0016105622053146362,1.2133552968026615,-1.7369228906327976,2.6168770485113475
2016-02-10,corp_bond_ig,0.018813181447458804,0.018813181447458804,5,-0.004450678825378418,-0.7934794335690327,-4.324097115472522,-0.19650130976187757
2016-02-10,developed_equity,0.08338719712903964,0.08338719712903964,5,0.003550209105014801,3.0907879285180426,-1.0859765822914957,2.719582170783169
2016-02-10,emerging_equity,0.10747184155327294,0.10747184155327294,5,-0.0032491832971572876,-2.199362557472041,-3.9872415749226575,1.7876097036721246
2016-02-10,korea_equity,0.05602899755132862,0.05602899755132862,5,-0.002600528299808502,-1.4261721457360865,-3.6490862142080562,1.684732142748028
2016-02-10,short_treasury,-0.0035285278076724325,-0.0035285278076724325,5,-0.0018034502863883972,-1.0261106492301406,0.302822365590694,-2.2051722677005188
2016-02-10,treasury_7_10y,-0.01992426181892426,-0.01992426181892426,5,-0.001478835940361023,-2.0499290601015296,1.9364031989979977,-1.887149140944207
2016-02-11,alternative,0.14253136185828041,0.14253136185828041,5,0.0022209137678146362,1.4797545160966399,-1.2530290410152944,2.1414099796371575
2016-02-11,corp_bond_ig,0.018312485915902288,0.018312485915902288,5,-0.004361987113952637,-0.3786060941641485,-4.05471182709022,-0.1421487464899845
2016-02-11,developed_equity,0.12087555338656886,0.12087555338656886,5,0.003847748041152954,3.494062076590134,-1.3562329066066212,2.388493378296892
2016-02-11,emerging_equity,0.14989589661932046,0.14989589661932046,5,-0.003263726830482483,-1.882404209204629,-4.104712588582027,1.848145745612141
2016-02-11,korea_equity,0.10108698969301977,0.10108698969301977,5,-0.0023589730262756348,-1.1566402247378889,-3.582104448867966,1.440042599415878
2016-02-11,short_treasury,-0.005405394744073311,-0.005405394744073311,5,-0.0020487159490585327,-1.9006007718559124,0.9547814011303312,-1.1885095679723243
2016-02-11,treasury_7_10y,-0.027191948048089,-0.027191948048089,5,-0.0008638501167297363,-1.8309899625458628,1.754722291462556,-1.956725043502327
2016-02-12,alternative,0.12249442790842613,0.12249442790842613,5,0.002193547785282135,1.6959713811268404,-1.6455840596822606,1.9232301944139938
2016-02-12,corp_bond_ig,0.027050839304000984,0.027050839304000984,5,-0.0043488070368766785,-0.5292308101562612,-4.252244357296149,-0.4972420323450351
2016-02-12,developed_equity,0.10027361073768803,0.10027361073768803,5,0.0032147392630577087,3.4404739665198294,-1.2200983434759916,2.1156295900461726
2016-02-12,emerging_equity,0.12346517631525744,0.12346517631525744,5,-0.0032028481364250183,-1.839951506901485,-4.138306676368252,1.666258001251521
2016-02-12,korea_equity,0.08112761692986736,0.08112761692986736,5,-0.0028208792209625244,-1.1882138753656344,-3.955859106297515,1.5299522869322653
2016-02-12,short_treasury,-0.004235301298253669,-0.004235301298253669,5,-0.0016919448971748352,-1.6876927826925032,0.5307517515827764,-1.4594208595000222
2016-02-12,treasury_7_10y,-0.018990761795514177,-0.018990761795514177,5,-0.0009332895278930664,-1.8811462689669072,1.5538663380876274,-1.791415888440335
2016-02-16,alternative,0.08351415219633074,0.08351415219633074,5,0.0020321831107139587,1.661642913073209,-1.646378142534235,1.9020412054406228
2016-02-16,corp_bond_ig,0.03160690386260123,0.03160690386260123,5,-0.0037731900811195374,-0.5359496346528669,-4.115381025998016,0.21566748372435834
2016-02-16,developed_equity,0.07335123172752156,0.07335123172752156,5,0.0034302175045013428,3.4534124642720467,-1.3571144786890799,1.970627339828812
2016-02-16,emerging_equity,0.08341681563651715,0.08341681563651715,5,-0.0030846744775772095,-1.5009735221511014,-4.474772797978151,1.7792906920108738
2016-02-16,korea_equity,0.0670510200058585,0.0670510200058585,5,-0.00170096755027771,-0.5528643022908003,-3.792145470431527,1.4995418104813532
2016-02-16,short_treasury,-0.0032960422525674105,-0.0032960422525674105,5,-0.0020148158073425293,-2.079429244094772,1.0358523668872948,-0.9291313913335031
2016-02-16,treasury_7_10y,-0.016235835968501977,-0.016235835968501977,5,-0.0010927170515060425,-2.35838668711403,1.8462994606607699,-1.758671997768966
2016-02-17,alternative,0.07529160386372591,0.07529160386372591,5,0.0016530603170394897,1.7221359867549144,-2.0021654418599035,1.6755361712602213
2016-02-17,corp_bond_ig,0.03684027390688893,0.03684027390688893,5,-0.0034493133425712585,-0.34811626536538637,-3.84517470120461,0.39523971072225556
2016-02-17,developed_equity,0.0644761915460581,0.0644761915460581,5,0.0027390718460083008,3.2164992270918322,-1.2863459615666302,1.8105402408109095
2016-02-17,emerging_equity,0.08376961749607936,0.08376961749607936,5,-0.00315210223197937,-1.5910633935464427,-4.347354010433946,1.6492785792576778
2016-02-17,korea_equity,0.07703667431189531,0.07703667431189531,5,-0.0019868463277816772,-0.5215904414642308,-4.065490893032645,1.4697433502070114
2016-02-17,short_treasury,-0.0015300091908299063,-0.0015300091908299063,5,-0.001793399453163147,-1.6956806975899856,0.5419926478951796,-1.367092961045797
2016-02-17,treasury_7_10y,-0.008637975528637987,-0.008637975528637987,5,-0.0012149736285209656,-2.2639864744944393,1.542775475382021,-1.6831222186653936
2016-02-18,alternative,0.08792367890044894,0.08792367890044894,5,0.0016916915774345398,1.8542890438169677,-2.23454474663183,1.3763932218951185
2016-02-18,corp_bond_ig,0.03162338562301392,0.03162338562301392,5,-0.0038240253925323486,-0.11874554696445076,-4.140826106816487,0.43492822387950547
2016-02-18,developed_equity,0.07099665245690501,0.07099665245690501,5,0.0026846230030059814,3.42933443775891,-1.7042086696761118,1.614863552127378
2016-02-18,emerging_equity,0.1142198620543653,0.1142198620543653,5,-0.0025497078895568848,-1.0352897087624626,-4.413907202428577,1.5142149801392324
2016-02-18,korea_equity,0.11499892281801882,0.11499892281801882,5,-0.0014873892068862915,-0.1461986477320977,-3.7791943920062696,1.5697528198985196
2016-02-18,short_treasury,-0.0024694153599699176,-0.0024694153599699176,5,-0.002582363784313202,-2.450001071272947,0.8920330044758509,-0.9384289851454589
2016-02-18,treasury_7_10y,-0.012127761460750341,-0.012127761460750341,5,-0.0019328594207763672,-2.666756257115388,1.8388207698605903,-1.8749265603101006
2016-02-19,alternative,0.08617019653320312,0.08617019653320312,5,0.001666329801082611,2.2297880122397187,-2.2876946616709595,1.2230164995508463
2016-02-19,corp_bond_ig,0.03472219474391314,0.03472219474391314,5,-0.004092901945114136,-0.17725476442639346,-3.938303759146993,-0.20257293767856271
2016-02-19,developed_equity,0.07479405023465935,0.07479405023465935,5,0.003085196018218994,3.748174636043575,-1.4017338564903243,1.9102039481390019
2016-02-19,emerging_equity,0.12533065598097304,0.12533065598097304,5,-0.00255749374628067,-1.213083706497227,-4.510250088350597,1.5316591188764792
2016-02-19,korea_equity,0.11816423322582437,0.11816423322582437,5,-0.001672893762588501,-0.11023149099125655,-4.1649447421230334,1.4333414354576017
2016-02-19,short_treasury,-0.0012947341282595337,-0.0012947341282595337,5,-0.0019031092524528503,-2.0444838956026965,0.5945340636087493,-1.1105753416298099
2016-02-19,treasury_7_10y,-0.01040819574724583,-0.01040819574724583,5,-0.0022436976432800293,-2.787143731345707,1.6669927842987728,-1.877923502310905
2016-02-22,alternative,0.08122359388573264,0.08122359388573264,5,0.0015201866626739502,2.2340994126987352,-1.990786341898376,1.2101533447315136
2016-02-22,corp_bond_ig,0.031406280359204786,0.031406280359204786,5,-0.004178382456302643,-0.21810984111603507,-3.9245493524160437,-0.3602218362830392
2016-02-22,developed_equity,0.06368249890182964,0.06368249890182964,5,0.0034673213958740234,3.7694321797820702,-1.5423297099128763,1.917011084147377
2016-02-22,emerging_equity,0.10035491209978531,0.10035491209978531,5,-0.0018393397331237793,-0.922571155373412,-4.27971601624909,1.6140338167248394
2016-02-22,korea_equity,0.0940978677757518,0.0940978677757518,5,-0.0007553473114967346,0.15996138567149865,-3.769522335242818,1.1546657971005965
2016-02-22,short_treasury,-0.0015300091908299063,-0.0015300091908299063,5,-0.002613835036754608,-2.5347655851090343,0.9545731032091185,-0.9936261141979871
2016-02-22,treasury_7_10y,-0.01223046301606312,-0.01223046301606312,5,-0.0027918368577957153,-3.2406524945881032,1.8896001711055392,-1.975528791664084
2016-02-23,alternative,0.09615384772135815,0.09615384772135815,5,0.001445084810256958,2.2497300492618746,-2.2549743530155597,1.2155102581240878
2016-02-23,corp_bond_ig,0.027403232533415922,0.027403232533415922,5,-0.0035591349005699158,0.04453045453509152,-4.209810878934795,0.09383112110585418
2016-02-23,developed_equity,0.07887759061942479,0.07887759061942479,5,0.0035024359822273254,3.994576207733534,-1.588632252137846,1.9726470154340483
2016-02-23,emerging_equity,0.12166173898251476,0.12166173898251476,5,-0.0028611719608306885,-1.255868076782038,-4.384336740496314,1.0947975632564637
2016-02-23,korea_equity,0.11963252103889821,0.11963252103889821,5,-0.0007736757397651672,0.3955932527942307,-3.9190741524877515,0.9433728413292944
2016-02-23,short_treasury,-0.002235848833850973,-0.002235848833850973,5,-0.002123713493347168,-2.2760127694054315,0.7238605818692476,-1.4753505141684076
2016-02-23,treasury_7_10y,-0.0162748232115435,-0.0162748232115435,5,-0.002986907958984375,-3.322448557432648,1.5804177663680274,-1.9112220882663327
2016-02-24,alternative,0.07478632600550084,0.07478632600550084,5,0.0016511976718902588,2.348277334964558,-2.3059581759560226,1.4601341424595549
2016-02-24,corp_bond_ig,0.031575269417786433,0.031575269417786433,5,-0.004317536950111389,0.13788690960297972,-4.223104881914732,-0.08412554953147694
2016-02-24,developed_equity,0.06280119385255589,0.06280119385255589,5,0.003240346908569336,3.9801289429724545,-1.6932654309884236,1.6978745211578723
2016-02-24,emerging_equity,0.10508917296015019,0.10508917296015019,5,-0.002615123987197876,-1.420042332338306,-4.098828915537975,0.6810691287779231
2016-02-24,korea_equity,0.10029877724545311,0.10029877724545311,5,-0.0012653619050979614,0.10688922002427369,-3.825707373870947,0.8620539864416094
2016-02-24,short_treasury,-0.001882396024816213,-0.001882396024816213,5,-0.0027819275856018066,-2.7805946673067776,0.9227385374542312,-1.060706643097266
2016-02-24,treasury_7_10y,-0.011754027489136676,-0.011754027489136676,5,-0.003338858485221863,-3.590127167598321,1.8103508715138705,-1.8406286335581812
2016-02-25,alternative,0.06144062848106269,0.06144062848106269,5,0.0012821927666664124,2.3719324266942943,-2.4412731621815356,1.2368796542065816
2016-02-25,corp_bond_ig,0.025397913698721464,0.025397913698721464,5,-0.0038298070430755615,0.43794943887493565,-4.403949766390118,-0.4049249790931571
2016-02-25,developed_equity,0.05128211435798691,0.05128211435798691,5,0.003612324595451355,4.3871593676705745,-1.399233151364259,1.7981239625318526
2016-02-25,emerging_equity,0.09881422726246991,0.09881422726246991,5,-0.0025793612003326416,-1.44257754215433,-3.712338552857682,0.1480618060913645
2016-02-25,korea_equity,0.09655467612352453,0.09655467612352453,5,-0.0006918534636497498,0.3963111558978311,-3.999177568430529,0.5919773593069687
2016-02-25,short_treasury,-0.002587551164371149,-0.002587551164371149,5,-0.0015939399600028992,-2.3718579063253324,1.1748201942977536,-1.1357787544967914
2016-02-25,treasury_7_10y,-0.015685548174368513,-0.015685548174368513,5,-0.0028067082166671753,-3.6623785835534584,1.7319104319076395,-1.6565711017692732
2016-02-26,alternative,0.05894735235916948,0.05894735235916948,5,0.0016179531812667847,2.484274153932322,-2.18508051141399,1.4470533945216975
2016-02-26,corp_bond_ig,0.026363862970949725,0.026363862970949725,5,-0.0037477612495422363,0.7182294554071628,-4.318138462881116,-0.7808934934419033
2016-02-26,developed_equity,0.05516281863682382,0.05516281863682382,5,0.003335423767566681,4.168887963461374,-1.3402560191556832,1.4046903647340934
2016-02-26,emerging_equity,0.11343984748317215,0.11343984748317215,5,-0.0026417076587677,-1.3650593548209085,-3.839710199987307,-0.07857346653405878
2016-02-26,korea_equity,0.11403893479479366,0.11403893479479366,5,-0.0008137598633766174,0.49353259835703545,-3.746842821578806,0.04618262409796409
2016-02-26,short_treasury,-0.0010599925026892887,-0.0010599925026892887,5,-0.0020252540707588196,-2.3803520238950773,1.4180427821860209,-0.7322397805753621
2016-02-26,treasury_7_10y,-0.009421151565155883,-0.009421151565155883,5,-0.0032213181257247925,-3.9146516647684413,2.127396214470144,-1.6645098246011012
2016-02-29,alternative,0.07822411887145275,0.07822411887145275,5,0.0010102689266204834,2.27393798702298,-2.315414306737015,1.0558150575687677
2016-02-29,corp_bond_ig,0.030258200703421778,0.030258200703421778,5,-0.0033278614282608032,0.9051877124946988,-4.649202847110207,-0.08736267588830465
2016-02-29,developed_equity,0.0672617367258872,0.0672617367258872,5,0.0036239027976989746,4.38025134308286,-1.2780830807147538,1.3011412198485521
2016-02-29,emerging_equity,0.1190633458669792,0.1190633458669792,5,-0.002832576632499695,-1.4809373586489714,-3.699656614024142,-0.26987335332439405
2016-02-29,korea_equity,0.13114403499335836,0.13114403499335836,5,-0.0006943494081497192,0.32124629066121463,-3.609133634726084,0.28991127361530183
2016-02-29,short_treasury,0.00023545518687040357,0.00023545518687040357,5,-0.002270542085170746,-2.427896041061638,1.4147461411536062,-1.0388800154391273
2016-02-29,treasury_7_10y,-0.004341171730653959,-0.004341171730653959,5,-0.002712048590183258,-3.5422895208463756,1.9015306707950055,-1.5181840060630531
