mode,k,members,rank_corr,top_k_sharpe,top_k_cum,top_k_hit
raw,1,logistic_image_scale,0.03924851190476191,0.38500929176343807,0.6569180682499105,0.5902777777777778
raw,1,logistic_cumulative_scale,-0.007217261904761907,0.07643795194437607,-0.05122835965927475,0.5555555555555556
raw,1,cnn_1d_image_scale,-0.001004464285714283,0.07272599856082221,-0.04692768954985116,0.5486111111111112
raw,1,cnn_2d_rendered_images,0.002194940476190475,0.20192275551052374,0.22900550409906772,0.5694444444444444
raw,1,cnn_1d_attention_image_scale,0.023127480158730167,0.2681053526198874,0.39175317958670086,0.5902777777777778
raw,1,cnn_1d_cumulative_scale,0.027095734126984128,0.5214478524828869,0.9977374615768371,0.5902777777777778
raw,1,cnn_1d_dilated_image_scale,0.027963789682539684,0.35437782903443815,0.6661490312217502,0.5694444444444444
raw,1,cnn_1d_multiscale_image_scale,0.008692956349206344,0.24587455819518209,0.34244988462400405,0.5833333333333334
raw,1,cnn_2d_residual_images,0.007226267715429987,0.09561768049766343,0.01536367262259164,0.5486111111111112
raw,1,cnn_2d_residual_small,0.04261262688625306,0.20800248243214942,0.25282484636839997,0.5902777777777778
raw,1,lstm_image_scale,0.050607638888888896,0.18522778907459791,0.1875003842474261,0.5486111111111112
raw,1,lstm_cumulative_scale,-0.01674107142857143,0.29723349838486995,0.4825325417178552,0.5763888888888888
raw,1,cnnlstm_image_scale,0.04482886904761906,0.43372873123002603,0.899801674505295,0.5763888888888888
raw,1,cnnlstm_cumulative_scale,-0.012549603174603175,0.36099154509879655,0.5787823921091009,0.5625
raw,2,logistic_image_scale + logistic_cumulative_scale,0.02165178571428572,0.1558608064495073,0.13123069735860815,0.5625
raw,2,logistic_image_scale + cnn_1d_image_scale,0.030890376984126996,0.1676975040028514,0.16057004484385184,0.5625
raw,2,logistic_image_scale + cnn_2d_rendered_images,0.04011656746031747,0.3596680050817608,0.6860794559335246,0.5694444444444444
raw,2,logistic_image_scale + cnn_1d_attention_image_scale,0.03294890873015874,0.31107990129113444,0.5103194625864589,0.6111111111111112
raw,2,logistic_image_scale + cnn_1d_cumulative_scale,0.04335317460317462,0.49386063645412837,0.9575911724322708,0.5902777777777778
raw,2,logistic_image_scale + cnn_1d_dilated_image_scale,0.045585317460317465,0.3877068685897476,0.8002292613380289,0.5902777777777778
raw,2,logistic_image_scale + cnn_1d_multiscale_image_scale,0.033593750000000006,0.4246278908651294,0.7927582721562472,0.5833333333333334
raw,2,logistic_image_scale + cnn_2d_residual_images,0.03686755952380953,0.21494768806292916,0.2675614541482809,0.5694444444444444
raw,2,logistic_image_scale + cnn_2d_residual_small,0.046490575396825405,0.3443909392813735,0.6352654215998148,0.6041666666666666
raw,2,logistic_image_scale + lstm_image_scale,0.05124007936507938,0.36597560399439844,0.7113078349806308,0.5972222222222222
raw,2,logistic_image_scale + lstm_cumulative_scale,0.033978174603174614,0.49697242020023835,1.0002232909945707,0.5694444444444444
raw,2,logistic_image_scale + cnnlstm_image_scale,0.045548115079365084,0.4559554719744601,0.9020641159468417,0.5694444444444444
raw,2,logistic_image_scale + cnnlstm_cumulative_scale,0.03239087301587302,0.3688128351931738,0.6536672712771134,0.5833333333333334
raw,2,logistic_cumulative_scale + cnn_1d_image_scale,-0.009027777777777782,-0.0010105219257996048,-0.19032272665383743,0.5486111111111112
raw,2,logistic_cumulative_scale + cnn_2d_rendered_images,-0.016617063492063492,0.05213613303902888,-0.09472151314526611,0.5555555555555556
raw,2,logistic_cumulative_scale + cnn_1d_attention_image_scale,-0.0025545634920634986,0.20767140713837245,0.25788722857891466,0.5555555555555556
raw,2,logistic_cumulative_scale + cnn_1d_cumulative_scale,-0.0018229166666666617,0.06263443715808363,-0.07354936679309743,0.5277777777777778
raw,2,logistic_cumulative_scale + cnn_1d_dilated_image_scale,-0.014198908730158733,0.13871236968041237,0.09322480978069159,0.5625
raw,2,logistic_cumulative_scale + cnn_1d_multiscale_image_scale,-0.017770337301587297,0.04668701363495147,-0.09955510276246271,0.5416666666666666
raw,2,logistic_cumulative_scale + cnn_2d_residual_images,-0.009957837301587304,0.024918068215200546,-0.15191285637862106,0.5486111111111112
raw,2,logistic_cumulative_scale + cnn_2d_residual_small,-0.0023809523809523773,0.0791601794533091,-0.03425481575590428,0.5763888888888888
raw,2,logistic_cumulative_scale + lstm_image_scale,0.00296378968253968,0.07594421796518105,-0.04836185160411466,0.5486111111111112
raw,2,logistic_cumulative_scale + lstm_cumulative_scale,-0.006485615079365075,0.09389495599907059,-0.01881694402644052,0.5277777777777778
raw,2,logistic_cumulative_scale + cnnlstm_image_scale,-0.0018353174603174625,0.03722408920014355,-0.1281636619133325,0.5555555555555556
raw,2,logistic_cumulative_scale + cnnlstm_cumulative_scale,-0.008903769841269839,0.13268923367138968,0.07606211180270428,0.5555555555555556
raw,2,cnn_1d_image_scale + cnn_2d_rendered_images,0.028844246031746037,0.25228629608681225,0.348848489252817,0.5972222222222222
raw,2,cnn_1d_image_scale + cnn_1d_attention_image_scale,0.017274305555555564,0.26808288944764114,0.39079149414574776,0.5625
raw,2,cnn_1d_image_scale + cnn_1d_cumulative_scale,0.021155753968253973,0.12207993236141165,0.043985423366248444,0.5555555555555556
raw,2,cnn_1d_image_scale + cnn_1d_dilated_image_scale,0.0216765873015873,0.2722202571576053,0.4118047311482673,0.5555555555555556
raw,2,cnn_1d_image_scale + cnn_1d_multiscale_image_scale,0.01619543650793651,0.23065222452118683,0.30049564954656915,0.5625
raw,2,cnn_1d_image_scale + cnn_2d_residual_images,0.024590773809523812,0.17416270450915564,0.175812694779107,0.5416666666666666
raw,2,cnn_1d_image_scale + cnn_2d_residual_small,0.03123759920634921,0.16151149420140523,0.1478901839066733,0.5694444444444444
raw,2,cnn_1d_image_scale + lstm_image_scale,0.025049603174603172,0.14201406219393578,0.08709236713739466,0.5902777777777778
raw,2,cnn_1d_image_scale + lstm_cumulative_scale,0.006039186507936509,0.21536965787508672,0.27645170909417227,0.5902777777777778
raw,2,cnn_1d_image_scale + cnnlstm_image_scale,0.016505456349206353,0.04118527746329213,-0.10400129558339732,0.5416666666666666
raw,2,cnn_1d_image_scale + cnnlstm_cumulative_scale,0.000396825396825388,0.17238492102124786,0.16284007029972702,0.5694444444444444
raw,2,cnn_2d_rendered_images + cnn_1d_attention_image_scale,0.01975446428571429,0.36348314785679325,0.6668925389444877,0.5902777777777778
raw,2,cnn_2d_rendered_images + cnn_1d_cumulative_scale,0.022867063492063494,0.23434374009125578,0.3074066649756071,0.5833333333333334
raw,2,cnn_2d_rendered_images + cnn_1d_dilated_image_scale,0.01872519841269842,0.26572277292865765,0.3922029674608378,0.5416666666666666
raw,2,cnn_2d_rendered_images + cnn_1d_multiscale_image_scale,0.026971726190476185,0.2556834937777385,0.36017162338092024,0.5833333333333334
raw,2,cnn_2d_rendered_images + cnn_2d_residual_images,0.017075892857142862,0.17365120049329497,0.16400513397227257,0.5694444444444444
raw,2,cnn_2d_rendered_images + cnn_2d_residual_small,0.028707837301587297,0.2550960029755017,0.3629208086922622,0.5972222222222222
raw,2,cnn_2d_rendered_images + lstm_image_scale,0.019506448412698413,0.25512959024195186,0.36160569622668093,0.5972222222222222
raw,2,cnn_2d_rendered_images + lstm_cumulative_scale,0.0014756944444444394,0.11446719345706288,0.03756852186420523,0.5416666666666666
raw,2,cnn_2d_rendered_images + cnnlstm_image_scale,0.01840277777777778,0.2440266789110175,0.3373760209979164,0.5902777777777778
raw,2,cnn_2d_rendered_images + cnnlstm_cumulative_scale,-0.0028273809523809584,0.24209766327295001,0.3370038629062386,0.5763888888888888
raw,2,cnn_1d_attention_image_scale + cnn_1d_cumulative_scale,0.02764136904761906,0.23660807784834842,0.312897420938097,0.5694444444444444
raw,2,cnn_1d_attention_image_scale + cnn_1d_dilated_image_scale,0.02748015873015873,0.41267084500079637,0.8505679683013065,0.6111111111111112
raw,2,cnn_1d_attention_image_scale + cnn_1d_multiscale_image_scale,0.021825396825396828,0.35169709864895815,0.6404303757638867,0.5972222222222222
raw,2,cnn_1d_attention_image_scale + cnn_2d_residual_images,0.031200396825396833,0.17790130724841557,0.17268455870410881,0.5555555555555556
raw,2,cnn_1d_attention_image_scale + cnn_2d_residual_small,0.03200644841269842,0.2860172990350005,0.44249437519538937,0.5763888888888888
raw,2,cnn_1d_attention_image_scale + lstm_image_scale,0.02943948412698413,0.33598157773988924,0.5953023974460903,0.5625
raw,2,cnn_1d_attention_image_scale + lstm_cumulative_scale,0.015290178571428576,0.40218077718249085,0.7914591995887135,0.5972222222222222
raw,2,cnn_1d_attention_image_scale + cnnlstm_image_scale,0.025210813492063503,0.26446256226101145,0.3968969621525955,0.5555555555555556
raw,2,cnn_1d_attention_image_scale + cnnlstm_cumulative_scale,0.008581349206349214,0.38192827680879976,0.7724297412667132,0.5833333333333334
raw,2,cnn_1d_cumulative_scale + cnn_1d_dilated_image_scale,0.035875496031746036,0.3849671443298692,0.7722675357344597,0.5902777777777778
raw,2,cnn_1d_cumulative_scale + cnn_1d_multiscale_image_scale,0.021974206349206358,0.14495394183735094,0.09510103106688383,0.5833333333333334
raw,2,cnn_1d_cumulative_scale + cnn_2d_residual_images,0.02460317460317461,0.2385850219930635,0.32838420062059104,0.5347222222222222
raw,2,cnn_1d_cumulative_scale + cnn_2d_residual_small,0.04275793650793651,0.28773012366374723,0.45148660582602496,0.5972222222222222
raw,2,cnn_1d_cumulative_scale + lstm_image_scale,0.05137648809523812,0.2642369938086846,0.39551658493144437,0.5972222222222222
raw,2,cnn_1d_cumulative_scale + lstm_cumulative_scale,0.0014880952380952378,0.3549711977321812,0.6342152679580695,0.5555555555555556
raw,2,cnn_1d_cumulative_scale + cnnlstm_image_scale,0.0433779761904762,0.40018839158485126,0.7651989803809391,0.5625
raw,2,cnn_1d_cumulative_scale + cnnlstm_cumulative_scale,0.0005704365079365089,0.3422641063817469,0.5323156411149113,0.5694444444444444
raw,2,cnn_1d_dilated_image_scale + cnn_1d_multiscale_image_scale,0.021701388888888895,0.2441961862668584,0.3430148483875377,0.5486111111111112
raw,2,cnn_1d_dilated_image_scale + cnn_2d_residual_images,0.03426339285714286,0.19175592094340374,0.20788682248294377,0.5555555555555556
raw,2,cnn_1d_dilated_image_scale + cnn_2d_residual_small,0.03431299603174604,0.2862914608933692,0.4659537724638987,0.5763888888888888
raw,2,cnn_1d_dilated_image_scale + lstm_image_scale,0.03278769841269842,0.30785776537627213,0.5372725405095797,0.5902777777777778
raw,2,cnn_1d_dilated_image_scale + lstm_cumulative_scale,0.022681051587301587,0.2991484211648962,0.4976643892559305,0.5833333333333334
raw,2,cnn_1d_dilated_image_scale + cnnlstm_image_scale,0.03148561507936509,0.1962374124871344,0.22121665486074948,0.5555555555555556
raw,2,cnn_1d_dilated_image_scale + cnnlstm_cumulative_scale,0.010478670634920641,0.32854831201353984,0.5878698210617588,0.5972222222222222
raw,2,cnn_1d_multiscale_image_scale + cnn_2d_residual_images,0.02538442460317461,0.19224638873294908,0.20247974693018866,0.5555555555555556
raw,2,cnn_1d_multiscale_image_scale + cnn_2d_residual_small,0.0316468253968254,0.21135516575812976,0.2505113187161161,0.5902777777777778
raw,2,cnn_1d_multiscale_image_scale + lstm_image_scale,0.03521825396825397,0.2501998773205589,0.35548128185064676,0.5902777777777778
raw,2,cnn_1d_multiscale_image_scale + lstm_cumulative_scale,0.011817956349206356,0.3788915727287378,0.7670422269533981,0.5902777777777778
raw,2,cnn_1d_multiscale_image_scale + cnnlstm_image_scale,0.030766369047619063,0.20829152435003395,0.24809863074839633,0.5833333333333334
raw,2,cnn_1d_multiscale_image_scale + cnnlstm_cumulative_scale,0.003149801587301584,0.5302844584890559,1.0829180333783133,0.5763888888888888
raw,2,cnn_2d_residual_images + cnn_2d_residual_small,0.04486607142857144,0.19204552387065568,0.21607477801171027,0.5625
raw,2,cnn_2d_residual_images + lstm_image_scale,0.04497767857142858,0.3284290784135486,0.5653992512810575,0.5694444444444444
raw,2,cnn_2d_residual_images + lstm_cumulative_scale,0.016765873015873012,0.1979030661660257,0.23343067624000025,0.5347222222222222
raw,2,cnn_2d_residual_images + cnnlstm_image_scale,0.04136904761904763,0.2786416098921509,0.4366891770573398,0.5833333333333334
raw,2,cnn_2d_residual_images + cnnlstm_cumulative_scale,0.011582341269841276,0.22193959395310583,0.28113565351070613,0.5416666666666666
raw,2,cnn_2d_residual_small + lstm_image_scale,0.05680803571428573,0.19799926264567194,0.22957818431159605,0.5694444444444444
raw,2,cnn_2d_residual_small + lstm_cumulative_scale,0.03000992063492064,0.3285774421975231,0.5603663148963569,0.5902777777777778
raw,2,cnn_2d_residual_small + cnnlstm_image_scale,0.057886904761904764,0.3486068961514047,0.635948094317335,0.5972222222222222
raw,2,cnn_2d_residual_small + cnnlstm_cumulative_scale,0.018712797619047625,0.30107003322011194,0.503675175114247,0.5833333333333334
raw,2,lstm_image_scale + lstm_cumulative_scale,0.03250248015873016,0.3327536007465451,0.5853662580109422,0.5763888888888888
raw,2,lstm_image_scale + cnnlstm_image_scale,0.05450148809523811,0.27827612126263834,0.44536248035857784,0.5625
raw,2,lstm_image_scale + cnnlstm_cumulative_scale,0.025421626984126987,0.6987034856435587,1.8668680672100466,0.5972222222222222
raw,2,lstm_cumulative_scale + cnnlstm_image_scale,0.027244543650793658,0.32632360500948504,0.5728055669088976,0.5902777777777778
raw,2,lstm_cumulative_scale + cnnlstm_cumulative_scale,-0.01041666666666667,0.37291080814535327,0.6356937382854004,0.5694444444444444
raw,2,cnnlstm_image_scale + cnnlstm_cumulative_scale,0.014434523809523814,0.6110410488899953,1.4791227783792098,0.5972222222222222
raw,3,logistic_image_scale + logistic_cumulative_scale + cnn_1d_image_scale,0.016406250000000004,0.19506971927255012,0.22885069831716698,0.5763888888888888
raw,3,logistic_image_scale + logistic_cumulative_scale + cnn_2d_rendered_images,0.016195436507936513,0.2065935277325893,0.2583811361089372,0.5486111111111112
raw,3,logistic_image_scale + logistic_cumulative_scale + cnn_1d_attention_image_scale,0.02059771825396826,0.23471934660962301,0.3326454145622819,0.5694444444444444
raw,3,logistic_image_scale + logistic_cumulative_scale + cnn_1d_cumulative_scale,0.02357390873015873,0.2064287019148912,0.25821327218564094,0.5486111111111112
raw,3,logistic_image_scale + logistic_cumulative_scale + cnn_1d_dilated_image_scale,0.01615823412698413,0.2654781622363789,0.4199163414531524,0.5486111111111112
raw,3,logistic_image_scale + logistic_cumulative_scale + cnn_1d_multiscale_image_scale,0.015674603174603174,0.21174724558443456,0.27149473443836936,0.5694444444444444
raw,3,logistic_image_scale + logistic_cumulative_scale + cnn_2d_residual_images,0.022048611111111123,0.10851007961200533,0.021122324638759737,0.5694444444444444
raw,3,logistic_image_scale + logistic_cumulative_scale + cnn_2d_residual_small,0.023846726190476196,0.17072941480098547,0.16901408264627915,0.5625
raw,3,logistic_image_scale + logistic_cumulative_scale + lstm_image_scale,0.027604166666666687,0.12782148574769486,0.06838943914426743,0.5625
raw,3,logistic_image_scale + logistic_cumulative_scale + lstm_cumulative_scale,0.024317956349206356,0.1578133398277014,0.13593811301942949,0.5486111111111112
raw,3,logistic_image_scale + logistic_cumulative_scale + cnnlstm_image_scale,0.025855654761904774,0.14319047129697504,0.10084526208800315,0.5625
raw,3,logistic_image_scale + logistic_cumulative_scale + cnnlstm_cumulative_scale,0.02182539682539683,0.22241825468944712,0.30010864382833824,0.5555555555555556
raw,3,logistic_image_scale + cnn_1d_image_scale + cnn_2d_rendered_images,0.031212797619047633,0.22132104074215123,0.28010827175825437,0.5486111111111112
raw,3,logistic_image_scale + cnn_1d_image_scale + cnn_1d_attention_image_scale,0.028546626984126976,0.31382652935910155,0.5174176171303095,0.5763888888888888
raw,3,logistic_image_scale + cnn_1d_image_scale + cnn_1d_cumulative_scale,0.03807043650793652,0.20294016421517286,0.2406710245191599,0.5555555555555556
raw,3,logistic_image_scale + cnn_1d_image_scale + cnn_1d_dilated_image_scale,0.0439856150793651,0.3105737117848387,0.5303901163990756,0.5763888888888888
raw,3,logistic_image_scale + cnn_1d_image_scale + cnn_1d_multiscale_image_scale,0.034213789682539686,0.3516131581043226,0.6260196624130159,0.5625
raw,3,logistic_image_scale + cnn_1d_image_scale + cnn_2d_residual_images,0.03214285714285715,0.047358580959016565,-0.06691172972284631,0.5416666666666666
raw,3,logistic_image_scale + cnn_1d_image_scale + cnn_2d_residual_small,0.04098462301587302,0.2367223654985061,0.32108802102727196,0.5694444444444444
raw,3,logistic_image_scale + cnn_1d_image_scale + lstm_image_scale,0.04347718253968255,0.1606895156031642,0.1462268767925623,0.5416666666666666
raw,3,logistic_image_scale + cnn_1d_image_scale + lstm_cumulative_scale,0.03345734126984127,0.26578326762303317,0.3927885654875942,0.5625
raw,3,logistic_image_scale + cnn_1d_image_scale + cnnlstm_image_scale,0.03663194444444445,0.14383851731063482,0.11059046860613297,0.5625
raw,3,logistic_image_scale + cnn_1d_image_scale + cnnlstm_cumulative_scale,0.026649305555555565,0.391553536251598,0.704306161636322,0.5555555555555556
raw,3,logistic_image_scale + cnn_2d_rendered_images + cnn_1d_attention_image_scale,0.03276289682539683,0.3590570975193444,0.6739829288892947,0.5833333333333334
raw,3,logistic_image_scale + cnn_2d_rendered_images + cnn_1d_cumulative_scale,0.04160466269841271,0.3830336814534851,0.7399260641555796,0.5555555555555556
raw,3,logistic_image_scale + cnn_2d_rendered_images + cnn_1d_dilated_image_scale,0.03366815476190477,0.3028156399288822,0.5057773060111768,0.5486111111111112
raw,3,logistic_image_scale + cnn_2d_rendered_images + cnn_1d_multiscale_image_scale,0.02831101190476191,0.28910214196363226,0.46463555980943805,0.5625
raw,3,logistic_image_scale + cnn_2d_rendered_images + cnn_2d_residual_images,0.029650297619047618,0.30466210689367185,0.49611950842739594,0.5833333333333334
raw,3,logistic_image_scale + cnn_2d_rendered_images + cnn_2d_residual_small,0.039223710317460324,0.30939865759394425,0.5172406801288427,0.5972222222222222
raw,3,logistic_image_scale + cnn_2d_rendered_images + lstm_image_scale,0.04160466269841271,0.3241454723253726,0.5699886595324866,0.5833333333333334
raw,3,logistic_image_scale + cnn_2d_rendered_images + lstm_cumulative_scale,0.03652033730158731,0.45907952750385517,1.0161642611885071,0.5625
raw,3,logistic_image_scale + cnn_2d_rendered_images + cnnlstm_image_scale,0.04263392857142858,0.32125663236139057,0.5690473362141575,0.5763888888888888
raw,3,logistic_image_scale + cnn_2d_rendered_images + cnnlstm_cumulative_scale,0.02721974206349207,0.4804707367771653,1.0118554761428555,0.5486111111111112
raw,3,logistic_image_scale + cnn_1d_attention_image_scale + cnn_1d_cumulative_scale,0.03298611111111112,0.24860418499636644,0.3484712790338582,0.5833333333333334
raw,3,logistic_image_scale + cnn_1d_attention_image_scale + cnn_1d_dilated_image_scale,0.0380952380952381,0.3604252970614067,0.6968488830015354,0.5763888888888888
raw,3,logistic_image_scale + cnn_1d_attention_image_scale + cnn_1d_multiscale_image_scale,0.029625496031746038,0.3685270702023292,0.6818335184694675,0.5902777777777778
raw,3,logistic_image_scale + cnn_1d_attention_image_scale + cnn_2d_residual_images,0.03773561507936509,0.326134959212752,0.5414243384420867,0.5625
raw,3,logistic_image_scale + cnn_1d_attention_image_scale + cnn_2d_residual_small,0.04094742063492064,0.3348988909233945,0.5871142112781358,0.5902777777777778
raw,3,logistic_image_scale + cnn_1d_attention_image_scale + lstm_image_scale,0.041381448412698425,0.3903354402889557,0.7544719385522585,0.6180555555555556
raw,3,logistic_image_scale + cnn_1d_attention_image_scale + lstm_cumulative_scale,0.03201884920634921,0.3552865878750045,0.6374132729575079,0.5972222222222222
raw,3,logistic_image_scale + cnn_1d_attention_image_scale + cnnlstm_image_scale,0.04345238095238096,0.32220533886809793,0.550907847112887,0.6111111111111112
raw,3,logistic_image_scale + cnn_1d_attention_image_scale + cnnlstm_cumulative_scale,0.029935515873015874,0.2971753866651732,0.48688921492984716,0.5972222222222222
raw,3,logistic_image_scale + cnn_1d_cumulative_scale + cnn_1d_dilated_image_scale,0.047842261904761915,0.32906491173939356,0.5923803080785084,0.5972222222222222
raw,3,logistic_image_scale + cnn_1d_cumulative_scale + cnn_1d_multiscale_image_scale,0.0326388888888889,0.3698028311506295,0.6539295300578516,0.5763888888888888
raw,3,logistic_image_scale + cnn_1d_cumulative_scale + cnn_2d_residual_images,0.041480654761904774,0.2542868771997534,0.3676112082101015,0.5625
raw,3,logistic_image_scale + cnn_1d_cumulative_scale + cnn_2d_residual_small,0.05239335317460318,0.32650146484340503,0.5785447786497249,0.5833333333333334
raw,3,logistic_image_scale + cnn_1d_cumulative_scale + lstm_image_scale,0.05097966269841271,0.4389138983006987,0.8747819216783121,0.5833333333333334
raw,3,logistic_image_scale + cnn_1d_cumulative_scale + lstm_cumulative_scale,0.03681795634920636,0.43946789069991277,0.8284670010953301,0.5625
raw,3,logistic_image_scale + cnn_1d_cumulative_scale + cnnlstm_image_scale,0.0463045634920635,0.37262086737936356,0.6639320635750188,0.5555555555555556
raw,3,logistic_image_scale + cnn_1d_cumulative_scale + cnnlstm_cumulative_scale,0.03390376984126985,0.45461895290225784,0.9305245060414189,0.5694444444444444
raw,3,logistic_image_scale + cnn_1d_dilated_image_scale + cnn_1d_multiscale_image_scale,0.046961805555555555,0.33254991358694774,0.5958564888061384,0.5694444444444444
raw,3,logistic_image_scale + cnn_1d_dilated_image_scale + cnn_2d_residual_images,0.04685019841269843,0.3646711997144989,0.7041759787468489,0.5763888888888888
raw,3,logistic_image_scale + cnn_1d_dilated_image_scale + cnn_2d_residual_small,0.04899553571428573,0.26508020307986935,0.4051553148353324,0.5694444444444444
raw,3,logistic_image_scale + cnn_1d_dilated_image_scale + lstm_image_scale,0.05352182539682541,0.41602276865564075,0.8894765488642533,0.5902777777777778
raw,3,logistic_image_scale + cnn_1d_dilated_image_scale + lstm_cumulative_scale,0.0423983134920635,0.34258416870082775,0.6331215410483901,0.5833333333333334
raw,3,logistic_image_scale + cnn_1d_dilated_image_scale + cnnlstm_image_scale,0.04339037698412699,0.2958400496190933,0.4925385406789735,0.5833333333333334
raw,3,logistic_image_scale + cnn_1d_dilated_image_scale + cnnlstm_cumulative_scale,0.03472222222222223,0.2838727151695931,0.4634381885111323,0.5763888888888888
raw,3,logistic_image_scale + cnn_1d_multiscale_image_scale + cnn_2d_residual_images,0.03572668650793652,0.28315752759846047,0.4530146653829541,0.5625
raw,3,logistic_image_scale + cnn_1d_multiscale_image_scale + cnn_2d_residual_small,0.03701636904761906,0.2902673697593973,0.4606628912138684,0.5763888888888888
raw,3,logistic_image_scale + cnn_1d_multiscale_image_scale + lstm_image_scale,0.03963293650793652,0.3458244450875147,0.6303611421437543,0.5763888888888888
raw,3,logistic_image_scale + cnn_1d_multiscale_image_scale + lstm_cumulative_scale,0.031622023809523815,0.39337905633197334,0.7810698698821161,0.5972222222222222
raw,3,logistic_image_scale + cnn_1d_multiscale_image_scale + cnnlstm_image_scale,0.035181051587301594,0.31642755216263324,0.5106859360121068,0.5833333333333334
raw,3,logistic_image_scale + cnn_1d_multiscale_image_scale + cnnlstm_cumulative_scale,0.025359623015873023,0.4880660263867297,1.0358480202462403,0.5972222222222222
raw,3,logistic_image_scale + cnn_2d_residual_images + cnn_2d_residual_small,0.051116071428571434,0.25138432220715906,0.3674582702689937,0.5833333333333334
raw,3,logistic_image_scale + cnn_2d_residual_images + lstm_image_scale,0.048387896825396834,0.17351675988901177,0.17446497350702006,0.5694444444444444
raw,3,logistic_image_scale + cnn_2d_residual_images + lstm_cumulative_scale,0.038963293650793665,0.3149739346303515,0.532221148940712,0.5555555555555556
raw,3,logistic_image_scale + cnn_2d_residual_images + cnnlstm_image_scale,0.04588293650793652,0.17446449161711108,0.17614042955508413,0.5833333333333334
raw,3,logistic_image_scale + cnn_2d_residual_images + cnnlstm_cumulative_scale,0.03501984126984128,0.2628185245996407,0.3912111688781521,0.5763888888888888
raw,3,logistic_image_scale + cnn_2d_residual_small + lstm_image_scale,0.05718005952380954,0.3642745293423499,0.7125527887187557,0.6111111111111112
raw,3,logistic_image_scale + cnn_2d_residual_small + lstm_cumulative_scale,0.0472718253968254,0.38226379324216875,0.7536860035140072,0.5972222222222222
raw,3,logistic_image_scale + cnn_2d_residual_small + cnnlstm_image_scale,0.054451884920634935,0.30396899388272675,0.5179249770353758,0.6111111111111112
raw,3,logistic_image_scale + cnn_2d_residual_small + cnnlstm_cumulative_scale,0.03970734126984129,0.5444337067613624,1.2161056382450326,0.6041666666666666
raw,3,logistic_image_scale + lstm_image_scale + lstm_cumulative_scale,0.043340773809523815,0.3386784363646658,0.6143664136822891,0.5763888888888888
raw,3,logistic_image_scale + lstm_image_scale + cnnlstm_image_scale,0.05328621031746032,0.26837789263377304,0.4164135366611632,0.5902777777777778
raw,3,logistic_image_scale + lstm_image_scale + cnnlstm_cumulative_scale,0.04033978174603175,0.585363526229244,1.3712425439221976,0.5972222222222222
raw,3,logistic_image_scale + lstm_cumulative_scale + cnnlstm_image_scale,0.04325396825396826,0.4315816148119785,0.8270780367393105,0.5694444444444444
raw,3,logistic_image_scale + lstm_cumulative_scale + cnnlstm_cumulative_scale,0.026760912698412707,0.5427515753538058,1.2668908316122987,0.5902777777777778
raw,3,logistic_image_scale + cnnlstm_image_scale + cnnlstm_cumulative_scale,0.039893353174603186,0.5236825226799985,1.1906312672902892,0.5902777777777778
raw,3,logistic_cumulative_scale + cnn_1d_image_scale + cnn_2d_rendered_images,-0.016046626984126986,0.06778688647597352,-0.053338594524296234,0.5555555555555556
raw,3,logistic_cumulative_scale + cnn_1d_image_scale + cnn_1d_attention_image_scale,0.0011160714285714266,0.18288845142663715,0.1975385821549196,0.5763888888888888
raw,3,logistic_cumulative_scale + cnn_1d_image_scale + cnn_1d_cumulative_scale,-0.0010292658730158709,0.053332611074772086,-0.0862784472757997,0.5486111111111112
raw,3,logistic_cumulative_scale + cnn_1d_image_scale + cnn_1d_dilated_image_scale,-0.00029761904761904407,0.1584268611281791,0.13942649713859434,0.5416666666666666
raw,3,logistic_cumulative_scale + cnn_1d_image_scale + cnn_1d_multiscale_image_scale,-0.009747023809523813,0.01962308792194395,-0.1436825119656553,0.5625
raw,3,logistic_cumulative_scale + cnn_1d_image_scale + cnn_2d_residual_images,-0.007068452380952387,-0.003182718800050272,-0.19161458080301064,0.5486111111111112
raw,3,logistic_cumulative_scale + cnn_1d_image_scale + cnn_2d_residual_small,-0.009027777777777777,-0.029480246220373332,-0.22880647799473952,0.5347222222222222
raw,3,logistic_cumulative_scale + cnn_1d_image_scale + lstm_image_scale,-0.0019345238095238137,0.031030644915117526,-0.1357078322884513,0.5625
raw,3,logistic_cumulative_scale + cnn_1d_image_scale + lstm_cumulative_scale,-0.00546875,0.04140484284097477,-0.11664967811398419,0.5416666666666666
raw,3,logistic_cumulative_scale + cnn_1d_image_scale + cnnlstm_image_scale,-0.0039434523809523826,0.030780872217754815,-0.12391823588157158,0.5486111111111112
raw,3,logistic_cumulative_scale + cnn_1d_image_scale + cnnlstm_cumulative_scale,-0.00656001984126984,0.04502548206165818,-0.09906486054473884,0.5694444444444444
raw,3,logistic_cumulative_scale + cnn_2d_rendered_images + cnn_1d_attention_image_scale,-0.0043650793650793695,0.1285786089954784,0.07363058826534985,0.5625
raw,3,logistic_cumulative_scale + cnn_2d_rendered_images + cnn_1d_cumulative_scale,-0.010181051587301586,0.07618299464876169,-0.04211569429026829,0.5347222222222222
raw,3,logistic_cumulative_scale + cnn_2d_rendered_images + cnn_1d_dilated_image_scale,-0.017509920634920642,0.11924091675080073,0.053294791335662506,0.5347222222222222
raw,3,logistic_cumulative_scale + cnn_2d_rendered_images + cnn_1d_multiscale_image_scale,-0.02485119047619048,0.11378031536699769,0.03741480741730152,0.5486111111111112
raw,3,logistic_cumulative_scale + cnn_2d_rendered_images + cnn_2d_residual_images,-0.008593749999999997,0.01735866428928962,-0.15840687094607797,0.5416666666666666
raw,3,logistic_cumulative_scale + cnn_2d_rendered_images + cnn_2d_residual_small,-0.003286210317460308,0.06603020169782955,-0.058333390040410604,0.5486111111111112
raw,3,logistic_cumulative_scale + cnn_2d_rendered_images + lstm_image_scale,-0.011656746031746034,0.13326782750545185,0.07692808873523171,0.5694444444444444
raw,3,logistic_cumulative_scale + cnn_2d_rendered_images + lstm_cumulative_scale,-0.015029761904761902,0.12115930431450526,0.05057621294281489,0.5555555555555556
raw,3,logistic_cumulative_scale + cnn_2d_rendered_images + cnnlstm_image_scale,-0.012524801587301591,0.045805511343824344,-0.10195707414023714,0.5486111111111112
raw,3,logistic_cumulative_scale + cnn_2d_rendered_images + cnnlstm_cumulative_scale,-0.012698412698412702,0.10826341630477425,0.023591165817272275,0.5625
raw,3,logistic_cumulative_scale + cnn_1d_attention_image_scale + cnn_1d_cumulative_scale,-0.0008308531746031782,0.17899691250445837,0.18831376709274017,0.5555555555555556
raw,3,logistic_cumulative_scale + cnn_1d_attention_image_scale + cnn_1d_dilated_image_scale,0.0038194444444444443,0.26157322223039536,0.403699719591307,0.5833333333333334
raw,3,logistic_cumulative_scale + cnn_1d_attention_image_scale + cnn_1d_multiscale_image_scale,-0.0018477182539682533,0.18441206546754954,0.20095672467466286,0.5694444444444444
raw,3,logistic_cumulative_scale + cnn_1d_attention_image_scale + cnn_2d_residual_images,0.00328621031746032,0.10430985568889757,0.01748474762742669,0.5486111111111112
raw,3,logistic_cumulative_scale + cnn_1d_attention_image_scale + cnn_2d_residual_small,0.0049727182539682484,0.1259292176558252,0.06921249373117999,0.5347222222222222
raw,3,logistic_cumulative_scale + cnn_1d_attention_image_scale + lstm_image_scale,0.012078373015873016,0.2000478453533378,0.23989029185001143,0.5763888888888888
raw,3,logistic_cumulative_scale + cnn_1d_attention_image_scale + lstm_cumulative_scale,-0.0037450396825396896,0.23411088696721988,0.32834935203461035,0.5555555555555556
raw,3,logistic_cumulative_scale + cnn_1d_attention_image_scale + cnnlstm_image_scale,0.004588293650793654,0.16338818157683105,0.15117697510429862,0.5694444444444444
raw,3,logistic_cumulative_scale + cnn_1d_attention_image_scale + cnnlstm_cumulative_scale,-0.001922123015873018,0.19749542846367898,0.23398944364981644,0.5763888888888888
raw,3,logistic_cumulative_scale + cnn_1d_cumulative_scale + cnn_1d_dilated_image_scale,-0.008457341269841276,0.15684052681937857,0.13540345526422115,0.5416666666666666
raw,3,logistic_cumulative_scale + cnn_1d_cumulative_scale + cnn_1d_multiscale_image_scale,-0.015327380952380952,0.05589303309363781,-0.0760218917108183,0.5416666666666666
raw,3,logistic_cumulative_scale + cnn_1d_cumulative_scale + cnn_2d_residual_images,-0.006932043650793649,0.04448702356013513,-0.11394574081498077,0.5416666666666666
raw,3,logistic_cumulative_scale + cnn_1d_cumulative_scale + cnn_2d_residual_small,0.0008556547619047697,0.09207210473495642,-0.009168577194300198,0.5486111111111112
raw,3,logistic_cumulative_scale + cnn_1d_cumulative_scale + lstm_image_scale,0.009337797619047622,0.09147859428731751,-0.012085623380891142,0.5486111111111112
raw,3,logistic_cumulative_scale + cnn_1d_cumulative_scale + lstm_cumulative_scale,-0.0038690476190476174,0.12863158765538107,0.06675390851614571,0.5277777777777778
raw,3,logistic_cumulative_scale + cnn_1d_cumulative_scale + cnnlstm_image_scale,0.002393353174603183,0.12059168713164542,0.049277146285699125,0.5555555555555556
raw,3,logistic_cumulative_scale + cnn_1d_cumulative_scale + cnnlstm_cumulative_scale,-0.0014012896825396797,0.15024776811784898,0.11674968364241933,0.5555555555555556
raw,3,logistic_cumulative_scale + cnn_1d_dilated_image_scale + cnn_1d_multiscale_image_scale,-0.0051835317460317614,0.09540613268734818,0.00310461572196008,0.5555555555555556
raw,3,logistic_cumulative_scale + cnn_1d_dilated_image_scale + cnn_2d_residual_images,-0.002554563492063508,0.10982397134648755,0.02799032663725476,0.5347222222222222
raw,3,logistic_cumulative_scale + cnn_1d_dilated_image_scale + cnn_2d_residual_small,0.0027901785714285685,0.09960874836622136,0.01233107053150495,0.5416666666666666
raw,3,logistic_cumulative_scale + cnn_1d_dilated_image_scale + lstm_image_scale,-0.006919642857142863,0.11933814261156611,0.04863496401273282,0.5694444444444444
raw,3,logistic_cumulative_scale + cnn_1d_dilated_image_scale + lstm_cumulative_scale,-0.009238591269841267,0.1853330943808273,0.20628887067961021,0.5486111111111112
raw,3,logistic_cumulative_scale + cnn_1d_dilated_image_scale + cnnlstm_image_scale,-0.008271329365079365,0.12571561189520616,0.06619915001337051,0.5277777777777778
raw,3,logistic_cumulative_scale + cnn_1d_dilated_image_scale + cnnlstm_cumulative_scale,-0.01163194444444445,0.22587186054226285,0.30966645471492704,0.5833333333333334
raw,3,logistic_cumulative_scale + cnn_1d_multiscale_image_scale + cnn_2d_residual_images,-0.012822420634920638,0.026797114792880904,-0.13688576096354876,0.5416666666666666
raw,3,logistic_cumulative_scale + cnn_1d_multiscale_image_scale + cnn_2d_residual_small,-0.008581349206349209,-0.02895828913481309,-0.22152860027880317,0.5416666666666666
raw,3,logistic_cumulative_scale + cnn_1d_multiscale_image_scale + lstm_image_scale,-0.010639880952380956,0.1098972372135306,0.02502570888033162,0.5486111111111112
raw,3,logistic_cumulative_scale + cnn_1d_multiscale_image_scale + lstm_cumulative_scale,-0.013727678571428573,0.11904180360931006,0.04900121697296722,0.5347222222222222
raw,3,logistic_cumulative_scale + cnn_1d_multiscale_image_scale + cnnlstm_image_scale,-0.008940972222222227,0.07157219479829362,-0.04816628373505649,0.5555555555555556
raw,3,logistic_cumulative_scale + cnn_1d_multiscale_image_scale + cnnlstm_cumulative_scale,-0.01791914682539682,0.12964241951337274,0.07254529570750123,0.5486111111111112
raw,3,logistic_cumulative_scale + cnn_2d_residual_images + cnn_2d_residual_small,0.009064980158730156,0.040998817381226196,-0.10452289823345229,0.5694444444444444
raw,3,logistic_cumulative_scale + cnn_2d_residual_images + lstm_image_scale,0.004042658730158731,0.0936389988762625,-0.012888025361570077,0.5763888888888888
raw,3,logistic_cumulative_scale + cnn_2d_residual_images + lstm_cumulative_scale,-0.008246527777777773,0.04766829988538852,-0.11611862920976157,0.5555555555555556
raw,3,logistic_cumulative_scale + cnn_2d_residual_images + cnnlstm_image_scale,0.0013640873015872948,-0.03137991558932589,-0.24787171873260183,0.5486111111111112
raw,3,logistic_cumulative_scale + cnn_2d_residual_images + cnnlstm_cumulative_scale,-0.010900297619047625,0.06542123472072846,-0.06950096896923741,0.5555555555555556
raw,3,logistic_cumulative_scale + cnn_2d_residual_small + lstm_image_scale,0.007440476190476188,0.15035439758321745,0.11851269779403184,0.5763888888888888
raw,3,logistic_cumulative_scale + cnn_2d_residual_small + lstm_cumulative_scale,-0.00021081349206348855,0.17204531862117417,0.17162768877583523,0.5694444444444444
raw,3,logistic_cumulative_scale + cnn_2d_residual_small + cnnlstm_image_scale,0.005493551587301604,0.07169618137772754,-0.04856802761632395,0.5555555555555556
raw,3,logistic_cumulative_scale + cnn_2d_residual_small + cnnlstm_cumulative_scale,-0.002988591269841266,0.13517343492516762,0.08423227752461115,0.5694444444444444
raw,3,logistic_cumulative_scale + lstm_image_scale + lstm_cumulative_scale,0.0046999007936508,0.0953471524078768,-0.005734473659484318,0.5625
raw,3,logistic_cumulative_scale + lstm_image_scale + cnnlstm_image_scale,0.005567956349206347,0.08648858484514484,-0.025616374909123163,0.5555555555555556
raw,3,logistic_cumulative_scale + lstm_image_scale + cnnlstm_cumulative_scale,-0.003062996031746026,0.1340981400128281,0.08019749471348203,0.5486111111111112
raw,3,logistic_cumulative_scale + lstm_cumulative_scale + cnnlstm_image_scale,-0.0033358134920634937,0.04110114440598664,-0.11782025531986484,0.5486111111111112
raw,3,logistic_cumulative_scale + lstm_cumulative_scale + cnnlstm_cumulative_scale,-0.010627480158730157,0.1466606994732908,0.11001955650740314,0.5555555555555556
raw,3,logistic_cumulative_scale + cnnlstm_image_scale + cnnlstm_cumulative_scale,-0.006163194444444444,0.0945657176155615,-0.0055981812941247044,0.5625
raw,3,cnn_1d_image_scale + cnn_2d_rendered_images + cnn_1d_attention_image_scale,0.022383432539682543,0.2895404441634424,0.4443077656840462,0.5763888888888888
raw,3,cnn_1d_image_scale + cnn_2d_rendered_images + cnn_1d_cumulative_scale,0.0328249007936508,0.2471466355892105,0.3358489239969138,0.5763888888888888
raw,3,cnn_1d_image_scale + cnn_2d_rendered_images + cnn_1d_dilated_image_scale,0.02800099206349207,0.3176661151159789,0.5392472549931633,0.5694444444444444
raw,3,cnn_1d_image_scale + cnn_2d_rendered_images + cnn_1d_multiscale_image_scale,0.02390873015873016,0.26873584845500614,0.3915149027437519,0.5763888888888888
raw,3,cnn_1d_image_scale + cnn_2d_rendered_images + cnn_2d_residual_images,0.029761904761904764,0.21036914369744628,0.2473185812123304,0.5763888888888888
raw,3,cnn_1d_image_scale + cnn_2d_rendered_images + cnn_2d_residual_small,0.02526041666666667,0.22479975468079225,0.28589623814991283,0.5902777777777778
raw,3,cnn_1d_image_scale + cnn_2d_rendered_images + lstm_image_scale,0.03286210317460318,0.20313552982883537,0.2313711083834027,0.5902777777777778
raw,3,cnn_1d_image_scale + cnn_2d_rendered_images + lstm_cumulative_scale,0.023970734126984135,0.2626655662478417,0.3872965721353401,0.6041666666666666
raw,3,cnn_1d_image_scale + cnn_2d_rendered_images + cnnlstm_image_scale,0.030245535714285714,0.15614496653092833,0.12614246712162536,0.5833333333333334
raw,3,cnn_1d_image_scale + cnn_2d_rendered_images + cnnlstm_cumulative_scale,0.017894345238095244,0.3564538763237987,0.6488459106875386,0.5694444444444444
raw,3,cnn_1d_image_scale + cnn_1d_attention_image_scale + cnn_1d_cumulative_scale,0.01976686507936508,0.294817811557564,0.4683962979661669,0.5694444444444444
raw,3,cnn_1d_image_scale + cnn_1d_attention_image_scale + cnn_1d_dilated_image_scale,0.026649305555555555,0.3862709018166058,0.7561345850196588,0.5763888888888888
raw,3,cnn_1d_image_scale + cnn_1d_attention_image_scale + cnn_1d_multiscale_image_scale,0.02586805555555556,0.30983616471081327,0.5114763954691228,0.5902777777777778
raw,3,cnn_1d_image_scale + cnn_1d_attention_image_scale + cnn_2d_residual_images,0.03244047619047619,0.25192792962875765,0.3460457499906673,0.5694444444444444
raw,3,cnn_1d_image_scale + cnn_1d_attention_image_scale + cnn_2d_residual_small,0.028521825396825407,0.2653033561547551,0.3879276436072949,0.5833333333333334
raw,3,cnn_1d_image_scale + cnn_1d_attention_image_scale + lstm_image_scale,0.023065476190476192,0.26872152486851114,0.3965190959591234,0.5902777777777778
raw,3,cnn_1d_image_scale + cnn_1d_attention_image_scale + lstm_cumulative_scale,0.018625992063492063,0.3883528013098214,0.7257955917467191,0.5902777777777778
raw,3,cnn_1d_image_scale + cnn_1d_attention_image_scale + cnnlstm_image_scale,0.018402777777777782,0.17091799080630424,0.1587547801467184,0.5763888888888888
raw,3,cnn_1d_image_scale + cnn_1d_attention_image_scale + cnnlstm_cumulative_scale,0.01898561507936508,0.3530769166287587,0.6592143313032732,0.5902777777777778
raw,3,cnn_1d_image_scale + cnn_1d_cumulative_scale + cnn_1d_dilated_image_scale,0.028261408730158744,0.2905267901574607,0.46763361888592403,0.5416666666666666
raw,3,cnn_1d_image_scale + cnn_1d_cumulative_scale + cnn_1d_multiscale_image_scale,0.02327628968253969,0.1735151657319359,0.15917398013242212,0.5555555555555556
raw,3,cnn_1d_image_scale + cnn_1d_cumulative_scale + cnn_2d_residual_images,0.03506944444444445,0.18028778612542987,0.17489326765510738,0.5555555555555556
raw,3,cnn_1d_image_scale + cnn_1d_cumulative_scale + cnn_2d_residual_small,0.03640873015873016,0.25972654911472537,0.3790061585832267,0.5902777777777778
raw,3,cnn_1d_image_scale + cnn_1d_cumulative_scale + lstm_image_scale,0.038256448412698416,0.21239591501773902,0.2520372533548456,0.5902777777777778
raw,3,cnn_1d_image_scale + cnn_1d_cumulative_scale + lstm_cumulative_scale,0.01743551587301588,0.18445893631477986,0.20271095333656808,0.5763888888888888
raw,3,cnn_1d_image_scale + cnn_1d_cumulative_scale + cnnlstm_image_scale,0.028162202380952392,0.13308747586891914,0.06862807261048998,0.5555555555555556
raw,3,cnn_1d_image_scale + cnn_1d_cumulative_scale + cnnlstm_cumulative_scale,0.010714285714285713,0.2544172468307368,0.36936229444258095,0.5694444444444444
raw,3,cnn_1d_image_scale + cnn_1d_dilated_image_scale + cnn_1d_multiscale_image_scale,0.018365575396825394,0.27078962537562123,0.41184740245960216,0.5416666666666666
raw,3,cnn_1d_image_scale + cnn_1d_dilated_image_scale + cnn_2d_residual_images,0.03539186507936508,0.24786142369776618,0.3462700380159325,0.5625
raw,3,cnn_1d_image_scale + cnn_1d_dilated_image_scale + cnn_2d_residual_small,0.031001984126984128,0.20250659134095708,0.23624087107115033,0.5486111111111112
raw,3,cnn_1d_image_scale + cnn_1d_dilated_image_scale + lstm_image_scale,0.03304811507936509,0.2366115097772701,0.3217744492738477,0.5625
raw,3,cnn_1d_image_scale + cnn_1d_dilated_image_scale + lstm_cumulative_scale,0.018390376984126988,0.2510111470184998,0.362162527374704,0.5486111111111112
raw,3,cnn_1d_image_scale + cnn_1d_dilated_image_scale + cnnlstm_image_scale,0.03024553571428572,0.1494073938712448,0.1113331799232613,0.5555555555555556
raw,3,cnn_1d_image_scale + cnn_1d_dilated_image_scale + cnnlstm_cumulative_scale,0.013256448412698421,0.2965829888087755,0.4834529825736025,0.5625
raw,3,cnn_1d_image_scale + cnn_1d_multiscale_image_scale + cnn_2d_residual_images,0.03075396825396826,0.19805459296369546,0.2198257631274525,0.5625
raw,3,cnn_1d_image_scale + cnn_1d_multiscale_image_scale + cnn_2d_residual_small,0.025806051587301586,0.2527038525902374,0.36157906157233044,0.5833333333333334
raw,3,cnn_1d_image_scale + cnn_1d_multiscale_image_scale + lstm_image_scale,0.031225198412698423,0.24909960092472058,0.34624380934121435,0.5763888888888888
raw,3,cnn_1d_image_scale + cnn_1d_multiscale_image_scale + lstm_cumulative_scale,0.017361111111111112,0.2885040769044429,0.4652609320429588,0.5763888888888888
raw,3,cnn_1d_image_scale + cnn_1d_multiscale_image_scale + cnnlstm_image_scale,0.029067460317460322,0.13781316909053318,0.08573698202882629,0.5625
raw,3,cnn_1d_image_scale + cnn_1d_multiscale_image_scale + cnnlstm_cumulative_scale,0.011148313492063501,0.34216884101001827,0.6278453815069285,0.5902777777777778
raw,3,cnn_1d_image_scale + cnn_2d_residual_images + cnn_2d_residual_small,0.04489087301587303,0.27185525424963597,0.41344800254064373,0.5972222222222222
raw,3,cnn_1d_image_scale + cnn_2d_residual_images + lstm_image_scale,0.036904761904761905,0.15910963601126146,0.14254515928315392,0.5694444444444444
raw,3,cnn_1d_image_scale + cnn_2d_residual_images + lstm_cumulative_scale,0.03060515873015873,0.3034762791578891,0.5036083926582393,0.5694444444444444
raw,3,cnn_1d_image_scale + cnn_2d_residual_images + cnnlstm_image_scale,0.03668154761904762,0.1004991782161652,0.009687928395587964,0.5555555555555556
raw,3,cnn_1d_image_scale + cnn_2d_residual_images + cnnlstm_cumulative_scale,0.018067956349206358,0.25141550196393775,0.3595976853619307,0.5555555555555556
raw,3,cnn_1d_image_scale + cnn_2d_residual_small + lstm_image_scale,0.03877728174603176,0.14498922136307182,0.11276842615893878,0.5763888888888888
raw,3,cnn_1d_image_scale + cnn_2d_residual_small + lstm_cumulative_scale,0.022581845238095245,0.16553912431387474,0.15667719346839437,0.5763888888888888
raw,3,cnn_1d_image_scale + cnn_2d_residual_small + cnnlstm_image_scale,0.03699156746031747,0.15159389442751048,0.12698792893338218,0.5763888888888888
raw,3,cnn_1d_image_scale + cnn_2d_residual_small + cnnlstm_cumulative_scale,0.019878472222222235,0.30120110299651687,0.4987459426955747,0.5694444444444444
raw,3,cnn_1d_image_scale + lstm_image_scale + lstm_cumulative_scale,0.02594246031746032,0.20433540752097415,0.24190338727812977,0.5902777777777778
raw,3,cnn_1d_image_scale + lstm_image_scale + cnnlstm_image_scale,0.03142361111111112,0.14266221801897833,0.09088319830905256,0.5555555555555556
raw,3,cnn_1d_image_scale + lstm_image_scale + cnnlstm_cumulative_scale,0.019506448412698413,0.25234926581193234,0.36313786040065854,0.5833333333333334
raw,3,cnn_1d_image_scale + lstm_cumulative_scale + cnnlstm_image_scale,0.020734126984126997,0.1836230257218487,0.19555446491737816,0.5625
raw,3,cnn_1d_image_scale + lstm_cumulative_scale + cnnlstm_cumulative_scale,-0.0008804563492063513,0.2917805549359762,0.46634598422801843,0.5902777777777778
raw,3,cnn_1d_image_scale + cnnlstm_image_scale + cnnlstm_cumulative_scale,0.01314484126984128,0.11360725017021243,0.0338274876393172,0.5625
raw,3,cnn_2d_rendered_images + cnn_1d_attention_image_scale + cnn_1d_cumulative_scale,0.023412698412698413,0.2957124767235669,0.4669732264550146,0.5694444444444444
raw,3,cnn_2d_rendered_images + cnn_1d_attention_image_scale + cnn_1d_dilated_image_scale,0.018427579365079366,0.40918657043101536,0.8295393905398738,0.6111111111111112
raw,3,cnn_2d_rendered_images + cnn_1d_attention_image_scale + cnn_1d_multiscale_image_scale,0.025806051587301593,0.34867048479544793,0.6220669001446235,0.5833333333333334
raw,3,cnn_2d_rendered_images + cnn_1d_attention_image_scale + cnn_2d_residual_images,0.026959325396825405,0.28512072327548593,0.43268313639541933,0.5694444444444444
raw,3,cnn_2d_rendered_images + cnn_1d_attention_image_scale + cnn_2d_residual_small,0.026289682539682547,0.2599327705608773,0.3773028132945877,0.5902777777777778
raw,3,cnn_2d_rendered_images + cnn_1d_attention_image_scale + lstm_image_scale,0.02843501984126985,0.2510556800326669,0.3506723998694441,0.5902777777777778
raw,3,cnn_2d_rendered_images + cnn_1d_attention_image_scale + lstm_cumulative_scale,0.014186507936507945,0.3261770672524529,0.5450081587569635,0.5902777777777778
raw,3,cnn_2d_rendered_images + cnn_1d_attention_image_scale + cnnlstm_image_scale,0.026773313492063498,0.25793234431511447,0.36905296293808143,0.5694444444444444
raw,3,cnn_2d_rendered_images + cnn_1d_attention_image_scale + cnnlstm_cumulative_scale,0.01377728174603175,0.32067437654172837,0.5562751389852669,0.5625
raw,3,cnn_2d_rendered_images + cnn_1d_cumulative_scale + cnn_1d_dilated_image_scale,0.025248015873015877,0.2779216045353062,0.43043504547571887,0.5347222222222222
raw,3,cnn_2d_rendered_images + cnn_1d_cumulative_scale + cnn_1d_multiscale_image_scale,0.029203869047619048,0.20644000605320104,0.2385046380636746,0.5763888888888888
raw,3,cnn_2d_rendered_images + cnn_1d_cumulative_scale + cnn_2d_residual_images,0.025037202380952382,0.2251160739599095,0.2831747389967758,0.5486111111111112
raw,3,cnn_2d_rendered_images + cnn_1d_cumulative_scale + cnn_2d_residual_small,0.032564484126984136,0.2851540386938599,0.44116398889529096,0.5972222222222222
raw,3,cnn_2d_rendered_images + cnn_1d_cumulative_scale + lstm_image_scale,0.03179563492063493,0.3050399265867083,0.5100225495530828,0.5972222222222222
raw,3,cnn_2d_rendered_images + cnn_1d_cumulative_scale + lstm_cumulative_scale,0.00936259920634921,0.22315905071664194,0.28707715113791443,0.5763888888888888
raw,3,cnn_2d_rendered_images + cnn_1d_cumulative_scale + cnnlstm_image_scale,0.030369543650793654,0.30525998459265824,0.5023872941776215,0.5972222222222222
raw,3,cnn_2d_rendered_images + cnn_1d_cumulative_scale + cnnlstm_cumulative_scale,0.007775297619047619,0.25255365893538717,0.36380933784430836,0.5763888888888888
raw,3,cnn_2d_rendered_images + cnn_1d_dilated_image_scale + cnn_1d_multiscale_image_scale,0.025781250000000006,0.3201058276465129,0.5426412160421099,0.5763888888888888
raw,3,cnn_2d_rendered_images + cnn_1d_dilated_image_scale + cnn_2d_residual_images,0.026041666666666668,0.22873380164804513,0.29509226623322915,0.5625
raw,3,cnn_2d_rendered_images + cnn_1d_dilated_image_scale + cnn_2d_residual_small,0.020362103174603186,0.2506877156309778,0.3560787521030051,0.5763888888888888
raw,3,cnn_2d_rendered_images + cnn_1d_dilated_image_scale + lstm_image_scale,0.022073412698412703,0.2136576045165167,0.25874153357268126,0.5625
raw,3,cnn_2d_rendered_images + cnn_1d_dilated_image_scale + lstm_cumulative_scale,0.015562996031746039,0.25325109626884085,0.3578125753642556,0.5625
raw,3,cnn_2d_rendered_images + cnn_1d_dilated_image_scale + cnnlstm_image_scale,0.026711309523809533,0.15696377925701635,0.12868610134030933,0.5555555555555556
raw,3,cnn_2d_rendered_images + cnn_1d_dilated_image_scale + cnnlstm_cumulative_scale,0.009015376984126982,0.2416103491846994,0.3367282762113948,0.5486111111111112
raw,3,cnn_2d_rendered_images + cnn_1d_multiscale_image_scale + cnn_2d_residual_images,0.02260664682539683,0.16021920911173795,0.13517030943150865,0.5486111111111112
raw,3,cnn_2d_rendered_images + cnn_1d_multiscale_image_scale + cnn_2d_residual_small,0.023375496031746035,0.32641440334105526,0.5494349135676777,0.5972222222222222
raw,3,cnn_2d_rendered_images + cnn_1d_multiscale_image_scale + lstm_image_scale,0.02292906746031747,0.2638282481037635,0.38060150591467923,0.5902777777777778
raw,3,cnn_2d_rendered_images + cnn_1d_multiscale_image_scale + lstm_cumulative_scale,0.021999007936507935,0.24249802674563325,0.3320396449630023,0.5694444444444444
raw,3,cnn_2d_rendered_images + cnn_1d_multiscale_image_scale + cnnlstm_image_scale,0.02590525793650795,0.13188048772211838,0.0747755530119798,0.5694444444444444
raw,3,cnn_2d_rendered_images + cnn_1d_multiscale_image_scale + cnnlstm_cumulative_scale,0.009933035714285717,0.27729766016036556,0.4221419971583762,0.5833333333333334
raw,3,cnn_2d_rendered_images + cnn_2d_residual_images + cnn_2d_residual_small,0.02976190476190477,0.20018271637027002,0.22598818965963896,0.5833333333333334
raw,3,cnn_2d_rendered_images + cnn_2d_residual_images + lstm_image_scale,0.02812500000000001,0.2546749187469235,0.3602724074338075,0.5763888888888888
raw,3,cnn_2d_rendered_images + cnn_2d_residual_images + lstm_cumulative_scale,0.01584821428571429,0.23952687007607668,0.32834399689941485,0.5763888888888888
raw,3,cnn_2d_rendered_images + cnn_2d_residual_images + cnnlstm_image_scale,0.025768849206349215,0.17406146042792314,0.16555335703757135,0.5833333333333334
raw,3,cnn_2d_rendered_images + cnn_2d_residual_images + cnnlstm_cumulative_scale,0.013789682539682538,0.1933822905418644,0.21017396337840077,0.5486111111111112
raw,3,cnn_2d_rendered_images + cnn_2d_residual_small + lstm_image_scale,0.030257936507936515,0.3163443220884413,0.5270391518167956,0.5972222222222222
raw,3,cnn_2d_rendered_images + cnn_2d_residual_small + lstm_cumulative_scale,0.025657242063492066,0.3047814380806013,0.4848379815385233,0.5763888888888888
raw,3,cnn_2d_rendered_images + cnn_2d_residual_small + cnnlstm_image_scale,0.03723958333333334,0.2839273319975486,0.43796017569377876,0.5902777777777778
raw,3,cnn_2d_rendered_images + cnn_2d_residual_small + cnnlstm_cumulative_scale,0.01812996031746032,0.2606324770040273,0.38681725278176504,0.5555555555555556
raw,3,cnn_2d_rendered_images + lstm_image_scale + lstm_cumulative_scale,0.010739087301587302,0.21915090776065707,0.271549767561011,0.5694444444444444
raw,3,cnn_2d_rendered_images + lstm_image_scale + cnnlstm_image_scale,0.02342509920634921,0.2175784367301232,0.27061923354217243,0.5763888888888888
raw,3,cnn_2d_rendered_images + lstm_image_scale + cnnlstm_cumulative_scale,0.014868551587301587,0.2688643461884025,0.40633426596078603,0.5763888888888888
raw,3,cnn_2d_rendered_images + lstm_cumulative_scale + cnnlstm_image_scale,0.01667906746031746,0.22819286261728444,0.2932707148405118,0.5763888888888888
raw,3,cnn_2d_rendered_images + lstm_cumulative_scale + cnnlstm_cumulative_scale,-0.004216269841269842,0.334966584893746,0.5910801505876553,0.5625
raw,3,cnn_2d_rendered_images + cnnlstm_image_scale + cnnlstm_cumulative_scale,0.009635416666666667,0.3586430268863111,0.6744878832676693,0.5972222222222222
raw,3,cnn_1d_attention_image_scale + cnn_1d_cumulative_scale + cnn_1d_dilated_image_scale,0.03201884920634922,0.3741628879721114,0.7200707802722235,0.5694444444444444
raw,3,cnn_1d_attention_image_scale + cnn_1d_cumulative_scale + cnn_1d_multiscale_image_scale,0.025446428571428575,0.29169311703951745,0.466132563537375,0.5902777777777778
raw,3,cnn_1d_attention_image_scale + cnn_1d_cumulative_scale + cnn_2d_residual_images,0.03718998015873016,0.275868945463093,0.419367091737183,0.5486111111111112
raw,3,cnn_1d_attention_image_scale + cnn_1d_cumulative_scale + cnn_2d_residual_small,0.03653273809523811,0.20718048063158975,0.241106317376657,0.5555555555555556
raw,3,cnn_1d_attention_image_scale + cnn_1d_cumulative_scale + lstm_image_scale,0.036111111111111115,0.26670281770347537,0.4030327848384976,0.5833333333333334
raw,3,cnn_1d_attention_image_scale + cnn_1d_cumulative_scale + lstm_cumulative_scale,0.01742311507936508,0.2819427060800327,0.44073726123642665,0.5902777777777778
raw,3,cnn_1d_attention_image_scale + cnn_1d_cumulative_scale + cnnlstm_image_scale,0.03097718253968255,0.25678110674018484,0.37661131532639924,0.5555555555555556
raw,3,cnn_1d_attention_image_scale + cnn_1d_cumulative_scale + cnnlstm_cumulative_scale,0.012165178571428573,0.38365638640591804,0.790523810239534,0.6041666666666666
raw,3,cnn_1d_attention_image_scale + cnn_1d_dilated_image_scale + cnn_1d_multiscale_image_scale,0.02527281746031747,0.3883054230523234,0.7664531781745343,0.5972222222222222
raw,3,cnn_1d_attention_image_scale + cnn_1d_dilated_image_scale + cnn_2d_residual_images,0.03231646825396826,0.28581930797662775,0.43939428826996485,0.5625
raw,3,cnn_1d_attention_image_scale + cnn_1d_dilated_image_scale + cnn_2d_residual_small,0.03138640873015874,0.30102897696782727,0.5105668287794105,0.5694444444444444
raw,3,cnn_1d_attention_image_scale + cnn_1d_dilated_image_scale + lstm_image_scale,0.033854166666666664,0.3636820468717296,0.6953248370984673,0.5833333333333334
raw,3,cnn_1d_attention_image_scale + cnn_1d_dilated_image_scale + lstm_cumulative_scale,0.02410714285714285,0.4134034112268672,0.8509802888802187,0.5833333333333334
raw,3,cnn_1d_attention_image_scale + cnn_1d_dilated_image_scale + cnnlstm_image_scale,0.0285218253968254,0.21758078268827677,0.2724927067852243,0.5625
raw,3,cnn_1d_attention_image_scale + cnn_1d_dilated_image_scale + cnnlstm_cumulative_scale,0.018886408730158732,0.37795364184073366,0.7405102453538499,0.5763888888888888
raw,3,cnn_1d_attention_image_scale + cnn_1d_multiscale_image_scale + cnn_2d_residual_images,0.03329613095238096,0.24661370020594897,0.3364899458776205,0.5555555555555556
raw,3,cnn_1d_attention_image_scale + cnn_1d_multiscale_image_scale + cnn_2d_residual_small,0.031150793650793655,0.2968363305746404,0.4797704053902063,0.5902777777777778
raw,3,cnn_1d_attention_image_scale + cnn_1d_multiscale_image_scale + lstm_image_scale,0.03335813492063493,0.2829815076095414,0.4535305123292461,0.5694444444444444
raw,3,cnn_1d_attention_image_scale + cnn_1d_multiscale_image_scale + lstm_cumulative_scale,0.025496031746031746,0.3791983468911329,0.7475242748511906,0.5972222222222222
raw,3,cnn_1d_attention_image_scale + cnn_1d_multiscale_image_scale + cnnlstm_image_scale,0.028484623015873012,0.25251397093642586,0.3606687167843725,0.5694444444444444
raw,3,cnn_1d_attention_image_scale + cnn_1d_multiscale_image_scale + cnnlstm_cumulative_scale,0.019159226190476195,0.3946418179468364,0.7999434176066502,0.5902777777777778
raw,3,cnn_1d_attention_image_scale + cnn_2d_residual_images + cnn_2d_residual_small,0.043948412698412695,0.29555467404378905,0.46870135062864504,0.5694444444444444
raw,3,cnn_1d_attention_image_scale + cnn_2d_residual_images + lstm_image_scale,0.025843253968253974,0.29191279315878443,0.4572408247146247,0.5833333333333334
raw,3,cnn_1d_attention_image_scale + cnn_2d_residual_images + lstm_cumulative_scale,0.02895585317460318,0.2697746671777651,0.3921723171043361,0.5555555555555556
raw,3,cnn_1d_attention_image_scale + cnn_2d_residual_images + cnnlstm_image_scale,0.036805555555555564,0.20724981858794556,0.24313165015606453,0.5625
raw,3,cnn_1d_attention_image_scale + cnn_2d_residual_images + cnnlstm_cumulative_scale,0.024739583333333343,0.2517761633633457,0.3603600220393539,0.5416666666666666
raw,3,cnn_1d_attention_image_scale + cnn_2d_residual_small + lstm_image_scale,0.028373015873015876,0.2539524467431357,0.36276636799740225,0.5833333333333334
raw,3,cnn_1d_attention_image_scale + cnn_2d_residual_small + lstm_cumulative_scale,0.027752976190476196,0.31005780807516203,0.5069982793956815,0.5833333333333334
raw,3,cnn_1d_attention_image_scale + cnn_2d_residual_small + cnnlstm_image_scale,0.03942212301587302,0.2886579121056892,0.46697810976584164,0.5625
raw,3,cnn_1d_attention_image_scale + cnn_2d_residual_small + cnnlstm_cumulative_scale,0.02310267857142857,0.31958499873670726,0.5590361485195785,0.5694444444444444
raw,3,cnn_1d_attention_image_scale + lstm_image_scale + lstm_cumulative_scale,0.027083333333333338,0.46421688726648974,1.0194885600658536,0.6111111111111112
raw,3,cnn_1d_attention_image_scale + lstm_image_scale + cnnlstm_image_scale,0.035491071428571434,0.21425205122085417,0.2655871054822414,0.5486111111111112
raw,3,cnn_1d_attention_image_scale + lstm_image_scale + cnnlstm_cumulative_scale,0.02735615079365079,0.45339474387999473,1.0349732983061224,0.5833333333333334
raw,3,cnn_1d_attention_image_scale + lstm_cumulative_scale + cnnlstm_image_scale,0.02251984126984127,0.2491942901747355,0.35274079690187055,0.5555555555555556
raw,3,cnn_1d_attention_image_scale + lstm_cumulative_scale + cnnlstm_cumulative_scale,0.0018353174603174538,0.5652653747187486,1.4447055192474112,0.6180555555555556
raw,3,cnn_1d_attention_image_scale + cnnlstm_image_scale + cnnlstm_cumulative_scale,0.016431051587301588,0.3035605343575074,0.508661104236835,0.5763888888888888
raw,3,cnn_1d_cumulative_scale + cnn_1d_dilated_image_scale + cnn_1d_multiscale_image_scale,0.03143601190476191,0.26317054245543525,0.39413492599661026,0.5486111111111112
raw,3,cnn_1d_cumulative_scale + cnn_1d_dilated_image_scale + cnn_2d_residual_images,0.04043898809523811,0.22225439572713496,0.2838225050480798,0.5486111111111112
raw,3,cnn_1d_cumulative_scale + cnn_1d_dilated_image_scale + cnn_2d_residual_small,0.037512400793650806,0.2747081690531119,0.42819454812038504,0.5555555555555556
raw,3,cnn_1d_cumulative_scale + cnn_1d_dilated_image_scale + lstm_image_scale,0.04221230158730159,0.31907009139965115,0.5641452848272321,0.5694444444444444
raw,3,cnn_1d_cumulative_scale + cnn_1d_dilated_image_scale + lstm_cumulative_scale,0.02673611111111111,0.33149684326672685,0.5961263551766294,0.5833333333333334
raw,3,cnn_1d_cumulative_scale + cnn_1d_dilated_image_scale + cnnlstm_image_scale,0.036024305555555566,0.22914774508188585,0.30239775942627056,0.5555555555555556
raw,3,cnn_1d_cumulative_scale + cnn_1d_dilated_image_scale + cnnlstm_cumulative_scale,0.016741071428571435,0.3608942508665715,0.7069426093023377,0.5902777777777778
raw,3,cnn_1d_cumulative_scale + cnn_1d_multiscale_image_scale + cnn_2d_residual_images,0.03268849206349207,0.12581002935205876,0.05618004060582105,0.5277777777777778
raw,3,cnn_1d_cumulative_scale + cnn_1d_multiscale_image_scale + cnn_2d_residual_small,0.029489087301587308,0.24383805923338403,0.3351729397339007,0.5833333333333334
raw,3,cnn_1d_cumulative_scale + cnn_1d_multiscale_image_scale + lstm_image_scale,0.03707837301587302,0.2996679378409557,0.49931086787056156,0.5763888888888888
raw,3,cnn_1d_cumulative_scale + cnn_1d_multiscale_image_scale + lstm_cumulative_scale,0.018303571428571433,0.2683640461466799,0.41981767954042026,0.5625
raw,3,cnn_1d_cumulative_scale + cnn_1d_multiscale_image_scale + cnnlstm_image_scale,0.03736359126984127,0.1755487523670477,0.16391510698956524,0.5833333333333334
raw,3,cnn_1d_cumulative_scale + cnn_1d_multiscale_image_scale + cnnlstm_cumulative_scale,0.006225198412698416,0.5341691929204033,1.0095950844188866,0.5763888888888888
raw,3,cnn_1d_cumulative_scale + cnn_2d_residual_images + cnn_2d_residual_small,0.044952876984126984,0.23485740252157036,0.31341187346235433,0.5902777777777778
raw,3,cnn_1d_cumulative_scale + cnn_2d_residual_images + lstm_image_scale,0.05302579365079366,0.3168690141906049,0.5439626972942371,0.5833333333333334
raw,3,cnn_1d_cumulative_scale + cnn_2d_residual_images + lstm_cumulative_scale,0.023673115079365085,0.28231287372107167,0.4526966586176375,0.5486111111111112
raw,3,cnn_1d_cumulative_scale + cnn_2d_residual_images + cnnlstm_image_scale,0.044109623015873026,0.24765249113264914,0.35158444192317706,0.5555555555555556
raw,3,cnn_1d_cumulative_scale + cnn_2d_residual_images + cnnlstm_cumulative_scale,0.016741071428571428,0.22717114377708925,0.2850451532167173,0.5416666666666666
raw,3,cnn_1d_cumulative_scale + cnn_2d_residual_small + lstm_image_scale,0.059102182539682566,0.2315453974454809,0.3039236643047005,0.6180555555555556
raw,3,cnn_1d_cumulative_scale + cnn_2d_residual_small + lstm_cumulative_scale,0.03152281746031747,0.30230824829583125,0.5135584465412517,0.6180555555555556
raw,3,cnn_1d_cumulative_scale + cnn_2d_residual_small + cnnlstm_image_scale,0.05649801587301589,0.3701622259474225,0.7021285512244715,0.5972222222222222
raw,3,cnn_1d_cumulative_scale + cnn_2d_residual_small + cnnlstm_cumulative_scale,0.019580853174603178,0.3135120833428074,0.5421676247799005,0.5902777777777778
raw,3,cnn_1d_cumulative_scale + lstm_image_scale + lstm_cumulative_scale,0.028869047619047617,0.40556647419312597,0.8439544892861728,0.625
raw,3,cnn_1d_cumulative_scale + lstm_image_scale + cnnlstm_image_scale,0.04694940476190476,0.1992228508801374,0.2236078546617708,0.5694444444444444
raw,3,cnn_1d_cumulative_scale + lstm_image_scale + cnnlstm_cumulative_scale,0.028819444444444453,0.6410767331697859,1.6354056121828657,0.5902777777777778
raw,3,cnn_1d_cumulative_scale + lstm_cumulative_scale + cnnlstm_image_scale,0.023164682539682544,0.30922257195934777,0.5213005853963877,0.5625
raw,3,cnn_1d_cumulative_scale + lstm_cumulative_scale + cnnlstm_cumulative_scale,-0.00027281746031745875,0.415544121905495,0.7666431395684512,0.5833333333333334
raw,3,cnn_1d_cumulative_scale + cnnlstm_image_scale + cnnlstm_cumulative_scale,0.016679067460317467,0.6369104933200781,1.6301976870087396,0.5972222222222222
raw,3,cnn_1d_dilated_image_scale + cnn_1d_multiscale_image_scale + cnn_2d_residual_images,0.031547619047619054,0.24948391337276,0.35024362941229126,0.5625
raw,3,cnn_1d_dilated_image_scale + cnn_1d_multiscale_image_scale + cnn_2d_residual_small,0.025161210317460322,0.26172859428851747,0.3926023245098291,0.5625
raw,3,cnn_1d_dilated_image_scale + cnn_1d_multiscale_image_scale + lstm_image_scale,0.02982390873015873,0.19587525947089685,0.2195361599979393,0.5625
raw,3,cnn_1d_dilated_image_scale + cnn_1d_multiscale_image_scale + lstm_cumulative_scale,0.019903273809523808,0.2159384595666313,0.2707617231678663,0.5833333333333334
raw,3,cnn_1d_dilated_image_scale + cnn_1d_multiscale_image_scale + cnnlstm_image_scale,0.032378472222222225,0.14326958606931095,0.09825942735365678,0.5277777777777778
raw,3,cnn_1d_dilated_image_scale + cnn_1d_multiscale_image_scale + cnnlstm_cumulative_scale,0.009548611111111117,0.254525400924966,0.3659965941156418,0.5625
raw,3,cnn_1d_dilated_image_scale + cnn_2d_residual_images + cnn_2d_residual_small,0.04063740079365079,0.29465118489890785,0.48287607295999324,0.5694444444444444
raw,3,cnn_1d_dilated_image_scale + cnn_2d_residual_images + lstm_image_scale,0.03374255952380953,0.2124001227681147,0.2596532918338801,0.5625
raw,3,cnn_1d_dilated_image_scale + cnn_2d_residual_images + lstm_cumulative_scale,0.03354414682539684,0.2165071384259559,0.26915866318975334,0.5555555555555556
raw,3,cnn_1d_dilated_image_scale + cnn_2d_residual_images + cnnlstm_image_scale,0.03834325396825397,0.07063177591904345,-0.05534778010998487,0.5555555555555556
raw,3,cnn_1d_dilated_image_scale + cnn_2d_residual_images + cnnlstm_cumulative_scale,0.022519841269841277,0.2389394608693668,0.32322107098537245,0.5555555555555556
raw,3,cnn_1d_dilated_image_scale + cnn_2d_residual_small + lstm_image_scale,0.03917410714285715,0.2598662058960232,0.3841385791754288,0.6041666666666666
raw,3,cnn_1d_dilated_image_scale + cnn_2d_residual_small + lstm_cumulative_scale,0.028621031746031755,0.24847380083248877,0.35203823793441447,0.5902777777777778
raw,3,cnn_1d_dilated_image_scale + cnn_2d_residual_small + cnnlstm_image_scale,0.03928571428571429,0.19655331555796685,0.2225940629912191,0.5763888888888888
raw,3,cnn_1d_dilated_image_scale + cnn_2d_residual_small + cnnlstm_cumulative_scale,0.0232514880952381,0.26285542613682183,0.39559223374196306,0.5694444444444444
raw,3,cnn_1d_dilated_image_scale + lstm_image_scale + lstm_cumulative_scale,0.03129960317460319,0.2636137737511317,0.3993882933012627,0.6041666666666666
raw,3,cnn_1d_dilated_image_scale + lstm_image_scale + cnnlstm_image_scale,0.03692956349206349,0.18056280222998775,0.18225666084178727,0.5555555555555556
raw,3,cnn_1d_dilated_image_scale + lstm_image_scale + cnnlstm_cumulative_scale,0.02037450396825397,0.3532661663467795,0.6820056788747442,0.5972222222222222
raw,3,cnn_1d_dilated_image_scale + lstm_cumulative_scale + cnnlstm_image_scale,0.027864583333333335,0.1369599241170806,0.08395335118681024,0.5763888888888888
raw,3,cnn_1d_dilated_image_scale + lstm_cumulative_scale + cnnlstm_cumulative_scale,0.008841765873015873,0.37658191584830464,0.7522051384786714,0.5972222222222222
raw,3,cnn_1d_dilated_image_scale + cnnlstm_image_scale + cnnlstm_cumulative_scale,0.017757936507936518,0.1751988317641731,0.1699208698975303,0.5833333333333334
raw,3,cnn_1d_multiscale_image_scale + cnn_2d_residual_images + cnn_2d_residual_small,0.041951884920634924,0.3365277572559156,0.594878973870246,0.5833333333333334
raw,3,cnn_1d_multiscale_image_scale + cnn_2d_residual_images + lstm_image_scale,0.0384796626984127,0.28085111613586455,0.432201966527638,0.5763888888888888
raw,3,cnn_1d_multiscale_image_scale + cnn_2d_residual_images + lstm_cumulative_scale,0.030233134920634935,0.3614371456674801,0.6819303184846792,0.5763888888888888
raw,3,cnn_1d_multiscale_image_scale + cnn_2d_residual_images + cnnlstm_image_scale,0.0406374007936508,0.2639295945810197,0.3897959474544115,0.5694444444444444
raw,3,cnn_1d_multiscale_image_scale + cnn_2d_residual_images + cnnlstm_cumulative_scale,0.013566468253968251,0.19054023020178562,0.20524267148998798,0.5416666666666666
raw,3,cnn_1d_multiscale_image_scale + cnn_2d_residual_small + lstm_image_scale,0.043241567460317466,0.2759668001379749,0.42425307910722343,0.5833333333333334
raw,3,cnn_1d_multiscale_image_scale + cnn_2d_residual_small + lstm_cumulative_scale,0.024838789682539688,0.2446281777574335,0.3423208617552509,0.6041666666666666
raw,3,cnn_1d_multiscale_image_scale + cnn_2d_residual_small + cnnlstm_image_scale,0.040997023809523817,0.23330844070947462,0.31151706129877943,0.5833333333333334
raw,3,cnn_1d_multiscale_image_scale + cnn_2d_residual_small + cnnlstm_cumulative_scale,0.02011408730158731,0.43869125502360834,0.9313086097419596,0.6111111111111112
raw,3,cnn_1d_multiscale_image_scale + lstm_image_scale + lstm_cumulative_scale,0.034871031746031754,0.31745325245100964,0.5574809626567816,0.5902777777777778
raw,3,cnn_1d_multiscale_image_scale + lstm_image_scale + cnnlstm_image_scale,0.03820684523809525,0.2409655356213886,0.33316939735572304,0.5902777777777778
raw,3,cnn_1d_multiscale_image_scale + lstm_image_scale + cnnlstm_cumulative_scale,0.019233630952380957,0.38384454955247443,0.7743343258526698,0.5972222222222222
raw,3,cnn_1d_multiscale_image_scale + lstm_cumulative_scale + cnnlstm_image_scale,0.025396825396825404,0.2478582501079837,0.35325720598279453,0.5694444444444444
raw,3,cnn_1d_multiscale_image_scale + lstm_cumulative_scale + cnnlstm_cumulative_scale,0.0021329365079365125,0.47910533235212155,1.0545507442221091,0.5833333333333334
raw,3,cnn_1d_multiscale_image_scale + cnnlstm_image_scale + cnnlstm_cumulative_scale,0.019878472222222224,0.5177401779095913,1.1042786887802136,0.5625
raw,3,cnn_2d_residual_images + cnn_2d_residual_small + lstm_image_scale,0.05243055555555558,0.3039685510349123,0.5008006005241601,0.6041666666666666
raw,3,cnn_2d_residual_images + cnn_2d_residual_small + lstm_cumulative_scale,0.04115823412698414,0.21125978063504763,0.26058286320569835,0.5694444444444444
raw,3,cnn_2d_residual_images + cnn_2d_residual_small + cnnlstm_image_scale,0.05612599206349207,0.3456348026527489,0.6290365337135355,0.6041666666666666
raw,3,cnn_2d_residual_images + cnn_2d_residual_small + cnnlstm_cumulative_scale,0.03433779761904763,0.264899629350213,0.4071127744255072,0.5416666666666666
raw,3,cnn_2d_residual_images + lstm_image_scale + lstm_cumulative_scale,0.041604662698412696,0.36926100101114456,0.6762207987521234,0.5694444444444444
raw,3,cnn_2d_residual_images + lstm_image_scale + cnnlstm_image_scale,0.04367559523809524,0.25185473658810065,0.3651451063783102,0.5763888888888888
raw,3,cnn_2d_residual_images + lstm_image_scale + cnnlstm_cumulative_scale,0.033866567460317465,0.3922145985983526,0.8050337467524376,0.5902777777777778
raw,3,cnn_2d_residual_images + lstm_cumulative_scale + cnnlstm_image_scale,0.042150297619047615,0.33830182980098206,0.6050270160425792,0.5833333333333334
raw,3,cnn_2d_residual_images + lstm_cumulative_scale + cnnlstm_cumulative_scale,0.010143849206349214,0.34776523934986786,0.6304083540522785,0.5763888888888888
raw,3,cnn_2d_residual_images + cnnlstm_image_scale + cnnlstm_cumulative_scale,0.030815972222222224,0.4045023829001963,0.8438007633843407,0.5763888888888888
raw,3,cnn_2d_residual_small + lstm_image_scale + lstm_cumulative_scale,0.04595734126984128,0.30486055182482885,0.5042324053355518,0.5902777777777778
raw,3,cnn_2d_residual_small + lstm_image_scale + cnnlstm_image_scale,0.05784970238095239,0.25972545114695295,0.3870034520696837,0.5902777777777778
raw,3,cnn_2d_residual_small + lstm_image_scale + cnnlstm_cumulative_scale,0.035143849206349206,0.38668022159365595,0.749918079311586,0.5972222222222222
raw,3,cnn_2d_residual_small + lstm_cumulative_scale + cnnlstm_image_scale,0.05159970238095239,0.4265229774037383,0.8889863079768754,0.6111111111111112
raw,3,cnn_2d_residual_small + lstm_cumulative_scale + cnnlstm_cumulative_scale,0.01822916666666667,0.4142646935865137,0.8512864843330505,0.625
raw,3,cnn_2d_residual_small + cnnlstm_image_scale + cnnlstm_cumulative_scale,0.038479662698412694,0.39659679636301776,0.7902277499948569,0.6041666666666666
raw,3,lstm_image_scale + lstm_cumulative_scale + cnnlstm_image_scale,0.04172867063492065,0.33116618844360923,0.5896324865489053,0.6041666666666666
raw,3,lstm_image_scale + lstm_cumulative_scale + cnnlstm_cumulative_scale,0.016170634920634922,0.45914692311922245,0.9868951365475418,0.5833333333333334
raw,3,lstm_image_scale + cnnlstm_image_scale + cnnlstm_cumulative_scale,0.02859623015873017,0.6046029287525463,1.4759890428564053,0.5902777777777778
raw,3,lstm_cumulative_scale + cnnlstm_image_scale + cnnlstm_cumulative_scale,0.009300595238095235,0.5288864144743024,1.1464665956993345,0.5763888888888888
raw,4,logistic_image_scale + logistic_cumulative_scale + cnn_1d_image_scale + cnn_2d_rendered_images,0.013479662698412697,0.181933670266119,0.19521070924710493,0.5763888888888888
raw,4,logistic_image_scale + logistic_cumulative_scale + cnn_1d_image_scale + cnn_1d_attention_image_scale,0.019233630952380957,0.2157184028792637,0.27779737571538776,0.5833333333333334
raw,4,logistic_image_scale + logistic_cumulative_scale + cnn_1d_image_scale + cnn_1d_cumulative_scale,0.020696924603174606,0.1896479432356587,0.21508571346979477,0.5694444444444444
raw,4,logistic_image_scale + logistic_cumulative_scale + cnn_1d_image_scale + cnn_1d_dilated_image_scale,0.018452380952380956,0.20888464939425655,0.2621657999924387,0.5486111111111112
raw,4,logistic_image_scale + logistic_cumulative_scale + cnn_1d_image_scale + cnn_1d_multiscale_image_scale,0.01438492063492063,0.20228551291072003,0.24551048128770958,0.5694444444444444
raw,4,logistic_image_scale + logistic_cumulative_scale + cnn_1d_image_scale + cnn_2d_residual_images,0.01418650793650794,0.12058739346111165,0.050851664095564963,0.5763888888888888
raw,4,logistic_image_scale + logistic_cumulative_scale + cnn_1d_image_scale + cnn_2d_residual_small,0.017956349206349215,0.10627013787078461,0.026892878305605716,0.5555555555555556
raw,4,logistic_image_scale + logistic_cumulative_scale + cnn_1d_image_scale + lstm_image_scale,0.02201140873015873,0.18824400487239035,0.21138597058085296,0.5763888888888888
raw,4,logistic_image_scale + logistic_cumulative_scale + cnn_1d_image_scale + lstm_cumulative_scale,0.020014880952380965,0.18753852425225864,0.2095967207425602,0.5625
raw,4,logistic_image_scale + logistic_cumulative_scale + cnn_1d_image_scale + cnnlstm_image_scale,0.01951884920634921,0.18068172773182134,0.19285371196672663,0.5625
raw,4,logistic_image_scale + logistic_cumulative_scale + cnn_1d_image_scale + cnnlstm_cumulative_scale,0.0185515873015873,0.20058151852902636,0.2427284064856272,0.5763888888888888
raw,4,logistic_image_scale + logistic_cumulative_scale + cnn_2d_rendered_images + cnn_1d_attention_image_scale,0.016666666666666663,0.23174839461048002,0.3233386540784977,0.5625
raw,4,logistic_image_scale + logistic_cumulative_scale + cnn_2d_rendered_images + cnn_1d_cumulative_scale,0.017274305555555564,0.2359012874286079,0.3362071329293994,0.5555555555555556
raw,4,logistic_image_scale + logistic_cumulative_scale + cnn_2d_rendered_images + cnn_1d_dilated_image_scale,0.012934027777777777,0.2568425268497114,0.3923814719839567,0.5347222222222222
raw,4,logistic_image_scale + logistic_cumulative_scale + cnn_2d_rendered_images + cnn_1d_multiscale_image_scale,0.012958829365079364,0.19692175341678048,0.23278037346065705,0.5555555555555556
raw,4,logistic_image_scale + logistic_cumulative_scale + cnn_2d_rendered_images + cnn_2d_residual_images,0.014707341269841273,0.1013477760475222,0.009064302428358983,0.5625
raw,4,logistic_image_scale + logistic_cumulative_scale + cnn_2d_rendered_images + cnn_2d_residual_small,0.021068948412698418,0.19378421300431067,0.22492711734854254,0.5555555555555556
raw,4,logistic_image_scale + logistic_cumulative_scale + cnn_2d_rendered_images + lstm_image_scale,0.018960813492063494,0.15146068008124802,0.12284237472641002,0.5763888888888888
raw,4,logistic_image_scale + logistic_cumulative_scale + cnn_2d_rendered_images + lstm_cumulative_scale,0.01795634920634921,0.231480985963532,0.3247304964404467,0.5416666666666666
raw,4,logistic_image_scale + logistic_cumulative_scale + cnn_2d_rendered_images + cnnlstm_image_scale,0.02109375,0.0946009332808859,-0.0012850321768450579,0.5416666666666666
raw,4,logistic_image_scale + logistic_cumulative_scale + cnn_2d_rendered_images + cnnlstm_cumulative_scale,0.015451388888888898,0.21613009497155866,0.28296803032049955,0.5486111111111112
raw,4,logistic_image_scale + logistic_cumulative_scale + cnn_1d_attention_image_scale + cnn_1d_cumulative_scale,0.021862599206349212,0.24750289566011402,0.36888780666377796,0.5833333333333334
raw,4,logistic_image_scale + logistic_cumulative_scale + cnn_1d_attention_image_scale + cnn_1d_dilated_image_scale,0.020250496031746026,0.26102825062996293,0.4026355323727513,0.5694444444444444
raw,4,logistic_image_scale + logistic_cumulative_scale + cnn_1d_attention_image_scale + cnn_1d_multiscale_image_scale,0.016579861111111115,0.24832090765577672,0.3658937524464325,0.5902777777777778
raw,4,logistic_image_scale + logistic_cumulative_scale + cnn_1d_attention_image_scale + cnn_2d_residual_images,0.02242063492063493,0.2043618625997471,0.2524503916219156,0.5763888888888888
raw,4,logistic_image_scale + logistic_cumulative_scale + cnn_1d_attention_image_scale + cnn_2d_residual_small,0.024020337301587306,0.2506667608855187,0.3732263837899774,0.5833333333333334
raw,4,logistic_image_scale + logistic_cumulative_scale + cnn_1d_attention_image_scale + lstm_image_scale,0.02576884920634921,0.2628882792420758,0.41285794398109044,0.5694444444444444
raw,4,logistic_image_scale + logistic_cumulative_scale + cnn_1d_attention_image_scale + lstm_cumulative_scale,0.021639384920634924,0.24021880959991335,0.34748826951849043,0.5694444444444444
raw,4,logistic_image_scale + logistic_cumulative_scale + cnn_1d_attention_image_scale + cnnlstm_image_scale,0.02242063492063493,0.28093218899170047,0.46400559020951126,0.5694444444444444
raw,4,logistic_image_scale + logistic_cumulative_scale + cnn_1d_attention_image_scale + cnnlstm_cumulative_scale,0.02034970238095238,0.2543595696048296,0.38519149873739567,0.5694444444444444
raw,4,logistic_image_scale + logistic_cumulative_scale + cnn_1d_cumulative_scale + cnn_1d_dilated_image_scale,0.020089285714285712,0.3427605081531371,0.6612080945060952,0.5763888888888888
raw,4,logistic_image_scale + logistic_cumulative_scale + cnn_1d_cumulative_scale + cnn_1d_multiscale_image_scale,0.01691468253968255,0.2097823383379372,0.2667064726638477,0.5625
raw,4,logistic_image_scale + logistic_cumulative_scale + cnn_1d_cumulative_scale + cnn_2d_residual_images,0.021701388888888902,0.1259290280369053,0.06053280799337801,0.5555555555555556
raw,4,logistic_image_scale + logistic_cumulative_scale + cnn_1d_cumulative_scale + cnn_2d_residual_small,0.025384424603174614,0.153799208710835,0.12951072759938387,0.5486111111111112
raw,4,logistic_image_scale + logistic_cumulative_scale + cnn_1d_cumulative_scale + lstm_image_scale,0.029191468253968258,0.20181684112534065,0.24703799628380385,0.5625
raw,4,logistic_image_scale + logistic_cumulative_scale + cnn_1d_cumulative_scale + lstm_cumulative_scale,0.023090277777777782,0.17553053432909352,0.17990114205463725,0.5277777777777778
raw,4,logistic_image_scale + logistic_cumulative_scale + cnn_1d_cumulative_scale + cnnlstm_image_scale,0.026934523809523825,0.15778299066046444,0.1360177873773556,0.5625
raw,4,logistic_image_scale + logistic_cumulative_scale + cnn_1d_cumulative_scale + cnnlstm_cumulative_scale,0.021974206349206365,0.2668133574394674,0.4246327197599291,0.5555555555555556
raw,4,logistic_image_scale + logistic_cumulative_scale + cnn_1d_dilated_image_scale + cnn_1d_multiscale_image_scale,0.02099454365079365,0.23639053605377236,0.32992412539613913,0.5694444444444444
raw,4,logistic_image_scale + logistic_cumulative_scale + cnn_1d_dilated_image_scale + cnn_2d_residual_images,0.02140376984126984,0.2294179146264389,0.31953767947048317,0.5486111111111112
raw,4,logistic_image_scale + logistic_cumulative_scale + cnn_1d_dilated_image_scale + cnn_2d_residual_small,0.022321428571428572,0.1490329165685375,0.11962031628921177,0.5416666666666666
raw,4,logistic_image_scale + logistic_cumulative_scale + cnn_1d_dilated_image_scale + lstm_image_scale,0.022234623015873017,0.24488143206454466,0.3634394133267187,0.5555555555555556
raw,4,logistic_image_scale + logistic_cumulative_scale + cnn_1d_dilated_image_scale + lstm_cumulative_scale,0.019469246031746042,0.24451682495300106,0.3599032156725628,0.5416666666666666
raw,4,logistic_image_scale + logistic_cumulative_scale + cnn_1d_dilated_image_scale + cnnlstm_image_scale,0.02046130952380953,0.27357483877668826,0.4436471128698536,0.5486111111111112
raw,4,logistic_image_scale + logistic_cumulative_scale + cnn_1d_dilated_image_scale + cnnlstm_cumulative_scale,0.016815476190476197,0.30164206020089485,0.529915839932825,0.5763888888888888
raw,4,logistic_image_scale + logistic_cumulative_scale + cnn_1d_multiscale_image_scale + cnn_2d_residual_images,0.01374007936507937,0.1029678930982407,0.014958244445561819,0.5625
raw,4,logistic_image_scale + logistic_cumulative_scale + cnn_1d_multiscale_image_scale + cnn_2d_residual_small,0.018812003968253967,0.12682648921777873,0.06911106080110385,0.5416666666666666
raw,4,logistic_image_scale + logistic_cumulative_scale + cnn_1d_multiscale_image_scale + lstm_image_scale,0.019419642857142858,0.19030378002521126,0.21629158312389807,0.5555555555555556
raw,4,logistic_image_scale + logistic_cumulative_scale + cnn_1d_multiscale_image_scale + lstm_cumulative_scale,0.016691468253968254,0.1822558441647736,0.19569238888858487,0.5555555555555556
raw,4,logistic_image_scale + logistic_cumulative_scale + cnn_1d_multiscale_image_scale + cnnlstm_image_scale,0.02020089285714286,0.15366306759766882,0.12753247619393404,0.5486111111111112
raw,4,logistic_image_scale + logistic_cumulative_scale + cnn_1d_multiscale_image_scale + cnnlstm_cumulative_scale,0.01531498015873016,0.22009178922584952,0.29374826936549736,0.5694444444444444
raw,4,logistic_image_scale + logistic_cumulative_scale + cnn_2d_residual_images + cnn_2d_residual_small,0.025644841269841272,0.14235127515365195,0.10210553969883285,0.5625
raw,4,logistic_image_scale + logistic_cumulative_scale + cnn_2d_residual_images + lstm_image_scale,0.022743055555555565,0.1316433033270114,0.07499925811740726,0.5833333333333334
raw,4,logistic_image_scale + logistic_cumulative_scale + cnn_2d_residual_images + lstm_cumulative_scale,0.021651785714285717,0.15019585268631477,0.11545235754796557,0.5694444444444444
raw,4,logistic_image_scale + logistic_cumulative_scale + cnn_2d_residual_images + cnnlstm_image_scale,0.02379712301587302,0.11922310253034374,0.04546050403477553,0.5625
raw,4,logistic_image_scale + logistic_cumulative_scale + cnn_2d_residual_images + cnnlstm_cumulative_scale,0.022011408730158732,0.17998799591089562,0.19027172786051083,0.5694444444444444
raw,4,logistic_image_scale + logistic_cumulative_scale + cnn_2d_residual_small + lstm_image_scale,0.025917658730158735,0.16267496425237463,0.14938233308790227,0.5625
raw,4,logistic_image_scale + logistic_cumulative_scale + cnn_2d_residual_small + lstm_cumulative_scale,0.025012400793650802,0.1952726875873936,0.22877516333812875,0.5555555555555556
raw,4,logistic_image_scale + logistic_cumulative_scale + cnn_2d_residual_small + cnnlstm_image_scale,0.026959325396825395,0.1615059538500043,0.1469186284067221,0.5486111111111112
raw,4,logistic_image_scale + logistic_cumulative_scale + cnn_2d_residual_small + cnnlstm_cumulative_scale,0.022061011904761913,0.1641991802690703,0.15340576643284032,0.5486111111111112
raw,4,logistic_image_scale + logistic_cumulative_scale + lstm_image_scale + lstm_cumulative_scale,0.028112599206349214,0.21653323699467883,0.28600839613105133,0.5625
raw,4,logistic_image_scale + logistic_cumulative_scale + lstm_image_scale + cnnlstm_image_scale,0.032006448412698424,0.19805911203544668,0.23663641430187643,0.5763888888888888
raw,4,logistic_image_scale + logistic_cumulative_scale + lstm_image_scale + cnnlstm_cumulative_scale,0.02563244047619048,0.202892190350177,0.24913859824875773,0.5625
raw,4,logistic_image_scale + logistic_cumulative_scale + lstm_cumulative_scale + cnnlstm_image_scale,0.026289682539682547,0.1786789536479282,0.18695750335785677,0.5694444444444444
raw,4,logistic_image_scale + logistic_cumulative_scale + lstm_cumulative_scale + cnnlstm_cumulative_scale,0.020510912698412702,0.24653695270336426,0.36693771679798126,0.5555555555555556
raw,4,logistic_image_scale + logistic_cumulative_scale + cnnlstm_image_scale + cnnlstm_cumulative_scale,0.024181547619047616,0.30661568354009894,0.551086027889462,0.5972222222222222
raw,4,logistic_image_scale + cnn_1d_image_scale + cnn_2d_rendered_images + cnn_1d_attention_image_scale,0.03234126984126985,0.286313598576751,0.4436206686610187,0.5555555555555556
raw,4,logistic_image_scale + cnn_1d_image_scale + cnn_2d_rendered_images + cnn_1d_cumulative_scale,0.036842757936507944,0.2977870423951997,0.4707175332953304,0.5555555555555556
raw,4,logistic_image_scale + cnn_1d_image_scale + cnn_2d_rendered_images + cnn_1d_dilated_image_scale,0.03531746031746032,0.2650290606421692,0.3956709530082603,0.5347222222222222
raw,4,logistic_image_scale + cnn_1d_image_scale + cnn_2d_rendered_images + cnn_1d_multiscale_image_scale,0.029724702380952393,0.18500181153371853,0.18985242258308022,0.5416666666666666
raw,4,logistic_image_scale + cnn_1d_image_scale + cnn_2d_rendered_images + cnn_2d_residual_images,0.028435019841269855,0.17786969805330965,0.1825114757492401,0.5694444444444444
raw,4,logistic_image_scale + cnn_1d_image_scale + cnn_2d_rendered_images + cnn_2d_residual_small,0.037562003968253974,0.27006293047938384,0.40259951833214114,0.5625
raw,4,logistic_image_scale + cnn_1d_image_scale + cnn_2d_rendered_images + lstm_image_scale,0.03831845238095239,0.16901729654256278,0.16369612228164532,0.5416666666666666
raw,4,logistic_image_scale + cnn_1d_image_scale + cnn_2d_rendered_images + lstm_cumulative_scale,0.03647073412698413,0.2793364339924909,0.42144814049344115,0.5625
raw,4,logistic_image_scale + cnn_1d_image_scale + cnn_2d_rendered_images + cnnlstm_image_scale,0.03203125,0.16400820684579465,0.1433293505546438,0.5486111111111112
raw,4,logistic_image_scale + cnn_1d_image_scale + cnn_2d_rendered_images + cnnlstm_cumulative_scale,0.026450892857142864,0.2653075444343833,0.3932798657415135,0.5486111111111112
raw,4,logistic_image_scale + cnn_1d_image_scale + cnn_1d_attention_image_scale + cnn_1d_cumulative_scale,0.029290674603174614,0.25457998124557374,0.3629060689792074,0.5694444444444444
raw,4,logistic_image_scale + cnn_1d_image_scale + cnn_1d_attention_image_scale + cnn_1d_dilated_image_scale,0.03375496031746032,0.32143124910208326,0.5602021673822621,0.5833333333333334
raw,4,logistic_image_scale + cnn_1d_image_scale + cnn_1d_attention_image_scale + cnn_1d_multiscale_image_scale,0.029117063492063482,0.3441410972601499,0.5954391960480279,0.5902777777777778
raw,4,logistic_image_scale + cnn_1d_image_scale + cnn_1d_attention_image_scale + cnn_2d_residual_images,0.036966765873015874,0.23541142575340115,0.30737155030753605,0.5763888888888888
raw,4,logistic_image_scale + cnn_1d_image_scale + cnn_1d_attention_image_scale + cnn_2d_residual_small,0.0340029761904762,0.30149098564212834,0.4906480127077466,0.5694444444444444
raw,4,logistic_image_scale + cnn_1d_image_scale + cnn_1d_attention_image_scale + lstm_image_scale,0.040265376984126994,0.3082299174907213,0.4925056444330502,0.5902777777777778
raw,4,logistic_image_scale + cnn_1d_image_scale + cnn_1d_attention_image_scale + lstm_cumulative_scale,0.035503472222222235,0.33230064418806843,0.5692017170562538,0.5902777777777778
raw,4,logistic_image_scale + cnn_1d_image_scale + cnn_1d_attention_image_scale + cnnlstm_image_scale,0.037946428571428575,0.31504831273355227,0.5155491613665368,0.5763888888888888
raw,4,logistic_image_scale + cnn_1d_image_scale + cnn_1d_attention_image_scale + cnnlstm_cumulative_scale,0.03121279761904762,0.3177818726262108,0.5362057546642005,0.5694444444444444
raw,4,logistic_image_scale + cnn_1d_image_scale + cnn_1d_cumulative_scale + cnn_1d_dilated_image_scale,0.044109623015873026,0.2915617390899427,0.4734944692102325,0.5625
raw,4,logistic_image_scale + cnn_1d_image_scale + cnn_1d_cumulative_scale + cnn_1d_multiscale_image_scale,0.03717757936507937,0.2563271245008546,0.3655656777710361,0.5416666666666666
raw,4,logistic_image_scale + cnn_1d_image_scale + cnn_1d_cumulative_scale + cnn_2d_residual_images,0.03695436507936509,0.17766851835531855,0.18300242752328777,0.5486111111111112
raw,4,logistic_image_scale + cnn_1d_image_scale + cnn_1d_cumulative_scale + cnn_2d_residual_small,0.042931547619047626,0.25613749914438805,0.37096460635338735,0.5694444444444444
raw,4,logistic_image_scale + cnn_1d_image_scale + cnn_1d_cumulative_scale + lstm_image_scale,0.04724702380952382,0.20196957397118384,0.24019886327261086,0.5625
raw,4,logistic_image_scale + cnn_1d_image_scale + cnn_1d_cumulative_scale + lstm_cumulative_scale,0.03644593253968255,0.19912465838555365,0.2322061747575086,0.5416666666666666
raw,4,logistic_image_scale + cnn_1d_image_scale + cnn_1d_cumulative_scale + cnnlstm_image_scale,0.037475198412698425,0.12077053659003954,0.06196339595431288,0.5625
raw,4,logistic_image_scale + cnn_1d_image_scale + cnn_1d_cumulative_scale + cnnlstm_cumulative_scale,0.030729166666666672,0.38103933473375884,0.696439677707007,0.5694444444444444
raw,4,logistic_image_scale + cnn_1d_image_scale + cnn_1d_dilated_image_scale + cnn_1d_multiscale_image_scale,0.04249751984126986,0.32481393406993025,0.5678610455772195,0.5625
raw,4,logistic_image_scale + cnn_1d_image_scale + cnn_1d_dilated_image_scale + cnn_2d_residual_images,0.04511408730158731,0.2709123420478399,0.40863313719481553,0.5555555555555556
raw,4,logistic_image_scale + cnn_1d_image_scale + cnn_1d_dilated_image_scale + cnn_2d_residual_small,0.03851686507936509,0.2306925346082317,0.3081224477196318,0.5625
raw,4,logistic_image_scale + cnn_1d_image_scale + cnn_1d_dilated_image_scale + lstm_image_scale,0.051426091269841274,0.2790351566265981,0.4336698760651665,0.5694444444444444
raw,4,logistic_image_scale + cnn_1d_image_scale + cnn_1d_dilated_image_scale + lstm_cumulative_scale,0.04392361111111113,0.33628800983030604,0.610632677349175,0.5763888888888888
raw,4,logistic_image_scale + cnn_1d_image_scale + cnn_1d_dilated_image_scale + cnnlstm_image_scale,0.04568452380952382,0.22243555803144335,0.28357672690576896,0.5694444444444444
raw,4,logistic_image_scale + cnn_1d_image_scale + cnn_1d_dilated_image_scale + cnnlstm_cumulative_scale,0.03753720238095239,0.25254416390925716,0.3648215466354212,0.5763888888888888
raw,4,logistic_image_scale + cnn_1d_image_scale + cnn_1d_multiscale_image_scale + cnn_2d_residual_images,0.034796626984126985,0.10370546297759349,0.030821071793865507,0.5486111111111112
raw,4,logistic_image_scale + cnn_1d_image_scale + cnn_1d_multiscale_image_scale + cnn_2d_residual_small,0.03515625,0.26287363633733835,0.38910594604372184,0.5694444444444444
raw,4,logistic_image_scale + cnn_1d_image_scale + cnn_1d_multiscale_image_scale + lstm_image_scale,0.0377108134920635,0.2702569154405384,0.40647363107322243,0.5416666666666666
raw,4,logistic_image_scale + cnn_1d_image_scale + cnn_1d_multiscale_image_scale + lstm_cumulative_scale,0.038851686507936516,0.2921532617082376,0.45766301821468947,0.5486111111111112
raw,4,logistic_image_scale + cnn_1d_image_scale + cnn_1d_multiscale_image_scale + cnnlstm_image_scale,0.03343253968253969,0.12604015685231104,0.07438381725214693,0.5486111111111112
raw,4,logistic_image_scale + cnn_1d_image_scale + cnn_1d_multiscale_image_scale + cnnlstm_cumulative_scale,0.029092261904761905,0.48287979834657907,0.9948279352576783,0.5555555555555556
raw,4,logistic_image_scale + cnn_1d_image_scale + cnn_2d_residual_images + cnn_2d_residual_small,0.04561011904761906,0.27105547112516953,0.40861079079768814,0.5625
raw,4,logistic_image_scale + cnn_1d_image_scale + cnn_2d_residual_images + lstm_image_scale,0.04014136904761905,0.13196837165951822,0.08735323033620324,0.5555555555555556
raw,4,logistic_image_scale + cnn_1d_image_scale + cnn_2d_residual_images + lstm_cumulative_scale,0.04001736111111112,0.18313407116940522,0.1948745004045176,0.5486111111111112
raw,4,logistic_image_scale + cnn_1d_image_scale + cnn_2d_residual_images + cnnlstm_image_scale,0.04091021825396826,0.11102745479273282,0.03859325329915175,0.5625
raw,4,logistic_image_scale + cnn_1d_image_scale + cnn_2d_residual_images + cnnlstm_cumulative_scale,0.03041914682539683,0.17736033893844746,0.18273061907678811,0.5486111111111112
raw,4,logistic_image_scale + cnn_1d_image_scale + cnn_2d_residual_small + lstm_image_scale,0.04831349206349208,0.236356511925717,0.32304355755726877,0.5694444444444444
raw,4,logistic_image_scale + cnn_1d_image_scale + cnn_2d_residual_small + lstm_cumulative_scale,0.04108382936507937,0.27104136152102914,0.41225991057721334,0.5902777777777778
raw,4,logistic_image_scale + cnn_1d_image_scale + cnn_2d_residual_small + cnnlstm_image_scale,0.0419890873015873,0.22821353426444382,0.3023672713579668,0.5694444444444444
raw,4,logistic_image_scale + cnn_1d_image_scale + cnn_2d_residual_small + cnnlstm_cumulative_scale,0.03726438492063493,0.2835759867562817,0.44873958560024496,0.5625
raw,4,logistic_image_scale + cnn_1d_image_scale + lstm_image_scale + lstm_cumulative_scale,0.04564732142857143,0.26642730522313385,0.4013298929442366,0.5625
raw,4,logistic_image_scale + cnn_1d_image_scale + lstm_image_scale + cnnlstm_image_scale,0.043315972222222235,0.1988736277060883,0.23431672254892888,0.5763888888888888
raw,4,logistic_image_scale + cnn_1d_image_scale + lstm_image_scale + cnnlstm_cumulative_scale,0.03859126984126984,0.2757404844734156,0.42658121080091016,0.5694444444444444
raw,4,logistic_image_scale + cnn_1d_image_scale + lstm_cumulative_scale + cnnlstm_image_scale,0.03906250000000001,0.1530087546867063,0.12972740544257344,0.5555555555555556
raw,4,logistic_image_scale + cnn_1d_image_scale + lstm_cumulative_scale + cnnlstm_cumulative_scale,0.028385416666666677,0.28222657050458455,0.44975635196500563,0.5694444444444444
raw,4,logistic_image_scale + cnn_1d_image_scale + cnnlstm_image_scale + cnnlstm_cumulative_scale,0.03350694444444446,0.3712631482733984,0.6307552503573446,0.5694444444444444
raw,4,logistic_image_scale + cnn_2d_rendered_images + cnn_1d_attention_image_scale + cnn_1d_cumulative_scale,0.03521825396825397,0.34080398024136077,0.6159358569829307,0.5763888888888888
raw,4,logistic_image_scale + cnn_2d_rendered_images + cnn_1d_attention_image_scale + cnn_1d_dilated_image_scale,0.029910714285714304,0.35958671198907316,0.67622555946888,0.5694444444444444
raw,4,logistic_image_scale + cnn_2d_rendered_images + cnn_1d_attention_image_scale + cnn_1d_multiscale_image_scale,0.02966269841269842,0.3672153615621148,0.6957006014708116,0.5972222222222222
raw,4,logistic_image_scale + cnn_2d_rendered_images + cnn_1d_attention_image_scale + cnn_2d_residual_images,0.03550347222222222,0.2818498307310791,0.42861415709240136,0.5555555555555556
raw,4,logistic_image_scale + cnn_2d_rendered_images + cnn_1d_attention_image_scale + cnn_2d_residual_small,0.03834325396825398,0.3168100684763905,0.5334275248347928,0.5763888888888888
raw,4,logistic_image_scale + cnn_2d_rendered_images + cnn_1d_attention_image_scale + lstm_image_scale,0.0376984126984127,0.33003870114952816,0.5822068131056657,0.5694444444444444
raw,4,logistic_image_scale + cnn_2d_rendered_images + cnn_1d_attention_image_scale + lstm_cumulative_scale,0.031907242063492075,0.5090077657521179,1.173370997353155,0.5902777777777778
raw,4,logistic_image_scale + cnn_2d_rendered_images + cnn_1d_attention_image_scale + cnnlstm_image_scale,0.0376984126984127,0.29065325959106875,0.46577400760479404,0.5694444444444444
raw,4,logistic_image_scale + cnn_2d_rendered_images + cnn_1d_attention_image_scale + cnnlstm_cumulative_scale,0.025892857142857148,0.31969932001322365,0.5606412234042983,0.5694444444444444
raw,4,logistic_image_scale + cnn_2d_rendered_images + cnn_1d_cumulative_scale + cnn_1d_dilated_image_scale,0.03423859126984128,0.25353063921543045,0.36406247750772347,0.5555555555555556
raw,4,logistic_image_scale + cnn_2d_rendered_images + cnn_1d_cumulative_scale + cnn_1d_multiscale_image_scale,0.030282738095238102,0.24473134508791303,0.34458439436308796,0.5486111111111112
raw,4,logistic_image_scale + cnn_2d_rendered_images + cnn_1d_cumulative_scale + cnn_2d_residual_images,0.03399057539682541,0.2487278645598063,0.35078810998257093,0.5486111111111112
raw,4,logistic_image_scale + cnn_2d_rendered_images + cnn_1d_cumulative_scale + cnn_2d_residual_small,0.04110863095238096,0.31244183722537944,0.5307981057980407,0.5833333333333334
raw,4,logistic_image_scale + cnn_2d_rendered_images + cnn_1d_cumulative_scale + lstm_image_scale,0.04678819444444445,0.3125342146979879,0.5398618427901845,0.5833333333333334
raw,4,logistic_image_scale + cnn_2d_rendered_images + cnn_1d_cumulative_scale + lstm_cumulative_scale,0.035491071428571434,0.35447583910084735,0.6538934890781674,0.5555555555555556
raw,4,logistic_image_scale + cnn_2d_rendered_images + cnn_1d_cumulative_scale + cnnlstm_image_scale,0.04136904761904763,0.28795973841547434,0.4677425524329948,0.5833333333333334
raw,4,logistic_image_scale + cnn_2d_rendered_images + cnn_1d_cumulative_scale + cnnlstm_cumulative_scale,0.028249007936507944,0.5131756215914289,1.1091525813580474,0.5416666666666666
raw,4,logistic_image_scale + cnn_2d_rendered_images + cnn_1d_dilated_image_scale + cnn_1d_multiscale_image_scale,0.034412202380952384,0.3485678162260015,0.6584275022559136,0.5625
raw,4,logistic_image_scale + cnn_2d_rendered_images + cnn_1d_dilated_image_scale + cnn_2d_residual_images,0.03387896825396826,0.30494749164995055,0.5035143485781937,0.5625
raw,4,logistic_image_scale + cnn_2d_rendered_images + cnn_1d_dilated_image_scale + cnn_2d_residual_small,0.03661954365079365,0.2574637173682472,0.38046051849873064,0.5694444444444444
raw,4,logistic_image_scale + cnn_2d_rendered_images + cnn_1d_dilated_image_scale + lstm_image_scale,0.04015376984126985,0.30534386862272833,0.5001819062604516,0.5625
raw,4,logistic_image_scale + cnn_2d_rendered_images + cnn_1d_dilated_image_scale + lstm_cumulative_scale,0.03443700396825397,0.31568303424462774,0.5414746616782373,0.5625
raw,4,logistic_image_scale + cnn_2d_rendered_images + cnn_1d_dilated_image_scale + cnnlstm_image_scale,0.03428819444444445,0.26178485246398786,0.3826853916157975,0.5555555555555556
raw,4,logistic_image_scale + cnn_2d_rendered_images + cnn_1d_dilated_image_scale + cnnlstm_cumulative_scale,0.027790178571428577,0.24631765743919457,0.3505134580994631,0.5347222222222222
raw,4,logistic_image_scale + cnn_2d_rendered_images + cnn_1d_multiscale_image_scale + cnn_2d_residual_images,0.031944444444444456,0.1458426058091807,0.10314848705789359,0.5694444444444444
raw,4,logistic_image_scale + cnn_2d_rendered_images + cnn_1d_multiscale_image_scale + cnn_2d_residual_small,0.03205605158730159,0.30207668983134844,0.4951604497199309,0.5833333333333334
raw,4,logistic_image_scale + cnn_2d_rendered_images + cnn_1d_multiscale_image_scale + lstm_image_scale,0.03294890873015874,0.3175921379379712,0.5455268756656899,0.5902777777777778
raw,4,logistic_image_scale + cnn_2d_rendered_images + cnn_1d_multiscale_image_scale + lstm_cumulative_scale,0.031262400793650794,0.4181117528085092,0.867916036027814,0.5763888888888888
raw,4,logistic_image_scale + cnn_2d_rendered_images + cnn_1d_multiscale_image_scale + cnnlstm_image_scale,0.027703373015873018,0.18301416940049942,0.1882596550525455,0.5555555555555556
raw,4,logistic_image_scale + cnn_2d_rendered_images + cnn_1d_multiscale_image_scale + cnnlstm_cumulative_scale,0.02320188492063493,0.4076255311285446,0.7463209535971311,0.5555555555555556
raw,4,logistic_image_scale + cnn_2d_rendered_images + cnn_2d_residual_images + cnn_2d_residual_small,0.042237103174603184,0.303948628531137,0.4939934533809256,0.5555555555555556
raw,4,logistic_image_scale + cnn_2d_rendered_images + cnn_2d_residual_images + lstm_image_scale,0.037016369047619055,0.2865615763858775,0.44759840971443365,0.5625
raw,4,logistic_image_scale + cnn_2d_rendered_images + cnn_2d_residual_images + lstm_cumulative_scale,0.03630952380952381,0.42932885347085753,0.8878173872620438,0.5833333333333334
raw,4,logistic_image_scale + cnn_2d_rendered_images + cnn_2d_residual_images + cnnlstm_image_scale,0.03541666666666667,0.21514040769676435,0.2701878612413533,0.5694444444444444
raw,4,logistic_image_scale + cnn_2d_rendered_images + cnn_2d_residual_images + cnnlstm_cumulative_scale,0.02555803571428572,0.24326638039376755,0.3424746820449609,0.5625
raw,4,logistic_image_scale + cnn_2d_rendered_images + cnn_2d_residual_small + lstm_image_scale,0.04353918650793651,0.4057443808804334,0.820690063331647,0.5972222222222222
raw,4,logistic_image_scale + cnn_2d_rendered_images + cnn_2d_residual_small + lstm_cumulative_scale,0.03716517857142858,0.34288924136039955,0.6029346404118676,0.5833333333333334
raw,4,logistic_image_scale + cnn_2d_rendered_images + cnn_2d_residual_small + cnnlstm_image_scale,0.042001488095238106,0.3923900339991013,0.7875850662651658,0.6041666666666666
raw,4,logistic_image_scale + cnn_2d_rendered_images + cnn_2d_residual_small + cnnlstm_cumulative_scale,0.0322296626984127,0.32585405896312325,0.5671603278224298,0.5763888888888888
raw,4,logistic_image_scale + cnn_2d_rendered_images + lstm_image_scale + lstm_cumulative_scale,0.0437624007936508,0.40231168222584784,0.8273022590573322,0.5833333333333334
raw,4,logistic_image_scale + cnn_2d_rendered_images + lstm_image_scale + cnnlstm_image_scale,0.04404761904761906,0.22984121246303543,0.30715106832208616,0.5833333333333334
raw,4,logistic_image_scale + cnn_2d_rendered_images + lstm_image_scale + cnnlstm_cumulative_scale,0.03501984126984127,0.4942047234815754,1.0489211055116794,0.5972222222222222
raw,4,logistic_image_scale + cnn_2d_rendered_images + lstm_cumulative_scale + cnnlstm_image_scale,0.0423983134920635,0.4182702890150433,0.8570912343390473,0.5625
raw,4,logistic_image_scale + cnn_2d_rendered_images + lstm_cumulative_scale + cnnlstm_cumulative_scale,0.026277281746031753,0.3865255006838656,0.7665164280553849,0.5625
raw,4,logistic_image_scale + cnn_2d_rendered_images + cnnlstm_image_scale + cnnlstm_cumulative_scale,0.0320436507936508,0.5229758287855706,1.1617237228398536,0.5902777777777778
raw,4,logistic_image_scale + cnn_1d_attention_image_scale + cnn_1d_cumulative_scale + cnn_1d_dilated_image_scale,0.03807043650793652,0.36353649963433976,0.7030105258515322,0.5902777777777778
raw,4,logistic_image_scale + cnn_1d_attention_image_scale + cnn_1d_cumulative_scale + cnn_1d_multiscale_image_scale,0.030481150793650807,0.22049643718305087,0.28137918920185645,0.5833333333333334
raw,4,logistic_image_scale + cnn_1d_attention_image_scale + cnn_1d_cumulative_scale + cnn_2d_residual_images,0.041183035714285714,0.33977114668023894,0.5917416413940342,0.5694444444444444
raw,4,logistic_image_scale + cnn_1d_attention_image_scale + cnn_1d_cumulative_scale + cnn_2d_residual_small,0.041517857142857155,0.34874868227312056,0.6297639309954355,0.6041666666666666
raw,4,logistic_image_scale + cnn_1d_attention_image_scale + cnn_1d_cumulative_scale + lstm_image_scale,0.04547371031746033,0.37129182928238835,0.6992991187527942,0.5833333333333334
raw,4,logistic_image_scale + cnn_1d_attention_image_scale + cnn_1d_cumulative_scale + lstm_cumulative_scale,0.034672619047619056,0.28898771904857284,0.45471583453801045,0.5833333333333334
raw,4,logistic_image_scale + cnn_1d_attention_image_scale + cnn_1d_cumulative_scale + cnnlstm_image_scale,0.04402281746031747,0.268671583475281,0.41182819597438347,0.5972222222222222
raw,4,logistic_image_scale + cnn_1d_attention_image_scale + cnn_1d_cumulative_scale + cnnlstm_cumulative_scale,0.03278769841269842,0.3459069950527037,0.6258967500737722,0.5972222222222222
raw,4,logistic_image_scale + cnn_1d_attention_image_scale + cnn_1d_dilated_image_scale + cnn_1d_multiscale_image_scale,0.03823164682539683,0.37783333847636874,0.7646812330558708,0.5902777777777778
raw,4,logistic_image_scale + cnn_1d_attention_image_scale + cnn_1d_dilated_image_scale + cnn_2d_residual_images,0.04176587301587302,0.2854491415519032,0.4535341920737961,0.5763888888888888
raw,4,logistic_image_scale + cnn_1d_attention_image_scale + cnn_1d_dilated_image_scale + cnn_2d_residual_small,0.03746279761904763,0.3136949007044148,0.5452821007545685,0.5694444444444444
raw,4,logistic_image_scale + cnn_1d_attention_image_scale + cnn_1d_dilated_image_scale + lstm_image_scale,0.04792906746031746,0.36230575656856884,0.6882649925706081,0.5902777777777778
raw,4,logistic_image_scale + cnn_1d_attention_image_scale + cnn_1d_dilated_image_scale + lstm_cumulative_scale,0.038157242063492074,0.36644311897429815,0.7084303865057551,0.6041666666666666
raw,4,logistic_image_scale + cnn_1d_attention_image_scale + cnn_1d_dilated_image_scale + cnnlstm_image_scale,0.042795138888888896,0.2887711958875557,0.47821159004504166,0.5763888888888888
raw,4,logistic_image_scale + cnn_1d_attention_image_scale + cnn_1d_dilated_image_scale + cnnlstm_cumulative_scale,0.034771825396825405,0.33045556200381543,0.606903339505255,0.5694444444444444
raw,4,logistic_image_scale + cnn_1d_attention_image_scale + cnn_1d_multiscale_image_scale + cnn_2d_residual_images,0.03585069444444445,0.3022229451012393,0.4822941052063021,0.5555555555555556
raw,4,logistic_image_scale + cnn_1d_attention_image_scale + cnn_1d_multiscale_image_scale + cnn_2d_residual_small,0.03262648809523811,0.3120511655436288,0.5176526456649151,0.5833333333333334
raw,4,logistic_image_scale + cnn_1d_attention_image_scale + cnn_1d_multiscale_image_scale + lstm_image_scale,0.034970238095238096,0.33810262961889814,0.5884836552227553,0.5972222222222222
raw,4,logistic_image_scale + cnn_1d_attention_image_scale + cnn_1d_multiscale_image_scale + lstm_cumulative_scale,0.03218005952380953,0.4142094147981665,0.8325780966487777,0.5902777777777778
raw,4,logistic_image_scale + cnn_1d_attention_image_scale + cnn_1d_multiscale_image_scale + cnnlstm_image_scale,0.0332217261904762,0.22086837021105404,0.2790725266409908,0.5763888888888888
raw,4,logistic_image_scale + cnn_1d_attention_image_scale + cnn_1d_multiscale_image_scale + cnnlstm_cumulative_scale,0.028943452380952382,0.3883442819306704,0.7876996719057332,0.5763888888888888
raw,4,logistic_image_scale + cnn_1d_attention_image_scale + cnn_2d_residual_images + cnn_2d_residual_small,0.04869791666666669,0.3762893970052615,0.7151434953622979,0.5833333333333334
raw,4,logistic_image_scale + cnn_1d_attention_image_scale + cnn_2d_residual_images + lstm_image_scale,0.04530009920634922,0.29590211847498477,0.4628802404438557,0.5694444444444444
raw,4,logistic_image_scale + cnn_1d_attention_image_scale + cnn_2d_residual_images + lstm_cumulative_scale,0.041369047619047625,0.4259053994692472,0.8485440486073197,0.5694444444444444
raw,4,logistic_image_scale + cnn_1d_attention_image_scale + cnn_2d_residual_images + cnnlstm_image_scale,0.04312996031746033,0.34188984401948974,0.6199517507186472,0.5902777777777778
raw,4,logistic_image_scale + cnn_1d_attention_image_scale + cnn_2d_residual_images + cnnlstm_cumulative_scale,0.03740079365079366,0.2634296790623012,0.3860247802501142,0.5486111111111112
raw,4,logistic_image_scale + cnn_1d_attention_image_scale + cnn_2d_residual_small + lstm_image_scale,0.04656498015873017,0.31756357534992513,0.5373252781461844,0.5972222222222222
raw,4,logistic_image_scale + cnn_1d_attention_image_scale + cnn_2d_residual_small + lstm_cumulative_scale,0.0394469246031746,0.32612424862823836,0.5598156228252769,0.5902777777777778
raw,4,logistic_image_scale + cnn_1d_attention_image_scale + cnn_2d_residual_small + cnnlstm_image_scale,0.04667658730158731,0.2944881472420556,0.47486059742787234,0.5972222222222222
raw,4,logistic_image_scale + cnn_1d_attention_image_scale + cnn_2d_residual_small + cnnlstm_cumulative_scale,0.03474702380952381,0.3937829570807028,0.7790839015516691,0.5972222222222222
raw,4,logistic_image_scale + cnn_1d_attention_image_scale + lstm_image_scale + lstm_cumulative_scale,0.04304315476190476,0.35107383086474087,0.629865373659888,0.5972222222222222
raw,4,logistic_image_scale + cnn_1d_attention_image_scale + lstm_image_scale + cnnlstm_image_scale,0.04874751984126985,0.32645341426839203,0.5696673788394708,0.6041666666666666
raw,4,logistic_image_scale + cnn_1d_attention_image_scale + lstm_image_scale + cnnlstm_cumulative_scale,0.03872767857142857,0.3211629856758728,0.5515837152735292,0.5833333333333334
raw,4,logistic_image_scale + cnn_1d_attention_image_scale + lstm_cumulative_scale + cnnlstm_image_scale,0.041232638888888895,0.3235485068132754,0.5534829844521865,0.5972222222222222
raw,4,logistic_image_scale + cnn_1d_attention_image_scale + lstm_cumulative_scale + cnnlstm_cumulative_scale,0.027244543650793655,0.3952802443797147,0.7832574841225022,0.5833333333333334
raw,4,logistic_image_scale + cnn_1d_attention_image_scale + cnnlstm_image_scale + cnnlstm_cumulative_scale,0.035565476190476196,0.3675493521341333,0.7053167873678374,0.5972222222222222
raw,4,logistic_image_scale + cnn_1d_cumulative_scale + cnn_1d_dilated_image_scale + cnn_1d_multiscale_image_scale,0.048028273809523826,0.3760228903617793,0.7562691072687171,0.5833333333333334
raw,4,logistic_image_scale + cnn_1d_cumulative_scale + cnn_1d_dilated_image_scale + cnn_2d_residual_images,0.0453373015873016,0.3026478057417542,0.5074899381323625,0.5625
raw,4,logistic_image_scale + cnn_1d_cumulative_scale + cnn_1d_dilated_image_scale + cnn_2d_residual_small,0.05142609126984128,0.32894282942971753,0.5877837114438551,0.5833333333333334
raw,4,logistic_image_scale + cnn_1d_cumulative_scale + cnn_1d_dilated_image_scale + lstm_image_scale,0.052405753968253976,0.3532562210725451,0.6650194878729772,0.5972222222222222
raw,4,logistic_image_scale + cnn_1d_cumulative_scale + cnn_1d_dilated_image_scale + lstm_cumulative_scale,0.046391369047619056,0.3440205587591723,0.6323391433447809,0.5972222222222222
raw,4,logistic_image_scale + cnn_1d_cumulative_scale + cnn_1d_dilated_image_scale + cnnlstm_image_scale,0.046614583333333355,0.27832373819550094,0.4399355206119979,0.5694444444444444
raw,4,logistic_image_scale + cnn_1d_cumulative_scale + cnn_1d_dilated_image_scale + cnnlstm_cumulative_scale,0.03529265873015873,0.30629715889854464,0.530666002990023,0.5833333333333334
raw,4,logistic_image_scale + cnn_1d_cumulative_scale + cnn_1d_multiscale_image_scale + cnn_2d_residual_images,0.039236111111111124,0.28602481659782103,0.4619945115081123,0.5694444444444444
raw,4,logistic_image_scale + cnn_1d_cumulative_scale + cnn_1d_multiscale_image_scale + cnn_2d_residual_small,0.03943452380952382,0.288380299179041,0.4545857624586016,0.5694444444444444
raw,4,logistic_image_scale + cnn_1d_cumulative_scale + cnn_1d_multiscale_image_scale + lstm_image_scale,0.040091765873015876,0.23916902676506788,0.3353042870554277,0.5625
raw,4,logistic_image_scale + cnn_1d_cumulative_scale + cnn_1d_multiscale_image_scale + lstm_cumulative_scale,0.03368055555555557,0.3444651353433997,0.6293566326703903,0.5902777777777778
raw,4,logistic_image_scale + cnn_1d_cumulative_scale + cnn_1d_multiscale_image_scale + cnnlstm_image_scale,0.03572668650793651,0.28892902191052966,0.44352053853975026,0.5763888888888888
raw,4,logistic_image_scale + cnn_1d_cumulative_scale + cnn_1d_multiscale_image_scale + cnnlstm_cumulative_scale,0.028484623015873022,0.4840957494220064,1.0384164550487336,0.5972222222222222
raw,4,logistic_image_scale + cnn_1d_cumulative_scale + cnn_2d_residual_images + cnn_2d_residual_small,0.05130208333333335,0.2607648286862546,0.3926973168319041,0.5833333333333334
raw,4,logistic_image_scale + cnn_1d_cumulative_scale + cnn_2d_residual_images + lstm_image_scale,0.046416170634920643,0.16999828077134463,0.16620524013794657,0.5555555555555556
raw,4,logistic_image_scale + cnn_1d_cumulative_scale + cnn_2d_residual_images + lstm_cumulative_scale,0.038157242063492074,0.2671852827072963,0.401184599457848,0.5486111111111112
raw,4,logistic_image_scale + cnn_1d_cumulative_scale + cnn_2d_residual_images + cnnlstm_image_scale,0.044481646825396834,0.17870038047506645,0.18592389961282385,0.5625
raw,4,logistic_image_scale + cnn_1d_cumulative_scale + cnn_2d_residual_images + cnnlstm_cumulative_scale,0.03664434523809525,0.3231175352422922,0.5734722676222308,0.5694444444444444
raw,4,logistic_image_scale + cnn_1d_cumulative_scale + cnn_2d_residual_small + lstm_image_scale,0.05424107142857143,0.35867009426048757,0.6908682892677103,0.5972222222222222
raw,4,logistic_image_scale + cnn_1d_cumulative_scale + cnn_2d_residual_small + lstm_cumulative_scale,0.04816468253968255,0.3762333449339057,0.7315134511746286,0.5902777777777778
raw,4,logistic_image_scale + cnn_1d_cumulative_scale + cnn_2d_residual_small + cnnlstm_image_scale,0.053782242063492074,0.3289095008094171,0.5875887114926823,0.6041666666666666
raw,4,logistic_image_scale + cnn_1d_cumulative_scale + cnn_2d_residual_small + cnnlstm_cumulative_scale,0.041406250000000006,0.5291973241535263,1.1651198087386372,0.5833333333333334
raw,4,logistic_image_scale + cnn_1d_cumulative_scale + lstm_image_scale + lstm_cumulative_scale,0.046639384920634935,0.30839240639408455,0.5353800080711453,0.5625
raw,4,logistic_image_scale + cnn_1d_cumulative_scale + lstm_image_scale + cnnlstm_image_scale,0.05171130952380953,0.32548226210768644,0.5418557873659342,0.5694444444444444
raw,4,logistic_image_scale + cnn_1d_cumulative_scale + lstm_image_scale + cnnlstm_cumulative_scale,0.044965277777777785,0.5776437552971748,1.3629807458840957,0.5694444444444444
raw,4,logistic_image_scale + cnn_1d_cumulative_scale + lstm_cumulative_scale + cnnlstm_image_scale,0.040513392857142866,0.3782823188958112,0.6644114613129055,0.5763888888888888
raw,4,logistic_image_scale + cnn_1d_cumulative_scale + lstm_cumulative_scale + cnnlstm_cumulative_scale,0.030381944444444454,0.5180626803171681,1.1811803659067315,0.5833333333333334
raw,4,logistic_image_scale + cnn_1d_cumulative_scale + cnnlstm_image_scale + cnnlstm_cumulative_scale,0.03979414682539684,0.5358971267994035,1.1960761541648561,0.5972222222222222
raw,4,logistic_image_scale + cnn_1d_dilated_image_scale + cnn_1d_multiscale_image_scale + cnn_2d_residual_images,0.04682539682539684,0.34271704001176273,0.6253928585802802,0.5694444444444444
raw,4,logistic_image_scale + cnn_1d_dilated_image_scale + cnn_1d_multiscale_image_scale + cnn_2d_residual_small,0.04254712301587303,0.2966185495496711,0.491568376804161,0.5763888888888888
raw,4,logistic_image_scale + cnn_1d_dilated_image_scale + cnn_1d_multiscale_image_scale + lstm_image_scale,0.053993055555555565,0.33946119847670314,0.61603504239172,0.5833333333333334
raw,4,logistic_image_scale + cnn_1d_dilated_image_scale + cnn_1d_multiscale_image_scale + lstm_cumulative_scale,0.04712301587301588,0.3256746334521887,0.5741426663178968,0.5833333333333334
raw,4,logistic_image_scale + cnn_1d_dilated_image_scale + cnn_1d_multiscale_image_scale + cnnlstm_image_scale,0.04722222222222224,0.3198660389966843,0.5714596807336085,0.5763888888888888
raw,4,logistic_image_scale + cnn_1d_dilated_image_scale + cnn_1d_multiscale_image_scale + cnnlstm_cumulative_scale,0.03689236111111111,0.3097846567454071,0.5392824724123788,0.5625
raw,4,logistic_image_scale + cnn_1d_dilated_image_scale + cnn_2d_residual_images + cnn_2d_residual_small,0.050223214285714295,0.27782700118037884,0.4367083278935546,0.5555555555555556
raw,4,logistic_image_scale + cnn_1d_dilated_image_scale + cnn_2d_residual_images + lstm_image_scale,0.0498387896825397,0.2771395293768906,0.4342288249375401,0.5625
raw,4,logistic_image_scale + cnn_1d_dilated_image_scale + cnn_2d_residual_images + lstm_cumulative_scale,0.045771329365079376,0.3247080597001885,0.5722317604509128,0.5694444444444444
raw,4,logistic_image_scale + cnn_1d_dilated_image_scale + cnn_2d_residual_images + cnnlstm_image_scale,0.04406001984126985,0.23569839649112398,0.32054160077765204,0.5694444444444444
raw,4,logistic_image_scale + cnn_1d_dilated_image_scale + cnn_2d_residual_images + cnnlstm_cumulative_scale,0.038702876984126985,0.2913144825473638,0.4819244243768124,0.5625
raw,4,logistic_image_scale + cnn_1d_dilated_image_scale + cnn_2d_residual_small + lstm_image_scale,0.05343501984126985,0.2237356773256976,0.2897325814387708,0.5694444444444444
raw,4,logistic_image_scale + cnn_1d_dilated_image_scale + cnn_2d_residual_small + lstm_cumulative_scale,0.046341765873015875,0.35137449972691004,0.6461709708294134,0.5833333333333334
raw,4,logistic_image_scale + cnn_1d_dilated_image_scale + cnn_2d_residual_small + cnnlstm_image_scale,0.047098214285714306,0.17019313784331452,0.1589958677363923,0.5625
raw,4,logistic_image_scale + cnn_1d_dilated_image_scale + cnn_2d_residual_small + cnnlstm_cumulative_scale,0.0416170634920635,0.3471512868229083,0.6622046806883681,0.5763888888888888
raw,4,logistic_image_scale + cnn_1d_dilated_image_scale + lstm_image_scale + lstm_cumulative_scale,0.04971478174603175,0.35201541062916825,0.6560438802643771,0.5902777777777778
raw,4,logistic_image_scale + cnn_1d_dilated_image_scale + lstm_image_scale + cnnlstm_image_scale,0.050322420634920643,0.23227800370155374,0.3096131341544801,0.5694444444444444
raw,4,logistic_image_scale + cnn_1d_dilated_image_scale + lstm_image_scale + cnnlstm_cumulative_scale,0.04125744047619048,0.3294962819262214,0.6082428443417136,0.5902777777777778
raw,4,logistic_image_scale + cnn_1d_dilated_image_scale + lstm_cumulative_scale + cnnlstm_image_scale,0.04135664682539684,0.2873995983066578,0.46226355484495363,0.5763888888888888
raw,4,logistic_image_scale + cnn_1d_dilated_image_scale + lstm_cumulative_scale + cnnlstm_cumulative_scale,0.034809027777777786,0.325259610675986,0.5921388794418383,0.5833333333333334
raw,4,logistic_image_scale + cnn_1d_dilated_image_scale + cnnlstm_image_scale + cnnlstm_cumulative_scale,0.03493303571428573,0.3278033740012436,0.5966782201686267,0.6041666666666666
raw,4,logistic_image_scale + cnn_1d_multiscale_image_scale + cnn_2d_residual_images + cnn_2d_residual_small,0.042373511904761914,0.3613627972942558,0.6747011513728969,0.5763888888888888
raw,4,logistic_image_scale + cnn_1d_multiscale_image_scale + cnn_2d_residual_images + lstm_image_scale,0.0377356150793651,0.2846888364964797,0.45679084495627653,0.5625
raw,4,logistic_image_scale + cnn_1d_multiscale_image_scale + cnn_2d_residual_images + lstm_cumulative_scale,0.03602430555555557,0.29312448020833876,0.47252745626062564,0.5763888888888888
raw,4,logistic_image_scale + cnn_1d_multiscale_image_scale + cnn_2d_residual_images + cnnlstm_image_scale,0.03566468253968255,0.174530405654278,0.17575414416985646,0.5625
raw,4,logistic_image_scale + cnn_1d_multiscale_image_scale + cnn_2d_residual_images + cnnlstm_cumulative_scale,0.029191468253968265,0.25796336138800197,0.3805105883020965,0.5625
raw,4,logistic_image_scale + cnn_1d_multiscale_image_scale + cnn_2d_residual_small + lstm_image_scale,0.04272073412698414,0.2787819175072631,0.43476913990193466,0.5763888888888888
raw,4,logistic_image_scale + cnn_1d_multiscale_image_scale + cnn_2d_residual_small + lstm_cumulative_scale,0.036830357142857144,0.3280871351153656,0.5681490577676931,0.5763888888888888
raw,4,logistic_image_scale + cnn_1d_multiscale_image_scale + cnn_2d_residual_small + cnnlstm_image_scale,0.03793402777777779,0.25767464123046774,0.38262532389251236,0.5902777777777778
raw,4,logistic_image_scale + cnn_1d_multiscale_image_scale + cnn_2d_residual_small + cnnlstm_cumulative_scale,0.03227926587301588,0.31546449952993455,0.5412649653838653,0.5763888888888888
raw,4,logistic_image_scale + cnn_1d_multiscale_image_scale + lstm_image_scale + lstm_cumulative_scale,0.04094742063492064,0.37671839402555163,0.7239990209377845,0.5972222222222222
raw,4,logistic_image_scale + cnn_1d_multiscale_image_scale + lstm_image_scale + cnnlstm_image_scale,0.038430059523809526,0.19803715507507802,0.23097189527983453,0.5833333333333334
raw,4,logistic_image_scale + cnn_1d_multiscale_image_scale + lstm_image_scale + cnnlstm_cumulative_scale,0.035367063492063505,0.5691378701994073,1.2962973634806847,0.5902777777777778
raw,4,logistic_image_scale + cnn_1d_multiscale_image_scale + lstm_cumulative_scale + cnnlstm_image_scale,0.03519345238095238,0.28054624003094786,0.44801995038572917,0.5902777777777778
raw,4,logistic_image_scale + cnn_1d_multiscale_image_scale + lstm_cumulative_scale + cnnlstm_cumulative_scale,0.02624007936507937,0.49366298734858916,1.0216894262068847,0.5972222222222222
raw,4,logistic_image_scale + cnn_1d_multiscale_image_scale + cnnlstm_image_scale + cnnlstm_cumulative_scale,0.03198164682539683,0.511467017025146,1.1113655553871764,0.5763888888888888
raw,4,logistic_image_scale + cnn_2d_residual_images + cnn_2d_residual_small + lstm_image_scale,0.05544394841269842,0.3153598984768068,0.5448072113663285,0.5972222222222222
raw,4,logistic_image_scale + cnn_2d_residual_images + cnn_2d_residual_small + lstm_cumulative_scale,0.050570436507936516,0.31680258754843016,0.5466340736902531,0.5833333333333334
raw,4,logistic_image_scale + cnn_2d_residual_images + cnn_2d_residual_small + cnnlstm_image_scale,0.05126488095238097,0.30853817270607875,0.5292147812356438,0.5833333333333334
raw,4,logistic_image_scale + cnn_2d_residual_images + cnn_2d_residual_small + cnnlstm_cumulative_scale,0.04647817460317461,0.2931570563215994,0.4923332313952391,0.5625
raw,4,logistic_image_scale + cnn_2d_residual_images + lstm_image_scale + lstm_cumulative_scale,0.049454365079365084,0.29769939576784715,0.49340606588221814,0.5763888888888888
raw,4,logistic_image_scale + cnn_2d_residual_images + lstm_image_scale + cnnlstm_image_scale,0.051636904761904766,0.24665049628758826,0.3604850710824792,0.5833333333333334
raw,4,logistic_image_scale + cnn_2d_residual_images + lstm_image_scale + cnnlstm_cumulative_scale,0.043216765873015886,0.2970890969951763,0.49321501822981517,0.5625
raw,4,logistic_image_scale + cnn_2d_residual_images + lstm_cumulative_scale + cnnlstm_image_scale,0.04485367063492064,0.16890640124436876,0.16325420855022355,0.5694444444444444
raw,4,logistic_image_scale + cnn_2d_residual_images + lstm_cumulative_scale + cnnlstm_cumulative_scale,0.03546626984126985,0.31694683751919694,0.5476351969502293,0.5694444444444444
raw,4,logistic_image_scale + cnn_2d_residual_images + cnnlstm_image_scale + cnnlstm_cumulative_scale,0.038678075396825405,0.23467653665677893,0.32312196250028413,0.5625
raw,4,logistic_image_scale + cnn_2d_residual_small + lstm_image_scale + lstm_cumulative_scale,0.05612599206349207,0.44817464396814677,1.0007883000379207,0.5902777777777778
raw,4,logistic_image_scale + cnn_2d_residual_small + lstm_image_scale + cnnlstm_image_scale,0.054067460317460334,0.34675433865534044,0.6512727699541874,0.6041666666666666
raw,4,logistic_image_scale + cnn_2d_residual_small + lstm_image_scale + cnnlstm_cumulative_scale,0.04892113095238095,0.37688977082663083,0.7461349984625887,0.6111111111111112
raw,4,logistic_image_scale + cnn_2d_residual_small + lstm_cumulative_scale + cnnlstm_image_scale,0.051500496031746036,0.35649620775575624,0.6767109676165939,0.6041666666666666
raw,4,logistic_image_scale + cnn_2d_residual_small + lstm_cumulative_scale + cnnlstm_cumulative_scale,0.03645833333333335,0.40338000061452844,0.8100317253301572,0.5972222222222222
raw,4,logistic_image_scale + cnn_2d_residual_small + cnnlstm_image_scale + cnnlstm_cumulative_scale,0.047309027777777776,0.5260708000437925,1.155254272613087,0.6180555555555556
raw,4,logistic_image_scale + lstm_image_scale + lstm_cumulative_scale + cnnlstm_image_scale,0.05138888888888891,0.28046192472533527,0.4494309022421181,0.5833333333333334
raw,4,logistic_image_scale + lstm_image_scale + lstm_cumulative_scale + cnnlstm_cumulative_scale,0.0400545634920635,0.6189058972450168,1.5141664781064628,0.5972222222222222
raw,4,logistic_image_scale + lstm_image_scale + cnnlstm_image_scale + cnnlstm_cumulative_scale,0.04573412698412699,0.5234033692075393,1.151080207038055,0.5902777777777778
raw,4,logistic_image_scale + lstm_cumulative_scale + cnnlstm_image_scale + cnnlstm_cumulative_scale,0.038082837301587305,0.4674192950135515,0.967726820304585,0.5763888888888888
raw,4,logistic_cumulative_scale + cnn_1d_image_scale + cnn_2d_rendered_images + cnn_1d_attention_image_scale,-0.0005828373015873023,0.1822083523637137,0.19554410909243836,0.5694444444444444
raw,4,logistic_cumulative_scale + cnn_1d_image_scale + cnn_2d_rendered_images + cnn_1d_cumulative_scale,-0.008048115079365075,0.12481715550869335,0.0647911425269534,0.5486111111111112
raw,4,logistic_cumulative_scale + cnn_1d_image_scale + cnn_2d_rendered_images + cnn_1d_dilated_image_scale,-0.004699900793650796,0.12147183250026194,0.05859323652092363,0.5486111111111112
raw,4,logistic_cumulative_scale + cnn_1d_image_scale + cnn_2d_rendered_images + cnn_1d_multiscale_image_scale,-0.015761408730158733,0.16216887724857,0.1485819100950232,0.5555555555555556
raw,4,logistic_cumulative_scale + cnn_1d_image_scale + cnn_2d_rendered_images + cnn_2d_residual_images,-0.011693948412698413,0.01756794176943166,-0.15039241857703767,0.5416666666666666
raw,4,logistic_cumulative_scale + cnn_1d_image_scale + cnn_2d_rendered_images + cnn_2d_residual_small,-0.007738095238095245,0.0095833340091751,-0.1591283803685265,0.5416666666666666
raw,4,logistic_cumulative_scale + cnn_1d_image_scale + cnn_2d_rendered_images + lstm_image_scale,-0.006299603174603181,0.12376049101261122,0.06049199156105489,0.5625
raw,4,logistic_cumulative_scale + cnn_1d_image_scale + cnn_2d_rendered_images + lstm_cumulative_scale,-0.008916170634920641,0.11654566159913385,0.04727294054637676,0.5555555555555556
raw,4,logistic_cumulative_scale + cnn_1d_image_scale + cnn_2d_rendered_images + cnnlstm_image_scale,-0.009312996031746039,0.0853844870028129,-0.018269506051806217,0.5625
raw,4,logistic_cumulative_scale + cnn_1d_image_scale + cnn_2d_rendered_images + cnnlstm_cumulative_scale,-0.010057043650793645,0.11487883152105823,0.042778003017259314,0.5694444444444444
raw,4,logistic_cumulative_scale + cnn_1d_image_scale + cnn_1d_attention_image_scale + cnn_1d_cumulative_scale,0.004005456349206357,0.1904949866233793,0.21606851989902154,0.5555555555555556
raw,4,logistic_cumulative_scale + cnn_1d_image_scale + cnn_1d_attention_image_scale + cnn_1d_dilated_image_scale,0.00962301587301588,0.22275564001315928,0.29408251104247385,0.5763888888888888
raw,4,logistic_cumulative_scale + cnn_1d_image_scale + cnn_1d_attention_image_scale + cnn_1d_multiscale_image_scale,0.0014508928571428529,0.23821971611011747,0.3358362889390827,0.5763888888888888
raw,4,logistic_cumulative_scale + cnn_1d_image_scale + cnn_1d_attention_image_scale + cnn_2d_residual_images,-0.0005952380952380931,0.132968823359373,0.08026746874779156,0.5486111111111112
raw,4,logistic_cumulative_scale + cnn_1d_image_scale + cnn_1d_attention_image_scale + cnn_2d_residual_small,0.004947916666666669,0.15945189630969686,0.14264299295962046,0.5486111111111112
raw,4,logistic_cumulative_scale + cnn_1d_image_scale + cnn_1d_attention_image_scale + lstm_image_scale,0.009784226190476194,0.22867917536567567,0.31420487553606136,0.5763888888888888
raw,4,logistic_cumulative_scale + cnn_1d_image_scale + cnn_1d_attention_image_scale + lstm_cumulative_scale,0.0020957341269841243,0.17836220200950154,0.18674334581441165,0.5555555555555556
raw,4,logistic_cumulative_scale + cnn_1d_image_scale + cnn_1d_attention_image_scale + cnnlstm_image_scale,0.008147321428571419,0.15546322948951152,0.1331940202901829,0.5694444444444444
raw,4,logistic_cumulative_scale + cnn_1d_image_scale + cnn_1d_attention_image_scale + cnnlstm_cumulative_scale,0.002529761904761902,0.21531058942199108,0.2787435692395983,0.5902777777777778
raw,4,logistic_cumulative_scale + cnn_1d_image_scale + cnn_1d_cumulative_scale + cnn_1d_dilated_image_scale,0.0034350198412698447,0.19386398865856302,0.22523762563759075,0.5416666666666666
raw,4,logistic_cumulative_scale + cnn_1d_image_scale + cnn_1d_cumulative_scale + cnn_1d_multiscale_image_scale,-0.004613095238095245,0.019281378596871922,-0.14206057465806765,0.5555555555555556
raw,4,logistic_cumulative_scale + cnn_1d_image_scale + cnn_1d_cumulative_scale + cnn_2d_residual_images,-0.0017733134920634886,0.02360835277962417,-0.144164959701233,0.5416666666666666
raw,4,logistic_cumulative_scale + cnn_1d_image_scale + cnn_1d_cumulative_scale + cnn_2d_residual_small,-0.004799107142857145,0.021211993674178725,-0.137501834697204,0.5416666666666666
raw,4,logistic_cumulative_scale + cnn_1d_image_scale + cnn_1d_cumulative_scale + lstm_image_scale,0.004501488095238101,0.03064822920174553,-0.13077352154073085,0.5555555555555556
raw,4,logistic_cumulative_scale + cnn_1d_image_scale + cnn_1d_cumulative_scale + lstm_cumulative_scale,0.0008432539682539788,0.08067999767608827,-0.033760933148685224,0.5486111111111112
raw,4,logistic_cumulative_scale + cnn_1d_image_scale + cnn_1d_cumulative_scale + cnnlstm_image_scale,0.0010664682539682532,0.07388464882014935,-0.04214167670418456,0.5416666666666666
raw,4,logistic_cumulative_scale + cnn_1d_image_scale + cnn_1d_cumulative_scale + cnnlstm_cumulative_scale,-0.0021825396825396796,0.042375628898716246,-0.1054712262961095,0.5555555555555556
raw,4,logistic_cumulative_scale + cnn_1d_image_scale + cnn_1d_dilated_image_scale + cnn_1d_multiscale_image_scale,0.0026413690476190443,0.13260925347297053,0.08252093190662824,0.5555555555555556
raw,4,logistic_cumulative_scale + cnn_1d_image_scale + cnn_1d_dilated_image_scale + cnn_2d_residual_images,0.002529761904761902,0.09563499335716501,-0.0007447578964874246,0.5416666666666666
raw,4,logistic_cumulative_scale + cnn_1d_image_scale + cnn_1d_dilated_image_scale + cnn_2d_residual_small,0.005295138888888884,0.09953506188259507,0.013340602187347894,0.5347222222222222
raw,4,logistic_cumulative_scale + cnn_1d_image_scale + cnn_1d_dilated_image_scale + lstm_image_scale,0.0015004960317460336,0.15011506670836455,0.12002916885460024,0.5347222222222222
raw,4,logistic_cumulative_scale + cnn_1d_image_scale + cnn_1d_dilated_image_scale + lstm_cumulative_scale,0.0006944444444444346,0.23098018979948667,0.32837013697251405,0.5625
raw,4,logistic_cumulative_scale + cnn_1d_image_scale + cnn_1d_dilated_image_scale + cnnlstm_image_scale,0.0028769841269841194,0.12569608044106956,0.06569015747857576,0.5416666666666666
raw,4,logistic_cumulative_scale + cnn_1d_image_scale + cnn_1d_dilated_image_scale + cnnlstm_cumulative_scale,-0.0032862103174603127,0.20635439741710646,0.25796732419085044,0.5902777777777778
raw,4,logistic_cumulative_scale + cnn_1d_image_scale + cnn_1d_multiscale_image_scale + cnn_2d_residual_images,-0.010639880952380956,-0.007576219769637826,-0.19300772324938098,0.5347222222222222
raw,4,logistic_cumulative_scale + cnn_1d_image_scale + cnn_1d_multiscale_image_scale + cnn_2d_residual_small,-0.005939980158730165,-0.013207395577309551,-0.19423198412728315,0.5347222222222222
raw,4,logistic_cumulative_scale + cnn_1d_image_scale + cnn_1d_multiscale_image_scale + lstm_image_scale,-0.004737103174603183,0.06764084896860645,-0.05366648897947146,0.5416666666666666
raw,4,logistic_cumulative_scale + cnn_1d_image_scale + cnn_1d_multiscale_image_scale + lstm_cumulative_scale,-0.006436011904761902,0.07852347461965915,-0.031113158589162637,0.5486111111111112
raw,4,logistic_cumulative_scale + cnn_1d_image_scale + cnn_1d_multiscale_image_scale + cnnlstm_image_scale,-0.0020585317460317465,0.11810291025639133,0.04929835009818073,0.5625
raw,4,logistic_cumulative_scale + cnn_1d_image_scale + cnn_1d_multiscale_image_scale + cnnlstm_cumulative_scale,-0.00962301587301587,0.03320067923823333,-0.11889573466333636,0.5555555555555556
raw,4,logistic_cumulative_scale + cnn_1d_image_scale + cnn_2d_residual_images + cnn_2d_residual_small,0.0044022817460317495,0.009263601640902263,-0.16124110049232254,0.5486111111111112
raw,4,logistic_cumulative_scale + cnn_1d_image_scale + cnn_2d_residual_images + lstm_image_scale,-0.0012896825396825475,-0.0023883118212841077,-0.19128356495792775,0.5625
raw,4,logistic_cumulative_scale + cnn_1d_image_scale + cnn_2d_residual_images + lstm_cumulative_scale,-0.004935515873015871,0.012813397386884896,-0.1691823354744566,0.5486111111111112
raw,4,logistic_cumulative_scale + cnn_1d_image_scale + cnn_2d_residual_images + cnnlstm_image_scale,0.001438492063492057,0.035102376669231765,-0.11987647937730772,0.5486111111111112
raw,4,logistic_cumulative_scale + cnn_1d_image_scale + cnn_2d_residual_images + cnnlstm_cumulative_scale,-0.007874503968253965,-0.00613353880595691,-0.19270744849002885,0.5486111111111112
raw,4,logistic_cumulative_scale + cnn_1d_image_scale + cnn_2d_residual_small + lstm_image_scale,-0.001475694444444447,0.004601370615937204,-0.17209088604857548,0.5555555555555556
raw,4,logistic_cumulative_scale + cnn_1d_image_scale + cnn_2d_residual_small + lstm_cumulative_scale,-0.005195932539682538,-0.03240677141961628,-0.22863347603309014,0.5208333333333334
raw,4,logistic_cumulative_scale + cnn_1d_image_scale + cnn_2d_residual_small + cnnlstm_image_scale,0.0014260912698412763,-0.01959229450897432,-0.20113551648422767,0.5277777777777778
raw,4,logistic_cumulative_scale + cnn_1d_image_scale + cnn_2d_residual_small + cnnlstm_cumulative_scale,-0.0071676587301587385,0.013598677471967196,-0.15219230812648743,0.5555555555555556
raw,4,logistic_cumulative_scale + cnn_1d_image_scale + lstm_image_scale + lstm_cumulative_scale,-0.0010292658730158809,0.08338313735088508,-0.029063365035843614,0.5555555555555556
raw,4,logistic_cumulative_scale + cnn_1d_image_scale + lstm_image_scale + cnnlstm_image_scale,0.0034226190476190415,0.07582365638233252,-0.039851850635763575,0.5694444444444444
raw,4,logistic_cumulative_scale + cnn_1d_image_scale + lstm_image_scale + cnnlstm_cumulative_scale,-0.001810515873015876,0.08510141246313313,-0.023332498031850668,0.5625
raw,4,logistic_cumulative_scale + cnn_1d_image_scale + lstm_cumulative_scale + cnnlstm_image_scale,-0.00390625,0.027389696655011005,-0.12919790479336835,0.5486111111111112
raw,4,logistic_cumulative_scale + cnn_1d_image_scale + lstm_cumulative_scale + cnnlstm_cumulative_scale,-0.007192460317460315,0.06259256904997815,-0.06510822847313547,0.5555555555555556
raw,4,logistic_cumulative_scale + cnn_1d_image_scale + cnnlstm_image_scale + cnnlstm_cumulative_scale,-0.005183531746031747,0.011361621523897747,-0.15884711729802392,0.5555555555555556
raw,4,logistic_cumulative_scale + cnn_2d_rendered_images + cnn_1d_attention_image_scale + cnn_1d_cumulative_scale,0.0011408730158730155,0.20895568491807565,0.2619168876534579,0.5555555555555556
raw,4,logistic_cumulative_scale + cnn_2d_rendered_images + cnn_1d_attention_image_scale + cnn_1d_dilated_image_scale,0.0025545634920634934,0.22789938506104804,0.3087764828597628,0.5625
raw,4,logistic_cumulative_scale + cnn_2d_rendered_images + cnn_1d_attention_image_scale + cnn_1d_multiscale_image_scale,-0.0023313492063492093,0.20607913618715357,0.2545352278073221,0.5694444444444444
raw,4,logistic_cumulative_scale + cnn_2d_rendered_images + cnn_1d_attention_image_scale + cnn_2d_residual_images,0.0016121031746031732,0.1183374274178421,0.04974939140622703,0.5486111111111112
raw,4,logistic_cumulative_scale + cnn_2d_rendered_images + cnn_1d_attention_image_scale + cnn_2d_residual_small,0.003100198412698411,0.10147290990668702,0.016798473882572384,0.5277777777777778
raw,4,logistic_cumulative_scale + cnn_2d_rendered_images + cnn_1d_attention_image_scale + lstm_image_scale,0.004191468253968253,0.15860074568615926,0.14051575167350983,0.5555555555555556
raw,4,logistic_cumulative_scale + cnn_2d_rendered_images + cnn_1d_attention_image_scale + lstm_cumulative_scale,-0.00037202380952381373,0.15744665558877516,0.138093111163762,0.5555555555555556
raw,4,logistic_cumulative_scale + cnn_2d_rendered_images + cnn_1d_attention_image_scale + cnnlstm_image_scale,0.001934523809523804,0.1258165271520893,0.06675132355044644,0.5555555555555556
raw,4,logistic_cumulative_scale + cnn_2d_rendered_images + cnn_1d_attention_image_scale + cnnlstm_cumulative_scale,-0.0018353174603174625,0.1590481438811497,0.14133934017382987,0.5555555555555556
raw,4,logistic_cumulative_scale + cnn_2d_rendered_images + cnn_1d_cumulative_scale + cnn_1d_dilated_image_scale,-0.009052579365079375,0.11029276980681753,0.03452254979604885,0.5347222222222222
raw,4,logistic_cumulative_scale + cnn_2d_rendered_images + cnn_1d_cumulative_scale + cnn_1d_multiscale_image_scale,-0.021217757936507934,0.14409728696870758,0.10749819802774363,0.5555555555555556
raw,4,logistic_cumulative_scale + cnn_2d_rendered_images + cnn_1d_cumulative_scale + cnn_2d_residual_images,-0.007440476190476187,0.09955646739004452,0.0050437888787886465,0.5347222222222222
raw,4,logistic_cumulative_scale + cnn_2d_rendered_images + cnn_1d_cumulative_scale + cnn_2d_residual_small,6.200396825396896e-05,0.1468516744567386,0.11519892151026223,0.5555555555555556
raw,4,logistic_cumulative_scale + cnn_2d_rendered_images + cnn_1d_cumulative_scale + lstm_image_scale,-0.00710565476190476,0.0899228397939855,-0.013907283898393796,0.5486111111111112
raw,4,logistic_cumulative_scale + cnn_2d_rendered_images + cnn_1d_cumulative_scale + lstm_cumulative_scale,-0.013107638888888894,0.1279576311665341,0.06691445516783667,0.5416666666666666
raw,4,logistic_cumulative_scale + cnn_2d_rendered_images + cnn_1d_cumulative_scale + cnnlstm_image_scale,-0.009709821428571427,0.09481295379403387,-0.0001255955567025513,0.5138888888888888
raw,4,logistic_cumulative_scale + cnn_2d_rendered_images + cnn_1d_cumulative_scale + cnnlstm_cumulative_scale,-0.011135912698412702,0.14348453189966667,0.1025820688527499,0.5625
raw,4,logistic_cumulative_scale + cnn_2d_rendered_images + cnn_1d_dilated_image_scale + cnn_1d_multiscale_image_scale,-0.011210317460317466,0.18456171242391572,0.20168201746785508,0.5555555555555556
raw,4,logistic_cumulative_scale + cnn_2d_rendered_images + cnn_1d_dilated_image_scale + cnn_2d_residual_images,-0.004402281746031747,0.07660978246433647,-0.036602528688685965,0.5347222222222222
raw,4,logistic_cumulative_scale + cnn_2d_rendered_images + cnn_1d_dilated_image_scale + cnn_2d_residual_small,0.0008432539682539641,0.08124195735122466,-0.0214930749133605,0.5416666666666666
raw,4,logistic_cumulative_scale + cnn_2d_rendered_images + cnn_1d_dilated_image_scale + lstm_image_scale,-0.010404265873015881,0.18152720530504182,0.19471137754509482,0.5347222222222222
raw,4,logistic_cumulative_scale + cnn_2d_rendered_images + cnn_1d_dilated_image_scale + lstm_cumulative_scale,-0.014000496031746036,0.17882223573256045,0.18757869850817754,0.5277777777777778
raw,4,logistic_cumulative_scale + cnn_2d_rendered_images + cnn_1d_dilated_image_scale + cnnlstm_image_scale,-0.009002976190476191,0.09050456209424998,-0.006472229520547157,0.5416666666666666
raw,4,logistic_cumulative_scale + cnn_2d_rendered_images + cnn_1d_dilated_image_scale + cnnlstm_cumulative_scale,-0.015265376984126989,0.13544730630472157,0.08738649055726988,0.5277777777777778
raw,4,logistic_cumulative_scale + cnn_2d_rendered_images + cnn_1d_multiscale_image_scale + cnn_2d_residual_images,-0.01037946428571428,0.06848507229061614,-0.05969472055622871,0.5555555555555556
raw,4,logistic_cumulative_scale + cnn_2d_rendered_images + cnn_1d_multiscale_image_scale + cnn_2d_residual_small,-0.009337797619047622,0.014731575193878167,-0.14956986176824016,0.5347222222222222
raw,4,logistic_cumulative_scale + cnn_2d_rendered_images + cnn_1d_multiscale_image_scale + lstm_image_scale,-0.017695932539682543,0.1620088913126382,0.14689765487556783,0.5486111111111112
raw,4,logistic_cumulative_scale + cnn_2d_rendered_images + cnn_1d_multiscale_image_scale + lstm_cumulative_scale,-0.020920138888888898,0.15862576004861953,0.1396171326995581,0.5555555555555556
raw,4,logistic_cumulative_scale + cnn_2d_rendered_images + cnn_1d_multiscale_image_scale + cnnlstm_image_scale,-0.015029761904761907,0.07488033388773115,-0.04101126741642902,0.5486111111111112
raw,4,logistic_cumulative_scale + cnn_2d_rendered_images + cnn_1d_multiscale_image_scale + cnnlstm_cumulative_scale,-0.020002480158730164,0.10347029083633513,0.019756931545885426,0.5555555555555556
raw,4,logistic_cumulative_scale + cnn_2d_rendered_images + cnn_2d_residual_images + cnn_2d_residual_small,0.00634920634920635,0.07067894356005515,-0.050954663329639716,0.5763888888888888
raw,4,logistic_cumulative_scale + cnn_2d_rendered_images + cnn_2d_residual_images + lstm_image_scale,-0.003435019841269846,-0.0047120431236117736,-0.19485779167626383,0.5486111111111112
raw,4,logistic_cumulative_scale + cnn_2d_rendered_images + cnn_2d_residual_images + lstm_cumulative_scale,-0.006324404761904759,0.08028581985435873,-0.03838584608771978,0.5416666666666666
raw,4,logistic_cumulative_scale + cnn_2d_rendered_images + cnn_2d_residual_images + cnnlstm_image_scale,-0.003658234126984129,0.09469958384736167,-0.006879279724038012,0.5763888888888888
raw,4,logistic_cumulative_scale + cnn_2d_rendered_images + cnn_2d_residual_images + cnnlstm_cumulative_scale,-0.006510416666666667,0.0409920002680929,-0.11094146467862986,0.5486111111111112
raw,4,logistic_cumulative_scale + cnn_2d_rendered_images + cnn_2d_residual_small + lstm_image_scale,-0.0011656746031746047,0.10237830655653385,0.01317533808250304,0.5486111111111112
raw,4,logistic_cumulative_scale + cnn_2d_rendered_images + cnn_2d_residual_small + lstm_cumulative_scale,6.200396825397389e-05,0.07849234998672493,-0.0343742832307008,0.5347222222222222
raw,4,logistic_cumulative_scale + cnn_2d_rendered_images + cnn_2d_residual_small + cnnlstm_image_scale,0.004737103174603173,0.1269382274189515,0.06667437761823636,0.5486111111111112
raw,4,logistic_cumulative_scale + cnn_2d_rendered_images + cnn_2d_residual_small + cnnlstm_cumulative_scale,-0.0019345238095238187,0.1503944784630293,0.1209047763285811,0.5694444444444444
raw,4,logistic_cumulative_scale + cnn_2d_rendered_images + lstm_image_scale + lstm_cumulative_scale,-0.009437003968253964,0.15184003649136485,0.12120328314226869,0.5555555555555556
raw,4,logistic_cumulative_scale + cnn_2d_rendered_images + lstm_image_scale + cnnlstm_image_scale,-0.0036210317460317466,0.14949728456156014,0.11695786004488529,0.5694444444444444
raw,4,logistic_cumulative_scale + cnn_2d_rendered_images + lstm_image_scale + cnnlstm_cumulative_scale,-0.006225198412698416,0.19838151357389466,0.23780489943705097,0.5694444444444444
raw,4,logistic_cumulative_scale + cnn_2d_rendered_images + lstm_cumulative_scale + cnnlstm_image_scale,-0.011135912698412706,0.10650878830523217,0.022111665795800484,0.5416666666666666
raw,4,logistic_cumulative_scale + cnn_2d_rendered_images + lstm_cumulative_scale + cnnlstm_cumulative_scale,-0.013963293650793657,0.1705442121568991,0.16785797668550528,0.5555555555555556
raw,4,logistic_cumulative_scale + cnn_2d_rendered_images + cnnlstm_image_scale + cnnlstm_cumulative_scale,-0.01258680555555555,0.13791618276837114,0.0919007993339187,0.5625
raw,4,logistic_cumulative_scale + cnn_1d_attention_image_scale + cnn_1d_cumulative_scale + cnn_1d_dilated_image_scale,0.0053199404761904755,0.2513872374590762,0.37486051678512644,0.5486111111111112
raw,4,logistic_cumulative_scale + cnn_1d_attention_image_scale + cnn_1d_cumulative_scale + cnn_1d_multiscale_image_scale,0.00026041666666666666,0.16742018619378096,0.16048288840448244,0.5416666666666666
raw,4,logistic_cumulative_scale + cnn_1d_attention_image_scale + cnn_1d_cumulative_scale + cnn_2d_residual_images,0.008345734126984134,0.20244820335219074,0.24709811890559763,0.5625
raw,4,logistic_cumulative_scale + cnn_1d_attention_image_scale + cnn_1d_cumulative_scale + cnn_2d_residual_small,0.005357142857142858,0.1677285822841987,0.1619252952189092,0.5347222222222222
raw,4,logistic_cumulative_scale + cnn_1d_attention_image_scale + cnn_1d_cumulative_scale + lstm_image_scale,0.015364583333333329,0.23565962649843897,0.334146228381202,0.5833333333333334
raw,4,logistic_cumulative_scale + cnn_1d_attention_image_scale + cnn_1d_cumulative_scale + lstm_cumulative_scale,-0.0009424603174603252,0.22100511614324705,0.2942924549991228,0.5486111111111112
raw,4,logistic_cumulative_scale + cnn_1d_attention_image_scale + cnn_1d_cumulative_scale + cnnlstm_image_scale,0.005828373015873013,0.19007593914811977,0.21621700609178185,0.5625
raw,4,logistic_cumulative_scale + cnn_1d_attention_image_scale + cnn_1d_cumulative_scale + cnnlstm_cumulative_scale,-0.0010912698412698398,0.1652758931118814,0.15537287044560477,0.5555555555555556
raw,4,logistic_cumulative_scale + cnn_1d_attention_image_scale + cnn_1d_dilated_image_scale + cnn_1d_multiscale_image_scale,0.008444940476190483,0.27317438030385666,0.42896674121306955,0.6041666666666666
raw,4,logistic_cumulative_scale + cnn_1d_attention_image_scale + cnn_1d_dilated_image_scale + cnn_2d_residual_images,0.0076512896825396874,0.15842909166550886,0.13856776859520514,0.5555555555555556
raw,4,logistic_cumulative_scale + cnn_1d_attention_image_scale + cnn_1d_dilated_image_scale + cnn_2d_residual_small,0.010416666666666664,0.21479735808896885,0.27494099484440704,0.5625
raw,4,logistic_cumulative_scale + cnn_1d_attention_image_scale + cnn_1d_dilated_image_scale + lstm_image_scale,0.009895833333333333,0.2167382688193706,0.2823475473043493,0.5694444444444444
raw,4,logistic_cumulative_scale + cnn_1d_attention_image_scale + cnn_1d_dilated_image_scale + lstm_cumulative_scale,0.004402281746031742,0.27995975441420995,0.45127412624612817,0.5763888888888888
raw,4,logistic_cumulative_scale + cnn_1d_attention_image_scale + cnn_1d_dilated_image_scale + cnnlstm_image_scale,0.007204861111111116,0.20048315443705778,0.24109988427686013,0.5555555555555556
raw,4,logistic_cumulative_scale + cnn_1d_attention_image_scale + cnn_1d_dilated_image_scale + cnnlstm_cumulative_scale,0.0037946428571428627,0.29783049934106837,0.512570679635356,0.5833333333333334
raw,4,logistic_cumulative_scale + cnn_1d_attention_image_scale + cnn_1d_multiscale_image_scale + cnn_2d_residual_images,0.0027405753968254005,0.14658425628425456,0.11103704145038984,0.5555555555555556
raw,4,logistic_cumulative_scale + cnn_1d_attention_image_scale + cnn_1d_multiscale_image_scale + cnn_2d_residual_small,0.0023561507936507957,0.17331187290736869,0.17472317128817605,0.5486111111111112
raw,4,logistic_cumulative_scale + cnn_1d_attention_image_scale + cnn_1d_multiscale_image_scale + lstm_image_scale,0.00406746031746032,0.25910855081097,0.3989904828932478,0.5763888888888888
raw,4,logistic_cumulative_scale + cnn_1d_attention_image_scale + cnn_1d_multiscale_image_scale + lstm_cumulative_scale,-0.001078869047619049,0.1796111712984224,0.18892860547488022,0.5486111111111112
raw,4,logistic_cumulative_scale + cnn_1d_attention_image_scale + cnn_1d_multiscale_image_scale + cnnlstm_image_scale,0.0031622023809523875,0.15003522524644963,0.1210039108890717,0.5763888888888888
raw,4,logistic_cumulative_scale + cnn_1d_attention_image_scale + cnn_1d_multiscale_image_scale + cnnlstm_cumulative_scale,-0.005195932539682543,0.15868354368785595,0.14028383090177843,0.5555555555555556
raw,4,logistic_cumulative_scale + cnn_1d_attention_image_scale + cnn_2d_residual_images + cnn_2d_residual_small,0.013566468253968258,0.07548710377187273,-0.03609422094450743,0.5416666666666666
raw,4,logistic_cumulative_scale + cnn_1d_attention_image_scale + cnn_2d_residual_images + lstm_image_scale,0.010602678571428567,0.10069283921975082,0.0072965706141978615,0.5625
raw,4,logistic_cumulative_scale + cnn_1d_attention_image_scale + cnn_2d_residual_images + lstm_cumulative_scale,0.0042162698412698445,0.05343118122348945,-0.08788707974001397,0.5416666666666666
raw,4,logistic_cumulative_scale + cnn_1d_attention_image_scale + cnn_2d_residual_images + cnnlstm_image_scale,0.009523809523809526,0.15463852765538452,0.12816143312718187,0.5694444444444444
raw,4,logistic_cumulative_scale + cnn_1d_attention_image_scale + cnn_2d_residual_images + cnnlstm_cumulative_scale,0.0025173611111111087,0.09564621147241346,-0.0018376809361208002,0.5486111111111112
raw,4,logistic_cumulative_scale + cnn_1d_attention_image_scale + cnn_2d_residual_small + lstm_image_scale,0.013541666666666667,0.18784969906844612,0.21016472018036692,0.5416666666666666
raw,4,logistic_cumulative_scale + cnn_1d_attention_image_scale + cnn_2d_residual_small + lstm_cumulative_scale,0.004389880952380951,0.15842570459917832,0.14123274632504446,0.5416666666666666
raw,4,logistic_cumulative_scale + cnn_1d_attention_image_scale + cnn_2d_residual_small + cnnlstm_image_scale,0.011631944444444446,0.15618450724059166,0.13550601138810725,0.5347222222222222
raw,4,logistic_cumulative_scale + cnn_1d_attention_image_scale + cnn_2d_residual_small + cnnlstm_cumulative_scale,0.004885912698412703,0.13553106365986295,0.09001765743412449,0.5416666666666666
raw,4,logistic_cumulative_scale + cnn_1d_attention_image_scale + lstm_image_scale + lstm_cumulative_scale,0.010069444444444445,0.19340692277315355,0.22460153018233608,0.5555555555555556
raw,4,logistic_cumulative_scale + cnn_1d_attention_image_scale + lstm_image_scale + cnnlstm_image_scale,0.013330853174603178,0.21179590439312987,0.2718044977370093,0.5763888888888888
raw,4,logistic_cumulative_scale + cnn_1d_attention_image_scale + lstm_image_scale + cnnlstm_cumulative_scale,0.01082589285714286,0.2522936141705308,0.3809782515156632,0.5763888888888888
raw,4,logistic_cumulative_scale + cnn_1d_attention_image_scale + lstm_cumulative_scale + cnnlstm_image_scale,0.006634424603174605,0.2085096089080462,0.2629720066499375,0.5625
raw,4,logistic_cumulative_scale + cnn_1d_attention_image_scale + lstm_cumulative_scale + cnnlstm_cumulative_scale,-0.004935515873015871,0.23985300790535194,0.34259009428450327,0.5694444444444444
raw,4,logistic_cumulative_scale + cnn_1d_attention_image_scale + cnnlstm_image_scale + cnnlstm_cumulative_scale,0.003497023809523804,0.19347958935701617,0.22452531842980883,0.5625
raw,4,logistic_cumulative_scale + cnn_1d_cumulative_scale + cnn_1d_dilated_image_scale + cnn_1d_multiscale_image_scale,0.0006076388888888889,0.133631979605798,0.08456658228884506,0.5486111111111112
raw,4,logistic_cumulative_scale + cnn_1d_cumulative_scale + cnn_1d_dilated_image_scale + cnn_2d_residual_images,0.0026661706349206307,0.14876602995147434,0.11472525377222298,0.5416666666666666
raw,4,logistic_cumulative_scale + cnn_1d_cumulative_scale + cnn_1d_dilated_image_scale + cnn_2d_residual_small,0.00768849206349206,0.14222463722883746,0.10406130053931917,0.5416666666666666
raw,4,logistic_cumulative_scale + cnn_1d_cumulative_scale + cnn_1d_dilated_image_scale + lstm_image_scale,1.24007936508007e-05,0.15128217774923383,0.12149403557233929,0.5555555555555556
raw,4,logistic_cumulative_scale + cnn_1d_cumulative_scale + cnn_1d_dilated_image_scale + lstm_cumulative_scale,-0.006597222222222222,0.15885688503489304,0.1407293082511627,0.5208333333333334
raw,4,logistic_cumulative_scale + cnn_1d_cumulative_scale + cnn_1d_dilated_image_scale + cnnlstm_image_scale,-0.001922123015873023,0.18111812174056988,0.19381251090265605,0.5416666666666666
raw,4,logistic_cumulative_scale + cnn_1d_cumulative_scale + cnn_1d_dilated_image_scale + cnnlstm_cumulative_scale,-0.011706349206349205,0.244949420243115,0.36132991510292034,0.5625
raw,4,logistic_cumulative_scale + cnn_1d_cumulative_scale + cnn_1d_multiscale_image_scale + cnn_2d_residual_images,-0.011842757936507943,0.08547732832182085,-0.024167732353070903,0.5416666666666666
raw,4,logistic_cumulative_scale + cnn_1d_cumulative_scale + cnn_1d_multiscale_image_scale + cnn_2d_residual_small,-0.005468749999999995,-0.0003293992344860494,-0.17067356916387721,0.5416666666666666
raw,4,logistic_cumulative_scale + cnn_1d_cumulative_scale + cnn_1d_multiscale_image_scale + lstm_image_scale,-0.0042286706349206355,0.13529801968240568,0.08624038108057963,0.5486111111111112
raw,4,logistic_cumulative_scale + cnn_1d_cumulative_scale + cnn_1d_multiscale_image_scale + lstm_cumulative_scale,-0.014409722222222218,0.19186592099765257,0.2243709160585936,0.5416666666666666
raw,4,logistic_cumulative_scale + cnn_1d_cumulative_scale + cnn_1d_multiscale_image_scale + cnnlstm_image_scale,-0.0074776785714285735,0.06902565777190214,-0.0475333999023706,0.5416666666666666
raw,4,logistic_cumulative_scale + cnn_1d_cumulative_scale + cnn_1d_multiscale_image_scale + cnnlstm_cumulative_scale,-0.01312003968253969,0.04929091317482369,-0.0922345308201854,0.5416666666666666
raw,4,logistic_cumulative_scale + cnn_1d_cumulative_scale + cnn_2d_residual_images + cnn_2d_residual_small,0.011594742063492064,0.12889141171516325,0.07362953498564728,0.5486111111111112
raw,4,logistic_cumulative_scale + cnn_1d_cumulative_scale + cnn_2d_residual_images + lstm_image_scale,0.009623015873015879,0.1425627066084775,0.09769665268223582,0.5625
raw,4,logistic_cumulative_scale + cnn_1d_cumulative_scale + cnn_2d_residual_images + lstm_cumulative_scale,-0.007874503968253972,0.08723184128905792,-0.032359612605279975,0.5555555555555556
raw,4,logistic_cumulative_scale + cnn_1d_cumulative_scale + cnn_2d_residual_images + cnnlstm_image_scale,0.0017113095238095245,0.04062933610390287,-0.11810442172041447,0.5416666666666666
raw,4,logistic_cumulative_scale + cnn_1d_cumulative_scale + cnn_2d_residual_images + cnnlstm_cumulative_scale,-0.005828373015873013,0.03200428177332244,-0.13302372984144262,0.5625
raw,4,logistic_cumulative_scale + cnn_1d_cumulative_scale + cnn_2d_residual_small + lstm_image_scale,0.012425595238095237,0.13908088985480704,0.09404466535921818,0.5555555555555556
raw,4,logistic_cumulative_scale + cnn_1d_cumulative_scale + cnn_2d_residual_small + lstm_cumulative_scale,0.0010416666666666716,0.08800866955870888,-0.014161905223460725,0.5347222222222222
raw,4,logistic_cumulative_scale + cnn_1d_cumulative_scale + cnn_2d_residual_small + cnnlstm_image_scale,0.006175595238095233,0.10846045683186656,0.029879239032405858,0.5625
raw,4,logistic_cumulative_scale + cnn_1d_cumulative_scale + cnn_2d_residual_small + cnnlstm_cumulative_scale,-0.0012772817460317467,0.15637264065009546,0.13243483466974326,0.5555555555555556
raw,4,logistic_cumulative_scale + cnn_1d_cumulative_scale + lstm_image_scale + lstm_cumulative_scale,0.005840773809523814,0.14554446756671197,0.10817595840947236,0.5486111111111112
raw,4,logistic_cumulative_scale + cnn_1d_cumulative_scale + lstm_image_scale + cnnlstm_image_scale,0.009685019841269842,0.11610979358260884,0.042075611332079044,0.5486111111111112
raw,4,logistic_cumulative_scale + cnn_1d_cumulative_scale + lstm_image_scale + cnnlstm_cumulative_scale,0.004179067460317467,0.18199884638118052,0.19566316666417904,0.5555555555555556
raw,4,logistic_cumulative_scale + cnn_1d_cumulative_scale + lstm_cumulative_scale + cnnlstm_image_scale,-0.0012276785714285636,0.16611569637502868,0.15835775532667729,0.5416666666666666
raw,4,logistic_cumulative_scale + cnn_1d_cumulative_scale + lstm_cumulative_scale + cnnlstm_cumulative_scale,-0.008358134920634929,0.14786599498827077,0.11180518395322991,0.5555555555555556
raw,4,logistic_cumulative_scale + cnn_1d_cumulative_scale + cnnlstm_image_scale + cnnlstm_cumulative_scale,-0.0035838293650793667,0.16897881716109822,0.16313093089580888,0.5555555555555556
raw,4,logistic_cumulative_scale + cnn_1d_dilated_image_scale + cnn_1d_multiscale_image_scale + cnn_2d_residual_images,0.0018229166666666717,0.06396412802618241,-0.06430015462546279,0.5277777777777778
raw,4,logistic_cumulative_scale + cnn_1d_dilated_image_scale + cnn_1d_multiscale_image_scale + cnn_2d_residual_small,0.004947916666666672,0.15256698623968545,0.1269876588462049,0.5625
raw,4,logistic_cumulative_scale + cnn_1d_dilated_image_scale + cnn_1d_multiscale_image_scale + lstm_image_scale,-0.0011904761904761962,0.12312067190987476,0.0606893471111245,0.5555555555555556
raw,4,logistic_cumulative_scale + cnn_1d_dilated_image_scale + cnn_1d_multiscale_image_scale + lstm_cumulative_scale,-0.0030753968253968266,0.17364865219971837,0.17501797089149185,0.5555555555555556
raw,4,logistic_cumulative_scale + cnn_1d_dilated_image_scale + cnn_1d_multiscale_image_scale + cnnlstm_image_scale,-0.0001612103174603252,0.12727883914583485,0.07042391447592644,0.5625
raw,4,logistic_cumulative_scale + cnn_1d_dilated_image_scale + cnn_1d_multiscale_image_scale + cnnlstm_cumulative_scale,-0.006659226190476191,0.1997170506584236,0.23970491200693855,0.5833333333333334
raw,4,logistic_cumulative_scale + cnn_1d_dilated_image_scale + cnn_2d_residual_images + cnn_2d_residual_small,0.013752480158730165,0.07145565752957733,-0.04301251127285566,0.5277777777777778
raw,4,logistic_cumulative_scale + cnn_1d_dilated_image_scale + cnn_2d_residual_images + lstm_image_scale,0.005927579365079367,0.09967605237935512,0.0031882139560153178,0.5416666666666666
raw,4,logistic_cumulative_scale + cnn_1d_dilated_image_scale + cnn_2d_residual_images + lstm_cumulative_scale,-0.0019469246031746045,0.1099404164715433,0.02740760846720791,0.5277777777777778
raw,4,logistic_cumulative_scale + cnn_1d_dilated_image_scale + cnn_2d_residual_images + cnnlstm_image_scale,0.0020957341269841243,0.02850437113455833,-0.12946420747161502,0.5208333333333334
raw,4,logistic_cumulative_scale + cnn_1d_dilated_image_scale + cnn_2d_residual_images + cnnlstm_cumulative_scale,-0.0028273809523809484,0.16075744289715654,0.14401060535033272,0.5486111111111112
raw,4,logistic_cumulative_scale + cnn_1d_dilated_image_scale + cnn_2d_residual_small + lstm_image_scale,0.006609623015873018,0.08557101148879549,-0.018127186756070945,0.5347222222222222
raw,4,logistic_cumulative_scale + cnn_1d_dilated_image_scale + cnn_2d_residual_small + lstm_cumulative_scale,0.003608630952380951,0.11280750006474799,0.0417532342812692,0.5416666666666666
raw,4,logistic_cumulative_scale + cnn_1d_dilated_image_scale + cnn_2d_residual_small + cnnlstm_image_scale,0.00765128968253968,0.06457735943469584,-0.05522905372625164,0.5347222222222222
raw,4,logistic_cumulative_scale + cnn_1d_dilated_image_scale + cnn_2d_residual_small + cnnlstm_cumulative_scale,-0.0017113095238095245,0.10267823631432466,0.019295507698998682,0.5416666666666666
raw,4,logistic_cumulative_scale + cnn_1d_dilated_image_scale + lstm_image_scale + lstm_cumulative_scale,-0.0028397817460317516,0.18466878083742,0.20207018853473047,0.5555555555555556
raw,4,logistic_cumulative_scale + cnn_1d_dilated_image_scale + lstm_image_scale + cnnlstm_image_scale,-0.001736111111111111,0.1270461968556114,0.06627397519267442,0.5416666666666666
raw,4,logistic_cumulative_scale + cnn_1d_dilated_image_scale + lstm_image_scale + cnnlstm_cumulative_scale,-0.0028645833333333383,0.2626998636146241,0.415074906913935,0.5902777777777778
raw,4,logistic_cumulative_scale + cnn_1d_dilated_image_scale + lstm_cumulative_scale + cnnlstm_image_scale,-0.0034474206349206457,0.13646617767057623,0.08989910383710575,0.5416666666666666
raw,4,logistic_cumulative_scale + cnn_1d_dilated_image_scale + lstm_cumulative_scale + cnnlstm_cumulative_scale,-0.012289186507936506,0.2558727592399554,0.39434093723906405,0.5694444444444444
raw,4,logistic_cumulative_scale + cnn_1d_dilated_image_scale + cnnlstm_image_scale + cnnlstm_cumulative_scale,-0.007626488095238103,0.2070973546179362,0.2604636744304012,0.5763888888888888
raw,4,logistic_cumulative_scale + cnn_1d_multiscale_image_scale + cnn_2d_residual_images + cnn_2d_residual_small,0.0035714285714285735,0.01470163145507601,-0.15083896131563035,0.5486111111111112
raw,4,logistic_cumulative_scale + cnn_1d_multiscale_image_scale + cnn_2d_residual_images + lstm_image_scale,-0.008085317460317468,0.05333513869458648,-0.0885176351481386,0.5486111111111112
raw,4,logistic_cumulative_scale + cnn_1d_multiscale_image_scale + cnn_2d_residual_images + lstm_cumulative_scale,-0.009908234126984125,0.10571101715429114,0.01800679405134864,0.5416666666666666
raw,4,logistic_cumulative_scale + cnn_1d_multiscale_image_scale + cnn_2d_residual_images + cnnlstm_image_scale,-0.007142857142857144,0.02297104080767327,-0.14266460770708578,0.5347222222222222
raw,4,logistic_cumulative_scale + cnn_1d_multiscale_image_scale + cnn_2d_residual_images + cnnlstm_cumulative_scale,-0.015761408730158737,0.02145694022185149,-0.14511254333235535,0.5416666666666666
raw,4,logistic_cumulative_scale + cnn_1d_multiscale_image_scale + cnn_2d_residual_small + lstm_image_scale,-0.0013392857142857206,0.08271628125364962,-0.023534197123237566,0.5486111111111112
raw,4,logistic_cumulative_scale + cnn_1d_multiscale_image_scale + cnn_2d_residual_small + lstm_cumulative_scale,-0.005518353174603178,0.05465386973338826,-0.07681772737634895,0.5347222222222222
raw,4,logistic_cumulative_scale + cnn_1d_multiscale_image_scale + cnn_2d_residual_small + cnnlstm_image_scale,0.0012276785714285686,0.030901070522414077,-0.12206319584499359,0.5416666666666666
raw,4,logistic_cumulative_scale + cnn_1d_multiscale_image_scale + cnn_2d_residual_small + cnnlstm_cumulative_scale,-0.010057043650793648,0.05127395697546944,-0.0786335636946568,0.5416666666666666
raw,4,logistic_cumulative_scale + cnn_1d_multiscale_image_scale + lstm_image_scale + lstm_cumulative_scale,-0.008965773809523804,0.14713909270170397,0.11174292530168328,0.5555555555555556
raw,4,logistic_cumulative_scale + cnn_1d_multiscale_image_scale + lstm_image_scale + cnnlstm_image_scale,-0.004588293650793654,0.06358332948660653,-0.06719542229918551,0.5486111111111112
raw,4,logistic_cumulative_scale + cnn_1d_multiscale_image_scale + lstm_image_scale + cnnlstm_cumulative_scale,-0.010168650793650796,0.13366341290768138,0.0807710830888917,0.5486111111111112
raw,4,logistic_cumulative_scale + cnn_1d_multiscale_image_scale + lstm_cumulative_scale + cnnlstm_image_scale,-0.006547619047619049,0.12300217977315175,0.05865424903885419,0.5416666666666666
raw,4,logistic_cumulative_scale + cnn_1d_multiscale_image_scale + lstm_cumulative_scale + cnnlstm_cumulative_scale,-0.019456845238095242,0.11986882693440132,0.051388615882886235,0.5416666666666666
raw,4,logistic_cumulative_scale + cnn_1d_multiscale_image_scale + cnnlstm_image_scale + cnnlstm_cumulative_scale,-0.00946180555555557,0.0520072108549689,-0.08421933150439709,0.5416666666666666
raw,4,logistic_cumulative_scale + cnn_2d_residual_images + cnn_2d_residual_small + lstm_image_scale,0.012214781746031751,0.13646036770056008,0.08750618287452072,0.5833333333333334
raw,4,logistic_cumulative_scale + cnn_2d_residual_images + cnn_2d_residual_small + lstm_cumulative_scale,0.012053571428571441,0.045683028857403676,-0.09777938088266569,0.5625
raw,4,logistic_cumulative_scale + cnn_2d_residual_images + cnn_2d_residual_small + cnnlstm_image_scale,0.015277777777777786,0.06640603388947247,-0.05894391710716429,0.5625
raw,4,logistic_cumulative_scale + cnn_2d_residual_images + cnn_2d_residual_small + cnnlstm_cumulative_scale,0.008196924603174597,0.11519612921309852,0.04347767772510802,0.5694444444444444
raw,4,logistic_cumulative_scale + cnn_2d_residual_images + lstm_image_scale + lstm_cumulative_scale,0.0031622023809523875,0.08865510667887462,-0.02271980376401972,0.5625
raw,4,logistic_cumulative_scale + cnn_2d_residual_images + lstm_image_scale + cnnlstm_image_scale,0.008940972222222222,0.06516680938490145,-0.069265780099518,0.5694444444444444
raw,4,logistic_cumulative_scale + cnn_2d_residual_images + lstm_image_scale + cnnlstm_cumulative_scale,0.003249007936507938,0.10052633878034933,0.0048598597929354614,0.5763888888888888
raw,4,logistic_cumulative_scale + cnn_2d_residual_images + lstm_cumulative_scale + cnnlstm_image_scale,0.0024801587301587313,0.03867224517954377,-0.12427466879897942,0.5555555555555556
raw,4,logistic_cumulative_scale + cnn_2d_residual_images + lstm_cumulative_scale + cnnlstm_cumulative_scale,-0.010131448412698406,0.07003837815092655,-0.057039987665955194,0.5555555555555556
raw,4,logistic_cumulative_scale + cnn_2d_residual_images + cnnlstm_image_scale + cnnlstm_cumulative_scale,-0.0009672619047619069,0.013664960944096376,-0.1684011842975981,0.5555555555555556
raw,4,logistic_cumulative_scale + cnn_2d_residual_small + lstm_image_scale + lstm_cumulative_scale,0.0091641865079365,0.1482426915721402,0.11458604933966332,0.5555555555555556
raw,4,logistic_cumulative_scale + cnn_2d_residual_small + lstm_image_scale + cnnlstm_image_scale,0.012028769841269842,0.13802549632498365,0.09132319311400305,0.5694444444444444
raw,4,logistic_cumulative_scale + cnn_2d_residual_small + lstm_image_scale + cnnlstm_cumulative_scale,0.008816964285714287,0.18703398511363992,0.20891060248402016,0.5625
raw,4,logistic_cumulative_scale + cnn_2d_residual_small + lstm_cumulative_scale + cnnlstm_image_scale,0.006448412698412702,0.09468669128538462,-0.0008805103150503202,0.5486111111111112
raw,4,logistic_cumulative_scale + cnn_2d_residual_small + lstm_cumulative_scale + cnnlstm_cumulative_scale,-0.0030381944444444493,0.2155894398104237,0.2823456528199657,0.5416666666666666
raw,4,logistic_cumulative_scale + cnn_2d_residual_small + cnnlstm_image_scale + cnnlstm_cumulative_scale,0.0037450396825396796,0.17158241237290023,0.17088237069721623,0.5625
raw,4,logistic_cumulative_scale + lstm_image_scale + lstm_cumulative_scale + cnnlstm_image_scale,0.004241071428571432,0.12064993234727546,0.04962230709213333,0.5625
raw,4,logistic_cumulative_scale + lstm_image_scale + lstm_cumulative_scale + cnnlstm_cumulative_scale,-0.004154265873015871,0.15744900076364496,0.13429868831291736,0.5555555555555556
raw,4,logistic_cumulative_scale + lstm_image_scale + cnnlstm_image_scale + cnnlstm_cumulative_scale,0.002294146825396822,0.10641317790803359,0.01857863566108131,0.5625
raw,4,logistic_cumulative_scale + lstm_cumulative_scale + cnnlstm_image_scale + cnnlstm_cumulative_scale,-0.005989583333333334,0.09687369622332068,-0.001019029178093489,0.5486111111111112
raw,4,cnn_1d_image_scale + cnn_2d_rendered_images + cnn_1d_attention_image_scale + cnn_1d_cumulative_scale,0.026475694444444444,0.2765310922910483,0.4135684961181052,0.5763888888888888
raw,4,cnn_1d_image_scale + cnn_2d_rendered_images + cnn_1d_attention_image_scale + cnn_1d_dilated_image_scale,0.023623511904761908,0.3630223406142227,0.6738555637196948,0.5833333333333334
raw,4,cnn_1d_image_scale + cnn_2d_rendered_images + cnn_1d_attention_image_scale + cnn_1d_multiscale_image_scale,0.027901785714285726,0.24924977909155438,0.34478689927552564,0.5833333333333334
raw,4,cnn_1d_image_scale + cnn_2d_rendered_images + cnn_1d_attention_image_scale + cnn_2d_residual_images,0.03503224206349207,0.289008254143919,0.44531805966173255,0.5694444444444444
raw,4,cnn_1d_image_scale + cnn_2d_rendered_images + cnn_1d_attention_image_scale + cnn_2d_residual_small,0.02344990079365079,0.27383451523572927,0.4132940104415588,0.5833333333333334
raw,4,cnn_1d_image_scale + cnn_2d_rendered_images + cnn_1d_attention_image_scale + lstm_image_scale,0.027269345238095245,0.27880249062405027,0.4203844191118047,0.5763888888888888
raw,4,cnn_1d_image_scale + cnn_2d_rendered_images + cnn_1d_attention_image_scale + lstm_cumulative_scale,0.021267361111111115,0.3045231362205563,0.48183904678736633,0.5694444444444444
raw,4,cnn_1d_image_scale + cnn_2d_rendered_images + cnn_1d_attention_image_scale + cnnlstm_image_scale,0.0275545634920635,0.2342074371525799,0.3064309885132859,0.5833333333333334
raw,4,cnn_1d_image_scale + cnn_2d_rendered_images + cnn_1d_attention_image_scale + cnnlstm_cumulative_scale,0.019109623015873014,0.36394087556181043,0.6806379730427017,0.5694444444444444
raw,4,cnn_1d_image_scale + cnn_2d_rendered_images + cnn_1d_cumulative_scale + cnn_1d_dilated_image_scale,0.029439484126984133,0.25870163950462716,0.376392788642947,0.5555555555555556
raw,4,cnn_1d_image_scale + cnn_2d_rendered_images + cnn_1d_cumulative_scale + cnn_1d_multiscale_image_scale,0.027070932539682544,0.19635227216754825,0.2100419619222369,0.5416666666666666
raw,4,cnn_1d_image_scale + cnn_2d_rendered_images + cnn_1d_cumulative_scale + cnn_2d_residual_images,0.03054315476190477,0.18078628739818892,0.17539717976197955,0.5625
raw,4,cnn_1d_image_scale + cnn_2d_rendered_images + cnn_1d_cumulative_scale + cnn_2d_residual_small,0.02847222222222223,0.23278228077377242,0.30218227094473793,0.5833333333333334
raw,4,cnn_1d_image_scale + cnn_2d_rendered_images + cnn_1d_cumulative_scale + lstm_image_scale,0.033544146825396824,0.22450107338904893,0.2790366461535534,0.5972222222222222
raw,4,cnn_1d_image_scale + cnn_2d_rendered_images + cnn_1d_cumulative_scale + lstm_cumulative_scale,0.025421626984126987,0.29813438747788856,0.4945003732779041,0.5833333333333334
raw,4,cnn_1d_image_scale + cnn_2d_rendered_images + cnn_1d_cumulative_scale + cnnlstm_image_scale,0.03402777777777779,0.18654676450118404,0.1949684974925272,0.5902777777777778
raw,4,cnn_1d_image_scale + cnn_2d_rendered_images + cnn_1d_cumulative_scale + cnnlstm_cumulative_scale,0.01840277777777777,0.3511562252121128,0.6315377145072392,0.5833333333333334
raw,4,cnn_1d_image_scale + cnn_2d_rendered_images + cnn_1d_dilated_image_scale + cnn_1d_multiscale_image_scale,0.02764136904761905,0.29850371555945376,0.4791214230111649,0.5694444444444444
raw,4,cnn_1d_image_scale + cnn_2d_rendered_images + cnn_1d_dilated_image_scale + cnn_2d_residual_images,0.03371775793650795,0.22738800954432956,0.29199591381082923,0.5625
raw,4,cnn_1d_image_scale + cnn_2d_rendered_images + cnn_1d_dilated_image_scale + cnn_2d_residual_small,0.019246031746031757,0.23291243725269561,0.309044506624075,0.5555555555555556
raw,4,cnn_1d_image_scale + cnn_2d_rendered_images + cnn_1d_dilated_image_scale + lstm_image_scale,0.030332341269841266,0.34185712595954304,0.6173998404200047,0.5763888888888888
raw,4,cnn_1d_image_scale + cnn_2d_rendered_images + cnn_1d_dilated_image_scale + lstm_cumulative_scale,0.023511904761904765,0.3382365524059634,0.6009720025881229,0.6041666666666666
raw,4,cnn_1d_image_scale + cnn_2d_rendered_images + cnn_1d_dilated_image_scale + cnnlstm_image_scale,0.027083333333333338,0.23181290199736013,0.3057455347384024,0.5833333333333334
raw,4,cnn_1d_image_scale + cnn_2d_rendered_images + cnn_1d_dilated_image_scale + cnnlstm_cumulative_scale,0.017522321428571432,0.3274245812463767,0.5714831725704401,0.5694444444444444
raw,4,cnn_1d_image_scale + cnn_2d_rendered_images + cnn_1d_multiscale_image_scale + cnn_2d_residual_images,0.03415178571428572,0.19346128947506885,0.20820668600766323,0.5555555555555556
raw,4,cnn_1d_image_scale + cnn_2d_rendered_images + cnn_1d_multiscale_image_scale + cnn_2d_residual_small,0.024739583333333332,0.2958834108586748,0.4695883542924657,0.5833333333333334
raw,4,cnn_1d_image_scale + cnn_2d_rendered_images + cnn_1d_multiscale_image_scale + lstm_image_scale,0.028633432539682542,0.23893125997144365,0.3146474587127359,0.5833333333333334
raw,4,cnn_1d_image_scale + cnn_2d_rendered_images + cnn_1d_multiscale_image_scale + lstm_cumulative_scale,0.022693452380952387,0.23656303577817414,0.3079699490999437,0.5694444444444444
raw,4,cnn_1d_image_scale + cnn_2d_rendered_images + cnn_1d_multiscale_image_scale + cnnlstm_image_scale,0.027393353174603178,0.12640575486228012,0.06451123980319773,0.5694444444444444
raw,4,cnn_1d_image_scale + cnn_2d_rendered_images + cnn_1d_multiscale_image_scale + cnnlstm_cumulative_scale,0.01824156746031746,0.322619049596251,0.546849735019509,0.5763888888888888
raw,4,cnn_1d_image_scale + cnn_2d_rendered_images + cnn_2d_residual_images + cnn_2d_residual_small,0.035491071428571434,0.20699891748606866,0.24277110819201186,0.5763888888888888
raw,4,cnn_1d_image_scale + cnn_2d_rendered_images + cnn_2d_residual_images + lstm_image_scale,0.03586309523809524,0.16008198215270242,0.13473898458375522,0.5625
raw,4,cnn_1d_image_scale + cnn_2d_rendered_images + cnn_2d_residual_images + lstm_cumulative_scale,0.027752976190476192,0.24604414167563637,0.3454133239670545,0.5694444444444444
raw,4,cnn_1d_image_scale + cnn_2d_rendered_images + cnn_2d_residual_images + cnnlstm_image_scale,0.032874503968253976,0.1471460297904375,0.10664773888242718,0.5694444444444444
raw,4,cnn_1d_image_scale + cnn_2d_rendered_images + cnn_2d_residual_images + cnnlstm_cumulative_scale,0.020845734126984133,0.2563538968775586,0.3648557386894622,0.5763888888888888
raw,4,cnn_1d_image_scale + cnn_2d_rendered_images + cnn_2d_residual_small + lstm_image_scale,0.026302083333333334,0.23058985287088143,0.29986746102451134,0.5902777777777778
raw,4,cnn_1d_image_scale + cnn_2d_rendered_images + cnn_2d_residual_small + lstm_cumulative_scale,0.02373511904761905,0.18035357533356175,0.1807601462891475,0.5763888888888888
raw,4,cnn_1d_image_scale + cnn_2d_rendered_images + cnn_2d_residual_small + cnnlstm_image_scale,0.030443948412698423,0.261972396197547,0.37986520068935836,0.5763888888888888
raw,4,cnn_1d_image_scale + cnn_2d_rendered_images + cnn_2d_residual_small + cnnlstm_cumulative_scale,0.017447916666666678,0.24168036291823036,0.3330099404142739,0.5694444444444444
raw,4,cnn_1d_image_scale + cnn_2d_rendered_images + lstm_image_scale + lstm_cumulative_scale,0.02983630952380953,0.23289001756242822,0.30138487763141564,0.5972222222222222
raw,4,cnn_1d_image_scale + cnn_2d_rendered_images + lstm_image_scale + cnnlstm_image_scale,0.022470238095238092,0.09530067896580909,0.000522448821236976,0.5694444444444444
raw,4,cnn_1d_image_scale + cnn_2d_rendered_images + lstm_image_scale + cnnlstm_cumulative_scale,0.024417162698412702,0.2591088928366957,0.37625613614559916,0.5694444444444444
raw,4,cnn_1d_image_scale + cnn_2d_rendered_images + lstm_cumulative_scale + cnnlstm_image_scale,0.024975198412698418,0.15285403879925424,0.11930335559177307,0.5763888888888888
raw,4,cnn_1d_image_scale + cnn_2d_rendered_images + lstm_cumulative_scale + cnnlstm_cumulative_scale,0.015835813492063498,0.32559446443445395,0.5540810958556297,0.5902777777777778
raw,4,cnn_1d_image_scale + cnn_2d_rendered_images + cnnlstm_image_scale + cnnlstm_cumulative_scale,0.021552579365079365,0.22582112077406444,0.2905323677282885,0.5763888888888888
raw,4,cnn_1d_image_scale + cnn_1d_attention_image_scale + cnn_1d_cumulative_scale + cnn_1d_dilated_image_scale,0.02998511904761905,0.32282429855083855,0.5540912165466043,0.5486111111111112
raw,4,cnn_1d_image_scale + cnn_1d_attention_image_scale + cnn_1d_cumulative_scale + cnn_1d_multiscale_image_scale,0.02501240079365079,0.26256006547462996,0.38299652368187287,0.5763888888888888
raw,4,cnn_1d_image_scale + cnn_1d_attention_image_scale + cnn_1d_cumulative_scale + cnn_2d_residual_images,0.03561507936507938,0.24197062997757468,0.3249189724159476,0.5763888888888888
raw,4,cnn_1d_image_scale + cnn_1d_attention_image_scale + cnn_1d_cumulative_scale + cnn_2d_residual_small,0.028348214285714286,0.25438004727948155,0.3620543650701993,0.5694444444444444
raw,4,cnn_1d_image_scale + cnn_1d_attention_image_scale + cnn_1d_cumulative_scale + lstm_image_scale,0.02978670634920634,0.29792424382019406,0.48477911161552756,0.5833333333333334
raw,4,cnn_1d_image_scale + cnn_1d_attention_image_scale + cnn_1d_cumulative_scale + lstm_cumulative_scale,0.01925843253968254,0.2754037288589516,0.42184202289585726,0.5833333333333334
raw,4,cnn_1d_image_scale + cnn_1d_attention_image_scale + cnn_1d_cumulative_scale + cnnlstm_image_scale,0.026624503968253974,0.1735365014230612,0.15951439811218426,0.5555555555555556
raw,4,cnn_1d_image_scale + cnn_1d_attention_image_scale + cnn_1d_cumulative_scale + cnnlstm_cumulative_scale,0.020709325396825407,0.35379239360445774,0.6568084764838453,0.6041666666666666
raw,4,cnn_1d_image_scale + cnn_1d_attention_image_scale + cnn_1d_dilated_image_scale + cnn_1d_multiscale_image_scale,0.026140873015873017,0.45268051314098595,1.0147675606149598,0.5833333333333334
raw,4,cnn_1d_image_scale + cnn_1d_attention_image_scale + cnn_1d_dilated_image_scale + cnn_2d_residual_images,0.03859126984126985,0.29828148179558067,0.4784846089220851,0.5625
raw,4,cnn_1d_image_scale + cnn_1d_attention_image_scale + cnn_1d_dilated_image_scale + cnn_2d_residual_small,0.02984871031746032,0.27402499016305576,0.4215124091583491,0.5486111111111112
raw,4,cnn_1d_image_scale + cnn_1d_attention_image_scale + cnn_1d_dilated_image_scale + lstm_image_scale,0.03748759920634921,0.32300805334785415,0.5533654468028189,0.5625
raw,4,cnn_1d_image_scale + cnn_1d_attention_image_scale + cnn_1d_dilated_image_scale + lstm_cumulative_scale,0.02411954365079366,0.3982466537684712,0.8007971658453743,0.5902777777777778
raw,4,cnn_1d_image_scale + cnn_1d_attention_image_scale + cnn_1d_dilated_image_scale + cnnlstm_image_scale,0.030059523809523814,0.26186574174488364,0.3889974920255381,0.5694444444444444
raw,4,cnn_1d_image_scale + cnn_1d_attention_image_scale + cnn_1d_dilated_image_scale + cnnlstm_cumulative_scale,0.023325892857142864,0.4098696823462352,0.8527206141817476,0.5833333333333334
raw,4,cnn_1d_image_scale + cnn_1d_attention_image_scale + cnn_1d_multiscale_image_scale + cnn_2d_residual_images,0.035553075396825395,0.3102830231901876,0.51396119195613,0.5763888888888888
raw,4,cnn_1d_image_scale + cnn_1d_attention_image_scale + cnn_1d_multiscale_image_scale + cnn_2d_residual_small,0.030047123015873017,0.32181165525782895,0.5503598694113803,0.5972222222222222
raw,4,cnn_1d_image_scale + cnn_1d_attention_image_scale + cnn_1d_multiscale_image_scale + lstm_image_scale,0.03695436507936508,0.3047508186372054,0.5012987255242423,0.5833333333333334
raw,4,cnn_1d_image_scale + cnn_1d_attention_image_scale + cnn_1d_multiscale_image_scale + lstm_cumulative_scale,0.030208333333333334,0.33728869408413265,0.5940845142939597,0.6041666666666666
raw,4,cnn_1d_image_scale + cnn_1d_attention_image_scale + cnn_1d_multiscale_image_scale + cnnlstm_image_scale,0.02880704365079365,0.247627167932259,0.34362544511936544,0.5833333333333334
raw,4,cnn_1d_image_scale + cnn_1d_attention_image_scale + cnn_1d_multiscale_image_scale + cnnlstm_cumulative_scale,0.024813988095238097,0.370779527453223,0.7188515839962073,0.5902777777777778
raw,4,cnn_1d_image_scale + cnn_1d_attention_image_scale + cnn_2d_residual_images + cnn_2d_residual_small,0.04125744047619049,0.35923031215673695,0.6497115636916859,0.5694444444444444
raw,4,cnn_1d_image_scale + cnn_1d_attention_image_scale + cnn_2d_residual_images + lstm_image_scale,0.0330233134920635,0.24583677417050115,0.33517133370565566,0.5833333333333334
raw,4,cnn_1d_image_scale + cnn_1d_attention_image_scale + cnn_2d_residual_images + lstm_cumulative_scale,0.03265128968253969,0.3649161123597724,0.6483385772911205,0.5833333333333334
raw,4,cnn_1d_image_scale + cnn_1d_attention_image_scale + cnn_2d_residual_images + cnnlstm_image_scale,0.03664434523809524,0.2063553718159503,0.24049656066848568,0.5625
raw,4,cnn_1d_image_scale + cnn_1d_attention_image_scale + cnn_2d_residual_images + cnnlstm_cumulative_scale,0.029327876984126987,0.23742195370585203,0.31798754239341864,0.5763888888888888
raw,4,cnn_1d_image_scale + cnn_1d_attention_image_scale + cnn_2d_residual_small + lstm_image_scale,0.02842261904761905,0.3142972964942296,0.5191005860427038,0.5972222222222222
raw,4,cnn_1d_image_scale + cnn_1d_attention_image_scale + cnn_2d_residual_small + lstm_cumulative_scale,0.02782738095238096,0.22656445091954722,0.29380796574015333,0.5763888888888888
raw,4,cnn_1d_image_scale + cnn_1d_attention_image_scale + cnn_2d_residual_small + cnnlstm_image_scale,0.031200396825396826,0.17538745411376758,0.16912283574014397,0.5763888888888888
raw,4,cnn_1d_image_scale + cnn_1d_attention_image_scale + cnn_2d_residual_small + cnnlstm_cumulative_scale,0.025124007936507948,0.2626902504146198,0.39202563603033935,0.5694444444444444
raw,4,cnn_1d_image_scale + cnn_1d_attention_image_scale + lstm_image_scale + lstm_cumulative_scale,0.028931051587301592,0.3380702236539372,0.5816164024168509,0.5972222222222222
raw,4,cnn_1d_image_scale + cnn_1d_attention_image_scale + lstm_image_scale + cnnlstm_image_scale,0.03096478174603175,0.1966588584847482,0.21856827892124087,0.5763888888888888
raw,4,cnn_1d_image_scale + cnn_1d_attention_image_scale + lstm_image_scale + cnnlstm_cumulative_scale,0.028757440476190485,0.3267404500048178,0.5767400008190127,0.5902777777777778
raw,4,cnn_1d_image_scale + cnn_1d_attention_image_scale + lstm_cumulative_scale + cnnlstm_image_scale,0.023375496031746035,0.27131271297343,0.4068355023491266,0.5902777777777778
raw,4,cnn_1d_image_scale + cnn_1d_attention_image_scale + lstm_cumulative_scale + cnnlstm_cumulative_scale,0.014422123015873027,0.3570707597337493,0.6725554544669488,0.5763888888888888
raw,4,cnn_1d_image_scale + cnn_1d_attention_image_scale + cnnlstm_image_scale + cnnlstm_cumulative_scale,0.021688988095238095,0.26768499746783586,0.40300965222618457,0.5763888888888888
raw,4,cnn_1d_image_scale + cnn_1d_cumulative_scale + cnn_1d_dilated_image_scale + cnn_1d_multiscale_image_scale,0.023883928571428573,0.2543692466839915,0.3667917647101562,0.5486111111111112
raw,4,cnn_1d_image_scale + cnn_1d_cumulative_scale + cnn_1d_dilated_image_scale + cnn_2d_residual_images,0.04077380952380953,0.23337774061783234,0.312624923168789,0.5555555555555556
raw,4,cnn_1d_image_scale + cnn_1d_cumulative_scale + cnn_1d_dilated_image_scale + cnn_2d_residual_small,0.03392857142857143,0.24681982068914646,0.3505844099812421,0.5347222222222222
raw,4,cnn_1d_image_scale + cnn_1d_cumulative_scale + cnn_1d_dilated_image_scale + lstm_image_scale,0.03513144841269842,0.2980287469014998,0.49210482035897707,0.5555555555555556
raw,4,cnn_1d_image_scale + cnn_1d_cumulative_scale + cnn_1d_dilated_image_scale + lstm_cumulative_scale,0.025582837301587308,0.2566518160247807,0.3764269599381518,0.5555555555555556
raw,4,cnn_1d_image_scale + cnn_1d_cumulative_scale + cnn_1d_dilated_image_scale + cnnlstm_image_scale,0.035677083333333345,0.21217102209537816,0.25926459393034884,0.5555555555555556
raw,4,cnn_1d_image_scale + cnn_1d_cumulative_scale + cnn_1d_dilated_image_scale + cnnlstm_cumulative_scale,0.019469246031746035,0.2935803697965563,0.47643277367257353,0.5763888888888888
raw,4,cnn_1d_image_scale + cnn_1d_cumulative_scale + cnn_1d_multiscale_image_scale + cnn_2d_residual_images,0.031001984126984128,0.20442365353425637,0.23066039636522406,0.5555555555555556
raw,4,cnn_1d_image_scale + cnn_1d_cumulative_scale + cnn_1d_multiscale_image_scale + cnn_2d_residual_small,0.03263888888888889,0.2065224654860522,0.2397962175490207,0.5486111111111112
raw,4,cnn_1d_image_scale + cnn_1d_cumulative_scale + cnn_1d_multiscale_image_scale + lstm_image_scale,0.036073908730158734,0.19812931126545147,0.21748842532927304,0.5416666666666666
raw,4,cnn_1d_image_scale + cnn_1d_cumulative_scale + cnn_1d_multiscale_image_scale + lstm_cumulative_scale,0.02526041666666667,0.17813509977284853,0.17260376486567397,0.5555555555555556
raw,4,cnn_1d_image_scale + cnn_1d_cumulative_scale + cnn_1d_multiscale_image_scale + cnnlstm_image_scale,0.03528025793650794,0.13038475551242673,0.06327047693978649,0.5277777777777778
raw,4,cnn_1d_image_scale + cnn_1d_cumulative_scale + cnn_1d_multiscale_image_scale + cnnlstm_cumulative_scale,0.017919146825396828,0.341830072237684,0.6354435016377482,0.5763888888888888
raw,4,cnn_1d_image_scale + cnn_1d_cumulative_scale + cnn_2d_residual_images + cnn_2d_residual_small,0.046478174603174605,0.24183420429615807,0.33122795237298175,0.5972222222222222
raw,4,cnn_1d_image_scale + cnn_1d_cumulative_scale + cnn_2d_residual_images + lstm_image_scale,0.04528769841269842,0.19046198538888648,0.19858842310281366,0.5833333333333334
raw,4,cnn_1d_image_scale + cnn_1d_cumulative_scale + cnn_2d_residual_images + lstm_cumulative_scale,0.03342013888888888,0.31437296785471586,0.5408328445572792,0.5972222222222222
raw,4,cnn_1d_image_scale + cnn_1d_cumulative_scale + cnn_2d_residual_images + cnnlstm_image_scale,0.04162946428571429,0.11976822439498784,0.03700600071392146,0.5555555555555556
raw,4,cnn_1d_image_scale + cnn_1d_cumulative_scale + cnn_2d_residual_images + cnnlstm_cumulative_scale,0.022333829365079366,0.27452408378909476,0.4232307827955444,0.5486111111111112
raw,4,cnn_1d_image_scale + cnn_1d_cumulative_scale + cnn_2d_residual_small + lstm_image_scale,0.039484126984126997,0.1662622487364934,0.14294480121369801,0.5972222222222222
raw,4,cnn_1d_image_scale + cnn_1d_cumulative_scale + cnn_2d_residual_small + lstm_cumulative_scale,0.025942460317460326,0.20551981270265876,0.2470792579428378,0.5833333333333334
raw,4,cnn_1d_image_scale + cnn_1d_cumulative_scale + cnn_2d_residual_small + cnnlstm_image_scale,0.043204365079365085,0.21399690651181766,0.2584507468476105,0.5972222222222222
raw,4,cnn_1d_image_scale + cnn_1d_cumulative_scale + cnn_2d_residual_small + cnnlstm_cumulative_scale,0.021664186507936507,0.2961507899013362,0.4841016072773805,0.5555555555555556
raw,4,cnn_1d_image_scale + cnn_1d_cumulative_scale + lstm_image_scale + lstm_cumulative_scale,0.0367311507936508,0.27772216726178145,0.4242739766698296,0.5972222222222222
raw,4,cnn_1d_image_scale + cnn_1d_cumulative_scale + lstm_image_scale + cnnlstm_image_scale,0.03563988095238096,0.21161475614018066,0.2526410364550489,0.5763888888888888
raw,4,cnn_1d_image_scale + cnn_1d_cumulative_scale + lstm_image_scale + cnnlstm_cumulative_scale,0.02327628968253968,0.3102291521934044,0.5270130097295054,0.5763888888888888
raw,4,cnn_1d_image_scale + cnn_1d_cumulative_scale + lstm_cumulative_scale + cnnlstm_image_scale,0.025855654761904764,0.17168818703685634,0.17074300886712734,0.5625
raw,4,cnn_1d_image_scale + cnn_1d_cumulative_scale + lstm_cumulative_scale + cnnlstm_cumulative_scale,0.00943700396825397,0.26066877955054657,0.3859821390739606,0.5763888888888888
raw,4,cnn_1d_image_scale + cnn_1d_cumulative_scale + cnnlstm_image_scale + cnnlstm_cumulative_scale,0.020944940476190485,0.2557042437045098,0.373677230014416,0.5763888888888888
raw,4,cnn_1d_image_scale + cnn_1d_dilated_image_scale + cnn_1d_multiscale_image_scale + cnn_2d_residual_images,0.02967509920634921,0.2622571370460208,0.38877946577661127,0.5625
raw,4,cnn_1d_image_scale + cnn_1d_dilated_image_scale + cnn_1d_multiscale_image_scale + cnn_2d_residual_small,0.028273809523809524,0.2646308725603254,0.3969051703068256,0.5625
raw,4,cnn_1d_image_scale + cnn_1d_dilated_image_scale + cnn_1d_multiscale_image_scale + lstm_image_scale,0.03045634920634921,0.22931809022648775,0.30441801260583157,0.5347222222222222
raw,4,cnn_1d_image_scale + cnn_1d_dilated_image_scale + cnn_1d_multiscale_image_scale + lstm_cumulative_scale,0.020076884920634926,0.25253599317962777,0.36331852867421444,0.5555555555555556
raw,4,cnn_1d_image_scale + cnn_1d_dilated_image_scale + cnn_1d_multiscale_image_scale + cnnlstm_image_scale,0.028732638888888887,0.135270223801575,0.0808517581615813,0.5347222222222222
raw,4,cnn_1d_image_scale + cnn_1d_dilated_image_scale + cnn_1d_multiscale_image_scale + cnnlstm_cumulative_scale,0.015414186507936514,0.28914355954480797,0.46177624231477976,0.5694444444444444
raw,4,cnn_1d_image_scale + cnn_1d_dilated_image_scale + cnn_2d_residual_images + cnn_2d_residual_small,0.03921130952380953,0.24001546671913995,0.329822565108403,0.5555555555555556
raw,4,cnn_1d_image_scale + cnn_1d_dilated_image_scale + cnn_2d_residual_images + lstm_image_scale,0.03980654761904763,0.21250784007580595,0.2589994867051042,0.5416666666666666
raw,4,cnn_1d_image_scale + cnn_1d_dilated_image_scale + cnn_2d_residual_images + lstm_cumulative_scale,0.03415178571428572,0.2805404106682001,0.4407519502379811,0.5694444444444444
raw,4,cnn_1d_image_scale + cnn_1d_dilated_image_scale + cnn_2d_residual_images + cnnlstm_image_scale,0.03530505952380953,0.14925887938430868,0.11095255201376242,0.5416666666666666
raw,4,cnn_1d_image_scale + cnn_1d_dilated_image_scale + cnn_2d_residual_images + cnnlstm_cumulative_scale,0.02593005952380953,0.2078693724908465,0.24767547981981775,0.5555555555555556
raw,4,cnn_1d_image_scale + cnn_1d_dilated_image_scale + cnn_2d_residual_small + lstm_image_scale,0.03402777777777779,0.24936660622981566,0.3537196283112187,0.5694444444444444
raw,4,cnn_1d_image_scale + cnn_1d_dilated_image_scale + cnn_2d_residual_small + lstm_cumulative_scale,0.029203869047619048,0.19230938436196962,0.2091828511302185,0.5416666666666666
raw,4,cnn_1d_image_scale + cnn_1d_dilated_image_scale + cnn_2d_residual_small + cnnlstm_image_scale,0.03913690476190477,0.21198286351166784,0.26167550032561326,0.5763888888888888
raw,4,cnn_1d_image_scale + cnn_1d_dilated_image_scale + cnn_2d_residual_small + cnnlstm_cumulative_scale,0.023710317460317466,0.23371553678734439,0.31727578059169903,0.5625
raw,4,cnn_1d_image_scale + cnn_1d_dilated_image_scale + lstm_image_scale + lstm_cumulative_scale,0.030183531746031753,0.2376445700539133,0.32566018871523084,0.5625
raw,4,cnn_1d_image_scale + cnn_1d_dilated_image_scale + lstm_image_scale + cnnlstm_image_scale,0.035503472222222235,0.23050373491571186,0.30718604453931597,0.5555555555555556
raw,4,cnn_1d_image_scale + cnn_1d_dilated_image_scale + lstm_image_scale + cnnlstm_cumulative_scale,0.02358630952380953,0.25763062357771954,0.37610205704175925,0.5625
raw,4,cnn_1d_image_scale + cnn_1d_dilated_image_scale + lstm_cumulative_scale + cnnlstm_image_scale,0.028038194444444456,0.13768701465084665,0.08572511750016965,0.5625
raw,4,cnn_1d_image_scale + cnn_1d_dilated_image_scale + lstm_cumulative_scale + cnnlstm_cumulative_scale,0.011768353174603178,0.28083189877356235,0.4427962903834479,0.5625
raw,4,cnn_1d_image_scale + cnn_1d_dilated_image_scale + cnnlstm_image_scale + cnnlstm_cumulative_scale,0.0234623015873016,0.18403705478328178,0.1906995800028355,0.5694444444444444
raw,4,cnn_1d_image_scale + cnn_1d_multiscale_image_scale + cnn_2d_residual_images + cnn_2d_residual_small,0.038702876984126985,0.23763813394190128,0.3204490628003067,0.5763888888888888
raw,4,cnn_1d_image_scale + cnn_1d_multiscale_image_scale + cnn_2d_residual_images + lstm_image_scale,0.037562003968253974,0.135786797401625,0.07588667831997431,0.5486111111111112
raw,4,cnn_1d_image_scale + cnn_1d_multiscale_image_scale + cnn_2d_residual_images + lstm_cumulative_scale,0.031795634920634926,0.2987071032733687,0.4756341172330687,0.5763888888888888
raw,4,cnn_1d_image_scale + cnn_1d_multiscale_image_scale + cnn_2d_residual_images + cnnlstm_image_scale,0.03391617063492064,0.14654243174812442,0.10457655386849596,0.5555555555555556
raw,4,cnn_1d_image_scale + cnn_1d_multiscale_image_scale + cnn_2d_residual_images + cnnlstm_cumulative_scale,0.02382192460317461,0.28770940083940333,0.45605341957755785,0.5625
raw,4,cnn_1d_image_scale + cnn_1d_multiscale_image_scale + cnn_2d_residual_small + lstm_image_scale,0.028794642857142862,0.17406225869745,0.16165135786800522,0.5833333333333334
raw,4,cnn_1d_image_scale + cnn_1d_multiscale_image_scale + cnn_2d_residual_small + lstm_cumulative_scale,0.026587301587301597,0.23406796049107298,0.3147688957649313,0.5694444444444444
raw,4,cnn_1d_image_scale + cnn_1d_multiscale_image_scale + cnn_2d_residual_small + cnnlstm_image_scale,0.034635416666666675,0.15483849460477817,0.12387013684304726,0.5763888888888888
raw,4,cnn_1d_image_scale + cnn_1d_multiscale_image_scale + cnn_2d_residual_small + cnnlstm_cumulative_scale,0.020114087301587306,0.3507856549428048,0.668904546888166,0.5972222222222222
raw,4,cnn_1d_image_scale + cnn_1d_multiscale_image_scale + lstm_image_scale + lstm_cumulative_scale,0.03599950396825397,0.31616496859870263,0.5236272142693048,0.5902777777777778
raw,4,cnn_1d_image_scale + cnn_1d_multiscale_image_scale + lstm_image_scale + cnnlstm_image_scale,0.03311011904761905,0.18814724984003908,0.19365226553760362,0.5694444444444444
raw,4,cnn_1d_image_scale + cnn_1d_multiscale_image_scale + lstm_image_scale + cnnlstm_cumulative_scale,0.02647569444444445,0.3261840840643386,0.5845754057063266,0.5902777777777778
raw,4,cnn_1d_image_scale + cnn_1d_multiscale_image_scale + lstm_cumulative_scale + cnnlstm_image_scale,0.030877976190476192,0.20434880284601767,0.23865401288951138,0.5694444444444444
raw,4,cnn_1d_image_scale + cnn_1d_multiscale_image_scale + lstm_cumulative_scale + cnnlstm_cumulative_scale,0.01400049603174603,0.3692526869529035,0.7001696011056113,0.5833333333333334
raw,4,cnn_1d_image_scale + cnn_1d_multiscale_image_scale + cnnlstm_image_scale + cnnlstm_cumulative_scale,0.02331349206349206,0.1324539848112863,0.07385969782444679,0.5625
raw,4,cnn_1d_image_scale + cnn_2d_residual_images + cnn_2d_residual_small + lstm_image_scale,0.04502728174603175,0.29220804107226206,0.46925635120277787,0.5972222222222222
raw,4,cnn_1d_image_scale + cnn_2d_residual_images + cnn_2d_residual_small + lstm_cumulative_scale,0.04112103174603176,0.2997148915466564,0.4897273605745669,0.5763888888888888
raw,4,cnn_1d_image_scale + cnn_2d_residual_images + cnn_2d_residual_small + cnnlstm_image_scale,0.04778025793650795,0.2082280287030144,0.2517630181922057,0.5763888888888888
raw,4,cnn_1d_image_scale + cnn_2d_residual_images + cnn_2d_residual_small + cnnlstm_cumulative_scale,0.03394097222222222,0.2997070665291071,0.50221269116003,0.5763888888888888
raw,4,cnn_1d_image_scale + cnn_2d_residual_images + lstm_image_scale + lstm_cumulative_scale,0.037599206349206354,0.19089163343143875,0.21116950664507028,0.5763888888888888
raw,4,cnn_1d_image_scale + cnn_2d_residual_images + lstm_image_scale + cnnlstm_image_scale,0.035404265873015886,0.15287681314987603,0.11109490773012176,0.5625
raw,4,cnn_1d_image_scale + cnn_2d_residual_images + lstm_image_scale + cnnlstm_cumulative_scale,0.032874503968253976,0.3020854196255668,0.5028072414647233,0.5763888888888888
raw,4,cnn_1d_image_scale + cnn_2d_residual_images + lstm_cumulative_scale + cnnlstm_image_scale,0.0359499007936508,0.28261877553290904,0.437315466560126,0.5694444444444444
raw,4,cnn_1d_image_scale + cnn_2d_residual_images + lstm_cumulative_scale + cnnlstm_cumulative_scale,0.020870535714285716,0.39674686897560413,0.7832188320601605,0.5902777777777778
raw,4,cnn_1d_image_scale + cnn_2d_residual_images + cnnlstm_image_scale + cnnlstm_cumulative_scale,0.02976190476190476,0.17736747132411745,0.17496254542769374,0.5416666666666666
raw,4,cnn_1d_image_scale + cnn_2d_residual_small + lstm_image_scale + lstm_cumulative_scale,0.03015873015873016,0.13937259226185397,0.10083677882520892,0.5694444444444444
raw,4,cnn_1d_image_scale + cnn_2d_residual_small + lstm_image_scale + cnnlstm_image_scale,0.033854166666666664,0.1444968954246607,0.11311327368547208,0.5694444444444444
raw,4,cnn_1d_image_scale + cnn_2d_residual_small + lstm_image_scale + cnnlstm_cumulative_scale,0.02655009920634921,0.2028344980007184,0.24332852140695138,0.5694444444444444
raw,4,cnn_1d_image_scale + cnn_2d_residual_small + lstm_cumulative_scale + cnnlstm_image_scale,0.03480902777777778,0.19197512038903888,0.21412694654662356,0.5555555555555556
raw,4,cnn_1d_image_scale + cnn_2d_residual_small + lstm_cumulative_scale + cnnlstm_cumulative_scale,0.015786210317460324,0.274949818231882,0.4266062907092496,0.5694444444444444
raw,4,cnn_1d_image_scale + cnn_2d_residual_small + cnnlstm_image_scale + cnnlstm_cumulative_scale,0.0329861111111111,0.2544166718092223,0.3721337509151619,0.5625
raw,4,cnn_1d_image_scale + lstm_image_scale + lstm_cumulative_scale + cnnlstm_image_scale,0.03045634920634922,0.21876665708024728,0.27911108510399374,0.5833333333333334
raw,4,cnn_1d_image_scale + lstm_image_scale + lstm_cumulative_scale + cnnlstm_cumulative_scale,0.017795138888888895,0.38508682326235666,0.7250344613108872,0.5972222222222222
raw,4,cnn_1d_image_scale + lstm_image_scale + cnnlstm_image_scale + cnnlstm_cumulative_scale,0.03070436507936508,0.20270736340555784,0.23683621624944018,0.5555555555555556
raw,4,cnn_1d_image_scale + lstm_cumulative_scale + cnnlstm_image_scale + cnnlstm_cumulative_scale,0.011644345238095238,0.19789729070201892,0.23456500451982887,0.5486111111111112
raw,4,cnn_2d_rendered_images + cnn_1d_attention_image_scale + cnn_1d_cumulative_scale + cnn_1d_dilated_image_scale,0.023164682539682544,0.4036757943145433,0.8171181735337691,0.5763888888888888
raw,4,cnn_2d_rendered_images + cnn_1d_attention_image_scale + cnn_1d_cumulative_scale + cnn_1d_multiscale_image_scale,0.028249007936507937,0.33631647799389625,0.5899055414618335,0.5763888888888888
raw,4,cnn_2d_rendered_images + cnn_1d_attention_image_scale + cnn_1d_cumulative_scale + cnn_2d_residual_images,0.02875744047619048,0.23475338409275107,0.30311815235948925,0.5694444444444444
raw,4,cnn_2d_rendered_images + cnn_1d_attention_image_scale + cnn_1d_cumulative_scale + cnn_2d_residual_small,0.02875744047619048,0.24442757405323506,0.3360089482672053,0.5763888888888888
raw,4,cnn_2d_rendered_images + cnn_1d_attention_image_scale + cnn_1d_cumulative_scale + lstm_image_scale,0.028224206349206356,0.2338948249089608,0.304334367521383,0.5763888888888888
raw,4,cnn_2d_rendered_images + cnn_1d_attention_image_scale + cnn_1d_cumulative_scale + lstm_cumulative_scale,0.01695188492063492,0.28901358518440806,0.4508906645936235,0.5833333333333334
raw,4,cnn_2d_rendered_images + cnn_1d_attention_image_scale + cnn_1d_cumulative_scale + cnnlstm_image_scale,0.03039434523809524,0.277807831634674,0.42942359976611844,0.5694444444444444
raw,4,cnn_2d_rendered_images + cnn_1d_attention_image_scale + cnn_1d_cumulative_scale + cnnlstm_cumulative_scale,0.013938492063492068,0.29423604162248296,0.48561958794035043,0.5555555555555556
raw,4,cnn_2d_rendered_images + cnn_1d_attention_image_scale + cnn_1d_dilated_image_scale + cnn_1d_multiscale_image_scale,0.022966269841269846,0.41012356728533356,0.8471598121076325,0.6041666666666666
raw,4,cnn_2d_rendered_images + cnn_1d_attention_image_scale + cnn_1d_dilated_image_scale + cnn_2d_residual_images,0.026128472222222227,0.2760171236862722,0.41851324967872006,0.5833333333333334
raw,4,cnn_2d_rendered_images + cnn_1d_attention_image_scale + cnn_1d_dilated_image_scale + cnn_2d_residual_small,0.026041666666666668,0.22567252472889188,0.29293607732436633,0.5625
raw,4,cnn_2d_rendered_images + cnn_1d_attention_image_scale + cnn_1d_dilated_image_scale + lstm_image_scale,0.02394593253968254,0.3803110565732295,0.7296375925171985,0.5833333333333334
raw,4,cnn_2d_rendered_images + cnn_1d_attention_image_scale + cnn_1d_dilated_image_scale + lstm_cumulative_scale,0.01960565476190476,0.4492143614937875,1.0040864771682858,0.5902777777777778
raw,4,cnn_2d_rendered_images + cnn_1d_attention_image_scale + cnn_1d_dilated_image_scale + cnnlstm_image_scale,0.024590773809523812,0.30340430608382485,0.5103329453139507,0.5833333333333334
raw,4,cnn_2d_rendered_images + cnn_1d_attention_image_scale + cnn_1d_dilated_image_scale + cnnlstm_cumulative_scale,0.015687003968253975,0.3461867014660415,0.6303125471000439,0.5625
raw,4,cnn_2d_rendered_images + cnn_1d_attention_image_scale + cnn_1d_multiscale_image_scale + cnn_2d_residual_images,0.0337797619047619,0.23895315243253848,0.31741368079711263,0.5694444444444444
raw,4,cnn_2d_rendered_images + cnn_1d_attention_image_scale + cnn_1d_multiscale_image_scale + cnn_2d_residual_small,0.02456597222222223,0.19465081635909595,0.21426116955431151,0.5833333333333334
raw,4,cnn_2d_rendered_images + cnn_1d_attention_image_scale + cnn_1d_multiscale_image_scale + lstm_image_scale,0.027579365079365085,0.23170323494001677,0.30198659235470515,0.5555555555555556
raw,4,cnn_2d_rendered_images + cnn_1d_attention_image_scale + cnn_1d_multiscale_image_scale + lstm_cumulative_scale,0.021626984126984126,0.3151913412542508,0.5232090059719325,0.5763888888888888
raw,4,cnn_2d_rendered_images + cnn_1d_attention_image_scale + cnn_1d_multiscale_image_scale + cnnlstm_image_scale,0.03139880952380953,0.18988433140603164,0.20223826872363748,0.5625
raw,4,cnn_2d_rendered_images + cnn_1d_attention_image_scale + cnn_1d_multiscale_image_scale + cnnlstm_cumulative_scale,0.01809275793650794,0.3985695439584093,0.796803010696616,0.5833333333333334
raw,4,cnn_2d_rendered_images + cnn_1d_attention_image_scale + cnn_2d_residual_images + cnn_2d_residual_small,0.03309771825396826,0.26589752702301955,0.393093457057446,0.5833333333333334
raw,4,cnn_2d_rendered_images + cnn_1d_attention_image_scale + cnn_2d_residual_images + lstm_image_scale,0.03149801587301588,0.14299173458913964,0.09872753977859583,0.5694444444444444
raw,4,cnn_2d_rendered_images + cnn_1d_attention_image_scale + cnn_2d_residual_images + lstm_cumulative_scale,0.02150297619047619,0.24654836224274534,0.3302459307480292,0.5833333333333334
raw,4,cnn_2d_rendered_images + cnn_1d_attention_image_scale + cnn_2d_residual_images + cnnlstm_image_scale,0.033382936507936514,0.23427348638596743,0.30785237097223206,0.5625
raw,4,cnn_2d_rendered_images + cnn_1d_attention_image_scale + cnn_2d_residual_images + cnnlstm_cumulative_scale,0.02374751984126985,0.33593303242671413,0.586802876339769,0.5555555555555556
raw,4,cnn_2d_rendered_images + cnn_1d_attention_image_scale + cnn_2d_residual_small + lstm_image_scale,0.02410714285714286,0.23247367653307133,0.30701979518777667,0.5902777777777778
raw,4,cnn_2d_rendered_images + cnn_1d_attention_image_scale + cnn_2d_residual_small + lstm_cumulative_scale,0.022879464285714284,0.2594746720184276,0.3764703339492095,0.5833333333333334
raw,4,cnn_2d_rendered_images + cnn_1d_attention_image_scale + cnn_2d_residual_small + cnnlstm_image_scale,0.032068452380952385,0.19559533714590022,0.21728081593430826,0.5694444444444444
raw,4,cnn_2d_rendered_images + cnn_1d_attention_image_scale + cnn_2d_residual_small + cnnlstm_cumulative_scale,0.020659722222222218,0.2227909958608741,0.2855697366576997,0.5625
raw,4,cnn_2d_rendered_images + cnn_1d_attention_image_scale + lstm_image_scale + lstm_cumulative_scale,0.019084821428571434,0.24515641964822676,0.3339226784348275,0.5625
raw,4,cnn_2d_rendered_images + cnn_1d_attention_image_scale + lstm_image_scale + cnnlstm_image_scale,0.023859126984126986,0.17376387957824807,0.16486319169137875,0.5694444444444444
raw,4,cnn_2d_rendered_images + cnn_1d_attention_image_scale + lstm_image_scale + cnnlstm_cumulative_scale,0.01644345238095239,0.3508068171724602,0.6506219761502816,0.5694444444444444
raw,4,cnn_2d_rendered_images + cnn_1d_attention_image_scale + lstm_cumulative_scale + cnnlstm_image_scale,0.022606646825396832,0.3179890087149334,0.5411864655222343,0.5902777777777778
raw,4,cnn_2d_rendered_images + cnn_1d_attention_image_scale + lstm_cumulative_scale + cnnlstm_cumulative_scale,0.008655753968253969,0.31789352469884646,0.5453225763900309,0.5833333333333334
raw,4,cnn_2d_rendered_images + cnn_1d_attention_image_scale + cnnlstm_image_scale + cnnlstm_cumulative_scale,0.01965525793650794,0.31022847941870146,0.5180509752552933,0.5694444444444444
raw,4,cnn_2d_rendered_images + cnn_1d_cumulative_scale + cnn_1d_dilated_image_scale + cnn_1d_multiscale_image_scale,0.030071924603174614,0.3086395579482397,0.5165165448158797,0.5625
raw,4,cnn_2d_rendered_images + cnn_1d_cumulative_scale + cnn_1d_dilated_image_scale + cnn_2d_residual_images,0.028410218253968254,0.23436114681616954,0.31070668797771384,0.5416666666666666
raw,4,cnn_2d_rendered_images + cnn_1d_cumulative_scale + cnn_1d_dilated_image_scale + cnn_2d_residual_small,0.025719246031746038,0.26228460092012523,0.38838935133389807,0.5763888888888888
raw,4,cnn_2d_rendered_images + cnn_1d_cumulative_scale + cnn_1d_dilated_image_scale + lstm_image_scale,0.028199404761904766,0.24758806809780481,0.34564106477069867,0.5486111111111112
raw,4,cnn_2d_rendered_images + cnn_1d_cumulative_scale + cnn_1d_dilated_image_scale + lstm_cumulative_scale,0.019060019841269846,0.29382738938104663,0.47205392348195097,0.5625
raw,4,cnn_2d_rendered_images + cnn_1d_cumulative_scale + cnn_1d_dilated_image_scale + cnnlstm_image_scale,0.032142857142857154,0.1785157551009642,0.17716508409250986,0.5486111111111112
raw,4,cnn_2d_rendered_images + cnn_1d_cumulative_scale + cnn_1d_dilated_image_scale + cnnlstm_cumulative_scale,0.0117063492063492,0.27942551136918514,0.43868370994001915,0.5625
raw,4,cnn_2d_rendered_images + cnn_1d_cumulative_scale + cnn_1d_multiscale_image_scale + cnn_2d_residual_images,0.028410218253968254,0.16822849257506606,0.1472893371093147,0.5555555555555556
raw,4,cnn_2d_rendered_images + cnn_1d_cumulative_scale + cnn_1d_multiscale_image_scale + cnn_2d_residual_small,0.026736111111111117,0.3359356128363894,0.5777977511903674,0.6111111111111112
raw,4,cnn_2d_rendered_images + cnn_1d_cumulative_scale + cnn_1d_multiscale_image_scale + lstm_image_scale,0.030059523809523814,0.24164755022839304,0.32033192230316576,0.5833333333333334
raw,4,cnn_2d_rendered_images + cnn_1d_cumulative_scale + cnn_1d_multiscale_image_scale + lstm_cumulative_scale,0.024714781746031752,0.2603156251900784,0.3777619756475181,0.5833333333333334
raw,4,cnn_2d_rendered_images + cnn_1d_cumulative_scale + cnn_1d_multiscale_image_scale + cnnlstm_image_scale,0.033655753968253974,0.16135048017330694,0.13906218217852784,0.5763888888888888
raw,4,cnn_2d_rendered_images + cnn_1d_cumulative_scale + cnn_1d_multiscale_image_scale + cnnlstm_cumulative_scale,0.014174107142857146,0.2669445330201082,0.3928950123841073,0.5486111111111112
raw,4,cnn_2d_rendered_images + cnn_1d_cumulative_scale + cnn_2d_residual_images + cnn_2d_residual_small,0.031597222222222235,0.2309589820100854,0.29916607210057955,0.5694444444444444
raw,4,cnn_2d_rendered_images + cnn_1d_cumulative_scale + cnn_2d_residual_images + lstm_image_scale,0.031262400793650794,0.321359833642718,0.5484698547653077,0.5763888888888888
raw,4,cnn_2d_rendered_images + cnn_1d_cumulative_scale + cnn_2d_residual_images + lstm_cumulative_scale,0.02074652777777778,0.2528550099994142,0.3641334752805312,0.5555555555555556
raw,4,cnn_2d_rendered_images + cnn_1d_cumulative_scale + cnn_2d_residual_images + cnnlstm_image_scale,0.03334573412698413,0.23231946191187772,0.30259430138938903,0.5833333333333334
raw,4,cnn_2d_rendered_images + cnn_1d_cumulative_scale + cnn_2d_residual_images + cnnlstm_cumulative_scale,0.014223710317460317,0.21730837588915236,0.2699648903880887,0.5486111111111112
raw,4,cnn_2d_rendered_images + cnn_1d_cumulative_scale + cnn_2d_residual_small + lstm_image_scale,0.03442460317460317,0.2791545829060642,0.4258120391439848,0.5972222222222222
raw,4,cnn_2d_rendered_images + cnn_1d_cumulative_scale + cnn_2d_residual_small + lstm_cumulative_scale,0.025434027777777788,0.26791237575065663,0.3982827871193628,0.5972222222222222
raw,4,cnn_2d_rendered_images + cnn_1d_cumulative_scale + cnn_2d_residual_small + cnnlstm_image_scale,0.04047619047619048,0.2701963581977306,0.40055694079083515,0.5625
raw,4,cnn_2d_rendered_images + cnn_1d_cumulative_scale + cnn_2d_residual_small + cnnlstm_cumulative_scale,0.018787202380952384,0.282358601731562,0.4443614055055791,0.5763888888888888
raw,4,cnn_2d_rendered_images + cnn_1d_cumulative_scale + lstm_image_scale + lstm_cumulative_scale,0.016951884920634926,0.22764019047006429,0.2930681824183037,0.5833333333333334
raw,4,cnn_2d_rendered_images + cnn_1d_cumulative_scale + lstm_image_scale + cnnlstm_image_scale,0.024838789682539688,0.24238375634732542,0.3298425408450725,0.5833333333333334
raw,4,cnn_2d_rendered_images + cnn_1d_cumulative_scale + lstm_image_scale + cnnlstm_cumulative_scale,0.01753472222222222,0.30630709816801943,0.5117593586319751,0.5902777777777778
raw,4,cnn_2d_rendered_images + cnn_1d_cumulative_scale + lstm_cumulative_scale + cnnlstm_image_scale,0.02183779761904762,0.23283306518544225,0.3043780851751723,0.5763888888888888
raw,4,cnn_2d_rendered_images + cnn_1d_cumulative_scale + lstm_cumulative_scale + cnnlstm_cumulative_scale,1.2400793650798233e-05,0.31848878562394034,0.5351606413508834,0.5694444444444444
raw,4,cnn_2d_rendered_images + cnn_1d_cumulative_scale + cnnlstm_image_scale + cnnlstm_cumulative_scale,0.015811011904761904,0.30544731021790883,0.5129552285160315,0.5972222222222222
raw,4,cnn_2d_rendered_images + cnn_1d_dilated_image_scale + cnn_1d_multiscale_image_scale + cnn_2d_residual_images,0.03291170634920636,0.22675898095041247,0.2892703705106765,0.5486111111111112
raw,4,cnn_2d_rendered_images + cnn_1d_dilated_image_scale + cnn_1d_multiscale_image_scale + cnn_2d_residual_small,0.021279761904761902,0.3028767222590005,0.5008738278864997,0.5833333333333334
raw,4,cnn_2d_rendered_images + cnn_1d_dilated_image_scale + cnn_1d_multiscale_image_scale + lstm_image_scale,0.025719246031746038,0.24503082006525798,0.33396260221481655,0.5486111111111112
raw,4,cnn_2d_rendered_images + cnn_1d_dilated_image_scale + cnn_1d_multiscale_image_scale + lstm_cumulative_scale,0.022073412698412707,0.28645927938041843,0.4509650898938169,0.5833333333333334
raw,4,cnn_2d_rendered_images + cnn_1d_dilated_image_scale + cnn_1d_multiscale_image_scale + cnnlstm_image_scale,0.02766617063492064,0.15801114806602287,0.13083623876780526,0.5416666666666666
raw,4,cnn_2d_rendered_images + cnn_1d_dilated_image_scale + cnn_1d_multiscale_image_scale + cnnlstm_cumulative_scale,0.013566468253968258,0.25520665004265164,0.36970876589952106,0.5625
raw,4,cnn_2d_rendered_images + cnn_1d_dilated_image_scale + cnn_2d_residual_images + cnn_2d_residual_small,0.026785714285714295,0.28544525498277434,0.45092978673573647,0.5972222222222222
raw,4,cnn_2d_rendered_images + cnn_1d_dilated_image_scale + cnn_2d_residual_images + lstm_image_scale,0.02720734126984127,0.16003854609599116,0.1344289185892471,0.5625
raw,4,cnn_2d_rendered_images + cnn_1d_dilated_image_scale + cnn_2d_residual_images + lstm_cumulative_scale,0.023276289682539683,0.2559853155127281,0.36449259227996467,0.5694444444444444
raw,4,cnn_2d_rendered_images + cnn_1d_dilated_image_scale + cnn_2d_residual_images + cnnlstm_image_scale,0.03178323412698414,0.2058298601347057,0.2390867140818378,0.5625
raw,4,cnn_2d_rendered_images + cnn_1d_dilated_image_scale + cnn_2d_residual_images + cnnlstm_cumulative_scale,0.0175843253968254,0.18993390464259688,0.20361276000603912,0.5486111111111112
raw,4,cnn_2d_rendered_images + cnn_1d_dilated_image_scale + cnn_2d_residual_small + lstm_image_scale,0.02471478174603175,0.25358097070913593,0.36147645099518266,0.5972222222222222
raw,4,cnn_2d_rendered_images + cnn_1d_dilated_image_scale + cnn_2d_residual_small + lstm_cumulative_scale,0.015835813492063498,0.2375305396028508,0.31888668901838924,0.5763888888888888
raw,4,cnn_2d_rendered_images + cnn_1d_dilated_image_scale + cnn_2d_residual_small + cnnlstm_image_scale,0.031312003968253975,0.28090008973278763,0.43801269899657025,0.5972222222222222
raw,4,cnn_2d_rendered_images + cnn_1d_dilated_image_scale + cnn_2d_residual_small + cnnlstm_cumulative_scale,0.013392857142857147,0.19968019780728438,0.2295213768835902,0.5555555555555556
raw,4,cnn_2d_rendered_images + cnn_1d_dilated_image_scale + lstm_image_scale + lstm_cumulative_scale,0.02320188492063493,0.2686572766007065,0.3961224772897858,0.5625
raw,4,cnn_2d_rendered_images + cnn_1d_dilated_image_scale + lstm_image_scale + cnnlstm_image_scale,0.02573164682539683,0.2017199998751179,0.23034687804333154,0.5763888888888888
raw,4,cnn_2d_rendered_images + cnn_1d_dilated_image_scale + lstm_image_scale + cnnlstm_cumulative_scale,0.015649801587301594,0.3082368802642383,0.5203050917874794,0.5694444444444444
raw,4,cnn_2d_rendered_images + cnn_1d_dilated_image_scale + lstm_cumulative_scale + cnnlstm_image_scale,0.026463293650793657,0.22074886035869337,0.27961144258752624,0.5555555555555556
raw,4,cnn_2d_rendered_images + cnn_1d_dilated_image_scale + lstm_cumulative_scale + cnnlstm_cumulative_scale,0.006460813492063491,0.22368692786071573,0.28620574043445135,0.5555555555555556
raw,4,cnn_2d_rendered_images + cnn_1d_dilated_image_scale + cnnlstm_image_scale + cnnlstm_cumulative_scale,0.018303571428571433,0.21865084573317822,0.2712347313732315,0.5555555555555556
raw,4,cnn_2d_rendered_images + cnn_1d_multiscale_image_scale + cnn_2d_residual_images + cnn_2d_residual_small,0.025892857142857148,0.17961707329850088,0.17867045735908604,0.5625
raw,4,cnn_2d_rendered_images + cnn_1d_multiscale_image_scale + cnn_2d_residual_images + lstm_image_scale,0.029588293650793653,0.22942850236109685,0.2926107342365649,0.5763888888888888
raw,4,cnn_2d_rendered_images + cnn_1d_multiscale_image_scale + cnn_2d_residual_images + lstm_cumulative_scale,0.023164682539682544,0.15823396696208594,0.13071670864032914,0.5555555555555556
raw,4,cnn_2d_rendered_images + cnn_1d_multiscale_image_scale + cnn_2d_residual_images + cnnlstm_image_scale,0.029898313492063497,0.15034368605510381,0.11342914667980741,0.5555555555555556
raw,4,cnn_2d_rendered_images + cnn_1d_multiscale_image_scale + cnn_2d_residual_images + cnnlstm_cumulative_scale,0.021961805555555554,0.23679516254279365,0.314717890518202,0.5625
raw,4,cnn_2d_rendered_images + cnn_1d_multiscale_image_scale + cnn_2d_residual_small + lstm_image_scale,0.023375496031746035,0.3044449936020399,0.4950974911219568,0.6041666666666666
raw,4,cnn_2d_rendered_images + cnn_1d_multiscale_image_scale + cnn_2d_residual_small + lstm_cumulative_scale,0.018377976190476198,0.2085946358231239,0.24559731973558674,0.5763888888888888
raw,4,cnn_2d_rendered_images + cnn_1d_multiscale_image_scale + cnn_2d_residual_small + cnnlstm_image_scale,0.02686011904761905,0.22315025699382837,0.2836694544009686,0.5694444444444444
raw,4,cnn_2d_rendered_images + cnn_1d_multiscale_image_scale + cnn_2d_residual_small + cnnlstm_cumulative_scale,0.014980158730158724,0.2997674244012883,0.4954394393801498,0.5763888888888888
raw,4,cnn_2d_rendered_images + cnn_1d_multiscale_image_scale + lstm_image_scale + lstm_cumulative_scale,0.02186259920634921,0.24674371404689122,0.3427450121397906,0.5694444444444444
raw,4,cnn_2d_rendered_images + cnn_1d_multiscale_image_scale + lstm_image_scale + cnnlstm_image_scale,0.02217261904761905,0.1951957864908608,0.21387341648382185,0.5833333333333334
raw,4,cnn_2d_rendered_images + cnn_1d_multiscale_image_scale + lstm_image_scale + cnnlstm_cumulative_scale,0.015215773809523814,0.26627509560713947,0.38594081805515446,0.5555555555555556
raw,4,cnn_2d_rendered_images + cnn_1d_multiscale_image_scale + lstm_cumulative_scale + cnnlstm_image_scale,0.025421626984126987,0.1876987319948966,0.1976178974661824,0.5625
raw,4,cnn_2d_rendered_images + cnn_1d_multiscale_image_scale + lstm_cumulative_scale + cnnlstm_cumulative_scale,0.012735615079365076,0.34237158680908103,0.6229159572380316,0.5694444444444444
raw,4,cnn_2d_rendered_images + cnn_1d_multiscale_image_scale + cnnlstm_image_scale + cnnlstm_cumulative_scale,0.017881944444444443,0.22095894634941032,0.2834176461756708,0.5763888888888888
raw,4,cnn_2d_rendered_images + cnn_2d_residual_images + cnn_2d_residual_small + lstm_image_scale,0.03412698412698413,0.3003588834278014,0.48470336463816976,0.6111111111111112
raw,4,cnn_2d_rendered_images + cnn_2d_residual_images + cnn_2d_residual_small + lstm_cumulative_scale,0.02936507936507937,0.2125656926381673,0.2606737899947529,0.5625
raw,4,cnn_2d_rendered_images + cnn_2d_residual_images + cnn_2d_residual_small + cnnlstm_image_scale,0.03644593253968255,0.3122076249313143,0.520644483203923,0.6180555555555556
raw,4,cnn_2d_rendered_images + cnn_2d_residual_images + cnn_2d_residual_small + cnnlstm_cumulative_scale,0.027269345238095242,0.20735671141739948,0.24697471029957474,0.5347222222222222
raw,4,cnn_2d_rendered_images + cnn_2d_residual_images + lstm_image_scale + lstm_cumulative_scale,0.028831845238095247,0.30299869941254215,0.4942676536302941,0.5625
raw,4,cnn_2d_rendered_images + cnn_2d_residual_images + lstm_image_scale + cnnlstm_image_scale,0.030084325396825404,0.26277550230387914,0.3906147559936801,0.5972222222222222
raw,4,cnn_2d_rendered_images + cnn_2d_residual_images + lstm_image_scale + cnnlstm_cumulative_scale,0.0263640873015873,0.30734351842397495,0.5166585228068377,0.5625
raw,4,cnn_2d_rendered_images + cnn_2d_residual_images + lstm_cumulative_scale + cnnlstm_image_scale,0.026525297619047622,0.18529897810974413,0.19169347392601455,0.5763888888888888
raw,4,cnn_2d_rendered_images + cnn_2d_residual_images + lstm_cumulative_scale + cnnlstm_cumulative_scale,0.012301587301587303,0.3364803013782548,0.5999844444785267,0.5763888888888888
raw,4,cnn_2d_rendered_images + cnn_2d_residual_images + cnnlstm_image_scale + cnnlstm_cumulative_scale,0.024119543650793655,0.3840267633985496,0.763771704208321,0.5625
raw,4,cnn_2d_rendered_images + cnn_2d_residual_small + lstm_image_scale + lstm_cumulative_scale,0.02958829365079366,0.3191086608524281,0.5446398716145013,0.5625
raw,4,cnn_2d_rendered_images + cnn_2d_residual_small + lstm_image_scale + cnnlstm_image_scale,0.037909226190476195,0.26036676322927493,0.3779485324189249,0.6041666666666666
raw,4,cnn_2d_rendered_images + cnn_2d_residual_small + lstm_image_scale + cnnlstm_cumulative_scale,0.024900793650793653,0.3128915929698988,0.5328979716588889,0.5972222222222222
raw,4,cnn_2d_rendered_images + cnn_2d_residual_small + lstm_cumulative_scale + cnnlstm_image_scale,0.034350198412698416,0.2857513636976095,0.4401852844403753,0.5555555555555556
raw,4,cnn_2d_rendered_images + cnn_2d_residual_small + lstm_cumulative_scale + cnnlstm_cumulative_scale,0.016691468253968257,0.3484744242776479,0.6175482958188789,0.5833333333333334
raw,4,cnn_2d_rendered_images + cnn_2d_residual_small + cnnlstm_image_scale + cnnlstm_cumulative_scale,0.027256944444444445,0.24830956494282921,0.3525654585376017,0.5625
raw,4,cnn_2d_rendered_images + lstm_image_scale + lstm_cumulative_scale + cnnlstm_image_scale,0.021812996031746038,0.33833535024228445,0.6067870155301098,0.6041666666666666
raw,4,cnn_2d_rendered_images + lstm_image_scale + lstm_cumulative_scale + cnnlstm_cumulative_scale,0.006138392857142858,0.2784456171752783,0.428618917461429,0.5902777777777778
raw,4,cnn_2d_rendered_images + lstm_image_scale + cnnlstm_image_scale + cnnlstm_cumulative_scale,0.01521577380952381,0.26050329331599315,0.3830946248723839,0.5625
raw,4,cnn_2d_rendered_images + lstm_cumulative_scale + cnnlstm_image_scale + cnnlstm_cumulative_scale,0.005357142857142858,0.2198261069029878,0.27665733095618905,0.5763888888888888
raw,4,cnn_1d_attention_image_scale + cnn_1d_cumulative_scale + cnn_1d_dilated_image_scale + cnn_1d_multiscale_image_scale,0.028819444444444446,0.38596352210774726,0.7703058320686169,0.5833333333333334
raw,4,cnn_1d_attention_image_scale + cnn_1d_cumulative_scale + cnn_1d_dilated_image_scale + cnn_2d_residual_images,0.03416418650793652,0.26767538680813685,0.3963680587517715,0.5625
raw,4,cnn_1d_attention_image_scale + cnn_1d_cumulative_scale + cnn_1d_dilated_image_scale + cnn_2d_residual_small,0.03215525793650794,0.3019841927778291,0.5084256330445542,0.5625
raw,4,cnn_1d_attention_image_scale + cnn_1d_cumulative_scale + cnn_1d_dilated_image_scale + lstm_image_scale,0.03710317460317462,0.4153047554298288,0.8632742359813725,0.5694444444444444
raw,4,cnn_1d_attention_image_scale + cnn_1d_cumulative_scale + cnn_1d_dilated_image_scale + lstm_cumulative_scale,0.02844742063492064,0.39331354992008655,0.7824624410261234,0.5763888888888888
raw,4,cnn_1d_attention_image_scale + cnn_1d_cumulative_scale + cnn_1d_dilated_image_scale + cnnlstm_image_scale,0.031659226190476196,0.2282845420101397,0.30123570849797554,0.5555555555555556
raw,4,cnn_1d_attention_image_scale + cnn_1d_cumulative_scale + cnn_1d_dilated_image_scale + cnnlstm_cumulative_scale,0.022842261904761903,0.4167632603047087,0.9004355424614388,0.5694444444444444
raw,4,cnn_1d_attention_image_scale + cnn_1d_cumulative_scale + cnn_1d_multiscale_image_scale + cnn_2d_residual_images,0.03524305555555556,0.24775253791199517,0.34180103743493095,0.5486111111111112
raw,4,cnn_1d_attention_image_scale + cnn_1d_cumulative_scale + cnn_1d_multiscale_image_scale + cnn_2d_residual_small,0.0312624007936508,0.26993182375951774,0.4065375801203819,0.5763888888888888
raw,4,cnn_1d_attention_image_scale + cnn_1d_cumulative_scale + cnn_1d_multiscale_image_scale + lstm_image_scale,0.041059027777777785,0.2812139536710504,0.4436962347374407,0.5833333333333334
raw,4,cnn_1d_attention_image_scale + cnn_1d_cumulative_scale + cnn_1d_multiscale_image_scale + lstm_cumulative_scale,0.02800099206349206,0.29298269679798805,0.476264454944084,0.5833333333333334
raw,4,cnn_1d_attention_image_scale + cnn_1d_cumulative_scale + cnn_1d_multiscale_image_scale + cnnlstm_image_scale,0.03655753968253969,0.17963125903237673,0.17335155351894715,0.5486111111111112
raw,4,cnn_1d_attention_image_scale + cnn_1d_cumulative_scale + cnn_1d_multiscale_image_scale + cnnlstm_cumulative_scale,0.021527777777777785,0.32142085968419115,0.5714742830934891,0.5763888888888888
raw,4,cnn_1d_attention_image_scale + cnn_1d_cumulative_scale + cnn_2d_residual_images + cnn_2d_residual_small,0.04888392857142858,0.2759995152615426,0.42420385034493346,0.5833333333333334
raw,4,cnn_1d_attention_image_scale + cnn_1d_cumulative_scale + cnn_2d_residual_images + lstm_image_scale,0.0332217261904762,0.3409296497723104,0.6072773766745436,0.5694444444444444
raw,4,cnn_1d_attention_image_scale + cnn_1d_cumulative_scale + cnn_2d_residual_images + lstm_cumulative_scale,0.033072916666666674,0.24599039815748866,0.3367471537065103,0.5763888888888888
raw,4,cnn_1d_attention_image_scale + cnn_1d_cumulative_scale + cnn_2d_residual_images + cnnlstm_image_scale,0.03866567460317461,0.27261430245231566,0.4154697998047392,0.5625
raw,4,cnn_1d_attention_image_scale + cnn_1d_cumulative_scale + cnn_2d_residual_images + cnnlstm_cumulative_scale,0.028931051587301602,0.21181647894858535,0.2587159885756316,0.5555555555555556
raw,4,cnn_1d_attention_image_scale + cnn_1d_cumulative_scale + cnn_2d_residual_small + lstm_image_scale,0.03358134920634921,0.29459759621256504,0.480674656707506,0.5902777777777778
raw,4,cnn_1d_attention_image_scale + cnn_1d_cumulative_scale + cnn_2d_residual_small + lstm_cumulative_scale,0.029811507936507938,0.3089014603718773,0.5028098050536278,0.5763888888888888
raw,4,cnn_1d_attention_image_scale + cnn_1d_cumulative_scale + cnn_2d_residual_small + cnnlstm_image_scale,0.042534722222222224,0.31714576593882493,0.5527457168726564,0.5763888888888888
raw,4,cnn_1d_attention_image_scale + cnn_1d_cumulative_scale + cnn_2d_residual_small + cnnlstm_cumulative_scale,0.026760912698412704,0.3343181592711707,0.6103302622105158,0.5763888888888888
raw,4,cnn_1d_attention_image_scale + cnn_1d_cumulative_scale + lstm_image_scale + lstm_cumulative_scale,0.029761904761904764,0.3047448925283299,0.5140508440200633,0.6041666666666666
raw,4,cnn_1d_attention_image_scale + cnn_1d_cumulative_scale + lstm_image_scale + cnnlstm_image_scale,0.04110863095238096,0.326161558981704,0.5842516187639379,0.5763888888888888
raw,4,cnn_1d_attention_image_scale + cnn_1d_cumulative_scale + lstm_image_scale + cnnlstm_cumulative_scale,0.025657242063492066,0.42099055543606234,0.9144245598972216,0.5972222222222222
raw,4,cnn_1d_attention_image_scale + cnn_1d_cumulative_scale + lstm_cumulative_scale + cnnlstm_image_scale,0.028199404761904766,0.27414401283429995,0.42384768342196577,0.5763888888888888
raw,4,cnn_1d_attention_image_scale + cnn_1d_cumulative_scale + lstm_cumulative_scale + cnnlstm_cumulative_scale,0.008035714285714288,0.45505796108763397,1.0262545219460226,0.5694444444444444
raw,4,cnn_1d_attention_image_scale + cnn_1d_cumulative_scale + cnnlstm_image_scale + cnnlstm_cumulative_scale,0.023685515873015876,0.3606428143636846,0.7023188079791254,0.5902777777777778
raw,4,cnn_1d_attention_image_scale + cnn_1d_dilated_image_scale + cnn_1d_multiscale_image_scale + cnn_2d_residual_images,0.03159722222222223,0.3163175368089141,0.5466128523663791,0.5694444444444444
raw,4,cnn_1d_attention_image_scale + cnn_1d_dilated_image_scale + cnn_1d_multiscale_image_scale + cnn_2d_residual_small,0.02719494047619048,0.2963629803187213,0.4956496997231301,0.5694444444444444
raw,4,cnn_1d_attention_image_scale + cnn_1d_dilated_image_scale + cnn_1d_multiscale_image_scale + lstm_image_scale,0.03515625000000001,0.37416430093560243,0.7293430628777069,0.5833333333333334
raw,4,cnn_1d_attention_image_scale + cnn_1d_dilated_image_scale + cnn_1d_multiscale_image_scale + lstm_cumulative_scale,0.02658730158730159,0.42789016766939186,0.931044616696443,0.6041666666666666
raw,4,cnn_1d_attention_image_scale + cnn_1d_dilated_image_scale + cnn_1d_multiscale_image_scale + cnnlstm_image_scale,0.03273809523809525,0.27065391621596213,0.4176494908566224,0.5694444444444444
raw,4,cnn_1d_attention_image_scale + cnn_1d_dilated_image_scale + cnn_1d_multiscale_image_scale + cnnlstm_cumulative_scale,0.018340773809523807,0.4052889786069883,0.8419492676068165,0.5902777777777778
raw,4,cnn_1d_attention_image_scale + cnn_1d_dilated_image_scale + cnn_2d_residual_images + cnn_2d_residual_small,0.03849206349206349,0.2907104121533128,0.471681445392252,0.5555555555555556
raw,4,cnn_1d_attention_image_scale + cnn_1d_dilated_image_scale + cnn_2d_residual_images + lstm_image_scale,0.030890376984126996,0.2785778232198476,0.4222582163646438,0.5694444444444444
raw,4,cnn_1d_attention_image_scale + cnn_1d_dilated_image_scale + cnn_2d_residual_images + lstm_cumulative_scale,0.030741567460317462,0.30354177583005276,0.49722048988868117,0.5763888888888888
raw,4,cnn_1d_attention_image_scale + cnn_1d_dilated_image_scale + cnn_2d_residual_images + cnnlstm_image_scale,0.03027033730158731,0.1453227867178246,0.10243525490045746,0.5416666666666666
raw,4,cnn_1d_attention_image_scale + cnn_1d_dilated_image_scale + cnn_2d_residual_images + cnnlstm_cumulative_scale,0.026165674603174604,0.29883511125823997,0.4812093478842112,0.5625
raw,4,cnn_1d_attention_image_scale + cnn_1d_dilated_image_scale + cnn_2d_residual_small + lstm_image_scale,0.03617311507936508,0.3247002004982222,0.580472651758051,0.5833333333333334
raw,4,cnn_1d_attention_image_scale + cnn_1d_dilated_image_scale + cnn_2d_residual_small + lstm_cumulative_scale,0.029030257936507948,0.3246705968328009,0.575129888738753,0.5694444444444444
raw,4,cnn_1d_attention_image_scale + cnn_1d_dilated_image_scale + cnn_2d_residual_small + cnnlstm_image_scale,0.036309523809523826,0.2309705131835148,0.3094600016866087,0.5833333333333334
raw,4,cnn_1d_attention_image_scale + cnn_1d_dilated_image_scale + cnn_2d_residual_small + cnnlstm_cumulative_scale,0.025607638888888895,0.3339210172972848,0.6146266263732905,0.5694444444444444
raw,4,cnn_1d_attention_image_scale + cnn_1d_dilated_image_scale + lstm_image_scale + lstm_cumulative_scale,0.02890625000000001,0.33095077004144835,0.5853824020462461,0.5694444444444444
raw,4,cnn_1d_attention_image_scale + cnn_1d_dilated_image_scale + lstm_image_scale + cnnlstm_image_scale,0.03350694444444444,0.2756454901482631,0.43174254389195177,0.5833333333333334
raw,4,cnn_1d_attention_image_scale + cnn_1d_dilated_image_scale + lstm_image_scale + cnnlstm_cumulative_scale,0.02493799603174604,0.39465726608180424,0.8162018758476848,0.6041666666666666
raw,4,cnn_1d_attention_image_scale + cnn_1d_dilated_image_scale + lstm_cumulative_scale + cnnlstm_image_scale,0.02803819444444445,0.27902050240253984,0.4416235338688046,0.5833333333333334
raw,4,cnn_1d_attention_image_scale + cnn_1d_dilated_image_scale + lstm_cumulative_scale + cnnlstm_cumulative_scale,0.01780753968253969,0.41350005109369775,0.8689262989094311,0.5833333333333334
raw,4,cnn_1d_attention_image_scale + cnn_1d_dilated_image_scale + cnnlstm_image_scale + cnnlstm_cumulative_scale,0.02243303571428572,0.37665004264893204,0.7384986280913641,0.5972222222222222
raw,4,cnn_1d_attention_image_scale + cnn_1d_multiscale_image_scale + cnn_2d_residual_images + cnn_2d_residual_small,0.038306051587301604,0.3136729843876805,0.5343186506161937,0.5763888888888888
raw,4,cnn_1d_attention_image_scale + cnn_1d_multiscale_image_scale + cnn_2d_residual_images + lstm_image_scale,0.035255456349206356,0.2191169519407077,0.270825646418676,0.5555555555555556
raw,4,cnn_1d_attention_image_scale + cnn_1d_multiscale_image_scale + cnn_2d_residual_images + lstm_cumulative_scale,0.03226686507936508,0.20361034656803498,0.23360607757022533,0.5625
raw,4,cnn_1d_attention_image_scale + cnn_1d_multiscale_image_scale + cnn_2d_residual_images + cnnlstm_image_scale,0.04004216269841271,0.1862372441255833,0.1939535685087268,0.5555555555555556
raw,4,cnn_1d_attention_image_scale + cnn_1d_multiscale_image_scale + cnn_2d_residual_images + cnnlstm_cumulative_scale,0.026562500000000006,0.30143064243266676,0.49335671126316805,0.5625
raw,4,cnn_1d_attention_image_scale + cnn_1d_multiscale_image_scale + cnn_2d_residual_small + lstm_image_scale,0.03684275793650794,0.30892288815361174,0.5208477868996737,0.5972222222222222
raw,4,cnn_1d_attention_image_scale + cnn_1d_multiscale_image_scale + cnn_2d_residual_small + lstm_cumulative_scale,0.032180059523809534,0.3266568120617736,0.5653068621851041,0.5972222222222222
raw,4,cnn_1d_attention_image_scale + cnn_1d_multiscale_image_scale + cnn_2d_residual_small + cnnlstm_image_scale,0.03716517857142858,0.3003194732741294,0.4982857490688144,0.5763888888888888
raw,4,cnn_1d_attention_image_scale + cnn_1d_multiscale_image_scale + cnn_2d_residual_small + cnnlstm_cumulative_scale,0.027864583333333342,0.37905833686364454,0.7544378509247838,0.6041666666666666
raw,4,cnn_1d_attention_image_scale + cnn_1d_multiscale_image_scale + lstm_image_scale + lstm_cumulative_scale,0.036458333333333336,0.35901222793716453,0.6946677085126003,0.5972222222222222
raw,4,cnn_1d_attention_image_scale + cnn_1d_multiscale_image_scale + lstm_image_scale + cnnlstm_image_scale,0.0394593253968254,0.18229598993913332,0.1856690747655656,0.5625
raw,4,cnn_1d_attention_image_scale + cnn_1d_multiscale_image_scale + lstm_image_scale + cnnlstm_cumulative_scale,0.031572420634920634,0.4025545143547496,0.8409553122597371,0.5902777777777778
raw,4,cnn_1d_attention_image_scale + cnn_1d_multiscale_image_scale + lstm_cumulative_scale + cnnlstm_image_scale,0.03007192460317461,0.21343894419216705,0.2630544108005457,0.5625
raw,4,cnn_1d_attention_image_scale + cnn_1d_multiscale_image_scale + lstm_cumulative_scale + cnnlstm_cumulative_scale,0.018477182539682543,0.41849982267982233,0.8910459462833105,0.5763888888888888
raw,4,cnn_1d_attention_image_scale + cnn_1d_multiscale_image_scale + cnnlstm_image_scale + cnnlstm_cumulative_scale,0.026202876984126988,0.23100525307766814,0.30615194722832784,0.5416666666666666
raw,4,cnn_1d_attention_image_scale + cnn_2d_residual_images + cnn_2d_residual_small + lstm_image_scale,0.04088541666666667,0.3372777312643736,0.5871303274774529,0.5833333333333334
raw,4,cnn_1d_attention_image_scale + cnn_2d_residual_images + cnn_2d_residual_small + lstm_cumulative_scale,0.040240575396825407,0.3172254496020268,0.5344447744901895,0.5694444444444444
raw,4,cnn_1d_attention_image_scale + cnn_2d_residual_images + cnn_2d_residual_small + cnnlstm_image_scale,0.04564732142857144,0.3483803169066521,0.6244153302307143,0.5694444444444444
raw,4,cnn_1d_attention_image_scale + cnn_2d_residual_images + cnn_2d_residual_small + cnnlstm_cumulative_scale,0.03805803571428572,0.25349641391098954,0.36513581768198544,0.5555555555555556
raw,4,cnn_1d_attention_image_scale + cnn_2d_residual_images + lstm_image_scale + lstm_cumulative_scale,0.029823908730158735,0.4191844164305122,0.8125626318263046,0.5833333333333334
raw,4,cnn_1d_attention_image_scale + cnn_2d_residual_images + lstm_image_scale + cnnlstm_image_scale,0.03147321428571429,0.2488852904665355,0.34867135005583405,0.5833333333333334
raw,4,cnn_1d_attention_image_scale + cnn_2d_residual_images + lstm_image_scale + cnnlstm_cumulative_scale,0.029935515873015874,0.3040854250798811,0.500960439393666,0.5694444444444444
raw,4,cnn_1d_attention_image_scale + cnn_2d_residual_images + lstm_cumulative_scale + cnnlstm_image_scale,0.031287202380952395,0.2716663318346137,0.41546269433557703,0.5625
raw,4,cnn_1d_attention_image_scale + cnn_2d_residual_images + lstm_cumulative_scale + cnnlstm_cumulative_scale,0.024193948412698427,0.2886504961837408,0.4643442948430805,0.5416666666666666
raw,4,cnn_1d_attention_image_scale + cnn_2d_residual_images + cnnlstm_image_scale + cnnlstm_cumulative_scale,0.030257936507936515,0.18219262966914707,0.18629587633750533,0.5486111111111112
raw,4,cnn_1d_attention_image_scale + cnn_2d_residual_small + lstm_image_scale + lstm_cumulative_scale,0.0310763888888889,0.39575222046985853,0.7773561324962699,0.5972222222222222
raw,4,cnn_1d_attention_image_scale + cnn_2d_residual_small + lstm_image_scale + cnnlstm_image_scale,0.03718998015873017,0.25501712952948,0.37373653521751904,0.5694444444444444
raw,4,cnn_1d_attention_image_scale + cnn_2d_residual_small + lstm_image_scale + cnnlstm_cumulative_scale,0.02554563492063492,0.3373790421565016,0.6152770662006084,0.5833333333333334
raw,4,cnn_1d_attention_image_scale + cnn_2d_residual_small + lstm_cumulative_scale + cnnlstm_image_scale,0.038616071428571444,0.33713642240111347,0.6017753636927674,0.5625
raw,4,cnn_1d_attention_image_scale + cnn_2d_residual_small + lstm_cumulative_scale + cnnlstm_cumulative_scale,0.02155257936507937,0.403912846559377,0.8026005047430278,0.5833333333333334
raw,4,cnn_1d_attention_image_scale + cnn_2d_residual_small + cnnlstm_image_scale + cnnlstm_cumulative_scale,0.035193452380952395,0.3380081452497217,0.6234461877495081,0.5972222222222222
raw,4,cnn_1d_attention_image_scale + lstm_image_scale + lstm_cumulative_scale + cnnlstm_image_scale,0.0318452380952381,0.29275568970822957,0.47589586336486533,0.5833333333333334
raw,4,cnn_1d_attention_image_scale + lstm_image_scale + lstm_cumulative_scale + cnnlstm_cumulative_scale,0.02404513888888889,0.5035875236762483,1.2472319464915191,0.625
raw,4,cnn_1d_attention_image_scale + lstm_image_scale + cnnlstm_image_scale + cnnlstm_cumulative_scale,0.028323412698412702,0.29476151804499673,0.47768783957255745,0.5416666666666666
raw,4,cnn_1d_attention_image_scale + lstm_cumulative_scale + cnnlstm_image_scale + cnnlstm_cumulative_scale,0.013888888888888886,0.35742994804976347,0.6816901097444275,0.5694444444444444
raw,4,cnn_1d_cumulative_scale + cnn_1d_dilated_image_scale + cnn_1d_multiscale_image_scale + cnn_2d_residual_images,0.03690476190476191,0.25005852864184236,0.352572340037677,0.5625
raw,4,cnn_1d_cumulative_scale + cnn_1d_dilated_image_scale + cnn_1d_multiscale_image_scale + cnn_2d_residual_small,0.03271329365079365,0.2302021176017498,0.3066889954403007,0.5625
raw,4,cnn_1d_cumulative_scale + cnn_1d_dilated_image_scale + cnn_1d_multiscale_image_scale + lstm_image_scale,0.0359623015873016,0.23002421484006325,0.30483451541575923,0.5486111111111112
raw,4,cnn_1d_cumulative_scale + cnn_1d_dilated_image_scale + cnn_1d_multiscale_image_scale + lstm_cumulative_scale,0.026054067460317472,0.2547152470939173,0.3725256764012044,0.5902777777777778
raw,4,cnn_1d_cumulative_scale + cnn_1d_dilated_image_scale + cnn_1d_multiscale_image_scale + cnnlstm_image_scale,0.04138144841269842,0.12355191357632975,0.05490604623207229,0.5277777777777778
raw,4,cnn_1d_cumulative_scale + cnn_1d_dilated_image_scale + cnn_1d_multiscale_image_scale + cnnlstm_cumulative_scale,0.014558531746031752,0.3053020281836962,0.5184081957908322,0.5694444444444444
raw,4,cnn_1d_cumulative_scale + cnn_1d_dilated_image_scale + cnn_2d_residual_images + cnn_2d_residual_small,0.04584573412698413,0.3353633135731879,0.6091904230253624,0.5694444444444444
raw,4,cnn_1d_cumulative_scale + cnn_1d_dilated_image_scale + cnn_2d_residual_images + lstm_image_scale,0.04079861111111112,0.23638563471727034,0.3198316013234528,0.5486111111111112
raw,4,cnn_1d_cumulative_scale + cnn_1d_dilated_image_scale + cnn_2d_residual_images + lstm_cumulative_scale,0.03492063492063492,0.1966042918879806,0.22210909305989435,0.5486111111111112
raw,4,cnn_1d_cumulative_scale + cnn_1d_dilated_image_scale + cnn_2d_residual_images + cnnlstm_image_scale,0.04356398809523811,0.13941546595275472,0.08701096493708738,0.5555555555555556
raw,4,cnn_1d_cumulative_scale + cnn_1d_dilated_image_scale + cnn_2d_residual_images + cnnlstm_cumulative_scale,0.02632688492063492,0.23333174313431695,0.31242675491284366,0.5416666666666666
raw,4,cnn_1d_cumulative_scale + cnn_1d_dilated_image_scale + cnn_2d_residual_small + lstm_image_scale,0.04499007936507938,0.2494760717757644,0.35376068796573956,0.5833333333333334
raw,4,cnn_1d_cumulative_scale + cnn_1d_dilated_image_scale + cnn_2d_residual_small + lstm_cumulative_scale,0.02829861111111111,0.24264695565721936,0.3347291762569271,0.5555555555555556
raw,4,cnn_1d_cumulative_scale + cnn_1d_dilated_image_scale + cnn_2d_residual_small + cnnlstm_image_scale,0.04429563492063493,0.2574774997076057,0.38008804511375827,0.5625
raw,4,cnn_1d_cumulative_scale + cnn_1d_dilated_image_scale + cnn_2d_residual_small + cnnlstm_cumulative_scale,0.026153273809523817,0.3462045661868203,0.6573918209357705,0.5763888888888888
raw,4,cnn_1d_cumulative_scale + cnn_1d_dilated_image_scale + lstm_image_scale + lstm_cumulative_scale,0.0343874007936508,0.25213877886671404,0.3689750427500855,0.5833333333333334
raw,4,cnn_1d_cumulative_scale + cnn_1d_dilated_image_scale + lstm_image_scale + cnnlstm_image_scale,0.04244791666666667,0.14466845814089843,0.10029371925306974,0.5277777777777778
raw,4,cnn_1d_cumulative_scale + cnn_1d_dilated_image_scale + lstm_image_scale + cnnlstm_cumulative_scale,0.023189484126984135,0.3400874765232011,0.6369207864083379,0.5972222222222222
raw,4,cnn_1d_cumulative_scale + cnn_1d_dilated_image_scale + lstm_cumulative_scale + cnnlstm_image_scale,0.02981150793650794,0.21524723677172825,0.26695087131717954,0.5833333333333334
raw,4,cnn_1d_cumulative_scale + cnn_1d_dilated_image_scale + lstm_cumulative_scale + cnnlstm_cumulative_scale,0.0111235119047619,0.3707668697724108,0.7390183271096102,0.5902777777777778
raw,4,cnn_1d_cumulative_scale + cnn_1d_dilated_image_scale + cnnlstm_image_scale + cnnlstm_cumulative_scale,0.02103174603174603,0.22273675063744292,0.28442510366190277,0.5972222222222222
raw,4,cnn_1d_cumulative_scale + cnn_1d_multiscale_image_scale + cnn_2d_residual_images + cnn_2d_residual_small,0.0427827380952381,0.09280840262892141,-0.01338917220328062,0.5694444444444444
raw,4,cnn_1d_cumulative_scale + cnn_1d_multiscale_image_scale + cnn_2d_residual_images + lstm_image_scale,0.04000496031746032,0.3714936024585271,0.7240792999909236,0.5972222222222222
raw,4,cnn_1d_cumulative_scale + cnn_1d_multiscale_image_scale + cnn_2d_residual_images + lstm_cumulative_scale,0.02796378968253969,0.22181891281031116,0.2813446479542625,0.5486111111111112
raw,4,cnn_1d_cumulative_scale + cnn_1d_multiscale_image_scale + cnn_2d_residual_images + cnnlstm_image_scale,0.043477182539682545,0.2679808836896497,0.40518339072842924,0.5625
raw,4,cnn_1d_cumulative_scale + cnn_1d_multiscale_image_scale + cnn_2d_residual_images + cnnlstm_cumulative_scale,0.01675347222222222,0.23184284297961508,0.3054058292287669,0.5347222222222222
raw,4,cnn_1d_cumulative_scale + cnn_1d_multiscale_image_scale + cnn_2d_residual_small + lstm_image_scale,0.041468253968253974,0.2829374861469665,0.4473956089132092,0.5902777777777778
raw,4,cnn_1d_cumulative_scale + cnn_1d_multiscale_image_scale + cnn_2d_residual_small + lstm_cumulative_scale,0.020994543650793656,0.2463225085827534,0.34588154755248146,0.5902777777777778
raw,4,cnn_1d_cumulative_scale + cnn_1d_multiscale_image_scale + cnn_2d_residual_small + cnnlstm_image_scale,0.04522569444444446,0.2075939928165331,0.2432131073871162,0.5972222222222222
raw,4,cnn_1d_cumulative_scale + cnn_1d_multiscale_image_scale + cnn_2d_residual_small + cnnlstm_cumulative_scale,0.020783730158730168,0.35739554727307227,0.6591385107968686,0.5763888888888888
raw,4,cnn_1d_cumulative_scale + cnn_1d_multiscale_image_scale + lstm_image_scale + lstm_cumulative_scale,0.029613095238095244,0.28374599270768364,0.4529365369381704,0.5833333333333334
raw,4,cnn_1d_cumulative_scale + cnn_1d_multiscale_image_scale + lstm_image_scale + cnnlstm_image_scale,0.04252232142857143,0.294991914700006,0.48840474434275793,0.5902777777777778
raw,4,cnn_1d_cumulative_scale + cnn_1d_multiscale_image_scale + lstm_image_scale + cnnlstm_cumulative_scale,0.025285218253968258,0.36401034967295604,0.7038642570397704,0.5972222222222222
raw,4,cnn_1d_cumulative_scale + cnn_1d_multiscale_image_scale + lstm_cumulative_scale + cnnlstm_image_scale,0.02843501984126984,0.21320791701140926,0.2626443478417291,0.5694444444444444
raw,4,cnn_1d_cumulative_scale + cnn_1d_multiscale_image_scale + lstm_cumulative_scale + cnnlstm_cumulative_scale,0.004340277777777779,0.3670885376252505,0.6797542950748685,0.5625
raw,4,cnn_1d_cumulative_scale + cnn_1d_multiscale_image_scale + cnnlstm_image_scale + cnnlstm_cumulative_scale,0.0222718253968254,0.5328935411052358,1.150052585343181,0.5694444444444444
raw,4,cnn_1d_cumulative_scale + cnn_2d_residual_images + cnn_2d_residual_small + lstm_image_scale,0.05807291666666669,0.3057232766644977,0.5190761666361507,0.6180555555555556
raw,4,cnn_1d_cumulative_scale + cnn_2d_residual_images + cnn_2d_residual_small + lstm_cumulative_scale,0.04088541666666667,0.2923756896104075,0.46991337231796293,0.5902777777777778
raw,4,cnn_1d_cumulative_scale + cnn_2d_residual_images + cnn_2d_residual_small + cnnlstm_image_scale,0.061359126984126995,0.28551272206721173,0.45601681944210615,0.6111111111111112
raw,4,cnn_1d_cumulative_scale + cnn_2d_residual_images + cnn_2d_residual_small + cnnlstm_cumulative_scale,0.032589285714285716,0.32873561435556486,0.5901711463566286,0.5902777777777778
raw,4,cnn_1d_cumulative_scale + cnn_2d_residual_images + lstm_image_scale + lstm_cumulative_scale,0.04946676587301588,0.25239241465328094,0.35767955680975017,0.5833333333333334
raw,4,cnn_1d_cumulative_scale + cnn_2d_residual_images + lstm_image_scale + cnnlstm_image_scale,0.04320436507936509,0.24705005880525338,0.35159357618563236,0.5694444444444444
raw,4,cnn_1d_cumulative_scale + cnn_2d_residual_images + lstm_image_scale + cnnlstm_cumulative_scale,0.03612351190476191,0.36429831411270464,0.701998838636454,0.5833333333333334
raw,4,cnn_1d_cumulative_scale + cnn_2d_residual_images + lstm_cumulative_scale + cnnlstm_image_scale,0.04014136904761905,0.24461742169590012,0.3438894211979433,0.5694444444444444
raw,4,cnn_1d_cumulative_scale + cnn_2d_residual_images + lstm_cumulative_scale + cnnlstm_cumulative_scale,0.016703869047619054,0.31343325325887883,0.5302248436827814,0.5763888888888888
raw,4,cnn_1d_cumulative_scale + cnn_2d_residual_images + cnnlstm_image_scale + cnnlstm_cumulative_scale,0.035391865079365085,0.2923585999015917,0.4808895710452037,0.5347222222222222
raw,4,cnn_1d_cumulative_scale + cnn_2d_residual_small + lstm_image_scale + lstm_cumulative_scale,0.04476686507936509,0.28820316372629634,0.45374438040210907,0.625
raw,4,cnn_1d_cumulative_scale + cnn_2d_residual_small + lstm_image_scale + cnnlstm_image_scale,0.05737847222222224,0.2952382384477737,0.48866294197343674,0.6041666666666666
raw,4,cnn_1d_cumulative_scale + cnn_2d_residual_small + lstm_image_scale + cnnlstm_cumulative_scale,0.034040178571428575,0.3883696023783683,0.749078920995532,0.6041666666666666
raw,4,cnn_1d_cumulative_scale + cnn_2d_residual_small + lstm_cumulative_scale + cnnlstm_image_scale,0.046515376984127,0.3646841575305561,0.6858333475926774,0.6041666666666666
raw,4,cnn_1d_cumulative_scale + cnn_2d_residual_small + lstm_cumulative_scale + cnnlstm_cumulative_scale,0.019667658730158726,0.3478977115006189,0.6473229500815747,0.5902777777777778
raw,4,cnn_1d_cumulative_scale + cnn_2d_residual_small + cnnlstm_image_scale + cnnlstm_cumulative_scale,0.0390997023809524,0.42092731312943543,0.8960369065055116,0.5972222222222222
raw,4,cnn_1d_cumulative_scale + lstm_image_scale + lstm_cumulative_scale + cnnlstm_image_scale,0.03384176587301588,0.32038385644464756,0.5537295995011948,0.5972222222222222
raw,4,cnn_1d_cumulative_scale + lstm_image_scale + lstm_cumulative_scale + cnnlstm_cumulative_scale,0.01794394841269842,0.4654765625624837,1.0333279498265937,0.5833333333333334
raw,4,cnn_1d_cumulative_scale + lstm_image_scale + cnnlstm_image_scale + cnnlstm_cumulative_scale,0.025905257936507938,0.6481825627613895,1.690714719614487,0.6111111111111112
raw,4,cnn_1d_cumulative_scale + lstm_cumulative_scale + cnnlstm_image_scale + cnnlstm_cumulative_scale,0.010974702380952382,0.5327572819140806,1.2630182452051053,0.5694444444444444
raw,4,cnn_1d_dilated_image_scale + cnn_1d_multiscale_image_scale + cnn_2d_residual_images + cnn_2d_residual_small,0.03536706349206349,0.27962559880644333,0.43858406712187104,0.5694444444444444
raw,4,cnn_1d_dilated_image_scale + cnn_1d_multiscale_image_scale + cnn_2d_residual_images + lstm_image_scale,0.032973710317460325,0.22978402036298914,0.2985588405071653,0.5555555555555556
raw,4,cnn_1d_dilated_image_scale + cnn_1d_multiscale_image_scale + cnn_2d_residual_images + lstm_cumulative_scale,0.0343874007936508,0.27277607488186745,0.4262811464131111,0.5625
raw,4,cnn_1d_dilated_image_scale + cnn_1d_multiscale_image_scale + cnn_2d_residual_images + cnnlstm_image_scale,0.03803323412698413,0.18152939698750323,0.18473268574657165,0.5694444444444444
raw,4,cnn_1d_dilated_image_scale + cnn_1d_multiscale_image_scale + cnn_2d_residual_images + cnnlstm_cumulative_scale,0.023697916666666666,0.20986438379861286,0.2516531612612196,0.5555555555555556
raw,4,cnn_1d_dilated_image_scale + cnn_1d_multiscale_image_scale + cnn_2d_residual_small + lstm_image_scale,0.03308531746031747,0.24408355481127153,0.3425292936350992,0.5833333333333334
raw,4,cnn_1d_dilated_image_scale + cnn_1d_multiscale_image_scale + cnn_2d_residual_small + lstm_cumulative_scale,0.02785218253968254,0.25980115064111486,0.3913607161410675,0.5833333333333334
raw,4,cnn_1d_dilated_image_scale + cnn_1d_multiscale_image_scale + cnn_2d_residual_small + cnnlstm_image_scale,0.033382936507936514,0.182834254065004,0.189344928772625,0.5763888888888888
raw,4,cnn_1d_dilated_image_scale + cnn_1d_multiscale_image_scale + cnn_2d_residual_small + cnnlstm_cumulative_scale,0.018315972222222223,0.24006113620190353,0.3351564872838939,0.5763888888888888
raw,4,cnn_1d_dilated_image_scale + cnn_1d_multiscale_image_scale + lstm_image_scale + lstm_cumulative_scale,0.03136160714285715,0.232985329622684,0.31340006894533046,0.5694444444444444
raw,4,cnn_1d_dilated_image_scale + cnn_1d_multiscale_image_scale + lstm_image_scale + cnnlstm_image_scale,0.04197668650793652,0.18974035424724753,0.2043650663456753,0.5416666666666666
raw,4,cnn_1d_dilated_image_scale + cnn_1d_multiscale_image_scale + lstm_image_scale + cnnlstm_cumulative_scale,0.020771329365079368,0.2654499627413783,0.3959578585013712,0.5833333333333334
raw,4,cnn_1d_dilated_image_scale + cnn_1d_multiscale_image_scale + lstm_cumulative_scale + cnnlstm_image_scale,0.03289930555555556,0.15566783018075336,0.12518124098328554,0.5486111111111112
raw,4,cnn_1d_dilated_image_scale + cnn_1d_multiscale_image_scale + lstm_cumulative_scale + cnnlstm_cumulative_scale,0.0074280753968254,0.2613921311455467,0.3911991914448609,0.5625
raw,4,cnn_1d_dilated_image_scale + cnn_1d_multiscale_image_scale + cnnlstm_image_scale + cnnlstm_cumulative_scale,0.024987599206349218,0.1769889557089747,0.17513116347846136,0.5486111111111112
raw,4,cnn_1d_dilated_image_scale + cnn_2d_residual_images + cnn_2d_residual_small + lstm_image_scale,0.04226190476190477,0.2484111741639025,0.348211133630983,0.5694444444444444
raw,4,cnn_1d_dilated_image_scale + cnn_2d_residual_images + cnn_2d_residual_small + lstm_cumulative_scale,0.03578869047619048,0.29917072389356264,0.4926112866008272,0.5763888888888888
raw,4,cnn_1d_dilated_image_scale + cnn_2d_residual_images + cnn_2d_residual_small + cnnlstm_image_scale,0.04486607142857144,0.22781202759904676,0.2987741592452344,0.5763888888888888
raw,4,cnn_1d_dilated_image_scale + cnn_2d_residual_images + cnn_2d_residual_small + cnnlstm_cumulative_scale,0.030245535714285714,0.2696032337178299,0.4127777392333889,0.5763888888888888
raw,4,cnn_1d_dilated_image_scale + cnn_2d_residual_images + lstm_image_scale + lstm_cumulative_scale,0.031150793650793655,0.144477653482395,0.1003536693981184,0.5416666666666666
raw,4,cnn_1d_dilated_image_scale + cnn_2d_residual_images + lstm_image_scale + cnnlstm_image_scale,0.035838293650793655,0.19532658529429434,0.21653138307548803,0.5694444444444444
raw,4,cnn_1d_dilated_image_scale + cnn_2d_residual_images + lstm_image_scale + cnnlstm_cumulative_scale,0.025979662698412703,0.19595804349792806,0.21833829726868959,0.5694444444444444
raw,4,cnn_1d_dilated_image_scale + cnn_2d_residual_images + lstm_cumulative_scale + cnnlstm_image_scale,0.03550347222222223,0.1804814006868278,0.18254320160193283,0.5555555555555556
raw,4,cnn_1d_dilated_image_scale + cnn_2d_residual_images + lstm_cumulative_scale + cnnlstm_cumulative_scale,0.018588789682539686,0.19848411342465688,0.22498932524994197,0.5347222222222222
raw,4,cnn_1d_dilated_image_scale + cnn_2d_residual_images + cnnlstm_image_scale + cnnlstm_cumulative_scale,0.02757936507936508,0.19154627162116492,0.2080806031522744,0.5694444444444444
raw,4,cnn_1d_dilated_image_scale + cnn_2d_residual_small + lstm_image_scale + lstm_cumulative_scale,0.03519345238095238,0.16323824833733472,0.14229307166349603,0.5833333333333334
raw,4,cnn_1d_dilated_image_scale + cnn_2d_residual_small + lstm_image_scale + cnnlstm_image_scale,0.04089781746031747,0.14464962281812024,0.10023597623571501,0.5833333333333334
raw,4,cnn_1d_dilated_image_scale + cnn_2d_residual_small + lstm_image_scale + cnnlstm_cumulative_scale,0.027579365079365085,0.30676813481462906,0.5249939300409403,0.5972222222222222
raw,4,cnn_1d_dilated_image_scale + cnn_2d_residual_small + lstm_cumulative_scale + cnnlstm_image_scale,0.0400421626984127,0.21092992377825287,0.2563131042583118,0.5902777777777778
raw,4,cnn_1d_dilated_image_scale + cnn_2d_residual_small + lstm_cumulative_scale + cnnlstm_cumulative_scale,0.018812003968253974,0.26531006798051404,0.4012039830502008,0.5763888888888888
raw,4,cnn_1d_dilated_image_scale + cnn_2d_residual_small + cnnlstm_image_scale + cnnlstm_cumulative_scale,0.03215525793650794,0.2800040373367737,0.4403265618179919,0.5902777777777778
raw,4,cnn_1d_dilated_image_scale + lstm_image_scale + lstm_cumulative_scale + cnnlstm_image_scale,0.03340773809523811,0.1564744377032538,0.12657482864458025,0.5625
raw,4,cnn_1d_dilated_image_scale + lstm_image_scale + lstm_cumulative_scale + cnnlstm_cumulative_scale,0.017373511904761912,0.32454467074909293,0.582026983895203,0.6111111111111112
raw,4,cnn_1d_dilated_image_scale + lstm_image_scale + cnnlstm_image_scale + cnnlstm_cumulative_scale,0.02788938492063492,0.24391365550842753,0.34092313691314957,0.5763888888888888
raw,4,cnn_1d_dilated_image_scale + lstm_cumulative_scale + cnnlstm_image_scale + cnnlstm_cumulative_scale,0.012524801587301586,0.15532935164148562,0.12552314912752505,0.5625
raw,4,cnn_1d_multiscale_image_scale + cnn_2d_residual_images + cnn_2d_residual_small + lstm_image_scale,0.04296875000000001,0.27729740067000724,0.42849819135768086,0.5972222222222222
raw,4,cnn_1d_multiscale_image_scale + cnn_2d_residual_images + cnn_2d_residual_small + lstm_cumulative_scale,0.03762400793650795,0.3165984403167337,0.5372488165906533,0.5833333333333334
raw,4,cnn_1d_multiscale_image_scale + cnn_2d_residual_images + cnn_2d_residual_small + cnnlstm_image_scale,0.04789186507936508,0.19601676385119057,0.21399319475313083,0.5555555555555556
raw,4,cnn_1d_multiscale_image_scale + cnn_2d_residual_images + cnn_2d_residual_small + cnnlstm_cumulative_scale,0.03211805555555555,0.28068471727590505,0.45082187737264534,0.5763888888888888
raw,4,cnn_1d_multiscale_image_scale + cnn_2d_residual_images + lstm_image_scale + lstm_cumulative_scale,0.0390873015873016,0.38216314962943504,0.7027829690958662,0.5763888888888888
raw,4,cnn_1d_multiscale_image_scale + cnn_2d_residual_images + lstm_image_scale + cnnlstm_image_scale,0.03609871031746032,0.18118822610803367,0.1761958168409905,0.5694444444444444
raw,4,cnn_1d_multiscale_image_scale + cnn_2d_residual_images + lstm_image_scale + cnnlstm_cumulative_scale,0.023375496031746042,0.32195347353110654,0.5519702337227768,0.5694444444444444
raw,4,cnn_1d_multiscale_image_scale + cnn_2d_residual_images + lstm_cumulative_scale + cnnlstm_image_scale,0.0349950396825397,0.27567913165353514,0.43317518626344187,0.5833333333333334
raw,4,cnn_1d_multiscale_image_scale + cnn_2d_residual_images + lstm_cumulative_scale + cnnlstm_cumulative_scale,0.014930555555555558,0.21313769652653244,0.26072639181042545,0.5347222222222222
raw,4,cnn_1d_multiscale_image_scale + cnn_2d_residual_images + cnnlstm_image_scale + cnnlstm_cumulative_scale,0.026512896825396832,0.2977859569175297,0.4971250008073367,0.5694444444444444
raw,4,cnn_1d_multiscale_image_scale + cnn_2d_residual_small + lstm_image_scale + lstm_cumulative_scale,0.03835565476190477,0.345819679759684,0.6217471093076259,0.5902777777777778
raw,4,cnn_1d_multiscale_image_scale + cnn_2d_residual_small + lstm_image_scale + cnnlstm_image_scale,0.04340277777777779,0.20328673249651594,0.23396490208537046,0.5902777777777778
raw,4,cnn_1d_multiscale_image_scale + cnn_2d_residual_small + lstm_image_scale + cnnlstm_cumulative_scale,0.029575892857142863,0.37690876043635874,0.7386268024714284,0.6180555555555556
raw,4,cnn_1d_multiscale_image_scale + cnn_2d_residual_small + lstm_cumulative_scale + cnnlstm_image_scale,0.037462797619047625,0.3273144034923804,0.5798967779758994,0.5972222222222222
raw,4,cnn_1d_multiscale_image_scale + cnn_2d_residual_small + lstm_cumulative_scale + cnnlstm_cumulative_scale,0.014806547619047622,0.40559017379374224,0.8138529574288971,0.5902777777777778
raw,4,cnn_1d_multiscale_image_scale + cnn_2d_residual_small + cnnlstm_image_scale + cnnlstm_cumulative_scale,0.03245287698412699,0.36348990734610087,0.7087005938314903,0.5972222222222222
raw,4,cnn_1d_multiscale_image_scale + lstm_image_scale + lstm_cumulative_scale + cnnlstm_image_scale,0.03834325396825398,0.25495859771315715,0.37093936352752355,0.5833333333333334
raw,4,cnn_1d_multiscale_image_scale + lstm_image_scale + lstm_cumulative_scale + cnnlstm_cumulative_scale,0.01418650793650794,0.4093601569173419,0.8511688710177812,0.5902777777777778
raw,4,cnn_1d_multiscale_image_scale + lstm_image_scale + cnnlstm_image_scale + cnnlstm_cumulative_scale,0.02653769841269842,0.3065077831450502,0.5259232537117604,0.5763888888888888
raw,4,cnn_1d_multiscale_image_scale + lstm_cumulative_scale + cnnlstm_image_scale + cnnlstm_cumulative_scale,0.014608134920634924,0.346243780014979,0.652278287469608,0.5555555555555556
raw,4,cnn_2d_residual_images + cnn_2d_residual_small + lstm_image_scale + lstm_cumulative_scale,0.051289682539682566,0.28505092629937,0.44270184830467874,0.5694444444444444
raw,4,cnn_2d_residual_images + cnn_2d_residual_small + lstm_image_scale + cnnlstm_image_scale,0.05482390873015874,0.39686960975299235,0.8035280215652041,0.6180555555555556
raw,4,cnn_2d_residual_images + cnn_2d_residual_small + lstm_image_scale + cnnlstm_cumulative_scale,0.044928075396825404,0.35328255012478327,0.6573207284335296,0.5763888888888888
raw,4,cnn_2d_residual_images + cnn_2d_residual_small + lstm_cumulative_scale + cnnlstm_image_scale,0.05406746031746032,0.34228161670755985,0.6243583246589139,0.5972222222222222
raw,4,cnn_2d_residual_images + cnn_2d_residual_small + lstm_cumulative_scale + cnnlstm_cumulative_scale,0.03134920634920635,0.2851780152280834,0.46134367077748695,0.5694444444444444
raw,4,cnn_2d_residual_images + cnn_2d_residual_small + cnnlstm_image_scale + cnnlstm_cumulative_scale,0.04889632936507938,0.3412212565038171,0.6299614720103339,0.5763888888888888
raw,4,cnn_2d_residual_images + lstm_image_scale + lstm_cumulative_scale + cnnlstm_image_scale,0.041790674603174614,0.22975433438255843,0.308086137487686,0.5763888888888888
raw,4,cnn_2d_residual_images + lstm_image_scale + lstm_cumulative_scale + cnnlstm_cumulative_scale,0.02981150793650794,0.3896551540360014,0.7585942772130361,0.5972222222222222
raw,4,cnn_2d_residual_images + lstm_image_scale + cnnlstm_image_scale + cnnlstm_cumulative_scale,0.033692956349206354,0.3780965381632931,0.7743297143335517,0.5902777777777778
raw,4,cnn_2d_residual_images + lstm_cumulative_scale + cnnlstm_image_scale + cnnlstm_cumulative_scale,0.02397073412698413,0.33546788437985636,0.6020816198677281,0.5694444444444444
raw,4,cnn_2d_residual_small + lstm_image_scale + lstm_cumulative_scale + cnnlstm_image_scale,0.053509424603174614,0.3726272287585792,0.7155495759158685,0.6111111111111112
raw,4,cnn_2d_residual_small + lstm_image_scale + lstm_cumulative_scale + cnnlstm_cumulative_scale,0.02793898809523809,0.46942521987805624,1.0177722555205055,0.625
raw,4,cnn_2d_residual_small + lstm_image_scale + cnnlstm_image_scale + cnnlstm_cumulative_scale,0.04603174603174605,0.47436465810640266,1.064026608678541,0.5902777777777778
raw,4,cnn_2d_residual_small + lstm_cumulative_scale + cnnlstm_image_scale + cnnlstm_cumulative_scale,0.03406498015873017,0.3302601959368866,0.5829493959212466,0.5972222222222222
raw,4,lstm_image_scale + lstm_cumulative_scale + cnnlstm_image_scale + cnnlstm_cumulative_scale,0.026116071428571436,0.42020336273582454,0.8703632802615804,0.5972222222222222
rank,1,logistic_image_scale,0.03924851190476191,0.38500929176343807,0.6569180682499105,0.5902777777777778
rank,1,logistic_cumulative_scale,-0.007217261904761907,0.07643795194437607,-0.05122835965927475,0.5555555555555556
rank,1,cnn_1d_image_scale,-0.001004464285714283,0.07272599856082221,-0.04692768954985116,0.5486111111111112
rank,1,cnn_2d_rendered_images,0.002194940476190475,0.20192275551052374,0.22900550409906772,0.5694444444444444
rank,1,cnn_1d_attention_image_scale,0.023127480158730167,0.2681053526198874,0.39175317958670086,0.5902777777777778
rank,1,cnn_1d_cumulative_scale,0.027095734126984128,0.5214478524828869,0.9977374615768371,0.5902777777777778
rank,1,cnn_1d_dilated_image_scale,0.027963789682539684,0.35437782903443815,0.6661490312217502,0.5694444444444444
rank,1,cnn_1d_multiscale_image_scale,0.008692956349206344,0.24587455819518209,0.34244988462400405,0.5833333333333334
rank,1,cnn_2d_residual_images,0.007226267715429987,0.09561768049766343,0.01536367262259164,0.5486111111111112
rank,1,cnn_2d_residual_small,0.04261262688625306,0.20800248243214942,0.25282484636839997,0.5902777777777778
rank,1,lstm_image_scale,0.050607638888888896,0.18522778907459791,0.1875003842474261,0.5486111111111112
rank,1,lstm_cumulative_scale,-0.01674107142857143,0.29723349838486995,0.4825325417178552,0.5763888888888888
rank,1,cnnlstm_image_scale,0.04482886904761906,0.43372873123002603,0.899801674505295,0.5763888888888888
rank,1,cnnlstm_cumulative_scale,-0.012549603174603175,0.36099154509879655,0.5787823921091009,0.5625
rank,2,logistic_image_scale + logistic_cumulative_scale,0.01954031019024781,0.17898561402289156,0.18712295770329113,0.5694444444444444
rank,2,logistic_image_scale + cnn_1d_image_scale,0.015707181605535005,0.2025130514654977,0.23740177323811085,0.5555555555555556
rank,2,logistic_image_scale + cnn_2d_rendered_images,0.02375048192344009,0.33140344137844424,0.584613300829937,0.5972222222222222
rank,2,logistic_image_scale + cnn_1d_attention_image_scale,0.03340105735365744,0.5564308333265511,1.131119486533013,0.6111111111111112
rank,2,logistic_image_scale + cnn_1d_cumulative_scale,0.04510245185236396,0.43007865660933864,0.8000726332157941,0.5902777777777778
rank,2,logistic_image_scale + cnn_1d_dilated_image_scale,0.03831722259491479,0.3776856501222104,0.7536490723863347,0.5972222222222222
rank,2,logistic_image_scale + cnn_1d_multiscale_image_scale,0.030951363511096102,0.44026810562306196,0.9609773185851791,0.5972222222222222
rank,2,logistic_image_scale + cnn_2d_residual_images,0.021382776529934797,0.3131045443340852,0.5203717027214567,0.5694444444444444
rank,2,logistic_image_scale + cnn_2d_residual_small,0.057030671651793555,0.3984947812453798,0.7963209529033366,0.6319444444444444
rank,2,logistic_image_scale + lstm_image_scale,0.05081480496017191,0.2583654695190925,0.3872225283997688,0.5625
rank,2,logistic_image_scale + lstm_cumulative_scale,0.012871797447991062,0.26684240910355705,0.3855588068701532,0.5833333333333334
rank,2,logistic_image_scale + cnnlstm_image_scale,0.0532213244353133,0.4017354050059473,0.7748690032673531,0.5972222222222222
rank,2,logistic_image_scale + cnnlstm_cumulative_scale,0.0161123918919421,0.45373180437803806,0.90445157450095,0.5625
rank,2,logistic_cumulative_scale + cnn_1d_image_scale,-0.010476443482962205,0.15204279577324478,0.12332932783318196,0.5833333333333334
rank,2,logistic_cumulative_scale + cnn_2d_rendered_images,-0.014089151065860244,0.10868199478625903,0.028546633762635887,0.5694444444444444
rank,2,logistic_cumulative_scale + cnn_1d_attention_image_scale,0.010895641664815556,0.15151720193346474,0.12194093307754494,0.5833333333333334
rank,2,logistic_cumulative_scale + cnn_1d_cumulative_scale,0.009559682653020814,0.32510821563426207,0.5822722020888262,0.5625
rank,2,logistic_cumulative_scale + cnn_1d_dilated_image_scale,0.004305186719806215,0.16886383103840247,0.16434622824740575,0.5486111111111112
rank,2,logistic_cumulative_scale + cnn_1d_multiscale_image_scale,-0.006132729603554596,0.22603374599665765,0.30817346320952277,0.5902777777777778
rank,2,logistic_cumulative_scale + cnn_2d_residual_images,-0.008824388480194758,0.057610641503992026,-0.08115231275012524,0.5694444444444444
rank,2,logistic_cumulative_scale + cnn_2d_residual_small,0.020912474810343987,0.2541245778740682,0.38316124741206226,0.5902777777777778
rank,2,logistic_cumulative_scale + lstm_image_scale,0.02303076192782521,0.13399833555819599,0.08052276292394,0.5694444444444444
rank,2,logistic_cumulative_scale + lstm_cumulative_scale,-0.01369093248597194,0.14945801629979238,0.12372587691228021,0.5347222222222222
rank,2,logistic_cumulative_scale + cnnlstm_image_scale,0.022010527680253238,0.3194802004208844,0.5582893522785397,0.5833333333333334
rank,2,logistic_cumulative_scale + cnnlstm_cumulative_scale,-0.007225078476052212,0.2391458045065454,0.3473249651988626,0.5694444444444444
rank,2,cnn_1d_image_scale + cnn_2d_rendered_images,0.005322425064836498,0.21583465060438795,0.2630107284611638,0.5763888888888888
rank,2,cnn_1d_image_scale + cnn_1d_attention_image_scale,0.004423295589892115,0.25478943694849815,0.36252830825210447,0.5972222222222222
rank,2,cnn_1d_image_scale + cnn_1d_cumulative_scale,0.0157113887808951,0.18050157347297177,0.1827181743774302,0.5625
rank,2,cnn_1d_image_scale + cnn_1d_dilated_image_scale,0.01755471826920103,0.20933675533799617,0.249957960229078,0.5625
rank,2,cnn_1d_image_scale + cnn_1d_multiscale_image_scale,0.0021511032995760945,0.18161289830804378,0.18225728168688282,0.5555555555555556
rank,2,cnn_1d_image_scale + cnn_2d_residual_images,0.006722146388098591,0.11266051546713274,0.03358979712734311,0.5416666666666666
rank,2,cnn_1d_image_scale + cnn_2d_residual_small,0.034707815049813885,0.2364405274110873,0.32005684681556645,0.5625
rank,2,cnn_1d_image_scale + lstm_image_scale,0.0334847656788467,0.25398303540134864,0.3561422102055183,0.5972222222222222
rank,2,cnn_1d_image_scale + lstm_cumulative_scale,-0.01164438940981349,0.31278459260092045,0.5341176898403697,0.5902777777777778
rank,2,cnn_1d_image_scale + cnnlstm_image_scale,0.02291726057702177,0.18502092415771731,0.19259232785469393,0.5694444444444444
rank,2,cnn_1d_image_scale + cnnlstm_cumulative_scale,-0.017757755647219885,0.280737728856035,0.4396607845016778,0.5833333333333334
rank,2,cnn_2d_rendered_images + cnn_1d_attention_image_scale,0.017278428560586888,0.27019693809959516,0.39469966092394215,0.5694444444444444
rank,2,cnn_2d_rendered_images + cnn_1d_cumulative_scale,0.017657900080908506,0.19977326331175335,0.23089470936257261,0.5486111111111112
rank,2,cnn_2d_rendered_images + cnn_1d_dilated_image_scale,0.017406129181405446,0.2794748937574804,0.4275736728295769,0.5833333333333334
rank,2,cnn_2d_rendered_images + cnn_1d_multiscale_image_scale,0.009495601662836901,0.26068024559199826,0.375870432362555,0.5694444444444444
rank,2,cnn_2d_rendered_images + cnn_2d_residual_images,-0.002017093832137294,0.13089068267682388,0.07203946716151743,0.5625
rank,2,cnn_2d_rendered_images + cnn_2d_residual_small,0.03094420235504029,0.26728293467867076,0.3973869793386866,0.625
rank,2,cnn_2d_rendered_images + lstm_image_scale,0.028313368474262576,0.2763612672652585,0.4235147280097844,0.5972222222222222
rank,2,cnn_2d_rendered_images + lstm_cumulative_scale,-0.012028761681958659,0.3147092072625983,0.5321802596345704,0.5555555555555556
rank,2,cnn_2d_rendered_images + cnnlstm_image_scale,0.02431429401736258,0.26250995921934694,0.38648522171167055,0.6111111111111112
rank,2,cnn_2d_rendered_images + cnnlstm_cumulative_scale,-0.015856639583756712,0.26214703376046705,0.39179735717319897,0.5555555555555556
rank,2,cnn_1d_attention_image_scale + cnn_1d_cumulative_scale,0.03394799164884565,0.27184070934777105,0.41638348728673513,0.5833333333333334
rank,2,cnn_1d_attention_image_scale + cnn_1d_dilated_image_scale,0.027444884042677305,0.25434316387458844,0.36332280201304856,0.5972222222222222
rank,2,cnn_1d_attention_image_scale + cnn_1d_multiscale_image_scale,0.014038986277692844,0.2713059642432062,0.4043213974178397,0.5833333333333334
rank,2,cnn_1d_attention_image_scale + cnn_2d_residual_images,0.020653569792495358,0.23677745841764894,0.3081679144556406,0.5763888888888888
rank,2,cnn_1d_attention_image_scale + cnn_2d_residual_small,0.04752463937189932,0.32645910126150857,0.5665260673622843,0.5763888888888888
rank,2,cnn_1d_attention_image_scale + lstm_image_scale,0.04209642616789652,0.28788312686341144,0.4566096679752212,0.5972222222222222
rank,2,cnn_1d_attention_image_scale + lstm_cumulative_scale,0.007772932967983426,0.23687380882313136,0.3266730576980241,0.5833333333333334
rank,2,cnn_1d_attention_image_scale + cnnlstm_image_scale,0.040469315126767325,0.3010338273952578,0.49824348086161163,0.6041666666666666
rank,2,cnn_1d_attention_image_scale + cnnlstm_cumulative_scale,0.004843803598761652,0.2165684109720629,0.2713763392318007,0.5902777777777778
rank,2,cnn_1d_cumulative_scale + cnn_1d_dilated_image_scale,0.030447346868569983,0.24451546904734855,0.3421003061597183,0.5972222222222222
rank,2,cnn_1d_cumulative_scale + cnn_1d_multiscale_image_scale,0.024373689458750587,0.23231487356548153,0.3158712518663447,0.5972222222222222
rank,2,cnn_1d_cumulative_scale + cnn_2d_residual_images,0.01986740799871063,0.16557456088083883,0.14930988328611883,0.5555555555555556
rank,2,cnn_1d_cumulative_scale + cnn_2d_residual_small,0.048448591215139676,0.2261011097408922,0.3045783938956812,0.5833333333333334
rank,2,cnn_1d_cumulative_scale + lstm_image_scale,0.05287670201279987,0.3236863228100841,0.5946509465300778,0.6041666666666666
rank,2,cnn_1d_cumulative_scale + lstm_cumulative_scale,0.014774442496773375,0.40647547420005903,0.8210676448647367,0.5763888888888888
rank,2,cnn_1d_cumulative_scale + cnnlstm_image_scale,0.04667111064036014,0.6488562359127356,1.606251644293633,0.5902777777777778
rank,2,cnn_1d_cumulative_scale + cnnlstm_cumulative_scale,0.01383104065586479,0.44251841941752,0.7711175321903754,0.5763888888888888
rank,2,cnn_1d_dilated_image_scale + cnn_1d_multiscale_image_scale,0.018835035995633295,0.20939656640139875,0.25157200107943756,0.5625
rank,2,cnn_1d_dilated_image_scale + cnn_2d_residual_images,0.02167442867442643,0.24224139154744936,0.3339987524110444,0.5555555555555556
rank,2,cnn_1d_dilated_image_scale + cnn_2d_residual_small,0.04587566697247345,0.3515331358498548,0.6480596819764919,0.5902777777777778
rank,2,cnn_1d_dilated_image_scale + lstm_image_scale,0.042249432560197885,0.26052817574126946,0.3880424435359082,0.5833333333333334
rank,2,cnn_1d_dilated_image_scale + lstm_cumulative_scale,0.010220600210414236,0.276157173653222,0.4243936814221898,0.5416666666666666
rank,2,cnn_1d_dilated_image_scale + cnnlstm_image_scale,0.0390586638685106,0.12668207313728475,0.05964426955600666,0.5555555555555556
rank,2,cnn_1d_dilated_image_scale + cnnlstm_cumulative_scale,0.013809256086574007,0.2400223170240056,0.32936537207418004,0.5833333333333334
rank,2,cnn_1d_multiscale_image_scale + cnn_2d_residual_images,0.007934622568717221,0.23598898006906277,0.3144680921721714,0.5486111111111112
rank,2,cnn_1d_multiscale_image_scale + cnn_2d_residual_small,0.03237996044124663,0.27887511800853987,0.4361341991954104,0.6111111111111112
rank,2,cnn_1d_multiscale_image_scale + lstm_image_scale,0.03320323095361688,0.32560039730348994,0.5736109942232692,0.5902777777777778
rank,2,cnn_1d_multiscale_image_scale + lstm_cumulative_scale,-0.010518961632391818,0.3021067641303544,0.5160075572426708,0.5833333333333334
rank,2,cnn_1d_multiscale_image_scale + cnnlstm_image_scale,0.028191367837054265,0.1753646591660777,0.16898213251103322,0.5902777777777778
rank,2,cnn_1d_multiscale_image_scale + cnnlstm_cumulative_scale,-0.006626050318845836,0.32431671956139874,0.5745605933251152,0.5763888888888888
rank,2,cnn_2d_residual_images + cnn_2d_residual_small,0.028115176591247938,0.24737674296902593,0.34050553303392883,0.5833333333333334
rank,2,cnn_2d_residual_images + lstm_image_scale,0.03240252003223074,0.39999304965277144,0.7736584272743019,0.5902777777777778
rank,2,cnn_2d_residual_images + lstm_cumulative_scale,-0.012624052131939833,0.3624723525008354,0.6576777458549239,0.5902777777777778
rank,2,cnn_2d_residual_images + cnnlstm_image_scale,0.028012586031671522,0.07968600694818335,-0.039294549713080884,0.5833333333333334
rank,2,cnn_2d_residual_images + cnnlstm_cumulative_scale,-0.007971301602208158,0.2549413923819167,0.3681464347779231,0.5625
rank,2,cnn_2d_residual_small + lstm_image_scale,0.05783346988530451,0.2289880536613449,0.2945013295105352,0.5833333333333334
rank,2,cnn_2d_residual_small + lstm_cumulative_scale,0.02335018978018439,0.3165006313279958,0.5415193344933416,0.5972222222222222
rank,2,cnn_2d_residual_small + cnnlstm_image_scale,0.05787664179547553,0.5334792325353512,1.093821894013653,0.625
rank,2,cnn_2d_residual_small + cnnlstm_cumulative_scale,0.013697903480674902,0.39104029012095515,0.7631226934586897,0.5972222222222222
rank,2,lstm_image_scale + lstm_cumulative_scale,0.02022694910633301,0.3377279694430511,0.624360784750865,0.5625
rank,2,lstm_image_scale + cnnlstm_image_scale,0.05313005852922793,0.369254625392686,0.7430762905593797,0.5763888888888888
rank,2,lstm_image_scale + cnnlstm_cumulative_scale,0.01979784674334736,0.39674277999210117,0.8592459967622337,0.5902777777777778
rank,2,lstm_cumulative_scale + cnnlstm_image_scale,0.014088214592443932,0.2636521240049861,0.4001649036796546,0.5625
rank,2,lstm_cumulative_scale + cnnlstm_cumulative_scale,-0.011688708816062198,0.2743735522599432,0.4107331262536573,0.5902777777777778
rank,2,cnnlstm_image_scale + cnnlstm_cumulative_scale,0.021768507736727147,0.43184467022740486,0.8028455622730506,0.5972222222222222
rank,3,logistic_image_scale + logistic_cumulative_scale + cnn_1d_image_scale,0.009329343102234846,0.1641368904364408,0.1527035202240612,0.5555555555555556
rank,3,logistic_image_scale + logistic_cumulative_scale + cnn_2d_rendered_images,0.010114302642671182,0.23194197375152123,0.32452019007851773,0.5625
rank,3,logistic_image_scale + logistic_cumulative_scale + cnn_1d_attention_image_scale,0.023341065175590633,0.326059546452125,0.5956888389802544,0.5833333333333334
rank,3,logistic_image_scale + logistic_cumulative_scale + cnn_1d_cumulative_scale,0.029405073930617566,0.34819396204294967,0.6245008360472655,0.5486111111111112
rank,3,logistic_image_scale + logistic_cumulative_scale + cnn_1d_dilated_image_scale,0.02766776146025929,0.34048053479120854,0.6611014672713682,0.5555555555555556
rank,3,logistic_image_scale + logistic_cumulative_scale + cnn_1d_multiscale_image_scale,0.019963178409488747,0.30424121579860214,0.5388628883794333,0.5694444444444444
rank,3,logistic_image_scale + logistic_cumulative_scale + cnn_2d_residual_images,0.012848383009688567,0.06934851856615397,-0.047160632093920074,0.5416666666666666
rank,3,logistic_image_scale + logistic_cumulative_scale + cnn_2d_residual_small,0.041171090343735374,0.2353838475131991,0.3320961320962781,0.5902777777777778
rank,3,logistic_image_scale + logistic_cumulative_scale + lstm_image_scale,0.03125163284135665,0.20382503472010793,0.25258919595905827,0.5694444444444444
rank,3,logistic_image_scale + logistic_cumulative_scale + lstm_cumulative_scale,0.015051763400576472,0.21389512770661007,0.2761488443096698,0.5625
rank,3,logistic_image_scale + logistic_cumulative_scale + cnnlstm_image_scale,0.03409857003528798,0.30146861047376255,0.5080314403595365,0.5694444444444444
rank,3,logistic_image_scale + logistic_cumulative_scale + cnnlstm_cumulative_scale,0.013561798690026026,0.3984063624081616,0.8255126700605739,0.5833333333333334
rank,3,logistic_image_scale + cnn_1d_image_scale + cnn_2d_rendered_images,0.010208776565792513,0.1844813159857588,0.18975525449911124,0.5694444444444444
rank,3,logistic_image_scale + cnn_1d_image_scale + cnn_1d_attention_image_scale,0.015413549432742014,0.1839284135036122,0.1882429514046562,0.5486111111111112
rank,3,logistic_image_scale + cnn_1d_image_scale + cnn_1d_cumulative_scale,0.03195216732230677,0.23950257368750907,0.33037778366813786,0.5486111111111112
rank,3,logistic_image_scale + cnn_1d_image_scale + cnn_1d_dilated_image_scale,0.02308157138776268,0.28499751298552095,0.4540086810524211,0.5486111111111112
rank,3,logistic_image_scale + cnn_1d_image_scale + cnn_1d_multiscale_image_scale,0.015261108134074346,0.17329502486933768,0.16361098887294623,0.5625
rank,3,logistic_image_scale + cnn_1d_image_scale + cnn_2d_residual_images,0.006736241093055965,0.1644776386288051,0.15410634060229333,0.5416666666666666
rank,3,logistic_image_scale + cnn_1d_image_scale + cnn_2d_residual_small,0.04129701980541685,0.35944872265959177,0.6454515648956576,0.5625
rank,3,logistic_image_scale + cnn_1d_image_scale + lstm_image_scale,0.041627956007703484,0.17883486651344685,0.1844300209100027,0.5625
rank,3,logistic_image_scale + cnn_1d_image_scale + lstm_cumulative_scale,0.016050468529730768,0.3424261443211567,0.6037828882724199,0.5694444444444444
rank,3,logistic_image_scale + cnn_1d_image_scale + cnnlstm_image_scale,0.03424836704274877,0.22955923222702213,0.3044816782400941,0.5625
rank,3,logistic_image_scale + cnn_1d_image_scale + cnnlstm_cumulative_scale,0.009696124091196228,0.38787492571364846,0.6780438038564307,0.5763888888888888
rank,3,logistic_image_scale + cnn_2d_rendered_images + cnn_1d_attention_image_scale,0.02445615438998539,0.3179938100622077,0.530162756817016,0.5902777777777778
rank,3,logistic_image_scale + cnn_2d_rendered_images + cnn_1d_cumulative_scale,0.026935360834227425,0.30268082578246897,0.5027555195205455,0.5416666666666666
rank,3,logistic_image_scale + cnn_2d_rendered_images + cnn_1d_dilated_image_scale,0.024137048915249613,0.33298365112547273,0.5878539686184201,0.5833333333333334
rank,3,logistic_image_scale + cnn_2d_rendered_images + cnn_1d_multiscale_image_scale,0.021169036503861777,0.27844705129691777,0.4292642642913931,0.5833333333333334
rank,3,logistic_image_scale + cnn_2d_rendered_images + cnn_2d_residual_images,0.008036238450584111,0.2801706359939049,0.42323381365625634,0.5833333333333334
rank,3,logistic_image_scale + cnn_2d_rendered_images + cnn_2d_residual_small,0.03975209094701385,0.34258715876045476,0.6054747130535469,0.5972222222222222
rank,3,logistic_image_scale + cnn_2d_rendered_images + lstm_image_scale,0.036458444376542956,0.23683291800627726,0.3211100392727444,0.5625
rank,3,logistic_image_scale + cnn_2d_rendered_images + lstm_cumulative_scale,0.010389454414533119,0.49800390379030207,1.0677368447198683,0.5902777777777778
rank,3,logistic_image_scale + cnn_2d_rendered_images + cnnlstm_image_scale,0.03598738765698444,0.2941862928617744,0.48129462872353646,0.5763888888888888
rank,3,logistic_image_scale + cnn_2d_rendered_images + cnnlstm_cumulative_scale,-0.00020979458698726762,0.34312110383187994,0.5754276168679349,0.5486111111111112
rank,3,logistic_image_scale + cnn_1d_attention_image_scale + cnn_1d_cumulative_scale,0.04169725201634806,0.5031972632236056,1.0532685834663584,0.5694444444444444
rank,3,logistic_image_scale + cnn_1d_attention_image_scale + cnn_1d_dilated_image_scale,0.03214193855997591,0.2648515944532198,0.3877739848031774,0.5694444444444444
rank,3,logistic_image_scale + cnn_1d_attention_image_scale + cnn_1d_multiscale_image_scale,0.02912472902231807,0.3658606282125905,0.7097541194294195,0.5972222222222222
rank,3,logistic_image_scale + cnn_1d_attention_image_scale + cnn_2d_residual_images,0.026983778103344278,0.3613146951883,0.639712650454167,0.5625
rank,3,logistic_image_scale + cnn_1d_attention_image_scale + cnn_2d_residual_small,0.05179812140057242,0.25239564316500895,0.3472560575449086,0.5694444444444444
rank,3,logistic_image_scale + cnn_1d_attention_image_scale + lstm_image_scale,0.05616615701563558,0.4047904292116726,0.8125170071594072,0.5902777777777778
rank,3,logistic_image_scale + cnn_1d_attention_image_scale + lstm_cumulative_scale,0.02811141945051247,0.46000083476760284,0.9586829110524338,0.6041666666666666
rank,3,logistic_image_scale + cnn_1d_attention_image_scale + cnnlstm_image_scale,0.05140475831347495,0.5089842833870369,1.0613681777881987,0.5833333333333334
rank,3,logistic_image_scale + cnn_1d_attention_image_scale + cnnlstm_cumulative_scale,0.025220886458635346,0.43269307369213394,0.8511436634886147,0.5833333333333334
rank,3,logistic_image_scale + cnn_1d_cumulative_scale + cnn_1d_dilated_image_scale,0.04388458213462245,0.38932405495108996,0.8142138145882425,0.5763888888888888
rank,3,logistic_image_scale + cnn_1d_cumulative_scale + cnn_1d_multiscale_image_scale,0.0347977332052818,0.5659537981605287,1.2744359428463499,0.5902777777777778
rank,3,logistic_image_scale + cnn_1d_cumulative_scale + cnn_2d_residual_images,0.033884791959330335,0.3835307527182052,0.7338128194860734,0.5625
rank,3,logistic_image_scale + cnn_1d_cumulative_scale + cnn_2d_residual_small,0.06139266798464019,0.6302245654661092,1.460915831565035,0.5763888888888888
rank,3,logistic_image_scale + cnn_1d_cumulative_scale + lstm_image_scale,0.05802753099663703,0.5651232990203453,1.206259115696322,0.5972222222222222
rank,3,logistic_image_scale + cnn_1d_cumulative_scale + lstm_cumulative_scale,0.028117508073407724,0.31015144443883,0.522444873347325,0.5833333333333334
rank,3,logistic_image_scale + cnn_1d_cumulative_scale + cnnlstm_image_scale,0.057642510692065524,0.5745854367273538,1.3074366638192805,0.5902777777777778
rank,3,logistic_image_scale + cnn_1d_cumulative_scale + cnnlstm_cumulative_scale,0.021490416804605457,0.49176423588272666,1.0647528908994386,0.5486111111111112
rank,3,logistic_image_scale + cnn_1d_dilated_image_scale + cnn_1d_multiscale_image_scale,0.036273109554891936,0.3889815487631419,0.7893585108615515,0.5902777777777778
rank,3,logistic_image_scale + cnn_1d_dilated_image_scale + cnn_2d_residual_images,0.027625143931911744,0.37097285143882025,0.6942650596093407,0.5625
rank,3,logistic_image_scale + cnn_1d_dilated_image_scale + cnn_2d_residual_small,0.05237945467083037,0.24705404382613336,0.3488813809532274,0.5625
rank,3,logistic_image_scale + cnn_1d_dilated_image_scale + lstm_image_scale,0.05783354110468876,0.319599785618086,0.5567097810108632,0.5902777777777778
rank,3,logistic_image_scale + cnn_1d_dilated_image_scale + lstm_cumulative_scale,0.028205070052837577,0.39290195277702283,0.738257148574202,0.5972222222222222
rank,3,logistic_image_scale + cnn_1d_dilated_image_scale + cnnlstm_image_scale,0.0473648213587429,0.2598672982485342,0.3893279109014012,0.5694444444444444
rank,3,logistic_image_scale + cnn_1d_dilated_image_scale + cnnlstm_cumulative_scale,0.0189649566161092,0.3382207684821834,0.5646724143864121,0.5763888888888888
rank,3,logistic_image_scale + cnn_1d_multiscale_image_scale + cnn_2d_residual_images,0.021907045986214745,0.3387656938681353,0.6098993069544314,0.5833333333333334
rank,3,logistic_image_scale + cnn_1d_multiscale_image_scale + cnn_2d_residual_small,0.04639960302491105,0.36291584238260083,0.6672929696359298,0.5902777777777778
rank,3,logistic_image_scale + cnn_1d_multiscale_image_scale + lstm_image_scale,0.04072734159793041,0.311969252319686,0.5297846902235857,0.5625
rank,3,logistic_image_scale + cnn_1d_multiscale_image_scale + lstm_cumulative_scale,0.023757247924022954,0.3987200819706114,0.7927031080713556,0.6041666666666666
rank,3,logistic_image_scale + cnn_1d_multiscale_image_scale + cnnlstm_image_scale,0.0404969728087543,0.3573678232425878,0.6112279096729833,0.5833333333333334
rank,3,logistic_image_scale + cnn_1d_multiscale_image_scale + cnnlstm_cumulative_scale,0.017133101430539012,0.4055789545261346,0.7620856658237147,0.5972222222222222
rank,3,logistic_image_scale + cnn_2d_residual_images + cnn_2d_residual_small,0.04074936414532847,0.31277100387030055,0.5031050115830085,0.5694444444444444
rank,3,logistic_image_scale + cnn_2d_residual_images + lstm_image_scale,0.03853176886849745,0.31047283394122954,0.5164662237502664,0.5555555555555556
rank,3,logistic_image_scale + cnn_2d_residual_images + lstm_cumulative_scale,0.014158956363986546,0.4309550897940085,0.898875556557234,0.5902777777777778
rank,3,logistic_image_scale + cnn_2d_residual_images + cnnlstm_image_scale,0.04106066035810837,0.4292236032789476,0.8224432091148994,0.5694444444444444
rank,3,logistic_image_scale + cnn_2d_residual_images + cnnlstm_cumulative_scale,0.007917142944901836,0.4309160947552836,0.799170084531714,0.5625
rank,3,logistic_image_scale + cnn_2d_residual_small + lstm_image_scale,0.05677242596849933,0.3718582838760254,0.6929862004216947,0.5833333333333334
rank,3,logistic_image_scale + cnn_2d_residual_small + lstm_cumulative_scale,0.03394730571480285,0.38552216123908795,0.7102866916935715,0.5763888888888888
rank,3,logistic_image_scale + cnn_2d_residual_small + cnnlstm_image_scale,0.06018595469146683,0.46986802148912044,0.9551419350665187,0.5972222222222222
rank,3,logistic_image_scale + cnn_2d_residual_small + cnnlstm_cumulative_scale,0.029998037338912438,0.4533227907886434,0.8772278725712528,0.5902777777777778
rank,3,logistic_image_scale + lstm_image_scale + lstm_cumulative_scale,0.03301101820339638,0.3924045280429727,0.7818692920098151,0.5416666666666666
rank,3,logistic_image_scale + lstm_image_scale + cnnlstm_image_scale,0.0561675006754574,0.3275520494176245,0.5410512502031177,0.5694444444444444
rank,3,logistic_image_scale + lstm_image_scale + cnnlstm_cumulative_scale,0.032757641542698876,0.5265412236729982,1.1904831203343513,0.5833333333333334
rank,3,logistic_image_scale + lstm_cumulative_scale + cnnlstm_image_scale,0.027471188900951758,0.549407038797078,1.2757481262827137,0.5555555555555556
rank,3,logistic_image_scale + lstm_cumulative_scale + cnnlstm_cumulative_scale,0.004587388583791905,0.38615513470143004,0.7513858195634149,0.6041666666666666
rank,3,logistic_image_scale + cnnlstm_image_scale + cnnlstm_cumulative_scale,0.032354731255786605,0.49075385360884205,1.0387392559941175,0.5625
rank,3,logistic_cumulative_scale + cnn_1d_image_scale + cnn_2d_rendered_images,-0.012816156135507099,0.167147003041215,0.16024032450359194,0.5555555555555556
rank,3,logistic_cumulative_scale + cnn_1d_image_scale + cnn_1d_attention_image_scale,-0.004646056783172112,0.2831295389766855,0.4548287799278288,0.5902777777777778
rank,3,logistic_cumulative_scale + cnn_1d_image_scale + cnn_1d_cumulative_scale,0.011314543785475098,0.31009601095687295,0.5523559454317895,0.5763888888888888
rank,3,logistic_cumulative_scale + cnn_1d_image_scale + cnn_1d_dilated_image_scale,-0.0037416617478353603,0.21950215590800248,0.28842543306511015,0.5416666666666666
rank,3,logistic_cumulative_scale + cnn_1d_image_scale + cnn_1d_multiscale_image_scale,-0.0035204241594379996,0.24009276365448737,0.3348643801368938,0.5833333333333334
rank,3,logistic_cumulative_scale + cnn_1d_image_scale + cnn_2d_residual_images,-0.01017962189131284,0.055407632036416514,-0.07381140176337053,0.5416666666666666
rank,3,logistic_cumulative_scale + cnn_1d_image_scale + cnn_2d_residual_small,0.015275159975492057,0.19560638890583795,0.22729063030699148,0.5555555555555556
rank,3,logistic_cumulative_scale + cnn_1d_image_scale + lstm_image_scale,0.021568614050067558,0.17962713000765768,0.1896232138452414,0.5694444444444444
rank,3,logistic_cumulative_scale + cnn_1d_image_scale + lstm_cumulative_scale,-0.0036302866905102674,0.24980058738822056,0.36863849230907464,0.5555555555555556
rank,3,logistic_cumulative_scale + cnn_1d_image_scale + cnnlstm_image_scale,0.02094266695348162,0.19550892423797694,0.2289248798935446,0.5833333333333334
rank,3,logistic_cumulative_scale + cnn_1d_image_scale + cnnlstm_cumulative_scale,-0.010390114768230848,0.07149944937531869,-0.044603554807637225,0.5694444444444444
rank,3,logistic_cumulative_scale + cnn_2d_rendered_images + cnn_1d_attention_image_scale,0.003781480687135165,0.2909572710912008,0.48028316668036575,0.5833333333333334
rank,3,logistic_cumulative_scale + cnn_2d_rendered_images + cnn_1d_cumulative_scale,0.0043314324757115,0.20260730525787726,0.2492305001158912,0.5416666666666666
rank,3,logistic_cumulative_scale + cnn_2d_rendered_images + cnn_1d_dilated_image_scale,-0.00382286790690221,0.2632420319261276,0.4013733070387131,0.5763888888888888
rank,3,logistic_cumulative_scale + cnn_2d_rendered_images + cnn_1d_multiscale_image_scale,-0.00619212025501332,0.2183641043166682,0.28500067932803685,0.5625
rank,3,logistic_cumulative_scale + cnn_2d_rendered_images + cnn_2d_residual_images,-0.011219412511222401,0.07784906279935093,-0.023940142965071742,0.5625
rank,3,logistic_cumulative_scale + cnn_2d_rendered_images + cnn_2d_residual_small,0.015463712385240714,0.26740831642983964,0.4182997988526258,0.5625
rank,3,logistic_cumulative_scale + cnn_2d_rendered_images + lstm_image_scale,0.014982607587587234,0.2464005079208259,0.36046978574607014,0.5763888888888888
rank,3,logistic_cumulative_scale + cnn_2d_rendered_images + lstm_cumulative_scale,-0.009142595442497233,0.24969039080127062,0.3675758252170487,0.5694444444444444
rank,3,logistic_cumulative_scale + cnn_2d_rendered_images + cnnlstm_image_scale,0.01406508071247825,0.21142004370199186,0.2631171208864995,0.5486111111111112
rank,3,logistic_cumulative_scale + cnn_2d_rendered_images + cnnlstm_cumulative_scale,-0.015812234050328305,0.21621399088350893,0.28780363140012954,0.5486111111111112
rank,3,logistic_cumulative_scale + cnn_1d_attention_image_scale + cnn_1d_cumulative_scale,0.013079303347172446,0.32376734467558554,0.5991685330018519,0.5763888888888888
rank,3,logistic_cumulative_scale + cnn_1d_attention_image_scale + cnn_1d_dilated_image_scale,0.011510320135538817,0.264117523539586,0.40730941904434514,0.5833333333333334
rank,3,logistic_cumulative_scale + cnn_1d_attention_image_scale + cnn_1d_multiscale_image_scale,0.013588022283709339,0.1845870018029684,0.20092433441452595,0.5833333333333334
rank,3,logistic_cumulative_scale + cnn_1d_attention_image_scale + cnn_2d_residual_images,0.0038094191475746613,0.12969408028050755,0.07714879765337335,0.5694444444444444
rank,3,logistic_cumulative_scale + cnn_1d_attention_image_scale + cnn_2d_residual_small,0.029049209160459128,0.24701724747238632,0.3542465771286314,0.5625
rank,3,logistic_cumulative_scale + cnn_1d_attention_image_scale + lstm_image_scale,0.03850614890372657,0.34970934730746367,0.7045276168623984,0.5625
rank,3,logistic_cumulative_scale + cnn_1d_attention_image_scale + lstm_cumulative_scale,0.006962646079818227,0.23197798656285715,0.3214335694243162,0.5694444444444444
rank,3,logistic_cumulative_scale + cnn_1d_attention_image_scale + cnnlstm_image_scale,0.03506226171998482,0.2794170593721283,0.4551928822051394,0.5833333333333334
rank,3,logistic_cumulative_scale + cnn_1d_attention_image_scale + cnnlstm_cumulative_scale,0.0038058889649886995,0.23391860579680174,0.3291595094140065,0.5833333333333334
rank,3,logistic_cumulative_scale + cnn_1d_cumulative_scale + cnn_1d_dilated_image_scale,0.018480035283448222,0.3238097706580789,0.5889480049108053,0.5902777777777778
rank,3,logistic_cumulative_scale + cnn_1d_cumulative_scale + cnn_1d_multiscale_image_scale,0.012497236746280156,0.2455144611660612,0.3558167367201508,0.5972222222222222
rank,3,logistic_cumulative_scale + cnn_1d_cumulative_scale + cnn_2d_residual_images,0.003835594326189493,0.056314400984496964,-0.07263285838868794,0.5416666666666666
rank,3,logistic_cumulative_scale + cnn_1d_cumulative_scale + cnn_2d_residual_small,0.03325912016373597,0.25587801833436286,0.38970967609127416,0.5833333333333334
rank,3,logistic_cumulative_scale + cnn_1d_cumulative_scale + lstm_image_scale,0.03748929149084252,0.2598856379687152,0.4020153624720426,0.5902777777777778
rank,3,logistic_cumulative_scale + cnn_1d_cumulative_scale + lstm_cumulative_scale,0.00036681798320424715,0.3129637640181195,0.5705705739423634,0.5625
rank,3,logistic_cumulative_scale + cnn_1d_cumulative_scale + cnnlstm_image_scale,0.034851219007334136,0.408217760805351,0.8164231944081757,0.5625
rank,3,logistic_cumulative_scale + cnn_1d_cumulative_scale + cnnlstm_cumulative_scale,0.002880879893788794,0.24823355447562728,0.35428583568058336,0.5694444444444444
rank,3,logistic_cumulative_scale + cnn_1d_dilated_image_scale + cnn_1d_multiscale_image_scale,0.010092062414977013,0.1686598202818175,0.16340528967599854,0.5694444444444444
rank,3,logistic_cumulative_scale + cnn_1d_dilated_image_scale + cnn_2d_residual_images,0.003134994947136059,0.2632275337971055,0.413360223294406,0.5486111111111112
rank,3,logistic_cumulative_scale + cnn_1d_dilated_image_scale + cnn_2d_residual_small,0.022818231063057113,0.1765229293510573,0.18192345091092332,0.5416666666666666
rank,3,logistic_cumulative_scale + cnn_1d_dilated_image_scale + lstm_image_scale,0.030350748929360172,0.2518170062828551,0.3806791320256748,0.5763888888888888
rank,3,logistic_cumulative_scale + cnn_1d_dilated_image_scale + lstm_cumulative_scale,0.00782945048854324,0.1967566166152654,0.23051805413760929,0.5555555555555556
rank,3,logistic_cumulative_scale + cnn_1d_dilated_image_scale + cnnlstm_image_scale,0.026812483532108022,0.19252847292981498,0.2210808967280229,0.5694444444444444
rank,3,logistic_cumulative_scale + cnn_1d_dilated_image_scale + cnnlstm_cumulative_scale,-0.00028517525387830773,0.36447057534906385,0.7306376647237842,0.5972222222222222
rank,3,logistic_cumulative_scale + cnn_1d_multiscale_image_scale + cnn_2d_residual_images,-0.004637385124622972,0.21783677149194064,0.28512594766845245,0.5833333333333334
rank,3,logistic_cumulative_scale + cnn_1d_multiscale_image_scale + cnn_2d_residual_small,0.019277114125261622,0.18891550740218466,0.21113333243316235,0.5902777777777778
rank,3,logistic_cumulative_scale + cnn_1d_multiscale_image_scale + lstm_image_scale,0.01883801887093483,0.1512149077624068,0.12266322632338778,0.5555555555555556
rank,3,logistic_cumulative_scale + cnn_1d_multiscale_image_scale + lstm_cumulative_scale,-0.0028371707081664157,0.3120440786812612,0.5502260074558973,0.5694444444444444
rank,3,logistic_cumulative_scale + cnn_1d_multiscale_image_scale + cnnlstm_image_scale,0.024722769914725017,0.14203860306718105,0.10304643322464346,0.5486111111111112
rank,3,logistic_cumulative_scale + cnn_1d_multiscale_image_scale + cnnlstm_cumulative_scale,-0.010155412625739638,0.1058881714855137,0.02377504747491721,0.5625
rank,3,logistic_cumulative_scale + cnn_2d_residual_images + cnn_2d_residual_small,0.015598524345132314,0.07763284896724586,-0.028236052977721582,0.5416666666666666
rank,3,logistic_cumulative_scale + cnn_2d_residual_images + lstm_image_scale,0.019383467583889716,0.19166810842985424,0.2186824330604651,0.5763888888888888
rank,3,logistic_cumulative_scale + cnn_2d_residual_images + lstm_cumulative_scale,-0.013544460830336662,0.13737878930555492,0.09115558523857392,0.5486111111111112
rank,3,logistic_cumulative_scale + cnn_2d_residual_images + cnnlstm_image_scale,0.020289181646001943,0.12527124696774122,0.06002271334389664,0.5694444444444444
rank,3,logistic_cumulative_scale + cnn_2d_residual_images + cnnlstm_cumulative_scale,-0.014103011634564967,0.05914372603776572,-0.07175652785236986,0.5555555555555556
rank,3,logistic_cumulative_scale + cnn_2d_residual_small + lstm_image_scale,0.036852098812221346,0.16826548467537736,0.162910534778425,0.5555555555555556
rank,3,logistic_cumulative_scale + cnn_2d_residual_small + lstm_cumulative_scale,0.013580648594801618,0.3147323206895531,0.5365831356926485,0.5833333333333334
rank,3,logistic_cumulative_scale + cnn_2d_residual_small + cnnlstm_image_scale,0.04754653586859793,0.20224285242014908,0.24601080260840713,0.5833333333333334
rank,3,logistic_cumulative_scale + cnn_2d_residual_small + cnnlstm_cumulative_scale,0.012984290475268449,0.3074497668462292,0.5424976831347792,0.6111111111111112
rank,3,logistic_cumulative_scale + lstm_image_scale + lstm_cumulative_scale,0.013237177494893126,0.16264442674270063,0.14940970030317136,0.5486111111111112
rank,3,logistic_cumulative_scale + lstm_image_scale + cnnlstm_image_scale,0.03901059504657837,0.17622152655497272,0.18210289804685043,0.5625
rank,3,logistic_cumulative_scale + lstm_image_scale + cnnlstm_cumulative_scale,0.011967111007524907,0.21611596031010327,0.2867842395282323,0.5833333333333334
rank,3,logistic_cumulative_scale + lstm_cumulative_scale + cnnlstm_image_scale,0.009109868643484545,0.3272174215792413,0.606631732553703,0.5902777777777778
rank,3,logistic_cumulative_scale + lstm_cumulative_scale + cnnlstm_cumulative_scale,-0.019824715097561497,0.1424551513715459,0.10962136640420495,0.5486111111111112
rank,3,logistic_cumulative_scale + cnnlstm_image_scale + cnnlstm_cumulative_scale,0.011678281135294618,0.4102962921550248,0.8386664610303882,0.5902777777777778
rank,3,cnn_1d_image_scale + cnn_2d_rendered_images + cnn_1d_attention_image_scale,0.010637792913853496,0.20096699442585741,0.22665596551830025,0.5416666666666666
rank,3,cnn_1d_image_scale + cnn_2d_rendered_images + cnn_1d_cumulative_scale,0.01096625009235929,0.1943765379232027,0.21497109043448615,0.5486111111111112
rank,3,cnn_1d_image_scale + cnn_2d_rendered_images + cnn_1d_dilated_image_scale,0.01608163059894355,0.19501791732992024,0.21398126507073711,0.5486111111111112
rank,3,cnn_1d_image_scale + cnn_2d_rendered_images + cnn_1d_multiscale_image_scale,0.010514224416349537,0.24950896923709567,0.3451440843168363,0.5763888888888888
rank,3,cnn_1d_image_scale + cnn_2d_rendered_images + cnn_2d_residual_images,0.0007027906458701993,0.10958529601082301,0.0287266662513197,0.5486111111111112
rank,3,cnn_1d_image_scale + cnn_2d_rendered_images + cnn_2d_residual_small,0.030002057324909147,0.11518062451149823,0.04221849114880305,0.5625
rank,3,cnn_1d_image_scale + cnn_2d_rendered_images + lstm_image_scale,0.024005843249825166,0.2338097207294867,0.3073852797267931,0.5972222222222222
rank,3,cnn_1d_image_scale + cnn_2d_rendered_images + lstm_cumulative_scale,-0.003915324662155223,0.22898706248733403,0.2966240296659839,0.5625
rank,3,cnn_1d_image_scale + cnn_2d_rendered_images + cnnlstm_image_scale,0.019945476276619283,0.10452701126147046,0.01863486282965998,0.5625
rank,3,cnn_1d_image_scale + cnn_2d_rendered_images + cnnlstm_cumulative_scale,-0.01416243123788157,0.24553837061061,0.3373728491917296,0.5208333333333334
rank,3,cnn_1d_image_scale + cnn_1d_attention_image_scale + cnn_1d_cumulative_scale,0.01755312426947508,0.2824470013007154,0.4382336641509019,0.5763888888888888
rank,3,cnn_1d_image_scale + cnn_1d_attention_image_scale + cnn_1d_dilated_image_scale,0.0185524995231498,0.23294159838254344,0.30791508808153956,0.5833333333333334
rank,3,cnn_1d_image_scale + cnn_1d_attention_image_scale + cnn_1d_multiscale_image_scale,0.012806647231080725,0.1885203738087393,0.19804167954438712,0.5694444444444444
rank,3,cnn_1d_image_scale + cnn_1d_attention_image_scale + cnn_2d_residual_images,0.009388428293024036,0.2007222572808459,0.2266452031593802,0.5555555555555556
rank,3,cnn_1d_image_scale + cnn_1d_attention_image_scale + cnn_2d_residual_small,0.03260668969295653,0.2985443454618635,0.47227041333231545,0.5555555555555556
rank,3,cnn_1d_image_scale + cnn_1d_attention_image_scale + lstm_image_scale,0.02877931865984665,0.24791827761038626,0.3409005921507531,0.5694444444444444
rank,3,cnn_1d_image_scale + cnn_1d_attention_image_scale + lstm_cumulative_scale,0.00564608496928151,0.3403226130001973,0.5857110713026543,0.5972222222222222
rank,3,cnn_1d_image_scale + cnn_1d_attention_image_scale + cnnlstm_image_scale,0.021597776096609875,0.205181431418541,0.2365234374279066,0.5902777777777778
rank,3,cnn_1d_image_scale + cnn_1d_attention_image_scale + cnnlstm_cumulative_scale,-0.0003445607998794811,0.2321058721787619,0.30659997847473774,0.5625
rank,3,cnn_1d_image_scale + cnn_1d_cumulative_scale + cnn_1d_dilated_image_scale,0.018443868138498545,0.2774021066154779,0.4310914519964375,0.5416666666666666
rank,3,cnn_1d_image_scale + cnn_1d_cumulative_scale + cnn_1d_multiscale_image_scale,0.013036092193655133,0.2990656382480473,0.48975135703540684,0.5833333333333334
rank,3,cnn_1d_image_scale + cnn_1d_cumulative_scale + cnn_2d_residual_images,0.004135189209969244,0.12561182532939436,0.06031964491900288,0.5625
rank,3,cnn_1d_image_scale + cnn_1d_cumulative_scale + cnn_2d_residual_small,0.030045864692913555,0.2765264218390805,0.4270870042161632,0.5694444444444444
rank,3,cnn_1d_image_scale + cnn_1d_cumulative_scale + lstm_image_scale,0.03887172334550572,0.3145964403036467,0.5331783170185815,0.5833333333333334
rank,3,cnn_1d_image_scale + cnn_1d_cumulative_scale + lstm_cumulative_scale,0.002377036544133176,0.26830306504706547,0.41228589972136076,0.5833333333333334
rank,3,cnn_1d_image_scale + cnn_1d_cumulative_scale + cnnlstm_image_scale,0.03787545569457736,0.3809196185795033,0.7548162969549561,0.5625
rank,3,cnn_1d_image_scale + cnn_1d_cumulative_scale + cnnlstm_cumulative_scale,-0.0018121414600512913,0.25405622214450924,0.36419067646068104,0.5833333333333334
rank,3,cnn_1d_image_scale + cnn_1d_dilated_image_scale + cnn_1d_multiscale_image_scale,0.017317166555228188,0.27348105087326835,0.42073272716371735,0.5555555555555556
rank,3,cnn_1d_image_scale + cnn_1d_dilated_image_scale + cnn_2d_residual_images,0.014760942086485419,0.1681858323901287,0.15344601372690425,0.5694444444444444
rank,3,cnn_1d_image_scale + cnn_1d_dilated_image_scale + cnn_2d_residual_small,0.030048349470461536,0.21935985620532011,0.2754178925072539,0.5347222222222222
rank,3,cnn_1d_image_scale + cnn_1d_dilated_image_scale + lstm_image_scale,0.03616251648471748,0.2732888736688429,0.4207895789564815,0.5763888888888888
rank,3,cnn_1d_image_scale + cnn_1d_dilated_image_scale + lstm_cumulative_scale,0.012118871928759822,0.2608288119558093,0.386673925870908,0.5694444444444444
rank,3,cnn_1d_image_scale + cnn_1d_dilated_image_scale + cnnlstm_image_scale,0.024957050471462464,0.21440847170667263,0.2658545349876149,0.5625
rank,3,cnn_1d_image_scale + cnn_1d_dilated_image_scale + cnnlstm_cumulative_scale,0.005057759864098752,0.17662967430769433,0.17328662846568066,0.5347222222222222
rank,3,cnn_1d_image_scale + cnn_1d_multiscale_image_scale + cnn_2d_residual_images,0.005680064978240575,0.15392396315441562,0.12031413930361468,0.5694444444444444
rank,3,cnn_1d_image_scale + cnn_1d_multiscale_image_scale + cnn_2d_residual_small,0.026736856622031225,0.2520706043201486,0.3547292790516434,0.5625
rank,3,cnn_1d_image_scale + cnn_1d_multiscale_image_scale + lstm_image_scale,0.03166302924897841,0.1894415125325643,0.19611489398190174,0.5625
rank,3,cnn_1d_image_scale + cnn_1d_multiscale_image_scale + lstm_cumulative_scale,0.003106076776567056,0.29323600019572216,0.4820068748785873,0.5763888888888888
rank,3,cnn_1d_image_scale + cnn_1d_multiscale_image_scale + cnnlstm_image_scale,0.02490209363511416,0.22644386856229157,0.29263125695077474,0.5833333333333334
rank,3,cnn_1d_image_scale + cnn_1d_multiscale_image_scale + cnnlstm_cumulative_scale,-0.00047357091383171866,0.19329224085512475,0.21342166981658406,0.5347222222222222
rank,3,cnn_1d_image_scale + cnn_2d_residual_images + cnn_2d_residual_small,0.02697967964656511,0.09888542045311094,0.021961748428396932,0.5486111111111112
rank,3,cnn_1d_image_scale + cnn_2d_residual_images + lstm_image_scale,0.02048190616291367,0.24104831319055,0.32442827669066476,0.5763888888888888
rank,3,cnn_1d_image_scale + cnn_2d_residual_images + lstm_cumulative_scale,-0.010153589970027669,0.22030536233141595,0.2848997666948718,0.5555555555555556
rank,3,cnn_1d_image_scale + cnn_2d_residual_images + cnnlstm_image_scale,0.021847256317588385,0.1767027020388317,0.1715459889023656,0.5763888888888888
rank,3,cnn_1d_image_scale + cnn_2d_residual_images + cnnlstm_cumulative_scale,-0.013062391561634806,0.22401896843866662,0.2862074947328024,0.5555555555555556
rank,3,cnn_1d_image_scale + cnn_2d_residual_small + lstm_image_scale,0.04613663990591211,0.321519369769155,0.5431343535885478,0.5833333333333334
rank,3,cnn_1d_image_scale + cnn_2d_residual_small + lstm_cumulative_scale,0.008236704250095827,0.2873180978496929,0.442958909792017,0.5486111111111112
rank,3,cnn_1d_image_scale + cnn_2d_residual_small + cnnlstm_image_scale,0.04708450935006614,0.1770775235085314,0.1720226712910593,0.5694444444444444
rank,3,cnn_1d_image_scale + cnn_2d_residual_small + cnnlstm_cumulative_scale,0.006892328001379503,0.17594844667685505,0.1832331055822718,0.5486111111111112
rank,3,cnn_1d_image_scale + lstm_image_scale + lstm_cumulative_scale,0.018472175349326544,0.3218152555331958,0.5492810963441284,0.5763888888888888
rank,3,cnn_1d_image_scale + lstm_image_scale + cnnlstm_image_scale,0.043908358239307006,0.2773399851705592,0.4233675742601093,0.5486111111111112
rank,3,cnn_1d_image_scale + lstm_image_scale + cnnlstm_cumulative_scale,0.013487614269073998,0.2869601313482927,0.4637486904194661,0.5694444444444444
rank,3,cnn_1d_image_scale + lstm_cumulative_scale + cnnlstm_image_scale,0.010905621899736892,0.2601375507195845,0.38354146243055576,0.5625
rank,3,cnn_1d_image_scale + lstm_cumulative_scale + cnnlstm_cumulative_scale,-0.02020038941189864,0.3166791105727963,0.5370902277263405,0.5902777777777778
rank,3,cnn_1d_image_scale + cnnlstm_image_scale + cnnlstm_cumulative_scale,0.015380739708407237,0.2059688535510314,0.2446250171194333,0.5902777777777778
rank,3,cnn_2d_rendered_images + cnn_1d_attention_image_scale + cnn_1d_cumulative_scale,0.02428361853675842,0.33332169189619326,0.5858894101406604,0.5763888888888888
rank,3,cnn_2d_rendered_images + cnn_1d_attention_image_scale + cnn_1d_dilated_image_scale,0.022980207651385174,0.2648593986109119,0.3818582675899125,0.5902777777777778
rank,3,cnn_2d_rendered_images + cnn_1d_attention_image_scale + cnn_1d_multiscale_image_scale,0.017809618079803545,0.30694404504973827,0.495157940408292,0.5902777777777778
rank,3,cnn_2d_rendered_images + cnn_1d_attention_image_scale + cnn_2d_residual_images,0.009274458944253884,0.2753833436103211,0.40740031697015633,0.5972222222222222
rank,3,cnn_2d_rendered_images + cnn_1d_attention_image_scale + cnn_2d_residual_small,0.030810478236004416,0.22405097673570057,0.28303857947137345,0.5694444444444444
rank,3,cnn_2d_rendered_images + cnn_1d_attention_image_scale + lstm_image_scale,0.031234476552139373,0.4169788134643774,0.8653985936533455,0.6041666666666666
rank,3,cnn_2d_rendered_images + cnn_1d_attention_image_scale + lstm_cumulative_scale,0.006357310651247842,0.36347895556551557,0.6531068210579642,0.5833333333333334
rank,3,cnn_2d_rendered_images + cnn_1d_attention_image_scale + cnnlstm_image_scale,0.031513252166668414,0.31802865205537434,0.5352087889810784,0.5972222222222222
rank,3,cnn_2d_rendered_images + cnn_1d_attention_image_scale + cnnlstm_cumulative_scale,0.0029896611498193546,0.24950394636283263,0.35147723540784104,0.5625
rank,3,cnn_2d_rendered_images + cnn_1d_cumulative_scale + cnn_1d_dilated_image_scale,0.028337287743128728,0.29238473632013423,0.47075521534437326,0.5416666666666666
rank,3,cnn_2d_rendered_images + cnn_1d_cumulative_scale + cnn_1d_multiscale_image_scale,0.01440609039826502,0.23125746354557902,0.30513700967031987,0.5625
rank,3,cnn_2d_rendered_images + cnn_1d_cumulative_scale + cnn_2d_residual_images,0.007100109872380355,0.23244016152270583,0.3051049764565035,0.5486111111111112
rank,3,cnn_2d_rendered_images + cnn_1d_cumulative_scale + cnn_2d_residual_small,0.035423882926365856,0.3400337504092189,0.6116740018451094,0.5694444444444444
rank,3,cnn_2d_rendered_images + cnn_1d_cumulative_scale + lstm_image_scale,0.03765182811778089,0.3296544377999395,0.6020418286380593,0.5625
rank,3,cnn_2d_rendered_images + cnn_1d_cumulative_scale + lstm_cumulative_scale,0.00691166106214972,0.20324726853500438,0.24176901354757652,0.5694444444444444
rank,3,cnn_2d_rendered_images + cnn_1d_cumulative_scale + cnnlstm_image_scale,0.040250554626152776,0.37595017040809914,0.7485291860214389,0.5763888888888888
rank,3,cnn_2d_rendered_images + cnn_1d_cumulative_scale + cnnlstm_cumulative_scale,0.0015554780829317519,0.19057278234981234,0.20547805005515363,0.5416666666666666
rank,3,cnn_2d_rendered_images + cnn_1d_dilated_image_scale + cnn_1d_multiscale_image_scale,0.023811805291885365,0.24350884935695963,0.32740973048985356,0.5625
rank,3,cnn_2d_rendered_images + cnn_1d_dilated_image_scale + cnn_2d_residual_images,0.011067915931894448,0.19911060708603234,0.22137469693612766,0.5486111111111112
rank,3,cnn_2d_rendered_images + cnn_1d_dilated_image_scale + cnn_2d_residual_small,0.03319792312256614,0.2744173061763155,0.4176397703505721,0.5763888888888888
rank,3,cnn_2d_rendered_images + cnn_1d_dilated_image_scale + lstm_image_scale,0.030986514776880345,0.28306685873989784,0.4433095821992301,0.5902777777777778
rank,3,cnn_2d_rendered_images + cnn_1d_dilated_image_scale + lstm_cumulative_scale,0.01051267167504282,0.2649056817179111,0.3834376850388719,0.5972222222222222
rank,3,cnn_2d_rendered_images + cnn_1d_dilated_image_scale + cnnlstm_image_scale,0.03208740703911418,0.3021273980542665,0.49378410217221846,0.5902777777777778
rank,3,cnn_2d_rendered_images + cnn_1d_dilated_image_scale + cnnlstm_cumulative_scale,0.0051164949170152355,0.15435266908818185,0.12357756780353868,0.5625
rank,3,cnn_2d_rendered_images + cnn_1d_multiscale_image_scale + cnn_2d_residual_images,0.005263902143803276,0.23301198868184436,0.3048656819418314,0.5694444444444444
rank,3,cnn_2d_rendered_images + cnn_1d_multiscale_image_scale + cnn_2d_residual_small,0.024202530193891375,0.2608041560268875,0.3748702408335549,0.5833333333333334
rank,3,cnn_2d_rendered_images + cnn_1d_multiscale_image_scale + lstm_image_scale,0.014181875393572366,0.19719686000514883,0.2139488554715454,0.5972222222222222
rank,3,cnn_2d_rendered_images + cnn_1d_multiscale_image_scale + lstm_cumulative_scale,-0.004653755824863562,0.2498683297226392,0.3493965795028202,0.5833333333333334
rank,3,cnn_2d_rendered_images + cnn_1d_multiscale_image_scale + cnnlstm_image_scale,0.019394040964889604,0.23031429083265278,0.30341902142104926,0.5763888888888888
rank,3,cnn_2d_rendered_images + cnn_1d_multiscale_image_scale + cnnlstm_cumulative_scale,-0.008651239717290227,0.17643564432102674,0.1721851606397351,0.5416666666666666
rank,3,cnn_2d_rendered_images + cnn_2d_residual_images + cnn_2d_residual_small,0.02334978461071082,0.20310114260599474,0.236445488905749,0.5625
rank,3,cnn_2d_rendered_images + cnn_2d_residual_images + lstm_image_scale,0.019818522609555213,0.24451366849961326,0.33935674834004526,0.5694444444444444
rank,3,cnn_2d_rendered_images + cnn_2d_residual_images + lstm_cumulative_scale,-0.008725307944898137,0.34282193689865714,0.594944043994448,0.5763888888888888
rank,3,cnn_2d_rendered_images + cnn_2d_residual_images + cnnlstm_image_scale,0.015806218595490827,0.17137030089736724,0.15925327761431052,0.5833333333333334
rank,3,cnn_2d_rendered_images + cnn_2d_residual_images + cnnlstm_cumulative_scale,-0.005441094499852375,0.32982558696644376,0.5758946501438302,0.5555555555555556
rank,3,cnn_2d_rendered_images + cnn_2d_residual_small + lstm_image_scale,0.042117140236686806,0.26695788816793414,0.39454033923082377,0.5972222222222222
rank,3,cnn_2d_rendered_images + cnn_2d_residual_small + lstm_cumulative_scale,0.019145164249071225,0.216108632883093,0.266259352469989,0.5277777777777778
rank,3,cnn_2d_rendered_images + cnn_2d_residual_small + cnnlstm_image_scale,0.0418007475930376,0.3144716155816421,0.5316296287119036,0.625
rank,3,cnn_2d_rendered_images + cnn_2d_residual_small + cnnlstm_cumulative_scale,0.013164462511476897,0.2549083663353216,0.36505546860425997,0.5555555555555556
rank,3,cnn_2d_rendered_images + lstm_image_scale + lstm_cumulative_scale,0.017518778401613148,0.4349969280601404,0.8983918097451709,0.5902777777777778
rank,3,cnn_2d_rendered_images + lstm_image_scale + cnnlstm_image_scale,0.03563907539230322,0.2144193532215833,0.2655189427587634,0.5625
rank,3,cnn_2d_rendered_images + lstm_image_scale + cnnlstm_cumulative_scale,0.012741780074565156,0.2576716345943096,0.36769493451097834,0.5486111111111112
rank,3,cnn_2d_rendered_images + lstm_cumulative_scale + cnnlstm_image_scale,0.012480396246926225,0.32121606277511655,0.5408795656346559,0.5902777777777778
rank,3,cnn_2d_rendered_images + lstm_cumulative_scale + cnnlstm_cumulative_scale,-0.014484607739488349,0.3349491660145778,0.5870155604914549,0.5416666666666666
rank,3,cnn_2d_rendered_images + cnnlstm_image_scale + cnnlstm_cumulative_scale,0.0067478248467481156,0.24350084120144747,0.33822842294922206,0.5833333333333334
rank,3,cnn_1d_attention_image_scale + cnn_1d_cumulative_scale + cnn_1d_dilated_image_scale,0.03520295599040714,0.22834201480993596,0.2935734732433719,0.5763888888888888
rank,3,cnn_1d_attention_image_scale + cnn_1d_cumulative_scale + cnn_1d_multiscale_image_scale,0.02836070653531795,0.25313906858342755,0.35956715781656,0.5972222222222222
rank,3,cnn_1d_attention_image_scale + cnn_1d_cumulative_scale + cnn_2d_residual_images,0.024009607440809214,0.2533990850442058,0.36207489875714516,0.5625
rank,3,cnn_1d_attention_image_scale + cnn_1d_cumulative_scale + cnn_2d_residual_small,0.04687756796201122,0.33591483772407155,0.6069656653380129,0.5694444444444444
rank,3,cnn_1d_attention_image_scale + cnn_1d_cumulative_scale + lstm_image_scale,0.04986986878422767,0.485490490351226,1.1388992640735434,0.5972222222222222
rank,3,cnn_1d_attention_image_scale + cnn_1d_cumulative_scale + lstm_cumulative_scale,0.01876242266314375,0.44624607024453633,0.9926057749792652,0.5902777777777778
rank,3,cnn_1d_attention_image_scale + cnn_1d_cumulative_scale + cnnlstm_image_scale,0.05381960121384778,0.5282379283591978,1.18443633802115,0.5833333333333334
rank,3,cnn_1d_attention_image_scale + cnn_1d_cumulative_scale + cnnlstm_cumulative_scale,0.016597828606341913,0.21418862732824973,0.2549455020809386,0.5833333333333334
rank,3,cnn_1d_attention_image_scale + cnn_1d_dilated_image_scale + cnn_1d_multiscale_image_scale,0.02479425578182485,0.3351947794627872,0.5841312910424266,0.5902777777777778
rank,3,cnn_1d_attention_image_scale + cnn_1d_dilated_image_scale + cnn_2d_residual_images,0.026898640075791253,0.22219518445270453,0.2799870963847584,0.5555555555555556
rank,3,cnn_1d_attention_image_scale + cnn_1d_dilated_image_scale + cnn_2d_residual_small,0.04354674124834227,0.3045498338128409,0.5122833423532378,0.5347222222222222
rank,3,cnn_1d_attention_image_scale + cnn_1d_dilated_image_scale + lstm_image_scale,0.045735478578808844,0.28742792851804805,0.4636769694515386,0.5694444444444444
rank,3,cnn_1d_attention_image_scale + cnn_1d_dilated_image_scale + lstm_cumulative_scale,0.0169955054865757,0.3157212666243956,0.5428138765116344,0.5833333333333334
rank,3,cnn_1d_attention_image_scale + cnn_1d_dilated_image_scale + cnnlstm_image_scale,0.032315546534937394,0.12301615272563961,0.0546628486657319,0.5347222222222222
rank,3,cnn_1d_attention_image_scale + cnn_1d_dilated_image_scale + cnnlstm_cumulative_scale,0.01690392338293653,0.22906246783487294,0.29998330777407367,0.5902777777777778
rank,3,cnn_1d_attention_image_scale + cnn_1d_multiscale_image_scale + cnn_2d_residual_images,0.02165924718449338,0.21116444599144893,0.25116457230047917,0.5555555555555556
rank,3,cnn_1d_attention_image_scale + cnn_1d_multiscale_image_scale + cnn_2d_residual_small,0.035548557974777316,0.2989118253399907,0.4780356456066024,0.5694444444444444
rank,3,cnn_1d_attention_image_scale + cnn_1d_multiscale_image_scale + lstm_image_scale,0.0405826011941868,0.2843731406822483,0.45029066500716963,0.5833333333333334
rank,3,cnn_1d_attention_image_scale + cnn_1d_multiscale_image_scale + lstm_cumulative_scale,0.013176831233003238,0.2724100028259604,0.40953797959592886,0.5972222222222222
rank,3,cnn_1d_attention_image_scale + cnn_1d_multiscale_image_scale + cnnlstm_image_scale,0.033146863056822906,0.20795543421544116,0.24597736551038496,0.5694444444444444
rank,3,cnn_1d_attention_image_scale + cnn_1d_multiscale_image_scale + cnnlstm_cumulative_scale,0.010748344349405983,0.24454558864594494,0.3422271913934538,0.5555555555555556
rank,3,cnn_1d_attention_image_scale + cnn_2d_residual_images + cnn_2d_residual_small,0.03585798412202024,0.1694595377231573,0.16394873550034128,0.5486111111111112
rank,3,cnn_1d_attention_image_scale + cnn_2d_residual_images + lstm_image_scale,0.021513710790285603,0.39592122952609,0.7429079988682923,0.5902777777777778
rank,3,cnn_1d_attention_image_scale + cnn_2d_residual_images + lstm_cumulative_scale,0.004654803456462615,0.3946922264438627,0.7671143307028099,0.5833333333333334
rank,3,cnn_1d_attention_image_scale + cnn_2d_residual_images + cnnlstm_image_scale,0.028853722410726788,0.30809531778105254,0.5188059814710717,0.6041666666666666
rank,3,cnn_1d_attention_image_scale + cnn_2d_residual_images + cnnlstm_cumulative_scale,0.012313929518870385,0.27416660656183206,0.41803005169771534,0.5625
rank,3,cnn_1d_attention_image_scale + cnn_2d_residual_small + lstm_image_scale,0.050910564842781884,0.30073604428177303,0.4763102764824281,0.5555555555555556
rank,3,cnn_1d_attention_image_scale + cnn_2d_residual_small + lstm_cumulative_scale,0.02940995853548897,0.3495542191455187,0.6084074544846927,0.5833333333333334
rank,3,cnn_1d_attention_image_scale + cnn_2d_residual_small + cnnlstm_image_scale,0.05441772615864752,0.32220736390904936,0.5629506736603707,0.6041666666666666
rank,3,cnn_1d_attention_image_scale + cnn_2d_residual_small + cnnlstm_cumulative_scale,0.025835716622750336,0.29984912860513885,0.4802675878546432,0.5763888888888888
rank,3,cnn_1d_attention_image_scale + lstm_image_scale + lstm_cumulative_scale,0.03088256356390099,0.2787317688106234,0.4254016914583254,0.5694444444444444
rank,3,cnn_1d_attention_image_scale + lstm_image_scale + cnnlstm_image_scale,0.055259223565096396,0.30958734270087146,0.5222890332269492,0.5763888888888888
rank,3,cnn_1d_attention_image_scale + lstm_image_scale + cnnlstm_cumulative_scale,0.03044663316251759,0.2926704592338545,0.4777262385371954,0.5763888888888888
rank,3,cnn_1d_attention_image_scale + lstm_cumulative_scale + cnnlstm_image_scale,0.026086937390542964,0.3093652568485914,0.5148739032032537,0.5972222222222222
rank,3,cnn_1d_attention_image_scale + lstm_cumulative_scale + cnnlstm_cumulative_scale,-0.00039419596076631803,0.3797120681254281,0.7451216184888945,0.6111111111111112
rank,3,cnn_1d_attention_image_scale + cnnlstm_image_scale + cnnlstm_cumulative_scale,0.02560140716134859,0.18824763248448778,0.2003835474554283,0.5833333333333334
rank,3,cnn_1d_cumulative_scale + cnn_1d_dilated_image_scale + cnn_1d_multiscale_image_scale,0.03121314325029793,0.1686320758389264,0.1562974274403892,0.5486111111111112
rank,3,cnn_1d_cumulative_scale + cnn_1d_dilated_image_scale + cnn_2d_residual_images,0.029250095825189042,0.24419285465844875,0.3374144210388419,0.5555555555555556
rank,3,cnn_1d_cumulative_scale + cnn_1d_dilated_image_scale + cnn_2d_residual_small,0.04700458560520582,0.3581850729883634,0.6763730396492835,0.5694444444444444
rank,3,cnn_1d_cumulative_scale + cnn_1d_dilated_image_scale + lstm_image_scale,0.05458795453647935,0.36895663128850104,0.7277468819837993,0.5763888888888888
rank,3,cnn_1d_cumulative_scale + cnn_1d_dilated_image_scale + lstm_cumulative_scale,0.016100173150307904,0.252393840811005,0.37055959670753413,0.5972222222222222
rank,3,cnn_1d_cumulative_scale + cnn_1d_dilated_image_scale + cnnlstm_image_scale,0.04676852545765073,0.3393871023372197,0.6181675599416738,0.5833333333333334
rank,3,cnn_1d_cumulative_scale + cnn_1d_dilated_image_scale + cnnlstm_cumulative_scale,0.012389776906093658,0.2871044162950262,0.46732057302646246,0.6111111111111112
rank,3,cnn_1d_cumulative_scale + cnn_1d_multiscale_image_scale + cnn_2d_residual_images,0.01287385575951215,0.2945149655766126,0.48347076158121904,0.5694444444444444
rank,3,cnn_1d_cumulative_scale + cnn_1d_multiscale_image_scale + cnn_2d_residual_small,0.030483588861276632,0.2999277405955654,0.49869262674966297,0.5763888888888888
rank,3,cnn_1d_cumulative_scale + cnn_1d_multiscale_image_scale + lstm_image_scale,0.042018742820075415,0.2634252005926754,0.3955082228151996,0.5694444444444444
rank,3,cnn_1d_cumulative_scale + cnn_1d_multiscale_image_scale + lstm_cumulative_scale,0.009005720859695759,0.28351458536099916,0.46604057669793986,0.6111111111111112
rank,3,cnn_1d_cumulative_scale + cnn_1d_multiscale_image_scale + cnnlstm_image_scale,0.04207739908983266,0.31251444868941924,0.5022223676992816,0.5486111111111112
rank,3,cnn_1d_cumulative_scale + cnn_1d_multiscale_image_scale + cnnlstm_cumulative_scale,0.009987608347921399,0.2823215368322959,0.42339257488188853,0.5833333333333334
rank,3,cnn_1d_cumulative_scale + cnn_2d_residual_images + cnn_2d_residual_small,0.03662444285853751,0.2837746641389977,0.44021324852796195,0.5555555555555556
rank,3,cnn_1d_cumulative_scale + cnn_2d_residual_images + lstm_image_scale,0.03714516164544694,0.34212944575296983,0.6528276643968025,0.5694444444444444
rank,3,cnn_1d_cumulative_scale + cnn_2d_residual_images + lstm_cumulative_scale,0.010044795691304434,0.2370113977168282,0.32559735010348834,0.5763888888888888
rank,3,cnn_1d_cumulative_scale + cnn_2d_residual_images + cnnlstm_image_scale,0.03832808435142349,0.32185506345605747,0.570686336601246,0.5625
rank,3,cnn_1d_cumulative_scale + cnn_2d_residual_images + cnnlstm_cumulative_scale,0.0030453825003289403,0.31497961939945657,0.4950039922198728,0.5416666666666666
rank,3,cnn_1d_cumulative_scale + cnn_2d_residual_small + lstm_image_scale,0.06275628013609644,0.3601831180030836,0.6804220153840719,0.5694444444444444
rank,3,cnn_1d_cumulative_scale + cnn_2d_residual_small + lstm_cumulative_scale,0.02934657160831366,0.16581837188440487,0.16052872735343104,0.5694444444444444
rank,3,cnn_1d_cumulative_scale + cnn_2d_residual_small + cnnlstm_image_scale,0.061440198608252866,0.6821031227904094,1.6647834417790226,0.5902777777777778
rank,3,cnn_1d_cumulative_scale + cnn_2d_residual_small + cnnlstm_cumulative_scale,0.02099391062045302,0.5654837361065383,1.1122426405038648,0.5972222222222222
rank,3,cnn_1d_cumulative_scale + lstm_image_scale + lstm_cumulative_scale,0.028387286860179203,0.22495467657905033,0.30184011490375706,0.5555555555555556
rank,3,cnn_1d_cumulative_scale + lstm_image_scale + cnnlstm_image_scale,0.05771760819520118,0.5408732998996398,1.291226104369251,0.5833333333333334
rank,3,cnn_1d_cumulative_scale + lstm_image_scale + cnnlstm_cumulative_scale,0.03007109433552983,0.5317890269415758,1.0682482991570463,0.5763888888888888
rank,3,cnn_1d_cumulative_scale + lstm_cumulative_scale + cnnlstm_image_scale,0.020281737961668572,0.4952064943144925,1.0003091770289854,0.5625
rank,3,cnn_1d_cumulative_scale + lstm_cumulative_scale + cnnlstm_cumulative_scale,-0.001878130928462634,0.15800218636402366,0.14413616131494855,0.5555555555555556
rank,3,cnn_1d_cumulative_scale + cnnlstm_image_scale + cnnlstm_cumulative_scale,0.027280229232092206,0.4846108884879421,1.024626551484174,0.6041666666666666
rank,3,cnn_1d_dilated_image_scale + cnn_1d_multiscale_image_scale + cnn_2d_residual_images,0.023518615267280347,0.21699242774630007,0.2681202132137068,0.5694444444444444
rank,3,cnn_1d_dilated_image_scale + cnn_1d_multiscale_image_scale + cnn_2d_residual_small,0.03913243405113283,0.29418578315227556,0.478713355975807,0.5833333333333334
rank,3,cnn_1d_dilated_image_scale + cnn_1d_multiscale_image_scale + lstm_image_scale,0.047517054755961394,0.30266071011176543,0.49846714877749965,0.5763888888888888
rank,3,cnn_1d_dilated_image_scale + cnn_1d_multiscale_image_scale + lstm_cumulative_scale,0.017327594936898706,0.30962551252592646,0.515750573593567,0.5972222222222222
rank,3,cnn_1d_dilated_image_scale + cnn_1d_multiscale_image_scale + cnnlstm_image_scale,0.0413890202320151,0.17963932406427488,0.17926699664306245,0.5486111111111112
rank,3,cnn_1d_dilated_image_scale + cnn_1d_multiscale_image_scale + cnnlstm_cumulative_scale,0.011520272948808138,0.14910995172164912,0.11144458774106303,0.5486111111111112
rank,3,cnn_1d_dilated_image_scale + cnn_2d_residual_images + cnn_2d_residual_small,0.035931278581106604,0.24770401323330182,0.3392315507891783,0.5347222222222222
rank,3,cnn_1d_dilated_image_scale + cnn_2d_residual_images + lstm_image_scale,0.0243493937693334,0.24432179798662262,0.3327030746658466,0.5694444444444444
rank,3,cnn_1d_dilated_image_scale + cnn_2d_residual_images + lstm_cumulative_scale,0.004055890732664147,0.1772346133781258,0.182751409098024,0.5486111111111112
rank,3,cnn_1d_dilated_image_scale + cnn_2d_residual_images + cnnlstm_image_scale,0.03195281148039682,0.26487808550454867,0.40330483799769845,0.5694444444444444
rank,3,cnn_1d_dilated_image_scale + cnn_2d_residual_images + cnnlstm_cumulative_scale,0.0036157245148826507,0.20166353266845752,0.23089713866875483,0.5625
rank,3,cnn_1d_dilated_image_scale + cnn_2d_residual_small + lstm_image_scale,0.0550396104820372,0.18611288780435833,0.19068324396345138,0.5486111111111112
rank,3,cnn_1d_dilated_image_scale + cnn_2d_residual_small + lstm_cumulative_scale,0.027576842665526395,0.36273008952702485,0.6503877480738343,0.5763888888888888
rank,3,cnn_1d_dilated_image_scale + cnn_2d_residual_small + cnnlstm_image_scale,0.05691654389829043,0.23140916027391437,0.3058506517709434,0.5694444444444444
rank,3,cnn_1d_dilated_image_scale + cnn_2d_residual_small + cnnlstm_cumulative_scale,0.029040483638740882,0.23165198575581727,0.31152535081656896,0.5625
rank,3,cnn_1d_dilated_image_scale + lstm_image_scale + lstm_cumulative_scale,0.03940384761703161,0.22968307006701824,0.301535233301667,0.5625
rank,3,cnn_1d_dilated_image_scale + lstm_image_scale + cnnlstm_image_scale,0.04955593880573943,0.275408859183271,0.430790088634609,0.5763888888888888
rank,3,cnn_1d_dilated_image_scale + lstm_image_scale + cnnlstm_cumulative_scale,0.031121503174563116,0.25784379098551385,0.3746036202196461,0.5763888888888888
rank,3,cnn_1d_dilated_image_scale + lstm_cumulative_scale + cnnlstm_image_scale,0.020932494268145772,0.22217435969314692,0.2856974375735668,0.5555555555555556
rank,3,cnn_1d_dilated_image_scale + lstm_cumulative_scale + cnnlstm_cumulative_scale,0.004115091755402515,0.3221920902395151,0.5432984228466551,0.5972222222222222
rank,3,cnn_1d_dilated_image_scale + cnnlstm_image_scale + cnnlstm_cumulative_scale,0.022974383358973564,0.19685882651286354,0.22137725605156588,0.5694444444444444
rank,3,cnn_1d_multiscale_image_scale + cnn_2d_residual_images + cnn_2d_residual_small,0.026778501481203875,0.21591430515494006,0.26635801469082,0.5763888888888888
rank,3,cnn_1d_multiscale_image_scale + cnn_2d_residual_images + lstm_image_scale,0.023982963475120134,0.25194648808608316,0.3459805317780469,0.5555555555555556
rank,3,cnn_1d_multiscale_image_scale + cnn_2d_residual_images + lstm_cumulative_scale,-0.00195576387629839,0.33470203870809434,0.5971117421897856,0.5902777777777778
rank,3,cnn_1d_multiscale_image_scale + cnn_2d_residual_images + cnnlstm_image_scale,0.02649159329123852,0.2355691125192246,0.31732855664355797,0.5763888888888888
rank,3,cnn_1d_multiscale_image_scale + cnn_2d_residual_images + cnnlstm_cumulative_scale,-0.007224055602397555,0.24376187769844485,0.3392343307236323,0.5416666666666666
rank,3,cnn_1d_multiscale_image_scale + cnn_2d_residual_small + lstm_image_scale,0.046936601326913074,0.1967325587070451,0.21426220505581028,0.5625
rank,3,cnn_1d_multiscale_image_scale + cnn_2d_residual_small + lstm_cumulative_scale,0.012213662250130174,0.37301859805903714,0.6935827822974232,0.5763888888888888
rank,3,cnn_1d_multiscale_image_scale + cnn_2d_residual_small + cnnlstm_image_scale,0.055446435587373236,0.24234069715092427,0.33744389322312474,0.6111111111111112
rank,3,cnn_1d_multiscale_image_scale + cnn_2d_residual_small + cnnlstm_cumulative_scale,0.017435661733308953,0.3048866820701058,0.5022868561231988,0.6041666666666666
rank,3,cnn_1d_multiscale_image_scale + lstm_image_scale + lstm_cumulative_scale,0.021264573199681426,0.42393198031878987,0.8703275322233075,0.5902777777777778
rank,3,cnn_1d_multiscale_image_scale + lstm_image_scale + cnnlstm_image_scale,0.045196608715744754,0.2384698810923607,0.3247644453156231,0.5694444444444444
rank,3,cnn_1d_multiscale_image_scale + lstm_image_scale + cnnlstm_cumulative_scale,0.018240163444041946,0.30346565691814803,0.5138332875131499,0.5763888888888888
rank,3,cnn_1d_multiscale_image_scale + lstm_cumulative_scale + cnnlstm_image_scale,0.01790550165057688,0.23724017892130303,0.3255936424418071,0.5694444444444444
rank,3,cnn_1d_multiscale_image_scale + lstm_cumulative_scale + cnnlstm_cumulative_scale,-0.016161255930530583,0.2648668417072812,0.40155671850409647,0.5763888888888888
rank,3,cnn_1d_multiscale_image_scale + cnnlstm_image_scale + cnnlstm_cumulative_scale,0.020927312971887806,0.24667392856865952,0.35346506940276523,0.5833333333333334
rank,3,cnn_2d_residual_images + cnn_2d_residual_small + lstm_image_scale,0.044229239896869735,0.27529068320135236,0.4224030183575682,0.5902777777777778
rank,3,cnn_2d_residual_images + cnn_2d_residual_small + lstm_cumulative_scale,0.020478393316250603,0.18720108717732137,0.201389129303448,0.5625
rank,3,cnn_2d_residual_images + cnn_2d_residual_small + cnnlstm_image_scale,0.041430062972317154,0.13994654960484967,0.1012933821882458,0.5763888888888888
rank,3,cnn_2d_residual_images + cnn_2d_residual_small + cnnlstm_cumulative_scale,0.020756775454676697,0.3687211193874097,0.6936757115621743,0.5694444444444444
rank,3,cnn_2d_residual_images + lstm_image_scale + lstm_cumulative_scale,0.012761410560606961,0.33135532896997116,0.5796976473364699,0.5763888888888888
rank,3,cnn_2d_residual_images + lstm_image_scale + cnnlstm_image_scale,0.03716694686295878,0.22229498151837787,0.2858373421323115,0.5555555555555556
rank,3,cnn_2d_residual_images + lstm_image_scale + cnnlstm_cumulative_scale,0.010085338073674129,0.31623852178234074,0.5466336605664133,0.6041666666666666
rank,3,cnn_2d_residual_images + lstm_cumulative_scale + cnnlstm_image_scale,0.006279675931760434,0.2905504425285173,0.465329545645105,0.5694444444444444
rank,3,cnn_2d_residual_images + lstm_cumulative_scale + cnnlstm_cumulative_scale,-0.015784825397568404,0.3352631060286331,0.583977033464089,0.5694444444444444
rank,3,cnn_2d_residual_images + cnnlstm_image_scale + cnnlstm_cumulative_scale,0.00977815278401244,0.22652000360769697,0.29871308104740835,0.5763888888888888
rank,3,cnn_2d_residual_small + lstm_image_scale + lstm_cumulative_scale,0.03193905371679742,0.2557383203071523,0.36702204188273435,0.5416666666666666
rank,3,cnn_2d_residual_small + lstm_image_scale + cnnlstm_image_scale,0.06168766017765982,0.21501298004360977,0.26327149445196185,0.5625
rank,3,cnn_2d_residual_small + lstm_image_scale + cnnlstm_cumulative_scale,0.0330300963009693,0.3498272532482019,0.6513317618278738,0.5763888888888888
rank,3,cnn_2d_residual_small + lstm_cumulative_scale + cnnlstm_image_scale,0.03553228536355346,0.4828006576090648,1.0341411836814016,0.5972222222222222
rank,3,cnn_2d_residual_small + lstm_cumulative_scale + cnnlstm_cumulative_scale,0.01129798048589762,0.3922838923290663,0.7704080521345888,0.5972222222222222
rank,3,cnn_2d_residual_small + cnnlstm_image_scale + cnnlstm_cumulative_scale,0.03315395424174403,0.5168733093859555,1.11625866307125,0.6111111111111112
rank,3,lstm_image_scale + lstm_cumulative_scale + cnnlstm_image_scale,0.0371433005418371,0.3631914801847601,0.6906940068940468,0.5833333333333334
rank,3,lstm_image_scale + lstm_cumulative_scale + cnnlstm_cumulative_scale,0.004099630626924136,0.3939147000903699,0.7604192594003383,0.5833333333333334
rank,3,lstm_image_scale + cnnlstm_image_scale + cnnlstm_cumulative_scale,0.032822238951261955,0.25606558519811945,0.38476397755068015,0.5625
rank,3,lstm_cumulative_scale + cnnlstm_image_scale + cnnlstm_cumulative_scale,0.0017064145888874874,0.3171202239814341,0.5413985161947299,0.5763888888888888
rank,4,logistic_image_scale + logistic_cumulative_scale + cnn_1d_image_scale + cnn_2d_rendered_images,0.0017154749028711342,0.22518534381080027,0.3022088092946371,0.5625
rank,4,logistic_image_scale + logistic_cumulative_scale + cnn_1d_image_scale + cnn_1d_attention_image_scale,0.015353913710425281,0.2651017073044644,0.40239808399089294,0.5833333333333334
rank,4,logistic_image_scale + logistic_cumulative_scale + cnn_1d_image_scale + cnn_1d_cumulative_scale,0.02077464691394642,0.2011268473072617,0.24481791467882963,0.5694444444444444
rank,4,logistic_image_scale + logistic_cumulative_scale + cnn_1d_image_scale + cnn_1d_dilated_image_scale,0.013040888464193367,0.2760819979646755,0.44304911219193555,0.5416666666666666
rank,4,logistic_image_scale + logistic_cumulative_scale + cnn_1d_image_scale + cnn_1d_multiscale_image_scale,0.013515170841254375,0.25332949161822527,0.3722337336642483,0.5763888888888888
rank,4,logistic_image_scale + logistic_cumulative_scale + cnn_1d_image_scale + cnn_2d_residual_images,0.0017920869545699873,0.0983342137718485,0.013330123034553942,0.5486111111111112
rank,4,logistic_image_scale + logistic_cumulative_scale + cnn_1d_image_scale + cnn_2d_residual_small,0.028248974469919315,0.25695556801804353,0.3846818670738288,0.5625
rank,4,logistic_image_scale + logistic_cumulative_scale + cnn_1d_image_scale + lstm_image_scale,0.02342104515509233,0.24209630850913902,0.345478716905093,0.5763888888888888
rank,4,logistic_image_scale + logistic_cumulative_scale + cnn_1d_image_scale + lstm_cumulative_scale,0.00899522883514259,0.23322568040559485,0.32453100298230586,0.5555555555555556
rank,4,logistic_image_scale + logistic_cumulative_scale + cnn_1d_image_scale + cnnlstm_image_scale,0.026892824790654635,0.20687744174649245,0.25971853228783637,0.5486111111111112
rank,4,logistic_image_scale + logistic_cumulative_scale + cnn_1d_image_scale + cnnlstm_cumulative_scale,0.008550431393557932,0.11868473557200478,0.0546173201992588,0.5625
rank,4,logistic_image_scale + logistic_cumulative_scale + cnn_2d_rendered_images + cnn_1d_attention_image_scale,0.013161850598090363,0.29001671228203896,0.4770058298872468,0.5694444444444444
rank,4,logistic_image_scale + logistic_cumulative_scale + cnn_2d_rendered_images + cnn_1d_cumulative_scale,0.019416677762012155,0.27471321700939944,0.4384056318664684,0.5486111111111112
rank,4,logistic_image_scale + logistic_cumulative_scale + cnn_2d_rendered_images + cnn_1d_dilated_image_scale,0.009387432967343476,0.2512184997317155,0.37241769447086215,0.5486111111111112
rank,4,logistic_image_scale + logistic_cumulative_scale + cnn_2d_rendered_images + cnn_1d_multiscale_image_scale,0.005224697133028538,0.363352743316048,0.720009691919113,0.5972222222222222
rank,4,logistic_image_scale + logistic_cumulative_scale + cnn_2d_rendered_images + cnn_2d_residual_images,0.00055439613633296,0.14309644107907044,0.10517993054889008,0.5694444444444444
rank,4,logistic_image_scale + logistic_cumulative_scale + cnn_2d_rendered_images + cnn_2d_residual_small,0.025584004386198487,0.21093844035952014,0.26675349683075056,0.5833333333333334
rank,4,logistic_image_scale + logistic_cumulative_scale + cnn_2d_rendered_images + lstm_image_scale,0.019125005546144998,0.2015098523631748,0.2439821150182646,0.5555555555555556
rank,4,logistic_image_scale + logistic_cumulative_scale + cnn_2d_rendered_images + lstm_cumulative_scale,0.0036851992472958944,0.2342120371416942,0.3297707147370528,0.5486111111111112
rank,4,logistic_image_scale + logistic_cumulative_scale + cnn_2d_rendered_images + cnnlstm_image_scale,0.022338606320832257,0.32526376766576726,0.561585350030416,0.5486111111111112
rank,4,logistic_image_scale + logistic_cumulative_scale + cnn_2d_rendered_images + cnnlstm_cumulative_scale,0.0027975047327457665,0.22936533657309877,0.31743903209191004,0.5486111111111112
rank,4,logistic_image_scale + logistic_cumulative_scale + cnn_1d_attention_image_scale + cnn_1d_cumulative_scale,0.0293015579291626,0.33477190193931544,0.6108551239358997,0.5625
rank,4,logistic_image_scale + logistic_cumulative_scale + cnn_1d_attention_image_scale + cnn_1d_dilated_image_scale,0.02279459568414273,0.3396348953163705,0.6293520842836358,0.5763888888888888
rank,4,logistic_image_scale + logistic_cumulative_scale + cnn_1d_attention_image_scale + cnn_1d_multiscale_image_scale,0.020613700938228577,0.3414152213562407,0.6401858471243369,0.6041666666666666
rank,4,logistic_image_scale + logistic_cumulative_scale + cnn_1d_attention_image_scale + cnn_2d_residual_images,0.014133777733736823,0.1605435601691398,0.14462747338523574,0.5555555555555556
rank,4,logistic_image_scale + logistic_cumulative_scale + cnn_1d_attention_image_scale + cnn_2d_residual_small,0.03540679263121148,0.2614799093619326,0.3988962382754051,0.5972222222222222
rank,4,logistic_image_scale + logistic_cumulative_scale + cnn_1d_attention_image_scale + lstm_image_scale,0.03684675626902106,0.21053726809534282,0.26911744782074987,0.5833333333333334
rank,4,logistic_image_scale + logistic_cumulative_scale + cnn_1d_attention_image_scale + lstm_cumulative_scale,0.016407084846190932,0.21696165110095775,0.2804108875971494,0.5486111111111112
rank,4,logistic_image_scale + logistic_cumulative_scale + cnn_1d_attention_image_scale + cnnlstm_image_scale,0.03634712371665458,0.35210207870642213,0.6137090762590691,0.5763888888888888
rank,4,logistic_image_scale + logistic_cumulative_scale + cnn_1d_attention_image_scale + cnnlstm_cumulative_scale,0.020038888590761958,0.33569677103766044,0.5720259423086294,0.5763888888888888
rank,4,logistic_image_scale + logistic_cumulative_scale + cnn_1d_cumulative_scale + cnn_1d_dilated_image_scale,0.031806274535140684,0.36314616341705636,0.7097875003044471,0.5902777777777778
rank,4,logistic_image_scale + logistic_cumulative_scale + cnn_1d_cumulative_scale + cnn_1d_multiscale_image_scale,0.02443176828187406,0.2563080360632422,0.3894620724870701,0.5833333333333334
rank,4,logistic_image_scale + logistic_cumulative_scale + cnn_1d_cumulative_scale + cnn_2d_residual_images,0.015756805332833492,0.13005313339060626,0.07373875230482607,0.5763888888888888
rank,4,logistic_image_scale + logistic_cumulative_scale + cnn_1d_cumulative_scale + cnn_2d_residual_small,0.04192749333025223,0.3083662792117874,0.5414161662169565,0.5694444444444444
rank,4,logistic_image_scale + logistic_cumulative_scale + cnn_1d_cumulative_scale + lstm_image_scale,0.04071719591397489,0.17882487687826998,0.18918622299738308,0.5972222222222222
rank,4,logistic_image_scale + logistic_cumulative_scale + cnn_1d_cumulative_scale + lstm_cumulative_scale,0.017275706052966036,0.12246908179901767,0.06435314990168828,0.5416666666666666
rank,4,logistic_image_scale + logistic_cumulative_scale + cnn_1d_cumulative_scale + cnnlstm_image_scale,0.04143449968827668,0.25906157245410844,0.3891611177423897,0.5486111111111112
rank,4,logistic_image_scale + logistic_cumulative_scale + cnn_1d_cumulative_scale + cnnlstm_cumulative_scale,0.022887942435624413,0.27131311391284735,0.4273840300703988,0.5416666666666666
rank,4,logistic_image_scale + logistic_cumulative_scale + cnn_1d_dilated_image_scale + cnn_1d_multiscale_image_scale,0.02868426533247904,0.3788996020611325,0.7899835341773691,0.5763888888888888
rank,4,logistic_image_scale + logistic_cumulative_scale + cnn_1d_dilated_image_scale + cnn_2d_residual_images,0.01583354623590779,0.254724518826291,0.39046149445242095,0.5694444444444444
rank,4,logistic_image_scale + logistic_cumulative_scale + cnn_1d_dilated_image_scale + cnn_2d_residual_small,0.03527253754195607,0.3014948321376465,0.5197582674989885,0.5625
rank,4,logistic_image_scale + logistic_cumulative_scale + cnn_1d_dilated_image_scale + lstm_image_scale,0.03921157861638926,0.2961196266800549,0.5192310347681679,0.5694444444444444
rank,4,logistic_image_scale + logistic_cumulative_scale + cnn_1d_dilated_image_scale + lstm_cumulative_scale,0.020722497461896187,0.2710277176744482,0.4331393824872283,0.5486111111111112
rank,4,logistic_image_scale + logistic_cumulative_scale + cnn_1d_dilated_image_scale + cnnlstm_image_scale,0.03661755663194487,0.12392234745270624,0.06076819557513935,0.5555555555555556
rank,4,logistic_image_scale + logistic_cumulative_scale + cnn_1d_dilated_image_scale + cnnlstm_cumulative_scale,0.017275157652946904,0.22371074465316704,0.30421122601021855,0.5555555555555556
rank,4,logistic_image_scale + logistic_cumulative_scale + cnn_1d_multiscale_image_scale + cnn_2d_residual_images,0.010808465993856365,0.20387720315486105,0.2484606529408968,0.5763888888888888
rank,4,logistic_image_scale + logistic_cumulative_scale + cnn_1d_multiscale_image_scale + cnn_2d_residual_small,0.033147774376622634,0.3101385486074618,0.5460892613630333,0.5972222222222222
rank,4,logistic_image_scale + logistic_cumulative_scale + cnn_1d_multiscale_image_scale + lstm_image_scale,0.02715754313214131,0.2316446952033358,0.3242627102316946,0.5625
rank,4,logistic_image_scale + logistic_cumulative_scale + cnn_1d_multiscale_image_scale + lstm_cumulative_scale,0.013645151422169507,0.2309696469402374,0.3154695627769981,0.5555555555555556
rank,4,logistic_image_scale + logistic_cumulative_scale + cnn_1d_multiscale_image_scale + cnnlstm_image_scale,0.02666879628717318,0.33542341961736744,0.5838498194300603,0.5902777777777778
rank,4,logistic_image_scale + logistic_cumulative_scale + cnn_1d_multiscale_image_scale + cnnlstm_cumulative_scale,0.01197743875554455,0.349442940264956,0.6138602496988659,0.5694444444444444
rank,4,logistic_image_scale + logistic_cumulative_scale + cnn_2d_residual_images + cnn_2d_residual_small,0.028056499053782637,0.20743874301520351,0.2566800308275299,0.5902777777777778
rank,4,logistic_image_scale + logistic_cumulative_scale + cnn_2d_residual_images + lstm_image_scale,0.021564210321756216,0.2550566422720176,0.3857156410782485,0.5763888888888888
rank,4,logistic_image_scale + logistic_cumulative_scale + cnn_2d_residual_images + lstm_cumulative_scale,0.004622454556668891,0.24112266922738027,0.34307228022654823,0.5486111111111112
rank,4,logistic_image_scale + logistic_cumulative_scale + cnn_2d_residual_images + cnnlstm_image_scale,0.02531791010371365,0.1906531956134202,0.21731722795635489,0.5833333333333334
rank,4,logistic_image_scale + logistic_cumulative_scale + cnn_2d_residual_images + cnnlstm_cumulative_scale,0.005216241150000189,0.22397617880101636,0.30623330288120876,0.5625
rank,4,logistic_image_scale + logistic_cumulative_scale + cnn_2d_residual_small + lstm_image_scale,0.044405325361266616,0.20159659416405207,0.2438448333348322,0.5763888888888888
rank,4,logistic_image_scale + logistic_cumulative_scale + cnn_2d_residual_small + lstm_cumulative_scale,0.02755842788452262,0.328194572938896,0.5951683849754126,0.5555555555555556
rank,4,logistic_image_scale + logistic_cumulative_scale + cnn_2d_residual_small + cnnlstm_image_scale,0.047557413810364206,0.1943707793849996,0.2276146658693523,0.5555555555555556
rank,4,logistic_image_scale + logistic_cumulative_scale + cnn_2d_residual_small + cnnlstm_cumulative_scale,0.031110384894514276,0.3649946058599393,0.7476244863281101,0.5902777777777778
rank,4,logistic_image_scale + logistic_cumulative_scale + lstm_image_scale + lstm_cumulative_scale,0.0244739387378416,0.24315735140337577,0.34807657152555094,0.5763888888888888
rank,4,logistic_image_scale + logistic_cumulative_scale + lstm_image_scale + cnnlstm_image_scale,0.040607138503961616,0.24394101957786324,0.3588075554478327,0.5902777777777778
rank,4,logistic_image_scale + logistic_cumulative_scale + lstm_image_scale + cnnlstm_cumulative_scale,0.026144878733553145,0.31525944338569356,0.5759210415485749,0.6041666666666666
rank,4,logistic_image_scale + logistic_cumulative_scale + lstm_cumulative_scale + cnnlstm_image_scale,0.023324617447453684,0.2704499238319853,0.43905598462203255,0.5555555555555556
rank,4,logistic_image_scale + logistic_cumulative_scale + lstm_cumulative_scale + cnnlstm_cumulative_scale,0.0037687394090758918,0.2299138761057366,0.3186932246838261,0.5486111111111112
rank,4,logistic_image_scale + logistic_cumulative_scale + cnnlstm_image_scale + cnnlstm_cumulative_scale,0.023835093880661393,0.4565581590894309,1.0152476263333217,0.5902777777777778
rank,4,logistic_image_scale + cnn_1d_image_scale + cnn_2d_rendered_images + cnn_1d_attention_image_scale,0.01311200333113703,0.2175151558262359,0.2672440755691685,0.5694444444444444
rank,4,logistic_image_scale + cnn_1d_image_scale + cnn_2d_rendered_images + cnn_1d_cumulative_scale,0.020690753458568682,0.24668918271924029,0.34348035508695673,0.5416666666666666
rank,4,logistic_image_scale + cnn_1d_image_scale + cnn_2d_rendered_images + cnn_1d_dilated_image_scale,0.015728122866929223,0.24797047603550226,0.3438526758895888,0.5694444444444444
rank,4,logistic_image_scale + cnn_1d_image_scale + cnn_2d_rendered_images + cnn_1d_multiscale_image_scale,0.008928971279434754,0.2190508115591544,0.27043080518709206,0.5694444444444444
rank,4,logistic_image_scale + cnn_1d_image_scale + cnn_2d_rendered_images + cnn_2d_residual_images,0.005278183330790068,0.12180336106063895,0.054912169624515395,0.5486111111111112
rank,4,logistic_image_scale + cnn_1d_image_scale + cnn_2d_rendered_images + cnn_2d_residual_small,0.031567747730902165,0.19925334919992474,0.2270432998172771,0.5694444444444444
rank,4,logistic_image_scale + cnn_1d_image_scale + cnn_2d_rendered_images + lstm_image_scale,0.025358993234830852,0.15911475610626166,0.13242850627849823,0.5555555555555556
rank,4,logistic_image_scale + cnn_1d_image_scale + cnn_2d_rendered_images + lstm_cumulative_scale,0.006632160880281872,0.29999819753342344,0.47453766038764233,0.5763888888888888
rank,4,logistic_image_scale + cnn_1d_image_scale + cnn_2d_rendered_images + cnnlstm_image_scale,0.021267771740195344,0.24089838278164358,0.3300788561109038,0.5625
rank,4,logistic_image_scale + cnn_1d_image_scale + cnn_2d_rendered_images + cnnlstm_cumulative_scale,-0.0027963197876025537,0.17832044370890485,0.17708799631392536,0.5416666666666666
rank,4,logistic_image_scale + cnn_1d_image_scale + cnn_1d_attention_image_scale + cnn_1d_cumulative_scale,0.026103351515049944,0.2585029313385329,0.37480711127526023,0.5763888888888888
rank,4,logistic_image_scale + cnn_1d_image_scale + cnn_1d_attention_image_scale + cnn_1d_dilated_image_scale,0.017167209388906108,0.24862649814672594,0.34539411580122725,0.5694444444444444
rank,4,logistic_image_scale + cnn_1d_image_scale + cnn_1d_attention_image_scale + cnn_1d_multiscale_image_scale,0.016203667285213053,0.29164229785868867,0.4651915726408553,0.5694444444444444
rank,4,logistic_image_scale + cnn_1d_image_scale + cnn_1d_attention_image_scale + cnn_2d_residual_images,0.012248002912199856,0.2424936914359175,0.3229500728647978,0.5555555555555556
rank,4,logistic_image_scale + cnn_1d_image_scale + cnn_1d_attention_image_scale + cnn_2d_residual_small,0.03548339208754345,0.18886724758565435,0.2049259179328733,0.5486111111111112
rank,4,logistic_image_scale + cnn_1d_image_scale + cnn_1d_attention_image_scale + lstm_image_scale,0.033157301779272834,0.22342697787701019,0.2861759327719857,0.5763888888888888
rank,4,logistic_image_scale + cnn_1d_image_scale + cnn_1d_attention_image_scale + lstm_cumulative_scale,0.019021804790017575,0.25469196243086,0.36379196092527843,0.5902777777777778
rank,4,logistic_image_scale + cnn_1d_image_scale + cnn_1d_attention_image_scale + cnnlstm_image_scale,0.03427534438270281,0.2781699654357537,0.4322541752217832,0.6111111111111112
rank,4,logistic_image_scale + cnn_1d_image_scale + cnn_1d_attention_image_scale + cnnlstm_cumulative_scale,0.015455438156294733,0.21280463215186035,0.2614389206271608,0.5694444444444444
rank,4,logistic_image_scale + cnn_1d_image_scale + cnn_1d_cumulative_scale + cnn_1d_dilated_image_scale,0.030285264102115555,0.20900128266896706,0.250549548428179,0.5486111111111112
rank,4,logistic_image_scale + cnn_1d_image_scale + cnn_1d_cumulative_scale + cnn_1d_multiscale_image_scale,0.02771004521815199,0.31610729755876243,0.5495946250992829,0.5625
rank,4,logistic_image_scale + cnn_1d_image_scale + cnn_1d_cumulative_scale + cnn_2d_residual_images,0.015858526896028277,0.24250750186975395,0.3367248697625862,0.5486111111111112
rank,4,logistic_image_scale + cnn_1d_image_scale + cnn_1d_cumulative_scale + cnn_2d_residual_small,0.0454776742520045,0.3194992559341026,0.532145922367419,0.5486111111111112
rank,4,logistic_image_scale + cnn_1d_image_scale + cnn_1d_cumulative_scale + lstm_image_scale,0.042467019105756405,0.2003286001661157,0.2301533873919901,0.5763888888888888
rank,4,logistic_image_scale + cnn_1d_image_scale + cnn_1d_cumulative_scale + lstm_cumulative_scale,0.026013246371726813,0.3623984044889052,0.6732869272597442,0.5763888888888888
rank,4,logistic_image_scale + cnn_1d_image_scale + cnn_1d_cumulative_scale + cnnlstm_image_scale,0.043002942175191884,0.44556571355698,0.8441871554662288,0.5833333333333334
rank,4,logistic_image_scale + cnn_1d_image_scale + cnn_1d_cumulative_scale + cnnlstm_cumulative_scale,0.01910539786710574,0.4122623242882045,0.8030877894431816,0.5763888888888888
rank,4,logistic_image_scale + cnn_1d_image_scale + cnn_1d_dilated_image_scale + cnn_1d_multiscale_image_scale,0.0236274719025425,0.22288281827055773,0.2811119931371209,0.5694444444444444
rank,4,logistic_image_scale + cnn_1d_image_scale + cnn_1d_dilated_image_scale + cnn_2d_residual_images,0.017360589753291553,0.15061715285615337,0.11348831656450886,0.5486111111111112
rank,4,logistic_image_scale + cnn_1d_image_scale + cnn_1d_dilated_image_scale + cnn_2d_residual_small,0.03988844988003753,0.21095981768300368,0.2557326435571632,0.5416666666666666
rank,4,logistic_image_scale + cnn_1d_image_scale + cnn_1d_dilated_image_scale + lstm_image_scale,0.03824988390176876,0.22791269351160195,0.29920142134326344,0.5625
rank,4,logistic_image_scale + cnn_1d_image_scale + cnn_1d_dilated_image_scale + lstm_cumulative_scale,0.018373434311943593,0.26133123959564336,0.379994480675238,0.5833333333333334
rank,4,logistic_image_scale + cnn_1d_image_scale + cnn_1d_dilated_image_scale + cnnlstm_image_scale,0.03415029463966073,0.21774037564557233,0.2731767842406059,0.5694444444444444
rank,4,logistic_image_scale + cnn_1d_image_scale + cnn_1d_dilated_image_scale + cnnlstm_cumulative_scale,0.017942594997278318,0.18145932688987682,0.1851752942959406,0.5486111111111112
rank,4,logistic_image_scale + cnn_1d_image_scale + cnn_1d_multiscale_image_scale + cnn_2d_residual_images,0.013574015951073102,0.2762820309385497,0.41616950861565005,0.5763888888888888
rank,4,logistic_image_scale + cnn_1d_image_scale + cnn_1d_multiscale_image_scale + cnn_2d_residual_small,0.032234232951387894,0.30140424691537987,0.47825188632454063,0.5694444444444444
rank,4,logistic_image_scale + cnn_1d_image_scale + cnn_1d_multiscale_image_scale + lstm_image_scale,0.03208578686175597,0.22782936977254004,0.30044944304334265,0.5555555555555556
rank,4,logistic_image_scale + cnn_1d_image_scale + cnn_1d_multiscale_image_scale + lstm_cumulative_scale,0.012174827648611646,0.3134383716682812,0.5201652929022869,0.5902777777777778
rank,4,logistic_image_scale + cnn_1d_image_scale + cnn_1d_multiscale_image_scale + cnnlstm_image_scale,0.028742317415529857,0.19643207437691546,0.21895218469183142,0.5763888888888888
rank,4,logistic_image_scale + cnn_1d_image_scale + cnn_1d_multiscale_image_scale + cnnlstm_cumulative_scale,0.012888942591565821,0.23744516635769755,0.32557996392378397,0.5694444444444444
rank,4,logistic_image_scale + cnn_1d_image_scale + cnn_2d_residual_images + cnn_2d_residual_small,0.03157825817095621,0.23384486872153087,0.3039047709468443,0.5555555555555556
rank,4,logistic_image_scale + cnn_1d_image_scale + cnn_2d_residual_images + lstm_image_scale,0.025386003792528762,0.2952163018526952,0.46203070148641,0.5694444444444444
rank,4,logistic_image_scale + cnn_1d_image_scale + cnn_2d_residual_images + lstm_cumulative_scale,0.00578171953838744,0.2992860612692126,0.47658711071505633,0.5694444444444444
rank,4,logistic_image_scale + cnn_1d_image_scale + cnn_2d_residual_images + cnnlstm_image_scale,0.026530751068174166,0.1328560803390653,0.07332588893755165,0.5555555555555556
rank,4,logistic_image_scale + cnn_1d_image_scale + cnn_2d_residual_images + cnnlstm_cumulative_scale,-0.0017406488646589348,0.19414981859897332,0.21378527940533965,0.5625
rank,4,logistic_image_scale + cnn_1d_image_scale + cnn_2d_residual_small + lstm_image_scale,0.05411065672349569,0.19450467770615712,0.21981196415770965,0.5486111111111112
rank,4,logistic_image_scale + cnn_1d_image_scale + cnn_2d_residual_small + lstm_cumulative_scale,0.029874911774204455,0.42891033261176875,0.8630790046052528,0.5763888888888888
rank,4,logistic_image_scale + cnn_1d_image_scale + cnn_2d_residual_small + cnnlstm_image_scale,0.04910165278949762,0.18331883957565884,0.1930971867896587,0.5763888888888888
rank,4,logistic_image_scale + cnn_1d_image_scale + cnn_2d_residual_small + cnnlstm_cumulative_scale,0.02468807692899858,0.3316348964477618,0.584274164683521,0.5486111111111112
rank,4,logistic_image_scale + cnn_1d_image_scale + lstm_image_scale + lstm_cumulative_scale,0.03453555926872098,0.37275998064123095,0.6911246399612312,0.5902777777777778
rank,4,logistic_image_scale + cnn_1d_image_scale + lstm_image_scale + cnnlstm_image_scale,0.04634446053750108,0.15013035304369476,0.11228101651997768,0.5763888888888888
rank,4,logistic_image_scale + cnn_1d_image_scale + lstm_image_scale + cnnlstm_cumulative_scale,0.02627426600123461,0.3019618771208285,0.508408307576725,0.5486111111111112
rank,4,logistic_image_scale + cnn_1d_image_scale + lstm_cumulative_scale + cnnlstm_image_scale,0.02855894426649618,0.2561665073379984,0.3666688896763146,0.5555555555555556
rank,4,logistic_image_scale + cnn_1d_image_scale + lstm_cumulative_scale + cnnlstm_cumulative_scale,0.003607760303459262,0.27632477646744547,0.4256386460099597,0.5763888888888888
rank,4,logistic_image_scale + cnn_1d_image_scale + cnnlstm_image_scale + cnnlstm_cumulative_scale,0.023830322177417616,0.4501427204130516,0.9036664683771667,0.5833333333333334
rank,4,logistic_image_scale + cnn_2d_rendered_images + cnn_1d_attention_image_scale + cnn_1d_cumulative_scale,0.037307616975840195,0.36076578400306186,0.6914776731901391,0.5625
rank,4,logistic_image_scale + cnn_2d_rendered_images + cnn_1d_attention_image_scale + cnn_1d_dilated_image_scale,0.02610057663844227,0.3238451923284969,0.5685729560098738,0.5833333333333334
rank,4,logistic_image_scale + cnn_2d_rendered_images + cnn_1d_attention_image_scale + cnn_1d_multiscale_image_scale,0.02025822224568979,0.314526981295774,0.532848321900818,0.5902777777777778
rank,4,logistic_image_scale + cnn_2d_rendered_images + cnn_1d_attention_image_scale + cnn_2d_residual_images,0.014427702047909658,0.2695118105771562,0.39405672714160067,0.5763888888888888
rank,4,logistic_image_scale + cnn_2d_rendered_images + cnn_1d_attention_image_scale + cnn_2d_residual_small,0.0369687474442457,0.33544929389740735,0.5826549612134515,0.6180555555555556
rank,4,logistic_image_scale + cnn_2d_rendered_images + cnn_1d_attention_image_scale + lstm_image_scale,0.036123362037019484,0.3470734029571957,0.6272965274120961,0.5763888888888888
rank,4,logistic_image_scale + cnn_2d_rendered_images + cnn_1d_attention_image_scale + lstm_cumulative_scale,0.01799260130178638,0.4401021867978665,0.9130404961050202,0.5902777777777778
rank,4,logistic_image_scale + cnn_2d_rendered_images + cnn_1d_attention_image_scale + cnnlstm_image_scale,0.03978670229019343,0.3091936189653295,0.5305524874992327,0.5902777777777778
rank,4,logistic_image_scale + cnn_2d_rendered_images + cnn_1d_attention_image_scale + cnnlstm_cumulative_scale,0.014082579800472285,0.18921527641811478,0.2025844871550755,0.5694444444444444
rank,4,logistic_image_scale + cnn_2d_rendered_images + cnn_1d_cumulative_scale + cnn_1d_dilated_image_scale,0.036618226663341004,0.3784028234722385,0.7617929297468595,0.5694444444444444
rank,4,logistic_image_scale + cnn_2d_rendered_images + cnn_1d_cumulative_scale + cnn_1d_multiscale_image_scale,0.028349883102985137,0.3389598008968243,0.6318122888707955,0.5625
rank,4,logistic_image_scale + cnn_2d_rendered_images + cnn_1d_cumulative_scale + cnn_2d_residual_images,0.015375743273418004,0.32614389149761236,0.5718012166354038,0.5763888888888888
rank,4,logistic_image_scale + cnn_2d_rendered_images + cnn_1d_cumulative_scale + cnn_2d_residual_small,0.04615758971966789,0.4300427013233944,0.8881541733172338,0.5625
rank,4,logistic_image_scale + cnn_2d_rendered_images + cnn_1d_cumulative_scale + lstm_image_scale,0.04191466307401786,0.3230800527183984,0.5794649311392119,0.5833333333333334
rank,4,logistic_image_scale + cnn_2d_rendered_images + cnn_1d_cumulative_scale + lstm_cumulative_scale,0.021610694616335586,0.3295716662093349,0.5714158012606183,0.5833333333333334
rank,4,logistic_image_scale + cnn_2d_rendered_images + cnn_1d_cumulative_scale + cnnlstm_image_scale,0.0465432153587199,0.48414637656066795,1.0625693952468782,0.5972222222222222
rank,4,logistic_image_scale + cnn_2d_rendered_images + cnn_1d_cumulative_scale + cnnlstm_cumulative_scale,0.016263311518283072,0.3757324486687733,0.6527061874715496,0.5555555555555556
rank,4,logistic_image_scale + cnn_2d_rendered_images + cnn_1d_dilated_image_scale + cnn_1d_multiscale_image_scale,0.02784344315127111,0.34669447578252816,0.6339959662118375,0.5902777777777778
rank,4,logistic_image_scale + cnn_2d_rendered_images + cnn_1d_dilated_image_scale + cnn_2d_residual_images,0.017045464440582938,0.2876851141956255,0.4467655409593383,0.5625
rank,4,logistic_image_scale + cnn_2d_rendered_images + cnn_1d_dilated_image_scale + cnn_2d_residual_small,0.03735134347186363,0.32425253242305285,0.5508161198751902,0.5902777777777778
rank,4,logistic_image_scale + cnn_2d_rendered_images + cnn_1d_dilated_image_scale + lstm_image_scale,0.03855635250525615,0.2963106349932713,0.48939256327823166,0.5833333333333334
rank,4,logistic_image_scale + cnn_2d_rendered_images + cnn_1d_dilated_image_scale + lstm_cumulative_scale,0.01770526872162959,0.2908162461810397,0.4605491808255371,0.5833333333333334
rank,4,logistic_image_scale + cnn_2d_rendered_images + cnn_1d_dilated_image_scale + cnnlstm_image_scale,0.03471954796944483,0.19586776055303584,0.21766024380784676,0.5763888888888888
rank,4,logistic_image_scale + cnn_2d_rendered_images + cnn_1d_dilated_image_scale + cnnlstm_cumulative_scale,0.009637321540317543,0.24283287113510638,0.34458264791673376,0.5902777777777778
rank,4,logistic_image_scale + cnn_2d_rendered_images + cnn_1d_multiscale_image_scale + cnn_2d_residual_images,0.01663987661389055,0.24267491109196884,0.33195966808403465,0.5625
rank,4,logistic_image_scale + cnn_2d_rendered_images + cnn_1d_multiscale_image_scale + cnn_2d_residual_small,0.03459031973767716,0.43204142900683834,0.9082894254010907,0.5902777777777778
rank,4,logistic_image_scale + cnn_2d_rendered_images + cnn_1d_multiscale_image_scale + lstm_image_scale,0.025915079289331972,0.19391234132213073,0.21254267499138257,0.5555555555555556
rank,4,logistic_image_scale + cnn_2d_rendered_images + cnn_1d_multiscale_image_scale + lstm_cumulative_scale,0.009046735391991693,0.4142946936870685,0.8327296138564997,0.5902777777777778
rank,4,logistic_image_scale + cnn_2d_rendered_images + cnn_1d_multiscale_image_scale + cnnlstm_image_scale,0.027050810256956204,0.26341316131650744,0.3937170399602943,0.5972222222222222
rank,4,logistic_image_scale + cnn_2d_rendered_images + cnn_1d_multiscale_image_scale + cnnlstm_cumulative_scale,0.007010387775028866,0.24182419381578069,0.3359627170994359,0.5694444444444444
rank,4,logistic_image_scale + cnn_2d_rendered_images + cnn_2d_residual_images + cnn_2d_residual_small,0.029841210219605598,0.3419813137122761,0.6040090704095726,0.5833333333333334
rank,4,logistic_image_scale + cnn_2d_rendered_images + cnn_2d_residual_images + lstm_image_scale,0.019468800736670937,0.3031023203090632,0.49525576361974877,0.5833333333333334
rank,4,logistic_image_scale + cnn_2d_rendered_images + cnn_2d_residual_images + lstm_cumulative_scale,0.000941079291421914,0.2989282346200877,0.47925029904773364,0.5902777777777778
rank,4,logistic_image_scale + cnn_2d_rendered_images + cnn_2d_residual_images + cnnlstm_image_scale,0.023784893877836756,0.21313064193982142,0.26138342770119816,0.5694444444444444
rank,4,logistic_image_scale + cnn_2d_rendered_images + cnn_2d_residual_images + cnnlstm_cumulative_scale,-0.0014637414049419983,0.33436194262504265,0.5760754973454449,0.5694444444444444
rank,4,logistic_image_scale + cnn_2d_rendered_images + cnn_2d_residual_small + lstm_image_scale,0.045800527327294026,0.3244666303606065,0.5462009125265364,0.5902777777777778
rank,4,logistic_image_scale + cnn_2d_rendered_images + cnn_2d_residual_small + lstm_cumulative_scale,0.0251002601300101,0.45986665396093945,0.9728553938783719,0.5902777777777778
rank,4,logistic_image_scale + cnn_2d_rendered_images + cnn_2d_residual_small + cnnlstm_image_scale,0.04626264556692341,0.30485478908464797,0.5110964552923241,0.5902777777777778
rank,4,logistic_image_scale + cnn_2d_rendered_images + cnn_2d_residual_small + cnnlstm_cumulative_scale,0.021262579455118856,0.3470718105667723,0.6241871776861854,0.5902777777777778
rank,4,logistic_image_scale + cnn_2d_rendered_images + lstm_image_scale + lstm_cumulative_scale,0.028166036691046076,0.38148141631210736,0.7292628384747799,0.5833333333333334
rank,4,logistic_image_scale + cnn_2d_rendered_images + lstm_image_scale + cnnlstm_image_scale,0.04011984276745441,0.21749550383038405,0.27346598021455093,0.5694444444444444
rank,4,logistic_image_scale + cnn_2d_rendered_images + lstm_image_scale + cnnlstm_cumulative_scale,0.021435446040642837,0.3296664123785413,0.589455755439271,0.5694444444444444
rank,4,logistic_image_scale + cnn_2d_rendered_images + lstm_cumulative_scale + cnnlstm_image_scale,0.024757452735827752,0.31397497108534633,0.5253478302269643,0.5902777777777778
rank,4,logistic_image_scale + cnn_2d_rendered_images + lstm_cumulative_scale + cnnlstm_cumulative_scale,-0.00027000210495482265,0.23623089692550903,0.32553924841511184,0.5625
rank,4,logistic_image_scale + cnn_2d_rendered_images + cnnlstm_image_scale + cnnlstm_cumulative_scale,0.018580497200523426,0.5517736303379938,1.1266596019576203,0.5833333333333334
rank,4,logistic_image_scale + cnn_1d_attention_image_scale + cnn_1d_cumulative_scale + cnn_1d_dilated_image_scale,0.03887471429407895,0.37604178983093317,0.7605643701668225,0.5694444444444444
rank,4,logistic_image_scale + cnn_1d_attention_image_scale + cnn_1d_cumulative_scale + cnn_1d_multiscale_image_scale,0.033717454220817906,0.3480007714864654,0.6568013412358826,0.5833333333333334
rank,4,logistic_image_scale + cnn_1d_attention_image_scale + cnn_1d_cumulative_scale + cnn_2d_residual_images,0.03281612894285694,0.3781601564214669,0.7467181116520747,0.5763888888888888
rank,4,logistic_image_scale + cnn_1d_attention_image_scale + cnn_1d_cumulative_scale + cnn_2d_residual_small,0.056387458357626,0.4005827023021977,0.8003969549648238,0.5763888888888888
rank,4,logistic_image_scale + cnn_1d_attention_image_scale + cnn_1d_cumulative_scale + lstm_image_scale,0.05754913929241739,0.41809645457488676,0.9303324878576333,0.5833333333333334
rank,4,logistic_image_scale + cnn_1d_attention_image_scale + cnn_1d_cumulative_scale + lstm_cumulative_scale,0.03481352490131133,0.47519566730384394,1.0418875409552806,0.5763888888888888
rank,4,logistic_image_scale + cnn_1d_attention_image_scale + cnn_1d_cumulative_scale + cnnlstm_image_scale,0.05570483692191715,0.4941217897677754,1.0392345439015909,0.5694444444444444
rank,4,logistic_image_scale + cnn_1d_attention_image_scale + cnn_1d_cumulative_scale + cnnlstm_cumulative_scale,0.02830400150948378,0.3701443470707877,0.6368290803134662,0.5763888888888888
rank,4,logistic_image_scale + cnn_1d_attention_image_scale + cnn_1d_dilated_image_scale + cnn_1d_multiscale_image_scale,0.03051246162832,0.32348264430988577,0.5701724038808182,0.6041666666666666
rank,4,logistic_image_scale + cnn_1d_attention_image_scale + cnn_1d_dilated_image_scale + cnn_2d_residual_images,0.025116265704912176,0.3353242502425388,0.5892568427983196,0.5763888888888888
rank,4,logistic_image_scale + cnn_1d_attention_image_scale + cnn_1d_dilated_image_scale + cnn_2d_residual_small,0.04607106594700432,0.29136711882835814,0.4649312711989382,0.5555555555555556
rank,4,logistic_image_scale + cnn_1d_attention_image_scale + cnn_1d_dilated_image_scale + lstm_image_scale,0.051204441642097205,0.36007073581675464,0.689650449334027,0.5902777777777778
rank,4,logistic_image_scale + cnn_1d_attention_image_scale + cnn_1d_dilated_image_scale + lstm_cumulative_scale,0.028269040596801107,0.29732068111683524,0.480851949129137,0.5833333333333334
rank,4,logistic_image_scale + cnn_1d_attention_image_scale + cnn_1d_dilated_image_scale + cnnlstm_image_scale,0.04070973868462219,0.23600946875509055,0.321046344608245,0.5763888888888888
rank,4,logistic_image_scale + cnn_1d_attention_image_scale + cnn_1d_dilated_image_scale + cnnlstm_cumulative_scale,0.02671684988504782,0.19084942463554808,0.20675873136398426,0.5763888888888888
rank,4,logistic_image_scale + cnn_1d_attention_image_scale + cnn_1d_multiscale_image_scale + cnn_2d_residual_images,0.029354378695329766,0.337301663708787,0.5866832450898738,0.5763888888888888
rank,4,logistic_image_scale + cnn_1d_attention_image_scale + cnn_1d_multiscale_image_scale + cnn_2d_residual_small,0.04341974524425703,0.32620218259555606,0.566246036893179,0.5833333333333334
rank,4,logistic_image_scale + cnn_1d_attention_image_scale + cnn_1d_multiscale_image_scale + lstm_image_scale,0.040939375408293247,0.33269875516100067,0.5957597591822641,0.5833333333333334
rank,4,logistic_image_scale + cnn_1d_attention_image_scale + cnn_1d_multiscale_image_scale + lstm_cumulative_scale,0.024411099331213906,0.4128486084439497,0.8280034130437961,0.5972222222222222
rank,4,logistic_image_scale + cnn_1d_attention_image_scale + cnn_1d_multiscale_image_scale + cnnlstm_image_scale,0.03542459401792873,0.24736773850893,0.34760547935309494,0.5972222222222222
rank,4,logistic_image_scale + cnn_1d_attention_image_scale + cnn_1d_multiscale_image_scale + cnnlstm_cumulative_scale,0.01801399848890866,0.22888664095776473,0.30712056135829857,0.5694444444444444
rank,4,logistic_image_scale + cnn_1d_attention_image_scale + cnn_2d_residual_images + cnn_2d_residual_small,0.04213141591078138,0.2458346085204653,0.33336249352945635,0.5486111111111112
rank,4,logistic_image_scale + cnn_1d_attention_image_scale + cnn_2d_residual_images + lstm_image_scale,0.03672408007145049,0.3201819177092292,0.5306414122507148,0.5694444444444444
rank,4,logistic_image_scale + cnn_1d_attention_image_scale + cnn_2d_residual_images + lstm_cumulative_scale,0.019792680375139666,0.4635182937256566,0.9879638232276124,0.5972222222222222
rank,4,logistic_image_scale + cnn_1d_attention_image_scale + cnn_2d_residual_images + cnnlstm_image_scale,0.035599584827490136,0.21997986527363247,0.2800668581109058,0.5694444444444444
rank,4,logistic_image_scale + cnn_1d_attention_image_scale + cnn_2d_residual_images + cnnlstm_cumulative_scale,0.018848056688291925,0.2784103202763014,0.4404873362267441,0.5763888888888888
rank,4,logistic_image_scale + cnn_1d_attention_image_scale + cnn_2d_residual_small + lstm_image_scale,0.05460863685479719,0.34454682153066524,0.6107737544231158,0.6041666666666666
rank,4,logistic_image_scale + cnn_1d_attention_image_scale + cnn_2d_residual_small + lstm_cumulative_scale,0.040863887598348796,0.41022685707317014,0.7971126219182232,0.5555555555555556
rank,4,logistic_image_scale + cnn_1d_attention_image_scale + cnn_2d_residual_small + cnnlstm_image_scale,0.057843110382130615,0.40396117165548234,0.73396627265341,0.5972222222222222
rank,4,logistic_image_scale + cnn_1d_attention_image_scale + cnn_2d_residual_small + cnnlstm_cumulative_scale,0.03550161892317017,0.3275562466256875,0.5903984307797279,0.5902777777777778
rank,4,logistic_image_scale + cnn_1d_attention_image_scale + lstm_image_scale + lstm_cumulative_scale,0.04075655187352022,0.38314112458438887,0.7237692593212495,0.5694444444444444
rank,4,logistic_image_scale + cnn_1d_attention_image_scale + lstm_image_scale + cnnlstm_image_scale,0.05752847198329448,0.27827947130673625,0.4395581765635159,0.6041666666666666
rank,4,logistic_image_scale + cnn_1d_attention_image_scale + lstm_image_scale + cnnlstm_cumulative_scale,0.04151983912787415,0.28188148639339,0.4528869771037385,0.5625
rank,4,logistic_image_scale + cnn_1d_attention_image_scale + lstm_cumulative_scale + cnnlstm_image_scale,0.03789706839382329,0.36627298777873973,0.6973467786884426,0.5902777777777778
rank,4,logistic_image_scale + cnn_1d_attention_image_scale + lstm_cumulative_scale + cnnlstm_cumulative_scale,0.013913458198706288,0.24081835291415135,0.3438060900801134,0.5763888888888888
rank,4,logistic_image_scale + cnn_1d_attention_image_scale + cnnlstm_image_scale + cnnlstm_cumulative_scale,0.03642419726945277,0.4842089202019994,1.0148633995170284,0.5833333333333334
rank,4,logistic_image_scale + cnn_1d_cumulative_scale + cnn_1d_dilated_image_scale + cnn_1d_multiscale_image_scale,0.04063013975303021,0.3056680104485866,0.5171077992795055,0.5763888888888888
rank,4,logistic_image_scale + cnn_1d_cumulative_scale + cnn_1d_dilated_image_scale + cnn_2d_residual_images,0.03630732180990715,0.3543232591612512,0.6679107622547102,0.5833333333333334
rank,4,logistic_image_scale + cnn_1d_cumulative_scale + cnn_1d_dilated_image_scale + cnn_2d_residual_small,0.05821679706622784,0.3940123375322355,0.7966295170178741,0.5625
rank,4,logistic_image_scale + cnn_1d_cumulative_scale + cnn_1d_dilated_image_scale + lstm_image_scale,0.058402080785377605,0.3465355648868473,0.6733960341362342,0.5833333333333334
rank,4,logistic_image_scale + cnn_1d_cumulative_scale + cnn_1d_dilated_image_scale + lstm_cumulative_scale,0.03587267635350296,0.3321356501580538,0.5757342962473244,0.5625
rank,4,logistic_image_scale + cnn_1d_cumulative_scale + cnn_1d_dilated_image_scale + cnnlstm_image_scale,0.0515085327278481,0.4325144097646803,0.8574618637382114,0.5763888888888888
rank,4,logistic_image_scale + cnn_1d_cumulative_scale + cnn_1d_dilated_image_scale + cnnlstm_cumulative_scale,0.02485749273902597,0.34387896351341335,0.6462840189803774,0.5625
rank,4,logistic_image_scale + cnn_1d_cumulative_scale + cnn_1d_multiscale_image_scale + cnn_2d_residual_images,0.023664164772723435,0.3098966569336565,0.535927641449186,0.5694444444444444
rank,4,logistic_image_scale + cnn_1d_cumulative_scale + cnn_1d_multiscale_image_scale + cnn_2d_residual_small,0.046726669898394746,0.44198781442943935,0.9632788819959133,0.5833333333333334
rank,4,logistic_image_scale + cnn_1d_cumulative_scale + cnn_1d_multiscale_image_scale + lstm_image_scale,0.04323166320940093,0.3053566839334693,0.5287977283686724,0.5763888888888888
rank,4,logistic_image_scale + cnn_1d_cumulative_scale + cnn_1d_multiscale_image_scale + lstm_cumulative_scale,0.02669996025182668,0.39967960967638355,0.8293345935270522,0.5972222222222222
rank,4,logistic_image_scale + cnn_1d_cumulative_scale + cnn_1d_multiscale_image_scale + cnnlstm_image_scale,0.04452871661635948,0.4640843642264173,0.9836984843607421,0.5902777777777778
rank,4,logistic_image_scale + cnn_1d_cumulative_scale + cnn_1d_multiscale_image_scale + cnnlstm_cumulative_scale,0.021872504291051614,0.48100583780933803,0.9656188171661992,0.5902777777777778
rank,4,logistic_image_scale + cnn_1d_cumulative_scale + cnn_2d_residual_images + cnn_2d_residual_small,0.050395260995339364,0.4006350183502319,0.7676332890218691,0.5486111111111112
rank,4,logistic_image_scale + cnn_1d_cumulative_scale + cnn_2d_residual_images + lstm_image_scale,0.04102349415339249,0.37230314060299,0.7293813416451462,0.5763888888888888
rank,4,logistic_image_scale + cnn_1d_cumulative_scale + cnn_2d_residual_images + lstm_cumulative_scale,0.02209857531547942,0.2612906529493267,0.3855540566024751,0.5833333333333334
rank,4,logistic_image_scale + cnn_1d_cumulative_scale + cnn_2d_residual_images + cnnlstm_image_scale,0.04642692627215149,0.5082213526752616,1.1325336314255838,0.5902777777777778
rank,4,logistic_image_scale + cnn_1d_cumulative_scale + cnn_2d_residual_images + cnnlstm_cumulative_scale,0.0170182802140914,0.2909523663034036,0.4654001476095935,0.5555555555555556
rank,4,logistic_image_scale + cnn_1d_cumulative_scale + cnn_2d_residual_small + lstm_image_scale,0.06525162815524578,0.4518952074185428,0.9812642901485313,0.5902777777777778
rank,4,logistic_image_scale + cnn_1d_cumulative_scale + cnn_2d_residual_small + lstm_cumulative_scale,0.046703590332440655,0.2900602899725321,0.4556524279351146,0.5694444444444444
rank,4,logistic_image_scale + cnn_1d_cumulative_scale + cnn_2d_residual_small + cnnlstm_image_scale,0.06705621105997307,0.5406339410084255,1.2323306586371734,0.6111111111111112
rank,4,logistic_image_scale + cnn_1d_cumulative_scale + cnn_2d_residual_small + cnnlstm_cumulative_scale,0.03807022544727371,0.5302303122744256,1.1556185572659032,0.5833333333333334
rank,4,logistic_image_scale + cnn_1d_cumulative_scale + lstm_image_scale + lstm_cumulative_scale,0.039336224812700674,0.37421169140522936,0.7344333196043786,0.5833333333333334
rank,4,logistic_image_scale + cnn_1d_cumulative_scale + lstm_image_scale + cnnlstm_image_scale,0.059726897744388927,0.3213859800053665,0.5482695891312803,0.5555555555555556
rank,4,logistic_image_scale + cnn_1d_cumulative_scale + lstm_image_scale + cnnlstm_cumulative_scale,0.03993982088882757,0.5865001101102336,1.4494228543394305,0.5763888888888888
rank,4,logistic_image_scale + cnn_1d_cumulative_scale + lstm_cumulative_scale + cnnlstm_image_scale,0.03565621309989356,0.474037096560902,0.995656584866393,0.5833333333333334
rank,4,logistic_image_scale + cnn_1d_cumulative_scale + lstm_cumulative_scale + cnnlstm_cumulative_scale,0.01575371309566664,0.3059024895386416,0.5233098117802337,0.5694444444444444
rank,4,logistic_image_scale + cnn_1d_cumulative_scale + cnnlstm_image_scale + cnnlstm_cumulative_scale,0.03815391615833238,0.5013486245195864,1.075276323159934,0.5625
rank,4,logistic_image_scale + cnn_1d_dilated_image_scale + cnn_1d_multiscale_image_scale + cnn_2d_residual_images,0.030947277412957566,0.3046264457406373,0.5105919612711074,0.5833333333333334
rank,4,logistic_image_scale + cnn_1d_dilated_image_scale + cnn_1d_multiscale_image_scale + cnn_2d_residual_small,0.044657951554370655,0.4243845668628088,0.8911880399009269,0.5763888888888888
rank,4,logistic_image_scale + cnn_1d_dilated_image_scale + cnn_1d_multiscale_image_scale + lstm_image_scale,0.04964408832350111,0.2088284076667674,0.2502981999797278,0.5694444444444444
rank,4,logistic_image_scale + cnn_1d_dilated_image_scale + cnn_1d_multiscale_image_scale + lstm_cumulative_scale,0.03042697856405348,0.4307909458539678,0.9082782171830013,0.6111111111111112
rank,4,logistic_image_scale + cnn_1d_dilated_image_scale + cnn_1d_multiscale_image_scale + cnnlstm_image_scale,0.04291686261578267,0.24420609872159457,0.3436026660450089,0.5625
rank,4,logistic_image_scale + cnn_1d_dilated_image_scale + cnn_1d_multiscale_image_scale + cnnlstm_cumulative_scale,0.023498054320929076,0.1251240450942042,0.059415278858615084,0.5694444444444444
rank,4,logistic_image_scale + cnn_1d_dilated_image_scale + cnn_2d_residual_images + cnn_2d_residual_small,0.042388499463455326,0.27655237604595684,0.41189960491532895,0.5694444444444444
rank,4,logistic_image_scale + cnn_1d_dilated_image_scale + cnn_2d_residual_images + lstm_image_scale,0.03333474843476143,0.3521907027721429,0.6343690745053872,0.5902777777777778
rank,4,logistic_image_scale + cnn_1d_dilated_image_scale + cnn_2d_residual_images + lstm_cumulative_scale,0.021204745981595996,0.3464406014667292,0.6179460158182042,0.5972222222222222
rank,4,logistic_image_scale + cnn_1d_dilated_image_scale + cnn_2d_residual_images + cnnlstm_image_scale,0.03708928468190104,0.18344760625284195,0.1891708342856704,0.5555555555555556
rank,4,logistic_image_scale + cnn_1d_dilated_image_scale + cnn_2d_residual_images + cnnlstm_cumulative_scale,0.018462497318268756,0.26420829165832144,0.39648554114701673,0.5763888888888888
rank,4,logistic_image_scale + cnn_1d_dilated_image_scale + cnn_2d_residual_small + lstm_image_scale,0.05920968320219559,0.2430460363277248,0.33992054406841854,0.5763888888888888
rank,4,logistic_image_scale + cnn_1d_dilated_image_scale + cnn_2d_residual_small + lstm_cumulative_scale,0.04037078475822264,0.39352779402790194,0.7404029220253054,0.5694444444444444
rank,4,logistic_image_scale + cnn_1d_dilated_image_scale + cnn_2d_residual_small + cnnlstm_image_scale,0.055927885430822576,0.24204379528165387,0.3386968317030292,0.5833333333333334
rank,4,logistic_image_scale + cnn_1d_dilated_image_scale + cnn_2d_residual_small + cnnlstm_cumulative_scale,0.03662873536758579,0.2691340381595682,0.4160220039687794,0.5902777777777778
rank,4,logistic_image_scale + cnn_1d_dilated_image_scale + lstm_image_scale + lstm_cumulative_scale,0.047334868736660034,0.3392981799178231,0.5938097490706931,0.5763888888888888
rank,4,logistic_image_scale + cnn_1d_dilated_image_scale + lstm_image_scale + cnnlstm_image_scale,0.05742390714520317,0.17371484185946745,0.16642090443505553,0.5763888888888888
rank,4,logistic_image_scale + cnn_1d_dilated_image_scale + lstm_image_scale + cnnlstm_cumulative_scale,0.0412148101848978,0.24976266817065013,0.3609779205888135,0.5902777777777778
rank,4,logistic_image_scale + cnn_1d_dilated_image_scale + lstm_cumulative_scale + cnnlstm_image_scale,0.038938918388992674,0.22895005455637277,0.3068091594849509,0.5625
rank,4,logistic_image_scale + cnn_1d_dilated_image_scale + lstm_cumulative_scale + cnnlstm_cumulative_scale,0.017322359911453034,0.23901809250887643,0.33446651030775354,0.5694444444444444
rank,4,logistic_image_scale + cnn_1d_dilated_image_scale + cnnlstm_image_scale + cnnlstm_cumulative_scale,0.03229330585881067,0.375985135913565,0.6439894818335263,0.5694444444444444
rank,4,logistic_image_scale + cnn_1d_multiscale_image_scale + cnn_2d_residual_images + cnn_2d_residual_small,0.03780842981870666,0.35598313685668126,0.6319588751696041,0.5972222222222222
rank,4,logistic_image_scale + cnn_1d_multiscale_image_scale + cnn_2d_residual_images + lstm_image_scale,0.02959345567634049,0.41997991916245814,0.8756884502564086,0.5625
rank,4,logistic_image_scale + cnn_1d_multiscale_image_scale + cnn_2d_residual_images + lstm_cumulative_scale,0.016864888318063917,0.38748601225432683,0.7471996308207254,0.5902777777777778
rank,4,logistic_image_scale + cnn_1d_multiscale_image_scale + cnn_2d_residual_images + cnnlstm_image_scale,0.030905361268771407,0.2812640931619583,0.44549679798660824,0.5694444444444444
rank,4,logistic_image_scale + cnn_1d_multiscale_image_scale + cnn_2d_residual_images + cnnlstm_cumulative_scale,0.00795996986008714,0.27762784894847053,0.44058609900181134,0.5833333333333334
rank,4,logistic_image_scale + cnn_1d_multiscale_image_scale + cnn_2d_residual_small + lstm_image_scale,0.048717174994844216,0.38601548397198293,0.7456602666816814,0.5763888888888888
rank,4,logistic_image_scale + cnn_1d_multiscale_image_scale + cnn_2d_residual_small + lstm_cumulative_scale,0.03509094568825262,0.5094172227583361,1.2165886783423954,0.6111111111111112
rank,4,logistic_image_scale + cnn_1d_multiscale_image_scale + cnn_2d_residual_small + cnnlstm_image_scale,0.049798827762136406,0.4001928731968218,0.8124254074523869,0.6041666666666666
rank,4,logistic_image_scale + cnn_1d_multiscale_image_scale + cnn_2d_residual_small + cnnlstm_cumulative_scale,0.026493992157752406,0.283111794884763,0.4479339820423447,0.5763888888888888
rank,4,logistic_image_scale + cnn_1d_multiscale_image_scale + lstm_image_scale + lstm_cumulative_scale,0.0324542482513857,0.4847017855756681,1.1336608177793943,0.6111111111111112
rank,4,logistic_image_scale + cnn_1d_multiscale_image_scale + lstm_image_scale + cnnlstm_image_scale,0.0478887119387168,0.21272997633998225,0.2633202200508551,0.5902777777777778
rank,4,logistic_image_scale + cnn_1d_multiscale_image_scale + lstm_image_scale + cnnlstm_cumulative_scale,0.02770006720764208,0.19746763865937744,0.2222180233305897,0.5486111111111112
rank,4,logistic_image_scale + cnn_1d_multiscale_image_scale + lstm_cumulative_scale + cnnlstm_image_scale,0.03154948030020634,0.2998189835751054,0.49904921963276894,0.5972222222222222
rank,4,logistic_image_scale + cnn_1d_multiscale_image_scale + lstm_cumulative_scale + cnnlstm_cumulative_scale,0.006955884663198584,0.3469988638806838,0.6476017909689469,0.5694444444444444
rank,4,logistic_image_scale + cnn_1d_multiscale_image_scale + cnnlstm_image_scale + cnnlstm_cumulative_scale,0.02569214622304926,0.44067439025502525,0.8631270523976102,0.5763888888888888
rank,4,logistic_image_scale + cnn_2d_residual_images + cnn_2d_residual_small + lstm_image_scale,0.04961763072639184,0.3566801459079456,0.6578888718714826,0.5763888888888888
rank,4,logistic_image_scale + cnn_2d_residual_images + cnn_2d_residual_small + lstm_cumulative_scale,0.029814105092406003,0.3559485839069711,0.6378879270451248,0.5763888888888888
rank,4,logistic_image_scale + cnn_2d_residual_images + cnn_2d_residual_small + cnnlstm_image_scale,0.04430530702535418,0.34472329548623026,0.6193854513894581,0.5972222222222222
rank,4,logistic_image_scale + cnn_2d_residual_images + cnn_2d_residual_small + cnnlstm_cumulative_scale,0.02506047470867618,0.33607498939379987,0.608046045173281,0.5902777777777778
rank,4,logistic_image_scale + cnn_2d_residual_images + lstm_image_scale + lstm_cumulative_scale,0.029141885393821128,0.37782471631936404,0.7179022316698254,0.6041666666666666
rank,4,logistic_image_scale + cnn_2d_residual_images + lstm_image_scale + cnnlstm_image_scale,0.043968349185058556,0.22029904113049043,0.2884027618202283,0.5902777777777778
rank,4,logistic_image_scale + cnn_2d_residual_images + lstm_image_scale + cnnlstm_cumulative_scale,0.022124491988541602,0.3463361818267046,0.6363800901484007,0.6041666666666666
rank,4,logistic_image_scale + cnn_2d_residual_images + lstm_cumulative_scale + cnnlstm_image_scale,0.02592051887356502,0.26931298401700665,0.40408385197113916,0.5833333333333334
rank,4,logistic_image_scale + cnn_2d_residual_images + lstm_cumulative_scale + cnnlstm_cumulative_scale,0.0006727752016773645,0.37173503655228846,0.690208622365712,0.5902777777777778
rank,4,logistic_image_scale + cnn_2d_residual_images + cnnlstm_image_scale + cnnlstm_cumulative_scale,0.023256162956881227,0.48770198804423043,1.0225178973888518,0.5902777777777778
rank,4,logistic_image_scale + cnn_2d_residual_small + lstm_image_scale + lstm_cumulative_scale,0.04476838569120605,0.4850586210540581,1.0755022719386491,0.5694444444444444
rank,4,logistic_image_scale + cnn_2d_residual_small + lstm_image_scale + cnnlstm_image_scale,0.06210824557930099,0.29495824553623323,0.48468167320612365,0.5902777777777778
rank,4,logistic_image_scale + cnn_2d_residual_small + lstm_image_scale + cnnlstm_cumulative_scale,0.04252902970778859,0.3463699766030217,0.6213675329194559,0.5833333333333334
rank,4,logistic_image_scale + cnn_2d_residual_small + lstm_cumulative_scale + cnnlstm_image_scale,0.04126381500016682,0.40781834756681723,0.812919249198353,0.5833333333333334
rank,4,logistic_image_scale + cnn_2d_residual_small + lstm_cumulative_scale + cnnlstm_cumulative_scale,0.02350257372208784,0.2553316137579125,0.37599392924839425,0.5972222222222222
rank,4,logistic_image_scale + cnn_2d_residual_small + cnnlstm_image_scale + cnnlstm_cumulative_scale,0.04352329885736852,0.48137700594017524,1.0173724197539449,0.6180555555555556
rank,4,logistic_image_scale + lstm_image_scale + lstm_cumulative_scale + cnnlstm_image_scale,0.04097845438639474,0.27593403317942594,0.43418422664045786,0.5416666666666666
rank,4,logistic_image_scale + lstm_image_scale + lstm_cumulative_scale + cnnlstm_cumulative_scale,0.02250529811553509,0.28911656281455517,0.45877300882754435,0.5763888888888888
rank,4,logistic_image_scale + lstm_image_scale + cnnlstm_image_scale + cnnlstm_cumulative_scale,0.04075513556043456,0.4590635003923247,0.9086752646751648,0.5694444444444444
rank,4,logistic_image_scale + lstm_cumulative_scale + cnnlstm_image_scale + cnnlstm_cumulative_scale,0.01454754199942687,0.4175524578302399,0.7976307746405655,0.5486111111111112
rank,4,logistic_cumulative_scale + cnn_1d_image_scale + cnn_2d_rendered_images + cnn_1d_attention_image_scale,-0.0014926536709381304,0.23412532885760898,0.3139721250394649,0.5833333333333334
rank,4,logistic_cumulative_scale + cnn_1d_image_scale + cnn_2d_rendered_images + cnn_1d_cumulative_scale,0.006080896435020838,0.26034856735940215,0.39321967576420014,0.5625
rank,4,logistic_cumulative_scale + cnn_1d_image_scale + cnn_2d_rendered_images + cnn_1d_dilated_image_scale,0.0009733218094330882,0.13603062257269147,0.08005482989796153,0.5625
rank,4,logistic_cumulative_scale + cnn_1d_image_scale + cnn_2d_rendered_images + cnn_1d_multiscale_image_scale,-0.0033480434480674132,0.2553805215966706,0.36748688387833117,0.5694444444444444
rank,4,logistic_cumulative_scale + cnn_1d_image_scale + cnn_2d_rendered_images + cnn_2d_residual_images,-0.0065602949628499885,0.2073657856738923,0.25139697644126957,0.5763888888888888
rank,4,logistic_cumulative_scale + cnn_1d_image_scale + cnn_2d_rendered_images + cnn_2d_residual_small,0.015539046160709733,0.21360287140172232,0.2667368073160332,0.5763888888888888
rank,4,logistic_cumulative_scale + cnn_1d_image_scale + cnn_2d_rendered_images + lstm_image_scale,0.012878421679280022,0.265347728934465,0.4109952866422866,0.5763888888888888
rank,4,logistic_cumulative_scale + cnn_1d_image_scale + cnn_2d_rendered_images + lstm_cumulative_scale,-0.0067034795044435755,0.2323089340573271,0.32132740279353067,0.5625
rank,4,logistic_cumulative_scale + cnn_1d_image_scale + cnn_2d_rendered_images + cnnlstm_image_scale,0.015903689248383247,0.23841505759771672,0.3325426603263091,0.5902777777777778
rank,4,logistic_cumulative_scale + cnn_1d_image_scale + cnn_2d_rendered_images + cnnlstm_cumulative_scale,-0.014926413718823167,0.12512086715757148,0.07494553080307287,0.5416666666666666
rank,4,logistic_cumulative_scale + cnn_1d_image_scale + cnn_1d_attention_image_scale + cnn_1d_cumulative_scale,0.010409665997435067,0.35862362387100444,0.6920928167065197,0.5694444444444444
rank,4,logistic_cumulative_scale + cnn_1d_image_scale + cnn_1d_attention_image_scale + cnn_1d_dilated_image_scale,0.004950968540673384,0.17975457809039766,0.1890521328369088,0.5763888888888888
rank,4,logistic_cumulative_scale + cnn_1d_image_scale + cnn_1d_attention_image_scale + cnn_1d_multiscale_image_scale,0.004269187189920119,0.3149741221788464,0.5361129091547936,0.5833333333333334
rank,4,logistic_cumulative_scale + cnn_1d_image_scale + cnn_1d_attention_image_scale + cnn_2d_residual_images,-0.0021576443871142055,0.11143601584185152,0.04184769282254286,0.5555555555555556
rank,4,logistic_cumulative_scale + cnn_1d_image_scale + cnn_1d_attention_image_scale + cnn_2d_residual_small,0.020115533693507912,0.2090465679194834,0.2581348463682578,0.5416666666666666
rank,4,logistic_cumulative_scale + cnn_1d_image_scale + cnn_1d_attention_image_scale + lstm_image_scale,0.01993671552048989,0.1809780827982886,0.19153765190611405,0.5902777777777778
rank,4,logistic_cumulative_scale + cnn_1d_image_scale + cnn_1d_attention_image_scale + lstm_cumulative_scale,0.001845165684707739,0.20107127089547192,0.2411382508904587,0.5694444444444444
rank,4,logistic_cumulative_scale + cnn_1d_image_scale + cnn_1d_attention_image_scale + cnnlstm_image_scale,0.021203187814677067,0.13851146952224896,0.09582237484238454,0.5694444444444444
rank,4,logistic_cumulative_scale + cnn_1d_image_scale + cnn_1d_attention_image_scale + cnnlstm_cumulative_scale,-0.005888914526610418,0.22187961894927338,0.29313905415737307,0.5833333333333334
rank,4,logistic_cumulative_scale + cnn_1d_image_scale + cnn_1d_cumulative_scale + cnn_1d_dilated_image_scale,0.016914904522865218,0.3312312290229906,0.6149506252620731,0.5486111111111112
rank,4,logistic_cumulative_scale + cnn_1d_image_scale + cnn_1d_cumulative_scale + cnn_1d_multiscale_image_scale,0.012140265749497826,0.3432921357320747,0.6474123623176948,0.5833333333333334
rank,4,logistic_cumulative_scale + cnn_1d_image_scale + cnn_1d_cumulative_scale + cnn_2d_residual_images,-0.0007850092854345224,0.14632618422080315,0.11221343735187328,0.5555555555555556
rank,4,logistic_cumulative_scale + cnn_1d_image_scale + cnn_1d_cumulative_scale + cnn_2d_residual_small,0.02510670436890268,0.3171360864499468,0.5695170305890076,0.5625
rank,4,logistic_cumulative_scale + cnn_1d_image_scale + cnn_1d_cumulative_scale + lstm_image_scale,0.03030291417410317,0.2194470808894288,0.291877731142018,0.5763888888888888
rank,4,logistic_cumulative_scale + cnn_1d_image_scale + cnn_1d_cumulative_scale + lstm_cumulative_scale,0.0033507533190473182,0.23817266497098752,0.3538843685749118,0.5625
rank,4,logistic_cumulative_scale + cnn_1d_image_scale + cnn_1d_cumulative_scale + cnnlstm_image_scale,0.02870850684019675,0.28726429944210363,0.48164571184988936,0.5833333333333334
rank,4,logistic_cumulative_scale + cnn_1d_image_scale + cnn_1d_cumulative_scale + cnnlstm_cumulative_scale,0.0012141093524621165,0.36710376290932556,0.743431373526418,0.5694444444444444
rank,4,logistic_cumulative_scale + cnn_1d_image_scale + cnn_1d_dilated_image_scale + cnn_1d_multiscale_image_scale,0.005711771709222909,0.2074295515301637,0.2533734556810392,0.5555555555555556
rank,4,logistic_cumulative_scale + cnn_1d_image_scale + cnn_1d_dilated_image_scale + cnn_2d_residual_images,0.004344869470555676,0.14895483045444413,0.12000250599439277,0.5416666666666666
rank,4,logistic_cumulative_scale + cnn_1d_image_scale + cnn_1d_dilated_image_scale + cnn_2d_residual_small,0.021866661550602476,0.20553109312865453,0.24706257648759866,0.5486111111111112
rank,4,logistic_cumulative_scale + cnn_1d_image_scale + cnn_1d_dilated_image_scale + lstm_image_scale,0.020706583666586613,0.25138333321599804,0.37524633600019786,0.5763888888888888
rank,4,logistic_cumulative_scale + cnn_1d_image_scale + cnn_1d_dilated_image_scale + lstm_cumulative_scale,0.0017208934053330053,0.2860474650752215,0.4701154480545908,0.5555555555555556
rank,4,logistic_cumulative_scale + cnn_1d_image_scale + cnn_1d_dilated_image_scale + cnnlstm_image_scale,0.01984246755095044,0.1557373141371211,0.12325021305345252,0.5555555555555556
rank,4,logistic_cumulative_scale + cnn_1d_image_scale + cnn_1d_dilated_image_scale + cnnlstm_cumulative_scale,-0.004276860185260829,0.15966536185117616,0.14342868924817087,0.5694444444444444
rank,4,logistic_cumulative_scale + cnn_1d_image_scale + cnn_1d_multiscale_image_scale + cnn_2d_residual_images,-0.0012460085071721004,0.2180891513180808,0.2797131660938317,0.5625
rank,4,logistic_cumulative_scale + cnn_1d_image_scale + cnn_1d_multiscale_image_scale + cnn_2d_residual_small,0.0130188407793874,0.16010760976284877,0.14466929863124678,0.5555555555555556
rank,4,logistic_cumulative_scale + cnn_1d_image_scale + cnn_1d_multiscale_image_scale + lstm_image_scale,0.018475569900868363,0.25107733388254333,0.3639804381095857,0.5902777777777778
rank,4,logistic_cumulative_scale + cnn_1d_image_scale + cnn_1d_multiscale_image_scale + lstm_cumulative_scale,-0.002398789486884947,0.3529787457766312,0.6854821294576141,0.5763888888888888
rank,4,logistic_cumulative_scale + cnn_1d_image_scale + cnn_1d_multiscale_image_scale + cnnlstm_image_scale,0.01999736782036555,0.20215209213675486,0.24120996281591078,0.5833333333333334
rank,4,logistic_cumulative_scale + cnn_1d_image_scale + cnn_1d_multiscale_image_scale + cnnlstm_cumulative_scale,-0.006927482491884235,0.15282514050866633,0.12855353575281447,0.5625
rank,4,logistic_cumulative_scale + cnn_1d_image_scale + cnn_2d_residual_images + cnn_2d_residual_small,0.017106243547645308,0.124196624687248,0.06671698475062304,0.5555555555555556
rank,4,logistic_cumulative_scale + cnn_1d_image_scale + cnn_2d_residual_images + lstm_image_scale,0.016152684154281092,0.1913499917093726,0.21409385966648808,0.5763888888888888
rank,4,logistic_cumulative_scale + cnn_1d_image_scale + cnn_2d_residual_images + lstm_cumulative_scale,-0.00896447628711561,0.19117583321794207,0.21677829985107677,0.5694444444444444
rank,4,logistic_cumulative_scale + cnn_1d_image_scale + cnn_2d_residual_images + cnnlstm_image_scale,0.018694622481538137,0.19251966083716288,0.21919413999393322,0.5902777777777778
rank,4,logistic_cumulative_scale + cnn_1d_image_scale + cnn_2d_residual_images + cnnlstm_cumulative_scale,-0.013668197711058188,0.12733992705269634,0.07229592497913973,0.5555555555555556
rank,4,logistic_cumulative_scale + cnn_1d_image_scale + cnn_2d_residual_small + lstm_image_scale,0.03869887766158299,0.19779986850319362,0.2331997784110862,0.5625
rank,4,logistic_cumulative_scale + cnn_1d_image_scale + cnn_2d_residual_small + lstm_cumulative_scale,0.010800321551493708,0.27402126101924834,0.42695498964773626,0.5694444444444444
rank,4,logistic_cumulative_scale + cnn_1d_image_scale + cnn_2d_residual_small + cnnlstm_image_scale,0.0429580805048112,0.2591604923721301,0.38889728215013397,0.5625
rank,4,logistic_cumulative_scale + cnn_1d_image_scale + cnn_2d_residual_small + cnnlstm_cumulative_scale,0.010432147842421073,0.25913881345874534,0.3949194906488305,0.5972222222222222
rank,4,logistic_cumulative_scale + cnn_1d_image_scale + lstm_image_scale + lstm_cumulative_scale,0.01646030740323121,0.327922279263844,0.602397215101836,0.5972222222222222
rank,4,logistic_cumulative_scale + cnn_1d_image_scale + lstm_image_scale + cnnlstm_image_scale,0.03295484856722594,0.2179965480009995,0.2868010042595788,0.6111111111111112
rank,4,logistic_cumulative_scale + cnn_1d_image_scale + lstm_image_scale + cnnlstm_cumulative_scale,0.011829339095471285,0.21914423931870217,0.29364012625917235,0.5694444444444444
rank,4,logistic_cumulative_scale + cnn_1d_image_scale + lstm_cumulative_scale + cnnlstm_image_scale,0.014480833858088744,0.2821637709041458,0.46487417154500954,0.5694444444444444
rank,4,logistic_cumulative_scale + cnn_1d_image_scale + lstm_cumulative_scale + cnnlstm_cumulative_scale,-0.01915487742450874,0.136991122522044,0.09769537202715206,0.5833333333333334
rank,4,logistic_cumulative_scale + cnn_1d_image_scale + cnnlstm_image_scale + cnnlstm_cumulative_scale,0.009914495743034992,0.2589040260444365,0.3975861357838375,0.5833333333333334
rank,4,logistic_cumulative_scale + cnn_2d_rendered_images + cnn_1d_attention_image_scale + cnn_1d_cumulative_scale,0.014265242038023367,0.3731612983176489,0.7305755885606868,0.5694444444444444
rank,4,logistic_cumulative_scale + cnn_2d_rendered_images + cnn_1d_attention_image_scale + cnn_1d_dilated_image_scale,0.005678905807322717,0.22701879771183117,0.3011745053189978,0.5833333333333334
rank,4,logistic_cumulative_scale + cnn_2d_rendered_images + cnn_1d_attention_image_scale + cnn_1d_multiscale_image_scale,0.003968218375431733,0.3059407014756815,0.5101270746048523,0.5694444444444444
rank,4,logistic_cumulative_scale + cnn_2d_rendered_images + cnn_1d_attention_image_scale + cnn_2d_residual_images,0.0026650556147054805,0.1435903524858491,0.108673791208866,0.5694444444444444
rank,4,logistic_cumulative_scale + cnn_2d_rendered_images + cnn_1d_attention_image_scale + cnn_2d_residual_small,0.026709851771722113,0.2530913915616093,0.36825192003967433,0.5902777777777778
rank,4,logistic_cumulative_scale + cnn_2d_rendered_images + cnn_1d_attention_image_scale + lstm_image_scale,0.022437656398137672,0.266351472374163,0.4089074031917619,0.5833333333333334
rank,4,logistic_cumulative_scale + cnn_2d_rendered_images + cnn_1d_attention_image_scale + lstm_cumulative_scale,0.00772287002938558,0.327121596511369,0.5958047569476106,0.5833333333333334
rank,4,logistic_cumulative_scale + cnn_2d_rendered_images + cnn_1d_attention_image_scale + cnnlstm_image_scale,0.023153900287275243,0.23966201541069404,0.3371273144207043,0.5833333333333334
rank,4,logistic_cumulative_scale + cnn_2d_rendered_images + cnn_1d_attention_image_scale + cnnlstm_cumulative_scale,-0.00327902615967154,0.23855395979299068,0.3354746249706819,0.5694444444444444
rank,4,logistic_cumulative_scale + cnn_2d_rendered_images + cnn_1d_cumulative_scale + cnn_1d_dilated_image_scale,0.01599318642066181,0.31885100433312574,0.5704152759661667,0.5555555555555556
rank,4,logistic_cumulative_scale + cnn_2d_rendered_images + cnn_1d_cumulative_scale + cnn_1d_multiscale_image_scale,0.005256473178640217,0.22890523514297836,0.3089727220543743,0.5555555555555556
rank,4,logistic_cumulative_scale + cnn_2d_rendered_images + cnn_1d_cumulative_scale + cnn_2d_residual_images,-0.003043249927997032,0.16749796366568273,0.1654034553771504,0.5625
rank,4,logistic_cumulative_scale + cnn_2d_rendered_images + cnn_1d_cumulative_scale + cnn_2d_residual_small,0.026272336182779465,0.3262950340448608,0.5824787040490991,0.5694444444444444
rank,4,logistic_cumulative_scale + cnn_2d_rendered_images + cnn_1d_cumulative_scale + lstm_image_scale,0.020293495262105516,0.20462102938060805,0.25522977249833345,0.5625
rank,4,logistic_cumulative_scale + cnn_2d_rendered_images + cnn_1d_cumulative_scale + lstm_cumulative_scale,-0.0017464611575504336,0.2537229030529997,0.38333423238712006,0.5902777777777778
rank,4,logistic_cumulative_scale + cnn_2d_rendered_images + cnn_1d_cumulative_scale + cnnlstm_image_scale,0.02186068933471601,0.40714879368434104,0.7844631870705228,0.5486111111111112
rank,4,logistic_cumulative_scale + cnn_2d_rendered_images + cnn_1d_cumulative_scale + cnnlstm_cumulative_scale,-0.0003738425481424458,0.2620056297584159,0.40925395159648126,0.5555555555555556
rank,4,logistic_cumulative_scale + cnn_2d_rendered_images + cnn_1d_dilated_image_scale + cnn_1d_multiscale_image_scale,0.005548676311232377,0.2646541802950213,0.41005838038218134,0.5625
rank,4,logistic_cumulative_scale + cnn_2d_rendered_images + cnn_1d_dilated_image_scale + cnn_2d_residual_images,-0.002577426345225348,0.2068033401187332,0.2510158136986842,0.5763888888888888
rank,4,logistic_cumulative_scale + cnn_2d_rendered_images + cnn_1d_dilated_image_scale + cnn_2d_residual_small,0.016867996250128765,0.20311426689452736,0.2412456478244931,0.5694444444444444
rank,4,logistic_cumulative_scale + cnn_2d_rendered_images + cnn_1d_dilated_image_scale + lstm_image_scale,0.01570887101931021,0.19535093963873446,0.22623536880159523,0.5555555555555556
rank,4,logistic_cumulative_scale + cnn_2d_rendered_images + cnn_1d_dilated_image_scale + lstm_cumulative_scale,-0.001157797879857298,0.2663734680076895,0.4145591083312088,0.5486111111111112
rank,4,logistic_cumulative_scale + cnn_2d_rendered_images + cnn_1d_dilated_image_scale + cnnlstm_image_scale,0.016321231190850657,0.17387343319657494,0.16628050800760263,0.5416666666666666
rank,4,logistic_cumulative_scale + cnn_2d_rendered_images + cnn_1d_dilated_image_scale + cnnlstm_cumulative_scale,-0.011345169873333566,0.14872505700402996,0.10712728417604334,0.5555555555555556
rank,4,logistic_cumulative_scale + cnn_2d_rendered_images + cnn_1d_multiscale_image_scale + cnn_2d_residual_images,-0.003196886099532191,0.2610563288375712,0.38950104825299925,0.5902777777777778
rank,4,logistic_cumulative_scale + cnn_2d_rendered_images + cnn_1d_multiscale_image_scale + cnn_2d_residual_small,0.017449145881482157,0.22806841884695778,0.3058731525844476,0.5833333333333334
rank,4,logistic_cumulative_scale + cnn_2d_rendered_images + cnn_1d_multiscale_image_scale + lstm_image_scale,0.013309267166561287,0.3283588248659723,0.598856854610764,0.5972222222222222
rank,4,logistic_cumulative_scale + cnn_2d_rendered_images + cnn_1d_multiscale_image_scale + lstm_cumulative_scale,-0.008724456066037879,0.2757551989498606,0.447522143595549,0.5694444444444444
rank,4,logistic_cumulative_scale + cnn_2d_rendered_images + cnn_1d_multiscale_image_scale + cnnlstm_image_scale,0.012741563561955684,0.16934262493927454,0.15506874134211435,0.5486111111111112
rank,4,logistic_cumulative_scale + cnn_2d_rendered_images + cnn_1d_multiscale_image_scale + cnnlstm_cumulative_scale,-0.013962488232956597,0.07671016834981645,-0.04851800729629552,0.5277777777777778
rank,4,logistic_cumulative_scale + cnn_2d_rendered_images + cnn_2d_residual_images + cnn_2d_residual_small,0.013160171954698792,0.1340530436608743,0.08942029623179648,0.5625
rank,4,logistic_cumulative_scale + cnn_2d_rendered_images + cnn_2d_residual_images + lstm_image_scale,0.0058240933264870655,0.202536718940895,0.24472175348367275,0.5763888888888888
rank,4,logistic_cumulative_scale + cnn_2d_rendered_images + cnn_2d_residual_images + lstm_cumulative_scale,-0.016419858104178352,0.21808811572857914,0.28484931539519587,0.5763888888888888
rank,4,logistic_cumulative_scale + cnn_2d_rendered_images + cnn_2d_residual_images + cnnlstm_image_scale,0.007255918421147155,0.16552774705370074,0.15569821441678888,0.5555555555555556
rank,4,logistic_cumulative_scale + cnn_2d_rendered_images + cnn_2d_residual_images + cnnlstm_cumulative_scale,-0.017094199281723163,0.11593350328702927,0.05685292045147916,0.5347222222222222
rank,4,logistic_cumulative_scale + cnn_2d_rendered_images + cnn_2d_residual_small + lstm_image_scale,0.02058053840896427,0.16934399865519725,0.16611745037894332,0.5833333333333334
rank,4,logistic_cumulative_scale + cnn_2d_rendered_images + cnn_2d_residual_small + lstm_cumulative_scale,0.00864243669829471,0.3104400342678278,0.5298270953686319,0.5833333333333334
rank,4,logistic_cumulative_scale + cnn_2d_rendered_images + cnn_2d_residual_small + cnnlstm_image_scale,0.027990048098003317,0.20734996433247982,0.2571210269959836,0.5972222222222222
rank,4,logistic_cumulative_scale + cnn_2d_rendered_images + cnn_2d_residual_small + cnnlstm_cumulative_scale,0.00823059106637139,0.23204605643649295,0.3251971120989683,0.5625
rank,4,logistic_cumulative_scale + cnn_2d_rendered_images + lstm_image_scale + lstm_cumulative_scale,0.007893008098645226,0.2747465225271493,0.4426427840848477,0.5833333333333334
rank,4,logistic_cumulative_scale + cnn_2d_rendered_images + lstm_image_scale + cnnlstm_image_scale,0.025412100807511287,0.2635202360518268,0.4111500311539382,0.5833333333333334
rank,4,logistic_cumulative_scale + cnn_2d_rendered_images + lstm_image_scale + cnnlstm_cumulative_scale,0.007539566442059676,0.19401083138994524,0.22583866750309411,0.5555555555555556
rank,4,logistic_cumulative_scale + cnn_2d_rendered_images + lstm_cumulative_scale + cnnlstm_image_scale,0.002756479728142441,0.2295060911873738,0.32399488584040914,0.5625
rank,4,logistic_cumulative_scale + cnn_2d_rendered_images + lstm_cumulative_scale + cnnlstm_cumulative_scale,-0.015162049434208841,0.2790515564706264,0.4533652894743525,0.5763888888888888
rank,4,logistic_cumulative_scale + cnn_2d_rendered_images + cnnlstm_image_scale + cnnlstm_cumulative_scale,0.002361467021721888,0.4637322522044305,0.9745183683826968,0.5763888888888888
rank,4,logistic_cumulative_scale + cnn_1d_attention_image_scale + cnn_1d_cumulative_scale + cnn_1d_dilated_image_scale,0.024378795291124893,0.25353419999681426,0.3759763590838554,0.5555555555555556
rank,4,logistic_cumulative_scale + cnn_1d_attention_image_scale + cnn_1d_cumulative_scale + cnn_1d_multiscale_image_scale,0.01950612533060915,0.28823156067073724,0.4737414719659516,0.5833333333333334
rank,4,logistic_cumulative_scale + cnn_1d_attention_image_scale + cnn_1d_cumulative_scale + cnn_2d_residual_images,0.00742253552349358,0.2676142591164011,0.4196887249831689,0.5763888888888888
rank,4,logistic_cumulative_scale + cnn_1d_attention_image_scale + cnn_1d_cumulative_scale + cnn_2d_residual_small,0.03186833925093608,0.38366996860470576,0.7702888598766302,0.5972222222222222
rank,4,logistic_cumulative_scale + cnn_1d_attention_image_scale + cnn_1d_cumulative_scale + lstm_image_scale,0.03862536165252821,0.3452860122051288,0.6599710908555323,0.5972222222222222
rank,4,logistic_cumulative_scale + cnn_1d_attention_image_scale + cnn_1d_cumulative_scale + lstm_cumulative_scale,0.00920713789534339,0.26796354013237966,0.43603840214630485,0.5763888888888888
rank,4,logistic_cumulative_scale + cnn_1d_attention_image_scale + cnn_1d_cumulative_scale + cnnlstm_image_scale,0.03729750741213226,0.5190602208976779,1.192412450780275,0.5625
rank,4,logistic_cumulative_scale + cnn_1d_attention_image_scale + cnn_1d_cumulative_scale + cnnlstm_cumulative_scale,0.010599455778515884,0.25182855284107747,0.379230264826961,0.5625
rank,4,logistic_cumulative_scale + cnn_1d_attention_image_scale + cnn_1d_dilated_image_scale + cnn_1d_multiscale_image_scale,0.01583373610371612,0.2337679966548091,0.31967472775688566,0.5833333333333334
rank,4,logistic_cumulative_scale + cnn_1d_attention_image_scale + cnn_1d_dilated_image_scale + cnn_2d_residual_images,0.00904087587246543,0.20682026169238493,0.2534477247975042,0.5833333333333334
rank,4,logistic_cumulative_scale + cnn_1d_attention_image_scale + cnn_1d_dilated_image_scale + cnn_2d_residual_small,0.029759376434764038,0.2221742295451624,0.2901651244354997,0.5555555555555556
rank,4,logistic_cumulative_scale + cnn_1d_attention_image_scale + cnn_1d_dilated_image_scale + lstm_image_scale,0.03442120514938561,0.21266493029833305,0.2718093791578462,0.5902777777777778
rank,4,logistic_cumulative_scale + cnn_1d_attention_image_scale + cnn_1d_dilated_image_scale + lstm_cumulative_scale,0.008968924172587616,0.15725437677751622,0.13848842744239676,0.5694444444444444
rank,4,logistic_cumulative_scale + cnn_1d_attention_image_scale + cnn_1d_dilated_image_scale + cnnlstm_image_scale,0.028984017021261466,0.20527505764653217,0.24379021033350412,0.5763888888888888
rank,4,logistic_cumulative_scale + cnn_1d_attention_image_scale + cnn_1d_dilated_image_scale + cnnlstm_cumulative_scale,0.010024786467478276,0.3125281447414497,0.5442642829634468,0.5902777777777778
rank,4,logistic_cumulative_scale + cnn_1d_attention_image_scale + cnn_1d_multiscale_image_scale + cnn_2d_residual_images,0.007760536185819836,0.1970670346844975,0.23057350490920459,0.5763888888888888
rank,4,logistic_cumulative_scale + cnn_1d_attention_image_scale + cnn_1d_multiscale_image_scale + cnn_2d_residual_small,0.02813134865141355,0.22397800210640428,0.2940021044648615,0.5833333333333334
rank,4,logistic_cumulative_scale + cnn_1d_attention_image_scale + cnn_1d_multiscale_image_scale + lstm_image_scale,0.029878437318875208,0.19335982269526608,0.22249737530485425,0.5902777777777778
rank,4,logistic_cumulative_scale + cnn_1d_attention_image_scale + cnn_1d_multiscale_image_scale + lstm_cumulative_scale,0.012123779497724982,0.2684429243781871,0.41500939964192596,0.5694444444444444
rank,4,logistic_cumulative_scale + cnn_1d_attention_image_scale + cnn_1d_multiscale_image_scale + cnnlstm_image_scale,0.026428754180213267,0.1434638760071521,0.10804488492460185,0.5763888888888888
rank,4,logistic_cumulative_scale + cnn_1d_attention_image_scale + cnn_1d_multiscale_image_scale + cnnlstm_cumulative_scale,0.0056510856246082125,0.19650279729190978,0.2300157617995029,0.5694444444444444
rank,4,logistic_cumulative_scale + cnn_1d_attention_image_scale + cnn_2d_residual_images + cnn_2d_residual_small,0.024863074403838628,0.2730051510987394,0.4181008515089921,0.5555555555555556
rank,4,logistic_cumulative_scale + cnn_1d_attention_image_scale + cnn_2d_residual_images + lstm_image_scale,0.018130556396398344,0.2005932193443625,0.23949937004897337,0.6041666666666666
rank,4,logistic_cumulative_scale + cnn_1d_attention_image_scale + cnn_2d_residual_images + lstm_cumulative_scale,0.0015043694956604575,0.29605408192820143,0.5026955911675641,0.5833333333333334
rank,4,logistic_cumulative_scale + cnn_1d_attention_image_scale + cnn_2d_residual_images + cnnlstm_image_scale,0.02385158998061251,0.13868148048834442,0.09056576627304369,0.5694444444444444
rank,4,logistic_cumulative_scale + cnn_1d_attention_image_scale + cnn_2d_residual_images + cnnlstm_cumulative_scale,-0.0030363735138890222,0.303667628477392,0.5200758483265857,0.5763888888888888
rank,4,logistic_cumulative_scale + cnn_1d_attention_image_scale + cnn_2d_residual_small + lstm_image_scale,0.042995583197821256,0.24045825906106053,0.34042997458857926,0.5833333333333334
rank,4,logistic_cumulative_scale + cnn_1d_attention_image_scale + cnn_2d_residual_small + lstm_cumulative_scale,0.02470697919215065,0.3272135444250536,0.5900168723060024,0.5833333333333334
rank,4,logistic_cumulative_scale + cnn_1d_attention_image_scale + cnn_2d_residual_small + cnnlstm_image_scale,0.04255233407108481,0.22294079422232513,0.29750520638695344,0.5833333333333334
rank,4,logistic_cumulative_scale + cnn_1d_attention_image_scale + cnn_2d_residual_small + cnnlstm_cumulative_scale,0.02221381068257986,0.29398057073567463,0.4925625286378812,0.5833333333333334
rank,4,logistic_cumulative_scale + cnn_1d_attention_image_scale + lstm_image_scale + lstm_cumulative_scale,0.027264732890626784,0.39028383906336067,0.8095858496942914,0.5833333333333334
rank,4,logistic_cumulative_scale + cnn_1d_attention_image_scale + lstm_image_scale + cnnlstm_image_scale,0.04095453645492722,0.2122106765573097,0.27198834610464395,0.6041666666666666
rank,4,logistic_cumulative_scale + cnn_1d_attention_image_scale + lstm_image_scale + cnnlstm_cumulative_scale,0.02638839307581435,0.28141721728932284,0.4652690338917327,0.5416666666666666
rank,4,logistic_cumulative_scale + cnn_1d_attention_image_scale + lstm_cumulative_scale + cnnlstm_image_scale,0.02166117748999993,0.33299860333739034,0.6174935747047856,0.6041666666666666
rank,4,logistic_cumulative_scale + cnn_1d_attention_image_scale + lstm_cumulative_scale + cnnlstm_cumulative_scale,-0.004101480298726123,0.23917479307831563,0.3464689235249967,0.5625
rank,4,logistic_cumulative_scale + cnn_1d_attention_image_scale + cnnlstm_image_scale + cnnlstm_cumulative_scale,0.0226883013166358,0.3588243399084438,0.6599312143179128,0.5833333333333334
rank,4,logistic_cumulative_scale + cnn_1d_cumulative_scale + cnn_1d_dilated_image_scale + cnn_1d_multiscale_image_scale,0.019684048541180083,0.24650256169537296,0.35397028620741167,0.5833333333333334
rank,4,logistic_cumulative_scale + cnn_1d_cumulative_scale + cnn_1d_dilated_image_scale + cnn_2d_residual_images,0.011350968438811532,0.2351562490655131,0.32994714028323235,0.5625
rank,4,logistic_cumulative_scale + cnn_1d_cumulative_scale + cnn_1d_dilated_image_scale + cnn_2d_residual_small,0.03493304631297258,0.3311716818445039,0.5996049643742227,0.5694444444444444
rank,4,logistic_cumulative_scale + cnn_1d_cumulative_scale + cnn_1d_dilated_image_scale + lstm_image_scale,0.039969258579361705,0.2564742408409159,0.3929901327687422,0.5694444444444444
rank,4,logistic_cumulative_scale + cnn_1d_cumulative_scale + cnn_1d_dilated_image_scale + lstm_cumulative_scale,0.012858358001384905,0.14177973287562695,0.10655733357156838,0.5486111111111112
rank,4,logistic_cumulative_scale + cnn_1d_cumulative_scale + cnn_1d_dilated_image_scale + cnnlstm_image_scale,0.03181267889705332,0.2043375429174392,0.24457214599560562,0.5416666666666666
rank,4,logistic_cumulative_scale + cnn_1d_cumulative_scale + cnn_1d_dilated_image_scale + cnnlstm_cumulative_scale,0.008428690923302722,0.3711506231668103,0.7625321109908563,0.5763888888888888
rank,4,logistic_cumulative_scale + cnn_1d_cumulative_scale + cnn_1d_multiscale_image_scale + cnn_2d_residual_images,0.00768733011385965,0.19860159347796005,0.23812899862074177,0.5694444444444444
rank,4,logistic_cumulative_scale + cnn_1d_cumulative_scale + cnn_1d_multiscale_image_scale + cnn_2d_residual_small,0.029410777054130588,0.325850042658462,0.5892926933837208,0.5972222222222222
rank,4,logistic_cumulative_scale + cnn_1d_cumulative_scale + cnn_1d_multiscale_image_scale + lstm_image_scale,0.029390424805513543,0.24732209555743553,0.366371695903029,0.5833333333333334
rank,4,logistic_cumulative_scale + cnn_1d_cumulative_scale + cnn_1d_multiscale_image_scale + lstm_cumulative_scale,0.002572402106160506,0.32459125617691476,0.6185727356969386,0.5972222222222222
rank,4,logistic_cumulative_scale + cnn_1d_cumulative_scale + cnn_1d_multiscale_image_scale + cnnlstm_image_scale,0.03327923901785981,0.3905496813708791,0.7399471964449813,0.5694444444444444
rank,4,logistic_cumulative_scale + cnn_1d_cumulative_scale + cnn_1d_multiscale_image_scale + cnnlstm_cumulative_scale,0.007429349179359434,0.3296076246428212,0.595041561395534,0.5763888888888888
rank,4,logistic_cumulative_scale + cnn_1d_cumulative_scale + cnn_2d_residual_images + cnn_2d_residual_small,0.0212063073458671,0.21880754014012513,0.28651813963115313,0.5833333333333334
rank,4,logistic_cumulative_scale + cnn_1d_cumulative_scale + cnn_2d_residual_images + lstm_image_scale,0.024376681994815068,0.22779405403139774,0.31550738724857985,0.5902777777777778
rank,4,logistic_cumulative_scale + cnn_1d_cumulative_scale + cnn_2d_residual_images + lstm_cumulative_scale,-0.005049662899566627,0.13912976313830427,0.10035999538797569,0.5416666666666666
rank,4,logistic_cumulative_scale + cnn_1d_cumulative_scale + cnn_2d_residual_images + cnnlstm_image_scale,0.02414271831500071,0.2377630721082594,0.3424027351049661,0.5902777777777778
rank,4,logistic_cumulative_scale + cnn_1d_cumulative_scale + cnn_2d_residual_images + cnnlstm_cumulative_scale,-0.003811585582533339,0.2094071853605003,0.2703609946236716,0.5486111111111112
rank,4,logistic_cumulative_scale + cnn_1d_cumulative_scale + cnn_2d_residual_small + lstm_image_scale,0.04692490815585651,0.20537525345330346,0.25682011765885937,0.5902777777777778
rank,4,logistic_cumulative_scale + cnn_1d_cumulative_scale + cnn_2d_residual_small + lstm_cumulative_scale,0.019896290777778627,0.3213637991812325,0.6038053341443717,0.5833333333333334
rank,4,logistic_cumulative_scale + cnn_1d_cumulative_scale + cnn_2d_residual_small + cnnlstm_image_scale,0.05009668324935477,0.4284925532310024,0.8653911571004369,0.5902777777777778
rank,4,logistic_cumulative_scale + cnn_1d_cumulative_scale + cnn_2d_residual_small + cnnlstm_cumulative_scale,0.01676732522730462,0.3027842814391425,0.5239862952024872,0.5763888888888888
rank,4,logistic_cumulative_scale + cnn_1d_cumulative_scale + lstm_image_scale + lstm_cumulative_scale,0.017143490413453373,0.266114643766516,0.4342833818557741,0.5833333333333334
rank,4,logistic_cumulative_scale + cnn_1d_cumulative_scale + lstm_image_scale + cnnlstm_image_scale,0.04402380841158549,0.38257787873755655,0.7356539119591305,0.5902777777777778
rank,4,logistic_cumulative_scale + cnn_1d_cumulative_scale + lstm_image_scale + cnnlstm_cumulative_scale,0.0200584291309611,0.3846141819339585,0.823308785089012,0.5833333333333334
rank,4,logistic_cumulative_scale + cnn_1d_cumulative_scale + lstm_cumulative_scale + cnnlstm_image_scale,0.01635169666657426,0.2665245148432248,0.4249230940517279,0.5625
rank,4,logistic_cumulative_scale + cnn_1d_cumulative_scale + lstm_cumulative_scale + cnnlstm_cumulative_scale,-0.00520520720484862,0.22298465239295884,0.30593556583469117,0.5555555555555556
rank,4,logistic_cumulative_scale + cnn_1d_cumulative_scale + cnnlstm_image_scale + cnnlstm_cumulative_scale,0.02085096051767836,0.5147211113683338,1.1906784079996031,0.5694444444444444
rank,4,logistic_cumulative_scale + cnn_1d_dilated_image_scale + cnn_1d_multiscale_image_scale + cnn_2d_residual_images,0.0043288782400467294,0.18259572363128976,0.19572706751789037,0.5625
rank,4,logistic_cumulative_scale + cnn_1d_dilated_image_scale + cnn_1d_multiscale_image_scale + cnn_2d_residual_small,0.027456150672729808,0.2462672271411601,0.35303498252616006,0.5763888888888888
rank,4,logistic_cumulative_scale + cnn_1d_dilated_image_scale + cnn_1d_multiscale_image_scale + lstm_image_scale,0.031142783821509607,0.2851272453102615,0.4650098221678556,0.5902777777777778
rank,4,logistic_cumulative_scale + cnn_1d_dilated_image_scale + cnn_1d_multiscale_image_scale + lstm_cumulative_scale,0.011542580782143855,0.2748521433560125,0.4403899084970979,0.5763888888888888
rank,4,logistic_cumulative_scale + cnn_1d_dilated_image_scale + cnn_1d_multiscale_image_scale + cnnlstm_image_scale,0.02639388070071675,0.17910359032024573,0.17874474729562895,0.5486111111111112
rank,4,logistic_cumulative_scale + cnn_1d_dilated_image_scale + cnn_1d_multiscale_image_scale + cnnlstm_cumulative_scale,0.004858553699818913,0.16415038037872745,0.1542604886979766,0.5555555555555556
rank,4,logistic_cumulative_scale + cnn_1d_dilated_image_scale + cnn_2d_residual_images + cnn_2d_residual_small,0.026004103700592533,0.17405254470164266,0.1758047215183134,0.5486111111111112
rank,4,logistic_cumulative_scale + cnn_1d_dilated_image_scale + cnn_2d_residual_images + lstm_image_scale,0.016906129834569027,0.27736940378525876,0.44223900136774486,0.5833333333333334
rank,4,logistic_cumulative_scale + cnn_1d_dilated_image_scale + cnn_2d_residual_images + lstm_cumulative_scale,-0.003321161912175357,0.24043174271110748,0.3427511217041037,0.5694444444444444
rank,4,logistic_cumulative_scale + cnn_1d_dilated_image_scale + cnn_2d_residual_images + cnnlstm_image_scale,0.023506320926064098,0.2309338864142226,0.32546930097804916,0.5763888888888888
rank,4,logistic_cumulative_scale + cnn_1d_dilated_image_scale + cnn_2d_residual_images + cnnlstm_cumulative_scale,-0.003878941566005091,0.22574721513678783,0.30891363875002265,0.5625
rank,4,logistic_cumulative_scale + cnn_1d_dilated_image_scale + cnn_2d_residual_small + lstm_image_scale,0.04016324028276397,0.15133147787804332,0.12485350082629432,0.5833333333333334
rank,4,logistic_cumulative_scale + cnn_1d_dilated_image_scale + cnn_2d_residual_small + lstm_cumulative_scale,0.023334240806663655,0.2570771964832567,0.3803276561411788,0.5555555555555556
rank,4,logistic_cumulative_scale + cnn_1d_dilated_image_scale + cnn_2d_residual_small + cnnlstm_image_scale,0.04474976142430824,0.26842267188271873,0.4227057745935172,0.5763888888888888
rank,4,logistic_cumulative_scale + cnn_1d_dilated_image_scale + cnn_2d_residual_small + cnnlstm_cumulative_scale,0.01687526344648592,0.24771934667267084,0.3696024404596776,0.5833333333333334
rank,4,logistic_cumulative_scale + cnn_1d_dilated_image_scale + lstm_image_scale + lstm_cumulative_scale,0.027592313724584334,0.4367582359442568,0.9809490320955001,0.5833333333333334
rank,4,logistic_cumulative_scale + cnn_1d_dilated_image_scale + lstm_image_scale + cnnlstm_image_scale,0.03980276032208355,0.15881155946725747,0.14109649583995054,0.5555555555555556
rank,4,logistic_cumulative_scale + cnn_1d_dilated_image_scale + lstm_image_scale + cnnlstm_cumulative_scale,0.020688954495302017,0.2460271971805315,0.37003713635514,0.5763888888888888
rank,4,logistic_cumulative_scale + cnn_1d_dilated_image_scale + lstm_cumulative_scale + cnnlstm_image_scale,0.021771509128696943,0.27040019461035947,0.42578530654457913,0.5555555555555556
rank,4,logistic_cumulative_scale + cnn_1d_dilated_image_scale + lstm_cumulative_scale + cnnlstm_cumulative_scale,-0.003224340815446156,0.165582852102445,0.16250885040648266,0.5555555555555556
rank,4,logistic_cumulative_scale + cnn_1d_dilated_image_scale + cnnlstm_image_scale + cnnlstm_cumulative_scale,0.016453240217890325,0.1206807846508477,0.04039098196881774,0.5902777777777778
rank,4,logistic_cumulative_scale + cnn_1d_multiscale_image_scale + cnn_2d_residual_images + cnn_2d_residual_small,0.01679482123745899,0.14797635286163033,0.11707444199666117,0.5625
rank,4,logistic_cumulative_scale + cnn_1d_multiscale_image_scale + cnn_2d_residual_images + lstm_image_scale,0.007250713716620613,0.3026079613572623,0.5208821890504041,0.5902777777777778
rank,4,logistic_cumulative_scale + cnn_1d_multiscale_image_scale + cnn_2d_residual_images + lstm_cumulative_scale,-0.007196545885422264,0.32686658197166446,0.6036185908616629,0.5833333333333334
rank,4,logistic_cumulative_scale + cnn_1d_multiscale_image_scale + cnn_2d_residual_images + cnnlstm_image_scale,0.013411678014953606,0.15351504842346325,0.12740541626800317,0.5625
rank,4,logistic_cumulative_scale + cnn_1d_multiscale_image_scale + cnn_2d_residual_images + cnnlstm_cumulative_scale,-0.010052076209459238,0.17958902294885623,0.1908387946062744,0.5555555555555556
rank,4,logistic_cumulative_scale + cnn_1d_multiscale_image_scale + cnn_2d_residual_small + lstm_image_scale,0.03371660412215536,0.15917767919081602,0.1421114186385235,0.5555555555555556
rank,4,logistic_cumulative_scale + cnn_1d_multiscale_image_scale + cnn_2d_residual_small + lstm_cumulative_scale,0.01777334093986742,0.34926022655476313,0.6683180091878336,0.5694444444444444
rank,4,logistic_cumulative_scale + cnn_1d_multiscale_image_scale + cnn_2d_residual_small + cnnlstm_image_scale,0.03930887676739536,0.2135788997430277,0.2740280995980857,0.5763888888888888
rank,4,logistic_cumulative_scale + cnn_1d_multiscale_image_scale + cnn_2d_residual_small + cnnlstm_cumulative_scale,0.014155934397625915,0.2873625175637555,0.4719062848772606,0.5763888888888888
rank,4,logistic_cumulative_scale + cnn_1d_multiscale_image_scale + lstm_image_scale + lstm_cumulative_scale,0.013807150022320178,0.2929688879738643,0.4832038361862194,0.5694444444444444
rank,4,logistic_cumulative_scale + cnn_1d_multiscale_image_scale + lstm_image_scale + cnnlstm_image_scale,0.03107145886844087,0.19246394487595397,0.22122763936531253,0.5694444444444444
rank,4,logistic_cumulative_scale + cnn_1d_multiscale_image_scale + lstm_image_scale + cnnlstm_cumulative_scale,0.012552298305002643,0.2384692381156572,0.3411942253908482,0.5555555555555556
rank,4,logistic_cumulative_scale + cnn_1d_multiscale_image_scale + lstm_cumulative_scale + cnnlstm_image_scale,0.016341503630556347,0.2984362550733347,0.5103577003030799,0.5694444444444444
rank,4,logistic_cumulative_scale + cnn_1d_multiscale_image_scale + lstm_cumulative_scale + cnnlstm_cumulative_scale,-0.010457550523303752,0.2587622273017074,0.39743607767383193,0.5763888888888888
rank,4,logistic_cumulative_scale + cnn_1d_multiscale_image_scale + cnnlstm_image_scale + cnnlstm_cumulative_scale,0.016388201460370372,0.34896251267854683,0.639954695316749,0.5833333333333334
rank,4,logistic_cumulative_scale + cnn_2d_residual_images + cnn_2d_residual_small + lstm_image_scale,0.027568027255491283,0.1797850498573686,0.1894582585521687,0.5833333333333334
rank,4,logistic_cumulative_scale + cnn_2d_residual_images + cnn_2d_residual_small + lstm_cumulative_scale,0.011922117652324139,0.2046228233203453,0.24809362932397905,0.5763888888888888
rank,4,logistic_cumulative_scale + cnn_2d_residual_images + cnn_2d_residual_small + cnnlstm_image_scale,0.031038280146296365,0.18196504801303837,0.19559473636440683,0.5833333333333334
rank,4,logistic_cumulative_scale + cnn_2d_residual_images + cnn_2d_residual_small + cnnlstm_cumulative_scale,0.011219469085386314,0.25303148219380045,0.38131875468007626,0.5625
rank,4,logistic_cumulative_scale + cnn_2d_residual_images + lstm_image_scale + lstm_cumulative_scale,0.009907590259704245,0.24720913220394553,0.36014928395082646,0.5833333333333334
rank,4,logistic_cumulative_scale + cnn_2d_residual_images + lstm_image_scale + cnnlstm_image_scale,0.02926478203396346,0.17722306328390328,0.18418121121530873,0.5972222222222222
rank,4,logistic_cumulative_scale + cnn_2d_residual_images + lstm_image_scale + cnnlstm_cumulative_scale,0.004682134631064478,0.2713474991858898,0.42799777283397433,0.5763888888888888
rank,4,logistic_cumulative_scale + cnn_2d_residual_images + lstm_cumulative_scale + cnnlstm_image_scale,0.008836533595312532,0.1915007949694524,0.22016476721957612,0.5416666666666666
rank,4,logistic_cumulative_scale + cnn_2d_residual_images + lstm_cumulative_scale + cnnlstm_cumulative_scale,-0.01974795216698406,0.29023096862339004,0.49682651086312934,0.5833333333333334
rank,4,logistic_cumulative_scale + cnn_2d_residual_images + cnnlstm_image_scale + cnnlstm_cumulative_scale,0.0067362911997953965,0.1679358531925142,0.16167411559332234,0.5694444444444444
rank,4,logistic_cumulative_scale + cnn_2d_residual_small + lstm_image_scale + lstm_cumulative_scale,0.02628891105492297,0.386710300447532,0.7838533929197982,0.5694444444444444
rank,4,logistic_cumulative_scale + cnn_2d_residual_small + lstm_image_scale + cnnlstm_image_scale,0.044687678821112804,0.22846275743120953,0.3158439277797773,0.5902777777777778
rank,4,logistic_cumulative_scale + cnn_2d_residual_small + lstm_image_scale + cnnlstm_cumulative_scale,0.028842406586604134,0.39352563346105657,0.823239571613708,0.6111111111111112
rank,4,logistic_cumulative_scale + cnn_2d_residual_small + lstm_cumulative_scale + cnnlstm_image_scale,0.02874053887859908,0.3599950551048745,0.7040591689795566,0.5763888888888888
rank,4,logistic_cumulative_scale + cnn_2d_residual_small + lstm_cumulative_scale + cnnlstm_cumulative_scale,0.0057645415933632125,0.24862905706998015,0.3682539743664619,0.5902777777777778
rank,4,logistic_cumulative_scale + cnn_2d_residual_small + cnnlstm_image_scale + cnnlstm_cumulative_scale,0.030910182810286724,0.40378471113979814,0.8087745347956308,0.6041666666666666
rank,4,logistic_cumulative_scale + lstm_image_scale + lstm_cumulative_scale + cnnlstm_image_scale,0.025959414842967283,0.30404542662840944,0.531711695789739,0.5694444444444444
rank,4,logistic_cumulative_scale + lstm_image_scale + lstm_cumulative_scale + cnnlstm_cumulative_scale,0.0030726874707236104,0.23892128191648257,0.33955367151013927,0.5763888888888888
rank,4,logistic_cumulative_scale + lstm_image_scale + cnnlstm_image_scale + cnnlstm_cumulative_scale,0.02467274762757811,0.36775754461427584,0.68674514838133,0.5833333333333334
rank,4,logistic_cumulative_scale + lstm_cumulative_scale + cnnlstm_image_scale + cnnlstm_cumulative_scale,0.0020297939967258037,0.18410164794036568,0.206551760669758,0.5972222222222222
rank,4,cnn_1d_image_scale + cnn_2d_rendered_images + cnn_1d_attention_image_scale + cnn_1d_cumulative_scale,0.01852224390431323,0.1778878354594852,0.17402007544599596,0.5625
rank,4,cnn_1d_image_scale + cnn_2d_rendered_images + cnn_1d_attention_image_scale + cnn_1d_dilated_image_scale,0.01755931245599237,0.26976150929372705,0.3980614358428365,0.5486111111111112
rank,4,cnn_1d_image_scale + cnn_2d_rendered_images + cnn_1d_attention_image_scale + cnn_1d_multiscale_image_scale,0.012380834073779106,0.2577748435586039,0.36566794995185137,0.5833333333333334
rank,4,cnn_1d_image_scale + cnn_2d_rendered_images + cnn_1d_attention_image_scale + cnn_2d_residual_images,0.014897472595805417,0.24085893123388183,0.3234484012760539,0.5555555555555556
rank,4,cnn_1d_image_scale + cnn_2d_rendered_images + cnn_1d_attention_image_scale + cnn_2d_residual_small,0.02901092698673712,0.2924802171434284,0.4589136415758355,0.5694444444444444
rank,4,cnn_1d_image_scale + cnn_2d_rendered_images + cnn_1d_attention_image_scale + lstm_image_scale,0.02663528688354983,0.2922542989154631,0.4543443244610741,0.5833333333333334
rank,4,cnn_1d_image_scale + cnn_2d_rendered_images + cnn_1d_attention_image_scale + lstm_cumulative_scale,0.009230508950481765,0.25756259270952225,0.3658812978031625,0.5555555555555556
rank,4,cnn_1d_image_scale + cnn_2d_rendered_images + cnn_1d_attention_image_scale + cnnlstm_image_scale,0.025804224493094757,0.24779404867144575,0.3461051788231253,0.5833333333333334
rank,4,cnn_1d_image_scale + cnn_2d_rendered_images + cnn_1d_attention_image_scale + cnnlstm_cumulative_scale,0.006436970160847156,0.26860617643157925,0.4008085702039086,0.5555555555555556
rank,4,cnn_1d_image_scale + cnn_2d_rendered_images + cnn_1d_cumulative_scale + cnn_1d_dilated_image_scale,0.024854009117594444,0.19954450494048664,0.22480460626863663,0.5416666666666666
rank,4,cnn_1d_image_scale + cnn_2d_rendered_images + cnn_1d_cumulative_scale + cnn_1d_multiscale_image_scale,0.015014805228195455,0.25695958914810485,0.3626614714641425,0.5763888888888888
rank,4,cnn_1d_image_scale + cnn_2d_rendered_images + cnn_1d_cumulative_scale + cnn_2d_residual_images,0.0071455877858423176,0.16552425058532774,0.14684883861321163,0.5347222222222222
rank,4,cnn_1d_image_scale + cnn_2d_rendered_images + cnn_1d_cumulative_scale + cnn_2d_residual_small,0.03085804742654043,0.36171940081384085,0.6661756921878956,0.5555555555555556
rank,4,cnn_1d_image_scale + cnn_2d_rendered_images + cnn_1d_cumulative_scale + lstm_image_scale,0.031701145028543445,0.24956429548143283,0.34781342989401764,0.5694444444444444
rank,4,cnn_1d_image_scale + cnn_2d_rendered_images + cnn_1d_cumulative_scale + lstm_cumulative_scale,-0.0015305533740022797,0.17263168190488845,0.17918983471736616,0.5416666666666666
rank,4,cnn_1d_image_scale + cnn_2d_rendered_images + cnn_1d_cumulative_scale + cnnlstm_image_scale,0.03131484298930228,0.38496423824829634,0.754000268912028,0.5763888888888888
rank,4,cnn_1d_image_scale + cnn_2d_rendered_images + cnn_1d_cumulative_scale + cnnlstm_cumulative_scale,-0.004277518219061116,0.12569478714922563,0.060981107078525554,0.5416666666666666
rank,4,cnn_1d_image_scale + cnn_2d_rendered_images + cnn_1d_dilated_image_scale + cnn_1d_multiscale_image_scale,0.018107227036456175,0.2975671417428931,0.47461477757805826,0.5625
rank,4,cnn_1d_image_scale + cnn_2d_rendered_images + cnn_1d_dilated_image_scale + cnn_2d_residual_images,0.016712896612053024,0.1309516379586902,0.07359056133273612,0.5625
rank,4,cnn_1d_image_scale + cnn_2d_rendered_images + cnn_1d_dilated_image_scale + cnn_2d_residual_small,0.03226281274991208,0.27253594198637054,0.4028439764308511,0.5694444444444444
rank,4,cnn_1d_image_scale + cnn_2d_rendered_images + cnn_1d_dilated_image_scale + lstm_image_scale,0.023847973314484204,0.32388691278393017,0.5472257459575556,0.5833333333333334
rank,4,cnn_1d_image_scale + cnn_2d_rendered_images + cnn_1d_dilated_image_scale + lstm_cumulative_scale,0.00867421787125685,0.18912068728785228,0.20046959160382372,0.5486111111111112
rank,4,cnn_1d_image_scale + cnn_2d_rendered_images + cnn_1d_dilated_image_scale + cnnlstm_image_scale,0.02507257393381037,0.14423538556790544,0.10123168359952128,0.5625
rank,4,cnn_1d_image_scale + cnn_2d_rendered_images + cnn_1d_dilated_image_scale + cnnlstm_cumulative_scale,0.007021095637158057,0.19425093997554954,0.21309951198026278,0.5555555555555556
rank,4,cnn_1d_image_scale + cnn_2d_rendered_images + cnn_1d_multiscale_image_scale + cnn_2d_residual_images,0.008745799826897539,0.18456484690961775,0.18849942700463695,0.5625
rank,4,cnn_1d_image_scale + cnn_2d_rendered_images + cnn_1d_multiscale_image_scale + cnn_2d_residual_small,0.030795066260573507,0.17282687642580058,0.16224454164817792,0.5694444444444444
rank,4,cnn_1d_image_scale + cnn_2d_rendered_images + cnn_1d_multiscale_image_scale + lstm_image_scale,0.020033046224345152,0.24812193006832087,0.3424720679773683,0.5833333333333334
rank,4,cnn_1d_image_scale + cnn_2d_rendered_images + cnn_1d_multiscale_image_scale + lstm_cumulative_scale,0.004378057507880374,0.22887420795337618,0.29449064875861697,0.5625
rank,4,cnn_1d_image_scale + cnn_2d_rendered_images + cnn_1d_multiscale_image_scale + cnnlstm_image_scale,0.021465961879023575,0.18849561402986828,0.19810652671807394,0.5694444444444444
rank,4,cnn_1d_image_scale + cnn_2d_rendered_images + cnn_1d_multiscale_image_scale + cnnlstm_cumulative_scale,0.0013064054736135367,0.16980014211116745,0.15666453901885502,0.5555555555555556
rank,4,cnn_1d_image_scale + cnn_2d_rendered_images + cnn_2d_residual_images + cnn_2d_residual_small,0.02623286256059045,0.08904411288461345,-0.009326932351814143,0.5694444444444444
rank,4,cnn_1d_image_scale + cnn_2d_rendered_images + cnn_2d_residual_images + lstm_image_scale,0.011234921880637906,0.09441098103395008,0.001756771667067225,0.5555555555555556
rank,4,cnn_1d_image_scale + cnn_2d_rendered_images + cnn_2d_residual_images + lstm_cumulative_scale,-0.004423841416093751,0.1850235029552373,0.1905338728284427,0.5694444444444444
rank,4,cnn_1d_image_scale + cnn_2d_rendered_images + cnn_2d_residual_images + cnnlstm_image_scale,0.01414952135067305,0.13154852734083597,0.07298990670296246,0.5555555555555556
rank,4,cnn_1d_image_scale + cnn_2d_rendered_images + cnn_2d_residual_images + cnnlstm_cumulative_scale,-0.0076830074384174425,0.1181586173642308,0.04768370481996742,0.5277777777777778
rank,4,cnn_1d_image_scale + cnn_2d_rendered_images + cnn_2d_residual_small + lstm_image_scale,0.03801550515028443,0.22550595527993608,0.2877739077910626,0.6041666666666666
rank,4,cnn_1d_image_scale + cnn_2d_rendered_images + cnn_2d_residual_small + lstm_cumulative_scale,0.01877729828735833,0.29791357387993517,0.46595962853313955,0.5486111111111112
rank,4,cnn_1d_image_scale + cnn_2d_rendered_images + cnn_2d_residual_small + cnnlstm_image_scale,0.037969137707864205,0.21776761564278552,0.2650464467788227,0.6180555555555556
rank,4,cnn_1d_image_scale + cnn_2d_rendered_images + cnn_2d_residual_small + cnnlstm_cumulative_scale,0.014362260478306204,0.13834530056169353,0.08926118421210827,0.5416666666666666
rank,4,cnn_1d_image_scale + cnn_2d_rendered_images + lstm_image_scale + lstm_cumulative_scale,0.01734898582435248,0.10899812722281972,0.02831956129705082,0.5694444444444444
rank,4,cnn_1d_image_scale + cnn_2d_rendered_images + lstm_image_scale + cnnlstm_image_scale,0.030187597183894452,0.2678679627052873,0.3959843679142703,0.5972222222222222
rank,4,cnn_1d_image_scale + cnn_2d_rendered_images + lstm_image_scale + cnnlstm_cumulative_scale,0.013820537618820518,0.14575804640580545,0.10409129162412634,0.5625
rank,4,cnn_1d_image_scale + cnn_2d_rendered_images + lstm_cumulative_scale + cnnlstm_image_scale,0.011042384258269958,0.21481638406620593,0.26348113176698207,0.5763888888888888
rank,4,cnn_1d_image_scale + cnn_2d_rendered_images + lstm_cumulative_scale + cnnlstm_cumulative_scale,-0.01892409023765645,0.2683617569292939,0.40692990699262555,0.5625
rank,4,cnn_1d_image_scale + cnn_2d_rendered_images + cnnlstm_image_scale + cnnlstm_cumulative_scale,0.009158714721857412,0.15345094373188226,0.12062102368095218,0.5486111111111112
rank,4,cnn_1d_image_scale + cnn_1d_attention_image_scale + cnn_1d_cumulative_scale + cnn_1d_dilated_image_scale,0.019845190654760314,0.23229380351048928,0.3088001858002394,0.5416666666666666
rank,4,cnn_1d_image_scale + cnn_1d_attention_image_scale + cnn_1d_cumulative_scale + cnn_1d_multiscale_image_scale,0.015156228462960239,0.2547221606621182,0.3615880637586226,0.5555555555555556
rank,4,cnn_1d_image_scale + cnn_1d_attention_image_scale + cnn_1d_cumulative_scale + cnn_2d_residual_images,0.015563977082263728,0.2521076626274707,0.3564014386271075,0.5625
rank,4,cnn_1d_image_scale + cnn_1d_attention_image_scale + cnn_1d_cumulative_scale + cnn_2d_residual_small,0.02895442858708579,0.22120469140426138,0.2766880314374687,0.5555555555555556
rank,4,cnn_1d_image_scale + cnn_1d_attention_image_scale + cnn_1d_cumulative_scale + lstm_image_scale,0.03449576499769786,0.2675552614110122,0.3950686508161363,0.5763888888888888
rank,4,cnn_1d_image_scale + cnn_1d_attention_image_scale + cnn_1d_cumulative_scale + lstm_cumulative_scale,0.012702632510786217,0.34727734902768254,0.6277952071703887,0.6041666666666666
rank,4,cnn_1d_image_scale + cnn_1d_attention_image_scale + cnn_1d_cumulative_scale + cnnlstm_image_scale,0.033530503584023014,0.3455891628493507,0.6347104685209393,0.5902777777777778
rank,4,cnn_1d_image_scale + cnn_1d_attention_image_scale + cnn_1d_cumulative_scale + cnnlstm_cumulative_scale,0.010162812606403044,0.21987929227735242,0.2791057983925602,0.5555555555555556
rank,4,cnn_1d_image_scale + cnn_1d_attention_image_scale + cnn_1d_dilated_image_scale + cnn_1d_multiscale_image_scale,0.017794707984960766,0.25558292098390323,0.3639366970688036,0.5833333333333334
rank,4,cnn_1d_image_scale + cnn_1d_attention_image_scale + cnn_1d_dilated_image_scale + cnn_2d_residual_images,0.014778963035469382,0.19126616472077143,0.20620598762481257,0.5555555555555556
rank,4,cnn_1d_image_scale + cnn_1d_attention_image_scale + cnn_1d_dilated_image_scale + cnn_2d_residual_small,0.032668182308149905,0.23781901358955287,0.31651753372035585,0.5416666666666666
rank,4,cnn_1d_image_scale + cnn_1d_attention_image_scale + cnn_1d_dilated_image_scale + lstm_image_scale,0.02986860220109786,0.18666616231773542,0.19480715118573722,0.5625
rank,4,cnn_1d_image_scale + cnn_1d_attention_image_scale + cnn_1d_dilated_image_scale + lstm_cumulative_scale,0.010883101282612119,0.18314234689007208,0.18842246655189432,0.5763888888888888
rank,4,cnn_1d_image_scale + cnn_1d_attention_image_scale + cnn_1d_dilated_image_scale + cnnlstm_image_scale,0.023734321595470863,0.18515094869340631,0.19314522605250928,0.5555555555555556
rank,4,cnn_1d_image_scale + cnn_1d_attention_image_scale + cnn_1d_dilated_image_scale + cnnlstm_cumulative_scale,0.013440919369978797,0.161840558592221,0.13941145559057766,0.5694444444444444
rank,4,cnn_1d_image_scale + cnn_1d_attention_image_scale + cnn_1d_multiscale_image_scale + cnn_2d_residual_images,0.010345960421074402,0.177477090213294,0.17324215931359577,0.5555555555555556
rank,4,cnn_1d_image_scale + cnn_1d_attention_image_scale + cnn_1d_multiscale_image_scale + cnn_2d_residual_small,0.026567566193588032,0.24333471299166884,0.3292698951106918,0.5625
rank,4,cnn_1d_image_scale + cnn_1d_attention_image_scale + cnn_1d_multiscale_image_scale + lstm_image_scale,0.0250045535022068,0.13719170512307616,0.08490145962865014,0.5694444444444444
rank,4,cnn_1d_image_scale + cnn_1d_attention_image_scale + cnn_1d_multiscale_image_scale + lstm_cumulative_scale,0.008916384943644298,0.24013543940324245,0.32049587785764255,0.6041666666666666
rank,4,cnn_1d_image_scale + cnn_1d_attention_image_scale + cnn_1d_multiscale_image_scale + cnnlstm_image_scale,0.023965824196447372,0.17248652120332933,0.1622449848078984,0.5902777777777778
rank,4,cnn_1d_image_scale + cnn_1d_attention_image_scale + cnn_1d_multiscale_image_scale + cnnlstm_cumulative_scale,0.007221478771760863,0.2268710604560954,0.2909655125376367,0.5555555555555556
rank,4,cnn_1d_image_scale + cnn_1d_attention_image_scale + cnn_2d_residual_images + cnn_2d_residual_small,0.027329210663448046,0.30898569365192896,0.4935491102872882,0.5625
rank,4,cnn_1d_image_scale + cnn_1d_attention_image_scale + cnn_2d_residual_images + lstm_image_scale,0.02181399151927612,0.10882499587538452,0.029149839781051012,0.5694444444444444
rank,4,cnn_1d_image_scale + cnn_1d_attention_image_scale + cnn_2d_residual_images + lstm_cumulative_scale,0.007098010054142456,0.3111013214972099,0.513648944900885,0.5625
rank,4,cnn_1d_image_scale + cnn_1d_attention_image_scale + cnn_2d_residual_images + cnnlstm_image_scale,0.02165064554493177,0.1736121086128534,0.16466031463037534,0.5833333333333334
rank,4,cnn_1d_image_scale + cnn_1d_attention_image_scale + cnn_2d_residual_images + cnnlstm_cumulative_scale,0.010376029340851948,0.22145006805176645,0.2794101247148093,0.5486111111111112
rank,4,cnn_1d_image_scale + cnn_1d_attention_image_scale + cnn_2d_residual_small + lstm_image_scale,0.038874048171485515,0.23460933375761778,0.3111753167366562,0.5694444444444444
rank,4,cnn_1d_image_scale + cnn_1d_attention_image_scale + cnn_2d_residual_small + lstm_cumulative_scale,0.02394900349829237,0.3428689824192218,0.6027913282644444,0.5694444444444444
rank,4,cnn_1d_image_scale + cnn_1d_attention_image_scale + cnn_2d_residual_small + cnnlstm_image_scale,0.03868233754229772,0.14586542085487014,0.10392184615817057,0.5555555555555556
rank,4,cnn_1d_image_scale + cnn_1d_attention_image_scale + cnn_2d_residual_small + cnnlstm_cumulative_scale,0.02077816907649233,0.2920479483774042,0.46415028883275533,0.5625
rank,4,cnn_1d_image_scale + cnn_1d_attention_image_scale + lstm_image_scale + lstm_cumulative_scale,0.026507408890238202,0.27487425384591624,0.4154718589375639,0.5763888888888888
rank,4,cnn_1d_image_scale + cnn_1d_attention_image_scale + lstm_image_scale + cnnlstm_image_scale,0.03906340208100158,0.21134045966262174,0.25379857003618933,0.5902777777777778
rank,4,cnn_1d_image_scale + cnn_1d_attention_image_scale + lstm_image_scale + cnnlstm_cumulative_scale,0.02535073960940751,0.22009583076041048,0.275479331927206,0.5902777777777778
rank,4,cnn_1d_image_scale + cnn_1d_attention_image_scale + lstm_cumulative_scale + cnnlstm_image_scale,0.022178857262151387,0.18699647863788263,0.19826931276893456,0.5555555555555556
rank,4,cnn_1d_image_scale + cnn_1d_attention_image_scale + lstm_cumulative_scale + cnnlstm_cumulative_scale,-0.0006610476515013798,0.2740585522634829,0.4248674484514663,0.5833333333333334
rank,4,cnn_1d_image_scale + cnn_1d_attention_image_scale + cnnlstm_image_scale + cnnlstm_cumulative_scale,0.019594678987372403,0.18311261056459177,0.18857574692844592,0.5902777777777778
rank,4,cnn_1d_image_scale + cnn_1d_cumulative_scale + cnn_1d_dilated_image_scale + cnn_1d_multiscale_image_scale,0.017753679573466078,0.16924489951930388,0.15495762293013327,0.5416666666666666
rank,4,cnn_1d_image_scale + cnn_1d_cumulative_scale + cnn_1d_dilated_image_scale + cnn_2d_residual_images,0.017684036172197347,0.15258273705906156,0.11864184040404013,0.5277777777777778
rank,4,cnn_1d_image_scale + cnn_1d_cumulative_scale + cnn_1d_dilated_image_scale + cnn_2d_residual_small,0.035332325823319945,0.23884403358605916,0.32017563437491403,0.5277777777777778
rank,4,cnn_1d_image_scale + cnn_1d_cumulative_scale + cnn_1d_dilated_image_scale + lstm_image_scale,0.04516935788592195,0.2362618296430768,0.3191635273978042,0.5625
rank,4,cnn_1d_image_scale + cnn_1d_cumulative_scale + cnn_1d_dilated_image_scale + lstm_cumulative_scale,0.016414031279926973,0.21694570780864433,0.28692437621908184,0.5347222222222222
rank,4,cnn_1d_image_scale + cnn_1d_cumulative_scale + cnn_1d_dilated_image_scale + cnnlstm_image_scale,0.03192924129073977,0.17054982140331357,0.15777245079494673,0.5347222222222222
rank,4,cnn_1d_image_scale + cnn_1d_cumulative_scale + cnn_1d_dilated_image_scale + cnnlstm_cumulative_scale,0.010738807571360543,0.17855629051827598,0.17780399743719144,0.5347222222222222
rank,4,cnn_1d_image_scale + cnn_1d_cumulative_scale + cnn_1d_multiscale_image_scale + cnn_2d_residual_images,0.008853875886920853,0.10847876698238373,0.021561122074359007,0.5486111111111112
rank,4,cnn_1d_image_scale + cnn_1d_cumulative_scale + cnn_1d_multiscale_image_scale + cnn_2d_residual_small,0.027028816000714547,0.2496073045707661,0.35637660393552384,0.5486111111111112
rank,4,cnn_1d_image_scale + cnn_1d_cumulative_scale + cnn_1d_multiscale_image_scale + lstm_image_scale,0.0354072882096994,0.25724793296689574,0.37017572175155067,0.5625
rank,4,cnn_1d_image_scale + cnn_1d_cumulative_scale + cnn_1d_multiscale_image_scale + lstm_cumulative_scale,0.008105188926062034,0.2789117293449795,0.455455703239354,0.5833333333333334
rank,4,cnn_1d_image_scale + cnn_1d_cumulative_scale + cnn_1d_multiscale_image_scale + cnnlstm_image_scale,0.03241203915953702,0.3150937786702731,0.5364132334486751,0.5763888888888888
rank,4,cnn_1d_image_scale + cnn_1d_cumulative_scale + cnn_1d_multiscale_image_scale + cnnlstm_cumulative_scale,0.006428664142460384,0.19817348354613357,0.22526345891022292,0.5555555555555556
rank,4,cnn_1d_image_scale + cnn_1d_cumulative_scale + cnn_2d_residual_images + cnn_2d_residual_small,0.024877925134959424,0.2232479161808745,0.2848590734655121,0.5486111111111112
rank,4,cnn_1d_image_scale + cnn_1d_cumulative_scale + cnn_2d_residual_images + lstm_image_scale,0.021641237486496656,0.22408452052028024,0.2852779375257639,0.5694444444444444
rank,4,cnn_1d_image_scale + cnn_1d_cumulative_scale + cnn_2d_residual_images + lstm_cumulative_scale,-0.003391100262941101,0.1564522068823693,0.14112300325843852,0.5486111111111112
rank,4,cnn_1d_image_scale + cnn_1d_cumulative_scale + cnn_2d_residual_images + cnnlstm_image_scale,0.024898410501153885,0.19353169608854057,0.21206831123733805,0.5625
rank,4,cnn_1d_image_scale + cnn_1d_cumulative_scale + cnn_2d_residual_images + cnnlstm_cumulative_scale,-0.0012372287353935856,0.24817311082124743,0.3500704269630861,0.5416666666666666
rank,4,cnn_1d_image_scale + cnn_1d_cumulative_scale + cnn_2d_residual_small + lstm_image_scale,0.04643277480679719,0.17075033398696415,0.15300022401308877,0.5625
rank,4,cnn_1d_image_scale + cnn_1d_cumulative_scale + cnn_2d_residual_small + lstm_cumulative_scale,0.016746648412203,0.28877313087288786,0.4770702385819643,0.5833333333333334
rank,4,cnn_1d_image_scale + cnn_1d_cumulative_scale + cnn_2d_residual_small + cnnlstm_image_scale,0.04562911927171985,0.18725483444749025,0.19840799922601948,0.5555555555555556
rank,4,cnn_1d_image_scale + cnn_1d_cumulative_scale + cnn_2d_residual_small + cnnlstm_cumulative_scale,0.010372550218682068,0.24704324004564598,0.35552672969719556,0.5486111111111112
rank,4,cnn_1d_image_scale + cnn_1d_cumulative_scale + lstm_image_scale + lstm_cumulative_scale,0.02781841338374436,0.2555644870700481,0.3908342493538015,0.5625
rank,4,cnn_1d_image_scale + cnn_1d_cumulative_scale + lstm_image_scale + cnnlstm_image_scale,0.04715910299202955,0.22902568202762832,0.30531537665217967,0.5555555555555556
rank,4,cnn_1d_image_scale + cnn_1d_cumulative_scale + lstm_image_scale + cnnlstm_cumulative_scale,0.02487910646452755,0.39217160114693256,0.8380082668079554,0.5833333333333334
rank,4,cnn_1d_image_scale + cnn_1d_cumulative_scale + lstm_cumulative_scale + cnnlstm_image_scale,0.020559511940648218,0.27255093508966455,0.42259964993197263,0.5694444444444444
rank,4,cnn_1d_image_scale + cnn_1d_cumulative_scale + lstm_cumulative_scale + cnnlstm_cumulative_scale,-0.004906468532205698,0.21559027870332556,0.27541084533964,0.5902777777777778
rank,4,cnn_1d_image_scale + cnn_1d_cumulative_scale + cnnlstm_image_scale + cnnlstm_cumulative_scale,0.024439208825866275,0.31841139514005445,0.5695585383981248,0.6111111111111112
rank,4,cnn_1d_image_scale + cnn_1d_dilated_image_scale + cnn_1d_multiscale_image_scale + cnn_2d_residual_images,0.01441046483430923,0.19337965047344244,0.21185902566323067,0.5694444444444444
rank,4,cnn_1d_image_scale + cnn_1d_dilated_image_scale + cnn_1d_multiscale_image_scale + cnn_2d_residual_small,0.030171266851724374,0.2408053107715831,0.3257181466968724,0.5486111111111112
rank,4,cnn_1d_image_scale + cnn_1d_dilated_image_scale + cnn_1d_multiscale_image_scale + lstm_image_scale,0.03557888190012175,0.23241439655047905,0.30464263172250017,0.5555555555555556
rank,4,cnn_1d_image_scale + cnn_1d_dilated_image_scale + cnn_1d_multiscale_image_scale + lstm_cumulative_scale,0.01432866594807793,0.2878748337092303,0.4667542534902984,0.5972222222222222
rank,4,cnn_1d_image_scale + cnn_1d_dilated_image_scale + cnn_1d_multiscale_image_scale + cnnlstm_image_scale,0.026169284604057718,0.11862454889302898,0.04546798155538423,0.5138888888888888
rank,4,cnn_1d_image_scale + cnn_1d_dilated_image_scale + cnn_1d_multiscale_image_scale + cnnlstm_cumulative_scale,0.006844128959276821,0.12861176370258795,0.06743730862005282,0.5625
rank,4,cnn_1d_image_scale + cnn_1d_dilated_image_scale + cnn_2d_residual_images + cnn_2d_residual_small,0.029083225388735298,0.1934022786334498,0.21691926342862589,0.5277777777777778
rank,4,cnn_1d_image_scale + cnn_1d_dilated_image_scale + cnn_2d_residual_images + lstm_image_scale,0.02195679305542126,0.1819153058203511,0.1834601379887555,0.5833333333333334
rank,4,cnn_1d_image_scale + cnn_1d_dilated_image_scale + cnn_2d_residual_images + lstm_cumulative_scale,0.00798373633781703,0.24215378482650374,0.33214134426963393,0.5694444444444444
rank,4,cnn_1d_image_scale + cnn_1d_dilated_image_scale + cnn_2d_residual_images + cnnlstm_image_scale,0.02684991599504257,0.07315665844192833,-0.04472215477945807,0.5416666666666666
rank,4,cnn_1d_image_scale + cnn_1d_dilated_image_scale + cnn_2d_residual_images + cnnlstm_cumulative_scale,0.00704912729008486,0.17647457558518737,0.1723754017411907,0.5486111111111112
rank,4,cnn_1d_image_scale + cnn_1d_dilated_image_scale + cnn_2d_residual_small + lstm_image_scale,0.04544602915968716,0.2853222047582968,0.4505112457283005,0.5763888888888888
rank,4,cnn_1d_image_scale + cnn_1d_dilated_image_scale + cnn_2d_residual_small + lstm_cumulative_scale,0.024010600401255574,0.2708296467802459,0.40641024428511363,0.5416666666666666
rank,4,cnn_1d_image_scale + cnn_1d_dilated_image_scale + cnn_2d_residual_small + cnnlstm_image_scale,0.04597351727115131,0.21591909554066757,0.2680459284289465,0.5486111111111112
rank,4,cnn_1d_image_scale + cnn_1d_dilated_image_scale + cnn_2d_residual_small + cnnlstm_cumulative_scale,0.024079183558336353,0.20869304288162155,0.24784219778142202,0.5555555555555556
rank,4,cnn_1d_image_scale + cnn_1d_dilated_image_scale + lstm_image_scale + lstm_cumulative_scale,0.03181214240815184,0.17588888775878558,0.17027690557722308,0.5694444444444444
rank,4,cnn_1d_image_scale + cnn_1d_dilated_image_scale + lstm_image_scale + cnnlstm_image_scale,0.044401585500331915,0.19057691140343758,0.2040170621630948,0.5694444444444444
rank,4,cnn_1d_image_scale + cnn_1d_dilated_image_scale + lstm_image_scale + cnnlstm_cumulative_scale,0.027845344328304693,0.2784742386046723,0.4389482598853742,0.5625
rank,4,cnn_1d_image_scale + cnn_1d_dilated_image_scale + lstm_cumulative_scale + cnnlstm_image_scale,0.019778694012659786,0.130430941114647,0.07060964255075497,0.5486111111111112
rank,4,cnn_1d_image_scale + cnn_1d_dilated_image_scale + lstm_cumulative_scale + cnnlstm_cumulative_scale,0.004285265407243884,0.2553525722636705,0.3692603489043069,0.5902777777777778
rank,4,cnn_1d_image_scale + cnn_1d_dilated_image_scale + cnnlstm_image_scale + cnnlstm_cumulative_scale,0.02003920662494651,0.1301756410483289,0.06757881468827587,0.5694444444444444
rank,4,cnn_1d_image_scale + cnn_1d_multiscale_image_scale + cnn_2d_residual_images + cnn_2d_residual_small,0.027771684240723793,0.21320192563678184,0.26049005056090047,0.5486111111111112
rank,4,cnn_1d_image_scale + cnn_1d_multiscale_image_scale + cnn_2d_residual_images + lstm_image_scale,0.019413785691757914,0.24114382690910735,0.32630296635725253,0.5694444444444444
rank,4,cnn_1d_image_scale + cnn_1d_multiscale_image_scale + cnn_2d_residual_images + lstm_cumulative_scale,0.004674798168868803,0.25839220835460575,0.37369525646481394,0.5763888888888888
rank,4,cnn_1d_image_scale + cnn_1d_multiscale_image_scale + cnn_2d_residual_images + cnnlstm_image_scale,0.0215655196920224,0.13401712225447823,0.07555342970456769,0.5625
rank,4,cnn_1d_image_scale + cnn_1d_multiscale_image_scale + cnn_2d_residual_images + cnnlstm_cumulative_scale,0.001159364372451842,0.15423639836354483,0.12186938641083156,0.5486111111111112
rank,4,cnn_1d_image_scale + cnn_1d_multiscale_image_scale + cnn_2d_residual_small + lstm_image_scale,0.040039902677333476,0.17958983519759067,0.17304740321573453,0.5694444444444444
rank,4,cnn_1d_image_scale + cnn_1d_multiscale_image_scale + cnn_2d_residual_small + lstm_cumulative_scale,0.014593774739092635,0.32767469778990543,0.5611449913969129,0.5555555555555556
rank,4,cnn_1d_image_scale + cnn_1d_multiscale_image_scale + cnn_2d_residual_small + cnnlstm_image_scale,0.04131753475934547,0.1753574974057427,0.16856758137933792,0.5763888888888888
rank,4,cnn_1d_image_scale + cnn_1d_multiscale_image_scale + cnn_2d_residual_small + cnnlstm_cumulative_scale,0.014210793887482994,0.21895647680800762,0.274465956658557,0.5555555555555556
rank,4,cnn_1d_image_scale + cnn_1d_multiscale_image_scale + lstm_image_scale + lstm_cumulative_scale,0.023650809071578304,0.2955143286569722,0.4687014633796134,0.5625
rank,4,cnn_1d_image_scale + cnn_1d_multiscale_image_scale + lstm_image_scale + cnnlstm_image_scale,0.04138323254445339,0.2570151593315381,0.37340714126426544,0.5694444444444444
rank,4,cnn_1d_image_scale + cnn_1d_multiscale_image_scale + lstm_image_scale + cnnlstm_cumulative_scale,0.018981078123976803,0.2515767607726156,0.3614289454046613,0.5694444444444444
rank,4,cnn_1d_image_scale + cnn_1d_multiscale_image_scale + lstm_cumulative_scale + cnnlstm_image_scale,0.01667472553585529,0.20533985766605772,0.2417862923128744,0.5625
rank,4,cnn_1d_image_scale + cnn_1d_multiscale_image_scale + lstm_cumulative_scale + cnnlstm_cumulative_scale,-0.0073118933218008835,0.27891171207544774,0.43852003317343624,0.5694444444444444
rank,4,cnn_1d_image_scale + cnn_1d_multiscale_image_scale + cnnlstm_image_scale + cnnlstm_cumulative_scale,0.014522751908637522,0.17420587031064425,0.16711338738614523,0.5625
rank,4,cnn_1d_image_scale + cnn_2d_residual_images + cnn_2d_residual_small + lstm_image_scale,0.034894995340976925,0.09169550701353352,0.009719822516793153,0.5625
rank,4,cnn_1d_image_scale + cnn_2d_residual_images + cnn_2d_residual_small + lstm_cumulative_scale,0.017943134599674206,0.24584103719466383,0.33937479640694335,0.5486111111111112
rank,4,cnn_1d_image_scale + cnn_2d_residual_images + cnn_2d_residual_small + cnnlstm_image_scale,0.03432796459076098,0.056150410383341766,-0.0740901588717654,0.5555555555555556
rank,4,cnn_1d_image_scale + cnn_2d_residual_images + cnn_2d_residual_small + cnnlstm_cumulative_scale,0.01297834097466271,0.09517665429842541,0.016036696153821417,0.5555555555555556
rank,4,cnn_1d_image_scale + cnn_2d_residual_images + lstm_image_scale + lstm_cumulative_scale,0.013400343133845303,0.23079126250519916,0.30129579470497103,0.5694444444444444
rank,4,cnn_1d_image_scale + cnn_2d_residual_images + lstm_image_scale + cnnlstm_image_scale,0.032235124709855865,0.1964328961860508,0.21807083493111978,0.5694444444444444
rank,4,cnn_1d_image_scale + cnn_2d_residual_images + lstm_image_scale + cnnlstm_cumulative_scale,0.009497887850106352,0.14081811214240564,0.09276978691450966,0.5625
rank,4,cnn_1d_image_scale + cnn_2d_residual_images + lstm_cumulative_scale + cnnlstm_image_scale,0.010917461922556252,0.26079314002080933,0.3840901418072149,0.5902777777777778
rank,4,cnn_1d_image_scale + cnn_2d_residual_images + lstm_cumulative_scale + cnnlstm_cumulative_scale,-0.02055187091136756,0.37900828645215995,0.711025934922028,0.5902777777777778
rank,4,cnn_1d_image_scale + cnn_2d_residual_images + cnnlstm_image_scale + cnnlstm_cumulative_scale,0.012940266756282615,0.10716548924674553,0.018379264434512654,0.5416666666666666
rank,4,cnn_1d_image_scale + cnn_2d_residual_small + lstm_image_scale + lstm_cumulative_scale,0.030076240901888818,0.24937604488661433,0.3460505024580267,0.5486111111111112
rank,4,cnn_1d_image_scale + cnn_2d_residual_small + lstm_image_scale + cnnlstm_image_scale,0.053035406471660725,0.24457287016453325,0.3370420889865413,0.6180555555555556
rank,4,cnn_1d_image_scale + cnn_2d_residual_small + lstm_image_scale + cnnlstm_cumulative_scale,0.02574317248950856,0.2761410015072622,0.4233230527660712,0.5694444444444444
rank,4,cnn_1d_image_scale + cnn_2d_residual_small + lstm_cumulative_scale + cnnlstm_image_scale,0.026770084544903445,0.2917298546323357,0.4554674591087209,0.5416666666666666
rank,4,cnn_1d_image_scale + cnn_2d_residual_small + lstm_cumulative_scale + cnnlstm_cumulative_scale,0.003176931314193168,0.25809666659876956,0.3749045369631896,0.5833333333333334
rank,4,cnn_1d_image_scale + cnn_2d_residual_small + cnnlstm_image_scale + cnnlstm_cumulative_scale,0.028197800675595155,0.23713250811113004,0.3252736202004538,0.5833333333333334
rank,4,cnn_1d_image_scale + lstm_image_scale + lstm_cumulative_scale + cnnlstm_image_scale,0.03238889207877216,0.30745252434481224,0.5204940194485836,0.5902777777777778
rank,4,cnn_1d_image_scale + lstm_image_scale + lstm_cumulative_scale + cnnlstm_cumulative_scale,0.004747030004181579,0.2833646283017179,0.4532781959001937,0.6041666666666666
rank,4,cnn_1d_image_scale + lstm_image_scale + cnnlstm_image_scale + cnnlstm_cumulative_scale,0.02791872203261416,0.16757720393186146,0.15067874936383285,0.5694444444444444
rank,4,cnn_1d_image_scale + lstm_cumulative_scale + cnnlstm_image_scale + cnnlstm_cumulative_scale,6.542939324294394e-06,0.15002210629707718,0.1278044425415401,0.5555555555555556
rank,4,cnn_2d_rendered_images + cnn_1d_attention_image_scale + cnn_1d_cumulative_scale + cnn_1d_dilated_image_scale,0.02534358575171492,0.2546277892373872,0.36390423310150166,0.5347222222222222
rank,4,cnn_2d_rendered_images + cnn_1d_attention_image_scale + cnn_1d_cumulative_scale + cnn_1d_multiscale_image_scale,0.02136859582494319,0.2922933883734693,0.46635422548635175,0.5902777777777778
rank,4,cnn_2d_rendered_images + cnn_1d_attention_image_scale + cnn_1d_cumulative_scale + cnn_2d_residual_images,0.011997979602423197,0.22210755999824427,0.2766788565059075,0.5416666666666666
rank,4,cnn_2d_rendered_images + cnn_1d_attention_image_scale + cnn_1d_cumulative_scale + cnn_2d_residual_small,0.03259821787606303,0.32039318159027436,0.5535165873932144,0.5625
rank,4,cnn_2d_rendered_images + cnn_1d_attention_image_scale + cnn_1d_cumulative_scale + lstm_image_scale,0.03806218724282861,0.37740090721900504,0.7401062413073449,0.5694444444444444
rank,4,cnn_2d_rendered_images + cnn_1d_attention_image_scale + cnn_1d_cumulative_scale + lstm_cumulative_scale,0.013661619511588246,0.28250548691782223,0.4268778319530837,0.5625
rank,4,cnn_2d_rendered_images + cnn_1d_attention_image_scale + cnn_1d_cumulative_scale + cnnlstm_image_scale,0.042101676275528695,0.42401633764302776,0.8989835468800746,0.5694444444444444
rank,4,cnn_2d_rendered_images + cnn_1d_attention_image_scale + cnn_1d_cumulative_scale + cnnlstm_cumulative_scale,0.012164534845387178,0.19665215095015084,0.21818225172488281,0.5416666666666666
rank,4,cnn_2d_rendered_images + cnn_1d_attention_image_scale + cnn_1d_dilated_image_scale + cnn_1d_multiscale_image_scale,0.023639570503224544,0.3946181183385493,0.7687528717727026,0.5763888888888888
rank,4,cnn_2d_rendered_images + cnn_1d_attention_image_scale + cnn_1d_dilated_image_scale + cnn_2d_residual_images,0.021610990077466554,0.2487519083962663,0.34183978460005093,0.5833333333333334
rank,4,cnn_2d_rendered_images + cnn_1d_attention_image_scale + cnn_1d_dilated_image_scale + cnn_2d_residual_small,0.03755781362122645,0.19774827203386866,0.22007271618340662,0.5625
rank,4,cnn_2d_rendered_images + cnn_1d_attention_image_scale + cnn_1d_dilated_image_scale + lstm_image_scale,0.035860513733202856,0.2881313369713856,0.44430454789827123,0.5833333333333334
rank,4,cnn_2d_rendered_images + cnn_1d_attention_image_scale + cnn_1d_dilated_image_scale + lstm_cumulative_scale,0.015424982965221873,0.35992472487881966,0.6630099177807651,0.5902777777777778
rank,4,cnn_2d_rendered_images + cnn_1d_attention_image_scale + cnn_1d_dilated_image_scale + cnnlstm_image_scale,0.03074339563696056,0.2754576679665881,0.4169477690983965,0.5763888888888888
rank,4,cnn_2d_rendered_images + cnn_1d_attention_image_scale + cnn_1d_dilated_image_scale + cnnlstm_cumulative_scale,0.013724626132480329,0.1683753883140607,0.1543956498289918,0.5416666666666666
rank,4,cnn_2d_rendered_images + cnn_1d_attention_image_scale + cnn_1d_multiscale_image_scale + cnn_2d_residual_images,0.01692548307351593,0.24865814987369605,0.34106091674674266,0.5763888888888888
rank,4,cnn_2d_rendered_images + cnn_1d_attention_image_scale + cnn_1d_multiscale_image_scale + cnn_2d_residual_small,0.030186767607887997,0.28937892961359746,0.45500581287645114,0.5763888888888888
rank,4,cnn_2d_rendered_images + cnn_1d_attention_image_scale + cnn_1d_multiscale_image_scale + lstm_image_scale,0.027566967412450884,0.2656260601132203,0.38766758823519254,0.5763888888888888
rank,4,cnn_2d_rendered_images + cnn_1d_attention_image_scale + cnn_1d_multiscale_image_scale + lstm_cumulative_scale,0.01258090171282722,0.3021085201754788,0.49630970344840986,0.5833333333333334
rank,4,cnn_2d_rendered_images + cnn_1d_attention_image_scale + cnn_1d_multiscale_image_scale + cnnlstm_image_scale,0.029876915030508124,0.23653605632497493,0.3185391706320284,0.5694444444444444
rank,4,cnn_2d_rendered_images + cnn_1d_attention_image_scale + cnn_1d_multiscale_image_scale + cnnlstm_cumulative_scale,0.010627435218219142,0.25896109240900084,0.3725072189716654,0.5694444444444444
rank,4,cnn_2d_rendered_images + cnn_1d_attention_image_scale + cnn_2d_residual_images + cnn_2d_residual_small,0.031060059040513458,0.18110647838978872,0.18097831644875262,0.5833333333333334
rank,4,cnn_2d_rendered_images + cnn_1d_attention_image_scale + cnn_2d_residual_images + lstm_image_scale,0.01387049091904527,0.20392785983317036,0.23358367362188193,0.5625
rank,4,cnn_2d_rendered_images + cnn_1d_attention_image_scale + cnn_2d_residual_images + lstm_cumulative_scale,-0.000441130400744891,0.21424959132213744,0.2603110815401046,0.5625
rank,4,cnn_2d_rendered_images + cnn_1d_attention_image_scale + cnn_2d_residual_images + cnnlstm_image_scale,0.026032708545507068,0.2919276505512656,0.45720086210904953,0.5763888888888888
rank,4,cnn_2d_rendered_images + cnn_1d_attention_image_scale + cnn_2d_residual_images + cnnlstm_cumulative_scale,0.001678744732249772,0.2857396167369333,0.4386767109260088,0.5694444444444444
rank,4,cnn_2d_rendered_images + cnn_1d_attention_image_scale + cnn_2d_residual_small + lstm_image_scale,0.037523703415233055,0.2572836343906836,0.36662136867815875,0.5972222222222222
rank,4,cnn_2d_rendered_images + cnn_1d_attention_image_scale + cnn_2d_residual_small + lstm_cumulative_scale,0.02295534665051106,0.2705589002959041,0.40085576901030384,0.5486111111111112
rank,4,cnn_2d_rendered_images + cnn_1d_attention_image_scale + cnn_2d_residual_small + cnnlstm_image_scale,0.0465544849626648,0.26349339605067684,0.38177799116099753,0.6111111111111112
rank,4,cnn_2d_rendered_images + cnn_1d_attention_image_scale + cnn_2d_residual_small + cnnlstm_cumulative_scale,0.02196496083479505,0.2423582794733871,0.33078533718699954,0.5625
rank,4,cnn_2d_rendered_images + cnn_1d_attention_image_scale + lstm_image_scale + lstm_cumulative_scale,0.0215105087146569,0.26783673100487826,0.3993120911627517,0.5625
rank,4,cnn_2d_rendered_images + cnn_1d_attention_image_scale + lstm_image_scale + cnnlstm_image_scale,0.03954076473012977,0.26951022690920634,0.4007998300250557,0.5972222222222222
rank,4,cnn_2d_rendered_images + cnn_1d_attention_image_scale + lstm_image_scale + cnnlstm_cumulative_scale,0.02188746608057838,0.2751052317709563,0.4104796115841238,0.5763888888888888
rank,4,cnn_2d_rendered_images + cnn_1d_attention_image_scale + lstm_cumulative_scale + cnnlstm_image_scale,0.02499559448511223,0.2509078598270841,0.3615999579158429,0.5486111111111112
rank,4,cnn_2d_rendered_images + cnn_1d_attention_image_scale + lstm_cumulative_scale + cnnlstm_cumulative_scale,0.001337259712951301,0.4019049773213731,0.795226277011134,0.5763888888888888
rank,4,cnn_2d_rendered_images + cnn_1d_attention_image_scale + cnnlstm_image_scale + cnnlstm_cumulative_scale,0.02108443655811039,0.27175880058441815,0.4125766140230742,0.5763888888888888
rank,4,cnn_2d_rendered_images + cnn_1d_cumulative_scale + cnn_1d_dilated_image_scale + cnn_1d_multiscale_image_scale,0.0252820171529698,0.2965022792994222,0.4842203066699857,0.5555555555555556
rank,4,cnn_2d_rendered_images + cnn_1d_cumulative_scale + cnn_1d_dilated_image_scale + cnn_2d_residual_images,0.019788801304597026,0.27862328939553205,0.42861737554951773,0.5486111111111112
rank,4,cnn_2d_rendered_images + cnn_1d_cumulative_scale + cnn_1d_dilated_image_scale + cnn_2d_residual_small,0.03828089059619184,0.29891516099330695,0.48581333005079186,0.5277777777777778
rank,4,cnn_2d_rendered_images + cnn_1d_cumulative_scale + cnn_1d_dilated_image_scale + lstm_image_scale,0.03741312500994523,0.3401172126850762,0.6111399823676302,0.5486111111111112
rank,4,cnn_2d_rendered_images + cnn_1d_cumulative_scale + cnn_1d_dilated_image_scale + lstm_cumulative_scale,0.019927163303258832,0.2735250621435248,0.4343344139560934,0.5763888888888888
rank,4,cnn_2d_rendered_images + cnn_1d_cumulative_scale + cnn_1d_dilated_image_scale + cnnlstm_image_scale,0.0411125872569419,0.30461317535507954,0.5067677435896947,0.5555555555555556
rank,4,cnn_2d_rendered_images + cnn_1d_cumulative_scale + cnn_1d_dilated_image_scale + cnnlstm_cumulative_scale,0.014875482532020715,0.21480720513536575,0.26962982812576475,0.5625
rank,4,cnn_2d_rendered_images + cnn_1d_cumulative_scale + cnn_1d_multiscale_image_scale + cnn_2d_residual_images,0.004068897677834734,0.26474434644806755,0.3911560381685151,0.5763888888888888
rank,4,cnn_2d_rendered_images + cnn_1d_cumulative_scale + cnn_1d_multiscale_image_scale + cnn_2d_residual_small,0.027252390151758822,0.4268896885202622,0.9062103764843992,0.5902777777777778
rank,4,cnn_2d_rendered_images + cnn_1d_cumulative_scale + cnn_1d_multiscale_image_scale + lstm_image_scale,0.026512670098052058,0.3672125732796135,0.6942887720556787,0.5555555555555556
rank,4,cnn_2d_rendered_images + cnn_1d_cumulative_scale + cnn_1d_multiscale_image_scale + lstm_cumulative_scale,0.0029078447779034987,0.2512373024449791,0.36823969297104564,0.5486111111111112
rank,4,cnn_2d_rendered_images + cnn_1d_cumulative_scale + cnn_1d_multiscale_image_scale + cnnlstm_image_scale,0.03495843910644503,0.41203069123073766,0.8735785850407212,0.5972222222222222
rank,4,cnn_2d_rendered_images + cnn_1d_cumulative_scale + cnn_1d_multiscale_image_scale + cnnlstm_cumulative_scale,0.004914175756783401,0.2470420848482143,0.3463363548228755,0.5555555555555556
rank,4,cnn_2d_rendered_images + cnn_1d_cumulative_scale + cnn_2d_residual_images + cnn_2d_residual_small,0.027340814154064277,0.32339305762415943,0.5609766281923878,0.5833333333333334
rank,4,cnn_2d_rendered_images + cnn_1d_cumulative_scale + cnn_2d_residual_images + lstm_image_scale,0.020888038098237145,0.3261673514842854,0.5830784986039568,0.5763888888888888
rank,4,cnn_2d_rendered_images + cnn_1d_cumulative_scale + cnn_2d_residual_images + lstm_cumulative_scale,0.0009371436853046138,0.2584635125167272,0.37258031249061063,0.5694444444444444
rank,4,cnn_2d_rendered_images + cnn_1d_cumulative_scale + cnn_2d_residual_images + cnnlstm_image_scale,0.02710205820132939,0.3113851758838835,0.5368720167343275,0.5694444444444444
rank,4,cnn_2d_rendered_images + cnn_1d_cumulative_scale + cnn_2d_residual_images + cnnlstm_cumulative_scale,-0.0011717277409558735,0.29030478282012745,0.45569412913834806,0.5486111111111112
rank,4,cnn_2d_rendered_images + cnn_1d_cumulative_scale + cnn_2d_residual_small + lstm_image_scale,0.04655270453076906,0.3827627842881044,0.7541060207167358,0.5763888888888888
rank,4,cnn_2d_rendered_images + cnn_1d_cumulative_scale + cnn_2d_residual_small + lstm_cumulative_scale,0.025395492218829814,0.18186445187102282,0.19490067836128877,0.5416666666666666
rank,4,cnn_2d_rendered_images + cnn_1d_cumulative_scale + cnn_2d_residual_small + cnnlstm_image_scale,0.053618611645491386,0.46299274616056363,1.0536929869582519,0.5972222222222222
rank,4,cnn_2d_rendered_images + cnn_1d_cumulative_scale + cnn_2d_residual_small + cnnlstm_cumulative_scale,0.016480861399626366,0.23425008497232813,0.31280841019194305,0.5347222222222222
rank,4,cnn_2d_rendered_images + cnn_1d_cumulative_scale + lstm_image_scale + lstm_cumulative_scale,0.025447621402625843,0.3503768196137664,0.6641164773452901,0.5763888888888888
rank,4,cnn_2d_rendered_images + cnn_1d_cumulative_scale + lstm_image_scale + cnnlstm_image_scale,0.04344637537838387,0.32477104653477895,0.5838297374237991,0.5555555555555556
rank,4,cnn_2d_rendered_images + cnn_1d_cumulative_scale + lstm_image_scale + cnnlstm_cumulative_scale,0.021192760230899794,0.19979987166078775,0.23182818714410214,0.5347222222222222
rank,4,cnn_2d_rendered_images + cnn_1d_cumulative_scale + lstm_cumulative_scale + cnnlstm_image_scale,0.024671187259031335,0.30591537522502527,0.5215302423849544,0.5625
rank,4,cnn_2d_rendered_images + cnn_1d_cumulative_scale + lstm_cumulative_scale + cnnlstm_cumulative_scale,-0.0024612171963054813,0.39223782639961813,0.7762242978131577,0.5763888888888888
rank,4,cnn_2d_rendered_images + cnn_1d_cumulative_scale + cnnlstm_image_scale + cnnlstm_cumulative_scale,0.022885497404770413,0.449113049099188,0.8634588408747592,0.5833333333333334
rank,4,cnn_2d_rendered_images + cnn_1d_dilated_image_scale + cnn_1d_multiscale_image_scale + cnn_2d_residual_images,0.019133181921221737,0.1321523936294171,0.0748721896207527,0.5555555555555556
rank,4,cnn_2d_rendered_images + cnn_1d_dilated_image_scale + cnn_1d_multiscale_image_scale + cnn_2d_residual_small,0.032757920996477674,0.2638079494491949,0.38663205775490495,0.5694444444444444
rank,4,cnn_2d_rendered_images + cnn_1d_dilated_image_scale + cnn_1d_multiscale_image_scale + lstm_image_scale,0.02901762152369118,0.26275951584754137,0.38086043246526,0.5833333333333334
rank,4,cnn_2d_rendered_images + cnn_1d_dilated_image_scale + cnn_1d_multiscale_image_scale + lstm_cumulative_scale,0.016866705752805227,0.2308821788430143,0.30322272771202985,0.5833333333333334
rank,4,cnn_2d_rendered_images + cnn_1d_dilated_image_scale + cnn_1d_multiscale_image_scale + cnnlstm_image_scale,0.03335021848169694,0.1399452765419467,0.09068923616048763,0.5416666666666666
rank,4,cnn_2d_rendered_images + cnn_1d_dilated_image_scale + cnn_1d_multiscale_image_scale + cnnlstm_cumulative_scale,0.010873624382649678,0.20052186797695618,0.22899969239991136,0.5625
rank,4,cnn_2d_rendered_images + cnn_1d_dilated_image_scale + cnn_2d_residual_images + cnn_2d_residual_small,0.028536836350404955,0.16781515048075446,0.15139385845058206,0.5763888888888888
rank,4,cnn_2d_rendered_images + cnn_1d_dilated_image_scale + cnn_2d_residual_images + lstm_image_scale,0.015565963462023442,0.17767133505035337,0.17329755904320732,0.5625
rank,4,cnn_2d_rendered_images + cnn_1d_dilated_image_scale + cnn_2d_residual_images + lstm_cumulative_scale,0.004091708317525308,0.23481505790406226,0.3114647453996884,0.5694444444444444
rank,4,cnn_2d_rendered_images + cnn_1d_dilated_image_scale + cnn_2d_residual_images + cnnlstm_image_scale,0.023211797278946986,0.07401688171255888,-0.039275162324458046,0.5555555555555556
rank,4,cnn_2d_rendered_images + cnn_1d_dilated_image_scale + cnn_2d_residual_images + cnnlstm_cumulative_scale,0.007683278631724901,0.17607855416873394,0.17092219115919094,0.5416666666666666
rank,4,cnn_2d_rendered_images + cnn_1d_dilated_image_scale + cnn_2d_residual_small + lstm_image_scale,0.04162998602879008,0.23186934225716735,0.3013535561254941,0.6041666666666666
rank,4,cnn_2d_rendered_images + cnn_1d_dilated_image_scale + cnn_2d_residual_small + lstm_cumulative_scale,0.024424621934843776,0.3539867074254033,0.6105989527045343,0.5694444444444444
rank,4,cnn_2d_rendered_images + cnn_1d_dilated_image_scale + cnn_2d_residual_small + cnnlstm_image_scale,0.04583248537466985,0.20702543653827934,0.24070698084102782,0.5972222222222222
rank,4,cnn_2d_rendered_images + cnn_1d_dilated_image_scale + cnn_2d_residual_small + cnnlstm_cumulative_scale,0.021720992657775266,0.19513909388870948,0.2167613328564868,0.5416666666666666
rank,4,cnn_2d_rendered_images + cnn_1d_dilated_image_scale + lstm_image_scale + lstm_cumulative_scale,0.02549136857968123,0.18448048382121515,0.1891188294004824,0.5416666666666666
rank,4,cnn_2d_rendered_images + cnn_1d_dilated_image_scale + lstm_image_scale + cnnlstm_image_scale,0.0387724866717307,0.12053583334215716,0.04895440531477235,0.5694444444444444
rank,4,cnn_2d_rendered_images + cnn_1d_dilated_image_scale + lstm_image_scale + cnnlstm_cumulative_scale,0.01891825591657181,0.18219180435937754,0.18672401820569995,0.5347222222222222
rank,4,cnn_2d_rendered_images + cnn_1d_dilated_image_scale + lstm_cumulative_scale + cnnlstm_image_scale,0.020661842463681253,0.17938493308695233,0.17810877246464663,0.5833333333333334
rank,4,cnn_2d_rendered_images + cnn_1d_dilated_image_scale + lstm_cumulative_scale + cnnlstm_cumulative_scale,0.0007786442839260333,0.22446524241219817,0.3006137032878935,0.5555555555555556
rank,4,cnn_2d_rendered_images + cnn_1d_dilated_image_scale + cnnlstm_image_scale + cnnlstm_cumulative_scale,0.015455410657799562,0.2708351374217886,0.4118245247936676,0.5625
rank,4,cnn_2d_rendered_images + cnn_1d_multiscale_image_scale + cnn_2d_residual_images + cnn_2d_residual_small,0.025682410436873148,0.2524903654066064,0.35970201840554217,0.5833333333333334
rank,4,cnn_2d_rendered_images + cnn_1d_multiscale_image_scale + cnn_2d_residual_images + lstm_image_scale,0.010977630186658689,0.2861358734659396,0.44636385992861816,0.5833333333333334
rank,4,cnn_2d_rendered_images + cnn_1d_multiscale_image_scale + cnn_2d_residual_images + lstm_cumulative_scale,-0.001449022294569444,0.22161557278983648,0.2807353141031612,0.5763888888888888
rank,4,cnn_2d_rendered_images + cnn_1d_multiscale_image_scale + cnn_2d_residual_images + cnnlstm_image_scale,0.01721194761668814,0.25115850828030806,0.3580462069036916,0.5833333333333334
rank,4,cnn_2d_rendered_images + cnn_1d_multiscale_image_scale + cnn_2d_residual_images + cnnlstm_cumulative_scale,0.0005280031420295477,0.3263826877671471,0.5474013402495133,0.5486111111111112
rank,4,cnn_2d_rendered_images + cnn_1d_multiscale_image_scale + cnn_2d_residual_small + lstm_image_scale,0.032213802676734564,0.2061957017494034,0.23587378000227388,0.5833333333333334
rank,4,cnn_2d_rendered_images + cnn_1d_multiscale_image_scale + cnn_2d_residual_small + lstm_cumulative_scale,0.014656178338554326,0.40847282264680884,0.8197064645536445,0.5833333333333334
rank,4,cnn_2d_rendered_images + cnn_1d_multiscale_image_scale + cnn_2d_residual_small + cnnlstm_image_scale,0.03868566957805934,0.254822186320655,0.3675696930445571,0.6041666666666666
rank,4,cnn_2d_rendered_images + cnn_1d_multiscale_image_scale + cnn_2d_residual_small + cnnlstm_cumulative_scale,0.019355479577196643,0.23231026805236496,0.30601050065244606,0.5763888888888888
rank,4,cnn_2d_rendered_images + cnn_1d_multiscale_image_scale + lstm_image_scale + lstm_cumulative_scale,0.012820482141674678,0.27086915104501696,0.41012995887878523,0.5555555555555556
rank,4,cnn_2d_rendered_images + cnn_1d_multiscale_image_scale + lstm_image_scale + cnnlstm_image_scale,0.03236935984373052,0.1822992589159375,0.1843709692373514,0.5625
rank,4,cnn_2d_rendered_images + cnn_1d_multiscale_image_scale + lstm_image_scale + cnnlstm_cumulative_scale,0.007870527099012065,0.16214919817976584,0.1398964668107192,0.5347222222222222
rank,4,cnn_2d_rendered_images + cnn_1d_multiscale_image_scale + lstm_cumulative_scale + cnnlstm_image_scale,0.015951060780800445,0.2928544223476624,0.4819926986138323,0.5833333333333334
rank,4,cnn_2d_rendered_images + cnn_1d_multiscale_image_scale + lstm_cumulative_scale + cnnlstm_cumulative_scale,-0.013722332966110957,0.2588007624869887,0.3809596164630831,0.5486111111111112
rank,4,cnn_2d_rendered_images + cnn_1d_multiscale_image_scale + cnnlstm_image_scale + cnnlstm_cumulative_scale,0.011856673038538733,0.08458930778142205,-0.021924881667751528,0.5208333333333334
rank,4,cnn_2d_rendered_images + cnn_2d_residual_images + cnn_2d_residual_small + lstm_image_scale,0.03154698334082507,0.3606826530021846,0.6661842588192457,0.6041666666666666
rank,4,cnn_2d_rendered_images + cnn_2d_residual_images + cnn_2d_residual_small + lstm_cumulative_scale,0.016907477883103348,0.372550568452857,0.6726738098342839,0.5763888888888888
rank,4,cnn_2d_rendered_images + cnn_2d_residual_images + cnn_2d_residual_small + cnnlstm_image_scale,0.03178999394074354,0.28616490843538767,0.45099632243242405,0.6111111111111112
rank,4,cnn_2d_rendered_images + cnn_2d_residual_images + cnn_2d_residual_small + cnnlstm_cumulative_scale,0.017908841331171932,0.3413407869193356,0.5673461974356586,0.5694444444444444
rank,4,cnn_2d_rendered_images + cnn_2d_residual_images + lstm_image_scale + lstm_cumulative_scale,0.010612173837054609,0.3692453602568501,0.6799927946330939,0.5694444444444444
rank,4,cnn_2d_rendered_images + cnn_2d_residual_images + lstm_image_scale + cnnlstm_image_scale,0.025892737081005722,0.18493562377111974,0.19126625131592556,0.5763888888888888
rank,4,cnn_2d_rendered_images + cnn_2d_residual_images + lstm_image_scale + cnnlstm_cumulative_scale,0.010369486081067879,0.29073276643969254,0.45442542712797906,0.5555555555555556
rank,4,cnn_2d_rendered_images + cnn_2d_residual_images + lstm_cumulative_scale + cnnlstm_image_scale,0.008037718418101004,0.25625758570898394,0.37035794705818526,0.5763888888888888
rank,4,cnn_2d_rendered_images + cnn_2d_residual_images + lstm_cumulative_scale + cnnlstm_cumulative_scale,-0.014541409683956053,0.3943407918448345,0.7755230309983501,0.5625
rank,4,cnn_2d_rendered_images + cnn_2d_residual_images + cnnlstm_image_scale + cnnlstm_cumulative_scale,0.0037407617058904017,0.2395323201643762,0.3281513094055897,0.5486111111111112
rank,4,cnn_2d_rendered_images + cnn_2d_residual_small + lstm_image_scale + lstm_cumulative_scale,0.029489090167313586,0.3939961242153789,0.7365877365075244,0.5486111111111112
rank,4,cnn_2d_rendered_images + cnn_2d_residual_small + lstm_image_scale + cnnlstm_image_scale,0.04632689246969447,0.2676988429130578,0.4007837147227131,0.6180555555555556
rank,4,cnn_2d_rendered_images + cnn_2d_residual_small + lstm_image_scale + cnnlstm_cumulative_scale,0.025953662926394235,0.2275939835842926,0.29359787258615455,0.5763888888888888
rank,4,cnn_2d_rendered_images + cnn_2d_residual_small + lstm_cumulative_scale + cnnlstm_image_scale,0.03220452026660674,0.5221333332300053,1.2076706617222062,0.5972222222222222
rank,4,cnn_2d_rendered_images + cnn_2d_residual_small + lstm_cumulative_scale + cnnlstm_cumulative_scale,0.00482708405014977,0.3548881992011976,0.6464311226414226,0.5625
rank,4,cnn_2d_rendered_images + cnn_2d_residual_small + cnnlstm_image_scale + cnnlstm_cumulative_scale,0.025526280144843136,0.2082446982015776,0.24766395388984885,0.5902777777777778
rank,4,cnn_2d_rendered_images + lstm_image_scale + lstm_cumulative_scale + cnnlstm_image_scale,0.028680148690403317,0.34307365440212767,0.6348764516754506,0.5902777777777778
rank,4,cnn_2d_rendered_images + lstm_image_scale + lstm_cumulative_scale + cnnlstm_cumulative_scale,0.0025377527738669153,0.3836059581223304,0.7384960131172786,0.5833333333333334
rank,4,cnn_2d_rendered_images + lstm_image_scale + cnnlstm_image_scale + cnnlstm_cumulative_scale,0.023077995542114413,0.2441085540395841,0.34066236382291937,0.5763888888888888
rank,4,cnn_2d_rendered_images + lstm_cumulative_scale + cnnlstm_image_scale + cnnlstm_cumulative_scale,-0.0024797076070818542,0.33684789720460584,0.6051933422263396,0.5763888888888888
rank,4,cnn_1d_attention_image_scale + cnn_1d_cumulative_scale + cnn_1d_dilated_image_scale + cnn_1d_multiscale_image_scale,0.029867524106444554,0.25010123392781775,0.3483798165491332,0.5694444444444444
rank,4,cnn_1d_attention_image_scale + cnn_1d_cumulative_scale + cnn_1d_dilated_image_scale + cnn_2d_residual_images,0.029356689704054785,0.21752522079080466,0.2685690650181345,0.5416666666666666
rank,4,cnn_1d_attention_image_scale + cnn_1d_cumulative_scale + cnn_1d_dilated_image_scale + cnn_2d_residual_small,0.043529987804933785,0.23639361704846404,0.32202722471566303,0.5277777777777778
rank,4,cnn_1d_attention_image_scale + cnn_1d_cumulative_scale + cnn_1d_dilated_image_scale + lstm_image_scale,0.048955895051834286,0.2715161380271411,0.41885481070877395,0.5833333333333334
rank,4,cnn_1d_attention_image_scale + cnn_1d_cumulative_scale + cnn_1d_dilated_image_scale + lstm_cumulative_scale,0.022299063585743923,0.3509502739898342,0.6262448826070548,0.6041666666666666
rank,4,cnn_1d_attention_image_scale + cnn_1d_cumulative_scale + cnn_1d_dilated_image_scale + cnnlstm_image_scale,0.04288733682663971,0.2630789480533762,0.39153774288726084,0.5694444444444444
rank,4,cnn_1d_attention_image_scale + cnn_1d_cumulative_scale + cnn_1d_dilated_image_scale + cnnlstm_cumulative_scale,0.026486701401998162,0.2784874975985338,0.4363047673119185,0.5902777777777778
rank,4,cnn_1d_attention_image_scale + cnn_1d_cumulative_scale + cnn_1d_multiscale_image_scale + cnn_2d_residual_images,0.018023333202309342,0.3537237986465058,0.6554478980586744,0.5833333333333334
rank,4,cnn_1d_attention_image_scale + cnn_1d_cumulative_scale + cnn_1d_multiscale_image_scale + cnn_2d_residual_small,0.03982605921458607,0.30780826564671965,0.5178363602653446,0.5763888888888888
rank,4,cnn_1d_attention_image_scale + cnn_1d_cumulative_scale + cnn_1d_multiscale_image_scale + lstm_image_scale,0.04236726465380411,0.3599604197651786,0.6980774140406751,0.5972222222222222
rank,4,cnn_1d_attention_image_scale + cnn_1d_cumulative_scale + cnn_1d_multiscale_image_scale + lstm_cumulative_scale,0.020559000897689795,0.3707345809348298,0.7657546152095829,0.6041666666666666
rank,4,cnn_1d_attention_image_scale + cnn_1d_cumulative_scale + cnn_1d_multiscale_image_scale + cnnlstm_image_scale,0.04399110690703045,0.42820285253170154,0.8043730974184689,0.5763888888888888
rank,4,cnn_1d_attention_image_scale + cnn_1d_cumulative_scale + cnn_1d_multiscale_image_scale + cnnlstm_cumulative_scale,0.021037250538865203,0.17869974001058872,0.17671885388160824,0.5694444444444444
rank,4,cnn_1d_attention_image_scale + cnn_1d_cumulative_scale + cnn_2d_residual_images + cnn_2d_residual_small,0.03692341033163183,0.40109286030142394,0.7629923656894666,0.5416666666666666
rank,4,cnn_1d_attention_image_scale + cnn_1d_cumulative_scale + cnn_2d_residual_images + lstm_image_scale,0.03249108469525398,0.32294554402801334,0.5539110509634644,0.5694444444444444
rank,4,cnn_1d_attention_image_scale + cnn_1d_cumulative_scale + cnn_2d_residual_images + lstm_cumulative_scale,0.014252559183892477,0.308500446750438,0.5119108216203425,0.5833333333333334
rank,4,cnn_1d_attention_image_scale + cnn_1d_cumulative_scale + cnn_2d_residual_images + cnnlstm_image_scale,0.03385056703240026,0.39743931410466243,0.821982683022803,0.5902777777777778
rank,4,cnn_1d_attention_image_scale + cnn_1d_cumulative_scale + cnn_2d_residual_images + cnnlstm_cumulative_scale,0.01631146129290253,0.35425969515400946,0.6446972889585989,0.5555555555555556
rank,4,cnn_1d_attention_image_scale + cnn_1d_cumulative_scale + cnn_2d_residual_small + lstm_image_scale,0.057895833593129296,0.2800454656066286,0.4300703122993539,0.5694444444444444
rank,4,cnn_1d_attention_image_scale + cnn_1d_cumulative_scale + cnn_2d_residual_small + lstm_cumulative_scale,0.03054807186385776,0.32043946297078735,0.5684588643996622,0.5763888888888888
rank,4,cnn_1d_attention_image_scale + cnn_1d_cumulative_scale + cnn_2d_residual_small + cnnlstm_image_scale,0.05889667023444649,0.33953118180893094,0.6203899738661256,0.5763888888888888
rank,4,cnn_1d_attention_image_scale + cnn_1d_cumulative_scale + cnn_2d_residual_small + cnnlstm_cumulative_scale,0.027773525108076808,0.2995402419670054,0.48391598240011025,0.5694444444444444
rank,4,cnn_1d_attention_image_scale + cnn_1d_cumulative_scale + lstm_image_scale + lstm_cumulative_scale,0.03773753787187329,0.45974616462789186,1.08526616972943,0.6041666666666666
rank,4,cnn_1d_attention_image_scale + cnn_1d_cumulative_scale + lstm_image_scale + cnnlstm_image_scale,0.057832518901063446,0.4526904154017974,0.9677052399283426,0.5694444444444444
rank,4,cnn_1d_attention_image_scale + cnn_1d_cumulative_scale + lstm_image_scale + cnnlstm_cumulative_scale,0.040636646078067745,0.44244932081157823,1.0074164310858853,0.625
rank,4,cnn_1d_attention_image_scale + cnn_1d_cumulative_scale + lstm_cumulative_scale + cnnlstm_image_scale,0.03087278337689956,0.3844114319077673,0.7732889763584629,0.5833333333333334
rank,4,cnn_1d_attention_image_scale + cnn_1d_cumulative_scale + lstm_cumulative_scale + cnnlstm_cumulative_scale,0.011388329999561995,0.2554425591035988,0.36578692401459745,0.5763888888888888
rank,4,cnn_1d_attention_image_scale + cnn_1d_cumulative_scale + cnnlstm_image_scale + cnnlstm_cumulative_scale,0.03794385259256404,0.34918159429884144,0.6033993847903467,0.5833333333333334
rank,4,cnn_1d_attention_image_scale + cnn_1d_dilated_image_scale + cnn_1d_multiscale_image_scale + cnn_2d_residual_images,0.023831464459669358,0.2713322733464246,0.40579037553107566,0.5694444444444444
rank,4,cnn_1d_attention_image_scale + cnn_1d_dilated_image_scale + cnn_1d_multiscale_image_scale + cnn_2d_residual_small,0.03621320139393166,0.3038594841209095,0.5037866494599987,0.5625
rank,4,cnn_1d_attention_image_scale + cnn_1d_dilated_image_scale + cnn_1d_multiscale_image_scale + lstm_image_scale,0.04112217833528539,0.18502869870488128,0.19278718361132996,0.5555555555555556
rank,4,cnn_1d_attention_image_scale + cnn_1d_dilated_image_scale + cnn_1d_multiscale_image_scale + lstm_cumulative_scale,0.02235660085859456,0.3345022614695187,0.6061765856405663,0.6111111111111112
rank,4,cnn_1d_attention_image_scale + cnn_1d_dilated_image_scale + cnn_1d_multiscale_image_scale + cnnlstm_image_scale,0.033600637707490645,0.18923984061884516,0.20107931794107836,0.5486111111111112
rank,4,cnn_1d_attention_image_scale + cnn_1d_dilated_image_scale + cnn_1d_multiscale_image_scale + cnnlstm_cumulative_scale,0.017154078188212435,0.24199243342691346,0.33507476410322856,0.5833333333333334
rank,4,cnn_1d_attention_image_scale + cnn_1d_dilated_image_scale + cnn_2d_residual_images + cnn_2d_residual_small,0.04016929202805786,0.26582046806797593,0.3848964731561233,0.5625
rank,4,cnn_1d_attention_image_scale + cnn_1d_dilated_image_scale + cnn_2d_residual_images + lstm_image_scale,0.030858200217797057,0.20581933845997225,0.23808743063819127,0.5486111111111112
rank,4,cnn_1d_attention_image_scale + cnn_1d_dilated_image_scale + cnn_2d_residual_images + lstm_cumulative_scale,0.020022659246214932,0.26659455978676394,0.3986971441336924,0.5694444444444444
rank,4,cnn_1d_attention_image_scale + cnn_1d_dilated_image_scale + cnn_2d_residual_images + cnnlstm_image_scale,0.02955368266548807,0.1774086519013831,0.1743495128933643,0.5416666666666666
rank,4,cnn_1d_attention_image_scale + cnn_1d_dilated_image_scale + cnn_2d_residual_images + cnnlstm_cumulative_scale,0.01627124864453908,0.2167640673143959,0.26958043360562023,0.5486111111111112
rank,4,cnn_1d_attention_image_scale + cnn_1d_dilated_image_scale + cnn_2d_residual_small + lstm_image_scale,0.05224996947617368,0.2846315411387806,0.4371513251286405,0.5486111111111112
rank,4,cnn_1d_attention_image_scale + cnn_1d_dilated_image_scale + cnn_2d_residual_small + lstm_cumulative_scale,0.03301083170633027,0.3193998407202687,0.5388287193930252,0.5486111111111112
rank,4,cnn_1d_attention_image_scale + cnn_1d_dilated_image_scale + cnn_2d_residual_small + cnnlstm_image_scale,0.051437097245705485,0.22928795892869427,0.3029688727868851,0.5486111111111112
rank,4,cnn_1d_attention_image_scale + cnn_1d_dilated_image_scale + cnn_2d_residual_small + cnnlstm_cumulative_scale,0.03369283000337884,0.17179668050308888,0.16316920139074442,0.5277777777777778
rank,4,cnn_1d_attention_image_scale + cnn_1d_dilated_image_scale + lstm_image_scale + lstm_cumulative_scale,0.038984534437594295,0.23833660411138496,0.3249892991064578,0.5902777777777778
rank,4,cnn_1d_attention_image_scale + cnn_1d_dilated_image_scale + lstm_image_scale + cnnlstm_image_scale,0.051523684935813344,0.19924733551573262,0.22591734523355433,0.5763888888888888
rank,4,cnn_1d_attention_image_scale + cnn_1d_dilated_image_scale + lstm_image_scale + cnnlstm_cumulative_scale,0.035770715052590024,0.20210319215623776,0.23370497165231918,0.5625
rank,4,cnn_1d_attention_image_scale + cnn_1d_dilated_image_scale + lstm_cumulative_scale + cnnlstm_image_scale,0.028106458425832117,0.13908661312189632,0.08830612381620462,0.5625
rank,4,cnn_1d_attention_image_scale + cnn_1d_dilated_image_scale + lstm_cumulative_scale + cnnlstm_cumulative_scale,0.01246162512962076,0.31939347691485287,0.5450245602421908,0.5763888888888888
rank,4,cnn_1d_attention_image_scale + cnn_1d_dilated_image_scale + cnnlstm_image_scale + cnnlstm_cumulative_scale,0.026569157529264635,0.178253359263711,0.17689176318193023,0.5555555555555556
rank,4,cnn_1d_attention_image_scale + cnn_1d_multiscale_image_scale + cnn_2d_residual_images + cnn_2d_residual_small,0.03356400336696851,0.31720227228861786,0.5132746937611021,0.5763888888888888
rank,4,cnn_1d_attention_image_scale + cnn_1d_multiscale_image_scale + cnn_2d_residual_images + lstm_image_scale,0.026194553450009365,0.23466406800455797,0.3066305457074683,0.5694444444444444
rank,4,cnn_1d_attention_image_scale + cnn_1d_multiscale_image_scale + cnn_2d_residual_images + lstm_cumulative_scale,0.014914548183002226,0.34355843324204727,0.6084604899244788,0.5902777777777778
rank,4,cnn_1d_attention_image_scale + cnn_1d_multiscale_image_scale + cnn_2d_residual_images + cnnlstm_image_scale,0.027734239561416924,0.20670866787046105,0.24366802567155998,0.5763888888888888
rank,4,cnn_1d_attention_image_scale + cnn_1d_multiscale_image_scale + cnn_2d_residual_images + cnnlstm_cumulative_scale,0.015305480248003558,0.3053109875083691,0.5102297125341957,0.5694444444444444
rank,4,cnn_1d_attention_image_scale + cnn_1d_multiscale_image_scale + cnn_2d_residual_small + lstm_image_scale,0.0457011088389554,0.18254911326730275,0.18083940784756813,0.5625
rank,4,cnn_1d_attention_image_scale + cnn_1d_multiscale_image_scale + cnn_2d_residual_small + lstm_cumulative_scale,0.029711853881424707,0.45168018460217246,0.9827112628992338,0.5902777777777778
rank,4,cnn_1d_attention_image_scale + cnn_1d_multiscale_image_scale + cnn_2d_residual_small + cnnlstm_image_scale,0.04417796045965772,0.18270316276770504,0.18606094264752038,0.5625
rank,4,cnn_1d_attention_image_scale + cnn_1d_multiscale_image_scale + cnn_2d_residual_small + cnnlstm_cumulative_scale,0.027039752374900923,0.2649576901736597,0.3947223025536153,0.5694444444444444
rank,4,cnn_1d_attention_image_scale + cnn_1d_multiscale_image_scale + lstm_image_scale + lstm_cumulative_scale,0.030304727088233445,0.3241887551692099,0.5630144701813646,0.5763888888888888
rank,4,cnn_1d_attention_image_scale + cnn_1d_multiscale_image_scale + lstm_image_scale + cnnlstm_image_scale,0.04692250497706508,0.22504222876043287,0.2913748770576523,0.5833333333333334
rank,4,cnn_1d_attention_image_scale + cnn_1d_multiscale_image_scale + lstm_image_scale + cnnlstm_cumulative_scale,0.029974784938451144,0.2894070272145657,0.4626909754219186,0.5694444444444444
rank,4,cnn_1d_attention_image_scale + cnn_1d_multiscale_image_scale + lstm_cumulative_scale + cnnlstm_image_scale,0.023088097305136796,0.2112352819877492,0.257472249325426,0.5555555555555556
rank,4,cnn_1d_attention_image_scale + cnn_1d_multiscale_image_scale + lstm_cumulative_scale + cnnlstm_cumulative_scale,0.005749984317557942,0.3783795594563091,0.7341107988403863,0.5833333333333334
rank,4,cnn_1d_attention_image_scale + cnn_1d_multiscale_image_scale + cnnlstm_image_scale + cnnlstm_cumulative_scale,0.023949866876032004,0.22983710373944324,0.3052779648749151,0.5763888888888888
rank,4,cnn_1d_attention_image_scale + cnn_2d_residual_images + cnn_2d_residual_small + lstm_image_scale,0.03713854360546731,0.33583312714698144,0.5690217472643504,0.5694444444444444
rank,4,cnn_1d_attention_image_scale + cnn_2d_residual_images + cnn_2d_residual_small + lstm_cumulative_scale,0.027955078786005918,0.2534100393849733,0.3550356841975646,0.5486111111111112
rank,4,cnn_1d_attention_image_scale + cnn_2d_residual_images + cnn_2d_residual_small + cnnlstm_image_scale,0.04023941843608584,0.18045974391095201,0.18108432480910852,0.5486111111111112
rank,4,cnn_1d_attention_image_scale + cnn_2d_residual_images + cnn_2d_residual_small + cnnlstm_cumulative_scale,0.0296482171415912,0.274085048328827,0.40987571201263306,0.5486111111111112
rank,4,cnn_1d_attention_image_scale + cnn_2d_residual_images + lstm_image_scale + lstm_cumulative_scale,0.016855107076051153,0.3693384569726542,0.6632121881418602,0.5763888888888888
rank,4,cnn_1d_attention_image_scale + cnn_2d_residual_images + lstm_image_scale + cnnlstm_image_scale,0.034519552139073754,0.2718588711173755,0.40320689985475444,0.5694444444444444
rank,4,cnn_1d_attention_image_scale + cnn_2d_residual_images + lstm_image_scale + cnnlstm_cumulative_scale,0.0180645202581263,0.27161829124767595,0.4039160679580207,0.5833333333333334
rank,4,cnn_1d_attention_image_scale + cnn_2d_residual_images + lstm_cumulative_scale + cnnlstm_image_scale,0.02099835055127485,0.3777912614841303,0.7560827745382217,0.5902777777777778
rank,4,cnn_1d_attention_image_scale + cnn_2d_residual_images + lstm_cumulative_scale + cnnlstm_cumulative_scale,0.0003180352134565689,0.3804806067423892,0.7316733310760102,0.5763888888888888
rank,4,cnn_1d_attention_image_scale + cnn_2d_residual_images + cnnlstm_image_scale + cnnlstm_cumulative_scale,0.021597581385069155,0.23249303649933392,0.31303672973114827,0.5902777777777778
rank,4,cnn_1d_attention_image_scale + cnn_2d_residual_small + lstm_image_scale + lstm_cumulative_scale,0.036665402097204994,0.3496920249341624,0.6160531340378126,0.5833333333333334
rank,4,cnn_1d_attention_image_scale + cnn_2d_residual_small + lstm_image_scale + cnnlstm_image_scale,0.05737482760527547,0.30592394554366736,0.5043601839129479,0.5972222222222222
rank,4,cnn_1d_attention_image_scale + cnn_2d_residual_small + lstm_image_scale + cnnlstm_cumulative_scale,0.04125551545150947,0.30821222889857813,0.4971969799890803,0.5902777777777778
rank,4,cnn_1d_attention_image_scale + cnn_2d_residual_small + lstm_cumulative_scale + cnnlstm_image_scale,0.03724610123550747,0.37603568202003895,0.6964248243824807,0.5833333333333334
rank,4,cnn_1d_attention_image_scale + cnn_2d_residual_small + lstm_cumulative_scale + cnnlstm_cumulative_scale,0.021123697720869004,0.3694398202507872,0.6881819227743506,0.5902777777777778
rank,4,cnn_1d_attention_image_scale + cnn_2d_residual_small + cnnlstm_image_scale + cnnlstm_cumulative_scale,0.03888962135320446,0.22965364546447928,0.3066545194995878,0.5972222222222222
rank,4,cnn_1d_attention_image_scale + lstm_image_scale + lstm_cumulative_scale + cnnlstm_image_scale,0.04082481836847245,0.4206087140820273,0.9093685593640406,0.6111111111111112
rank,4,cnn_1d_attention_image_scale + lstm_image_scale + lstm_cumulative_scale + cnnlstm_cumulative_scale,0.015241223191692788,0.3477855656357127,0.625986195239087,0.6180555555555556
rank,4,cnn_1d_attention_image_scale + lstm_image_scale + cnnlstm_image_scale + cnnlstm_cumulative_scale,0.03945447525569598,0.2911607223127257,0.4719369243181639,0.5972222222222222
rank,4,cnn_1d_attention_image_scale + lstm_cumulative_scale + cnnlstm_image_scale + cnnlstm_cumulative_scale,0.011801752562205834,0.3021289858747486,0.5033223300596037,0.5972222222222222
rank,4,cnn_1d_cumulative_scale + cnn_1d_dilated_image_scale + cnn_1d_multiscale_image_scale + cnn_2d_residual_images,0.025770545546037797,0.13691615975950525,0.08324623441199663,0.5416666666666666
rank,4,cnn_1d_cumulative_scale + cnn_1d_dilated_image_scale + cnn_1d_multiscale_image_scale + cnn_2d_residual_small,0.04386385799119636,0.2406468312966002,0.3296018849719178,0.5416666666666666
rank,4,cnn_1d_cumulative_scale + cnn_1d_dilated_image_scale + cnn_1d_multiscale_image_scale + lstm_image_scale,0.045155309565525124,0.18122408450513103,0.1779187614674631,0.5416666666666666
rank,4,cnn_1d_cumulative_scale + cnn_1d_dilated_image_scale + cnn_1d_multiscale_image_scale + lstm_cumulative_scale,0.0233688745806674,0.1712367473115066,0.16398756045100682,0.5972222222222222
rank,4,cnn_1d_cumulative_scale + cnn_1d_dilated_image_scale + cnn_1d_multiscale_image_scale + cnnlstm_image_scale,0.04039746337862673,0.17962348411361043,0.1800909268484019,0.5416666666666666
rank,4,cnn_1d_cumulative_scale + cnn_1d_dilated_image_scale + cnn_1d_multiscale_image_scale + cnnlstm_cumulative_scale,0.02237303799764344,0.2705393583954191,0.40989941296568877,0.5763888888888888
rank,4,cnn_1d_cumulative_scale + cnn_1d_dilated_image_scale + cnn_2d_residual_images + cnn_2d_residual_small,0.043377266812413905,0.3263453603442848,0.5779618735410095,0.5416666666666666
rank,4,cnn_1d_cumulative_scale + cnn_1d_dilated_image_scale + cnn_2d_residual_images + lstm_image_scale,0.03460157085962158,0.19737354143082028,0.21684245100982746,0.5416666666666666
rank,4,cnn_1d_cumulative_scale + cnn_1d_dilated_image_scale + cnn_2d_residual_images + lstm_cumulative_scale,0.014491019047318053,0.24692107100634783,0.3522335061367621,0.5486111111111112
rank,4,cnn_1d_cumulative_scale + cnn_1d_dilated_image_scale + cnn_2d_residual_images + cnnlstm_image_scale,0.0384922993947176,0.21706209416950223,0.273082041306703,0.5555555555555556
rank,4,cnn_1d_cumulative_scale + cnn_1d_dilated_image_scale + cnn_2d_residual_images + cnnlstm_cumulative_scale,0.013445801665175887,0.1834242953951635,0.18910392634563222,0.5486111111111112
rank,4,cnn_1d_cumulative_scale + cnn_1d_dilated_image_scale + cnn_2d_residual_small + lstm_image_scale,0.05983618453355797,0.27584996752701624,0.42929912017275873,0.5277777777777778
rank,4,cnn_1d_cumulative_scale + cnn_1d_dilated_image_scale + cnn_2d_residual_small + lstm_cumulative_scale,0.03423581856830383,0.3022124759310298,0.5015279091874343,0.5625
rank,4,cnn_1d_cumulative_scale + cnn_1d_dilated_image_scale + cnn_2d_residual_small + cnnlstm_image_scale,0.05921080061450699,0.22190906158143164,0.28320111154308636,0.5625
rank,4,cnn_1d_cumulative_scale + cnn_1d_dilated_image_scale + cnn_2d_residual_small + cnnlstm_cumulative_scale,0.03129321583838585,0.24592902349533977,0.3506694825269885,0.5625
rank,4,cnn_1d_cumulative_scale + cnn_1d_dilated_image_scale + lstm_image_scale + lstm_cumulative_scale,0.03863359308958822,0.3199747173068302,0.5840147088805161,0.5763888888888888
rank,4,cnn_1d_cumulative_scale + cnn_1d_dilated_image_scale + lstm_image_scale + cnnlstm_image_scale,0.053242853502884685,0.23271295342951656,0.31524221077495773,0.5625
rank,4,cnn_1d_cumulative_scale + cnn_1d_dilated_image_scale + lstm_image_scale + cnnlstm_cumulative_scale,0.03553618311258823,0.3239503660346666,0.5978813354474024,0.5833333333333334
rank,4,cnn_1d_cumulative_scale + cnn_1d_dilated_image_scale + lstm_cumulative_scale + cnnlstm_image_scale,0.026803406815789934,0.3062884655714504,0.5294405519927425,0.5625
rank,4,cnn_1d_cumulative_scale + cnn_1d_dilated_image_scale + lstm_cumulative_scale + cnnlstm_cumulative_scale,0.012283616753977407,0.27917554500280345,0.43514765222357044,0.5902777777777778
rank,4,cnn_1d_cumulative_scale + cnn_1d_dilated_image_scale + cnnlstm_image_scale + cnnlstm_cumulative_scale,0.030209249565225152,0.4796291803002918,1.02818641162362,0.6111111111111112
rank,4,cnn_1d_cumulative_scale + cnn_1d_multiscale_image_scale + cnn_2d_residual_images + cnn_2d_residual_small,0.02664666586836514,0.24836572365961954,0.35044538013309445,0.5625
rank,4,cnn_1d_cumulative_scale + cnn_1d_multiscale_image_scale + cnn_2d_residual_images + lstm_image_scale,0.02380168798894303,0.24517622279610193,0.34359250400016395,0.5694444444444444
rank,4,cnn_1d_cumulative_scale + cnn_1d_multiscale_image_scale + cnn_2d_residual_images + lstm_cumulative_scale,0.0031431785263961076,0.29721915070095584,0.5091568847884187,0.5694444444444444
rank,4,cnn_1d_cumulative_scale + cnn_1d_multiscale_image_scale + cnn_2d_residual_images + cnnlstm_image_scale,0.03023759538817136,0.22318924889612873,0.29302127908181275,0.5833333333333334
rank,4,cnn_1d_cumulative_scale + cnn_1d_multiscale_image_scale + cnn_2d_residual_images + cnnlstm_cumulative_scale,0.0040298388202196665,0.2940110862793003,0.48213263409225426,0.5694444444444444
rank,4,cnn_1d_cumulative_scale + cnn_1d_multiscale_image_scale + cnn_2d_residual_small + lstm_image_scale,0.044875102898442425,0.26371623950452094,0.389482470810639,0.5347222222222222
rank,4,cnn_1d_cumulative_scale + cnn_1d_multiscale_image_scale + cnn_2d_residual_small + lstm_cumulative_scale,0.01951336501681052,0.29852870581328766,0.5095080124097058,0.5625
rank,4,cnn_1d_cumulative_scale + cnn_1d_multiscale_image_scale + cnn_2d_residual_small + cnnlstm_image_scale,0.05157935104366822,0.30231333117081466,0.516351505835293,0.5625
rank,4,cnn_1d_cumulative_scale + cnn_1d_multiscale_image_scale + cnn_2d_residual_small + cnnlstm_cumulative_scale,0.017299719083478875,0.20231564068447316,0.2382088220341736,0.5277777777777778
rank,4,cnn_1d_cumulative_scale + cnn_1d_multiscale_image_scale + lstm_image_scale + lstm_cumulative_scale,0.0256060491627853,0.27452371878246573,0.446001374533018,0.5625
rank,4,cnn_1d_cumulative_scale + cnn_1d_multiscale_image_scale + lstm_image_scale + cnnlstm_image_scale,0.048654172960761695,0.3517582288723871,0.6257990007405181,0.5277777777777778
rank,4,cnn_1d_cumulative_scale + cnn_1d_multiscale_image_scale + lstm_image_scale + cnnlstm_cumulative_scale,0.028631658428576463,0.2773800981375879,0.43899274932746035,0.5763888888888888
rank,4,cnn_1d_cumulative_scale + cnn_1d_multiscale_image_scale + lstm_cumulative_scale + cnnlstm_image_scale,0.024647519480604126,0.22366562322655956,0.29056614184081586,0.5694444444444444
rank,4,cnn_1d_cumulative_scale + cnn_1d_multiscale_image_scale + lstm_cumulative_scale + cnnlstm_cumulative_scale,-0.0003505455865958678,0.3050507207109327,0.5291244229521921,0.5833333333333334
rank,4,cnn_1d_cumulative_scale + cnn_1d_multiscale_image_scale + cnnlstm_image_scale + cnnlstm_cumulative_scale,0.027072489746364913,0.43893612886363714,0.8758127172484955,0.5833333333333334
rank,4,cnn_1d_cumulative_scale + cnn_2d_residual_images + cnn_2d_residual_small + lstm_image_scale,0.05122178774528232,0.39292749053416043,0.7589368469002453,0.5833333333333334
rank,4,cnn_1d_cumulative_scale + cnn_2d_residual_images + cnn_2d_residual_small + lstm_cumulative_scale,0.031109418902876693,0.3145903975005118,0.5409643729646623,0.5694444444444444
rank,4,cnn_1d_cumulative_scale + cnn_2d_residual_images + cnn_2d_residual_small + cnnlstm_image_scale,0.047564122099344255,0.20657976581396648,0.2461279440281603,0.5833333333333334
rank,4,cnn_1d_cumulative_scale + cnn_2d_residual_images + cnn_2d_residual_small + cnnlstm_cumulative_scale,0.0224723649459231,0.34763024351423744,0.6127150083847785,0.5486111111111112
rank,4,cnn_1d_cumulative_scale + cnn_2d_residual_images + lstm_image_scale + lstm_cumulative_scale,0.02321524550757727,0.35841720467293964,0.7070895097906074,0.5763888888888888
rank,4,cnn_1d_cumulative_scale + cnn_2d_residual_images + lstm_image_scale + cnnlstm_image_scale,0.042020031209212313,0.3879866112586981,0.8072743693999569,0.5763888888888888
rank,4,cnn_1d_cumulative_scale + cnn_2d_residual_images + lstm_image_scale + cnnlstm_cumulative_scale,0.022981146060317138,0.44216839237277594,0.9466902506074493,0.5833333333333334
rank,4,cnn_1d_cumulative_scale + cnn_2d_residual_images + lstm_cumulative_scale + cnnlstm_image_scale,0.02247909551097915,0.312739763743645,0.5469383679514022,0.5833333333333334
rank,4,cnn_1d_cumulative_scale + cnn_2d_residual_images + lstm_cumulative_scale + cnnlstm_cumulative_scale,0.0006004459245164363,0.33699498631874253,0.5711736437808188,0.5972222222222222
rank,4,cnn_1d_cumulative_scale + cnn_2d_residual_images + cnnlstm_image_scale + cnnlstm_cumulative_scale,0.023596155891666897,0.5621030710396501,1.2265685985269292,0.5972222222222222
rank,4,cnn_1d_cumulative_scale + cnn_2d_residual_small + lstm_image_scale + lstm_cumulative_scale,0.0446990599774867,0.4161091223356662,0.9013666082145746,0.5625
rank,4,cnn_1d_cumulative_scale + cnn_2d_residual_small + lstm_image_scale + cnnlstm_image_scale,0.06704823703775514,0.29014953891078266,0.4836997548492039,0.5902777777777778
rank,4,cnn_1d_cumulative_scale + cnn_2d_residual_small + lstm_image_scale + cnnlstm_cumulative_scale,0.037773183603026506,0.4301553335619905,0.9573746183397318,0.6041666666666666
rank,4,cnn_1d_cumulative_scale + cnn_2d_residual_small + lstm_cumulative_scale + cnnlstm_image_scale,0.043848789731283144,0.3004405042391978,0.48850943031677474,0.5694444444444444
rank,4,cnn_1d_cumulative_scale + cnn_2d_residual_small + lstm_cumulative_scale + cnnlstm_cumulative_scale,0.019156383668067545,0.3775988784066534,0.7487932010154699,0.5833333333333334
rank,4,cnn_1d_cumulative_scale + cnn_2d_residual_small + cnnlstm_image_scale + cnnlstm_cumulative_scale,0.03895293920241501,0.5355877504400685,1.1792347745028384,0.6111111111111112
rank,4,cnn_1d_cumulative_scale + lstm_image_scale + lstm_cumulative_scale + cnnlstm_image_scale,0.039245553309228076,0.2661742477035336,0.40674982512836544,0.5625
rank,4,cnn_1d_cumulative_scale + lstm_image_scale + lstm_cumulative_scale + cnnlstm_cumulative_scale,0.014297109646591654,0.3503253342616482,0.6433865706717241,0.5972222222222222
rank,4,cnn_1d_cumulative_scale + lstm_image_scale + cnnlstm_image_scale + cnnlstm_cumulative_scale,0.0380849790652215,0.48141925714868095,1.0652214328557528,0.5972222222222222
rank,4,cnn_1d_cumulative_scale + lstm_cumulative_scale + cnnlstm_image_scale + cnnlstm_cumulative_scale,0.013598849121267916,0.5407018742455745,1.23716465755429,0.5694444444444444
rank,4,cnn_1d_dilated_image_scale + cnn_1d_multiscale_image_scale + cnn_2d_residual_images + cnn_2d_residual_small,0.03123512216528089,0.37007158773849996,0.6799362675939185,0.5625
rank,4,cnn_1d_dilated_image_scale + cnn_1d_multiscale_image_scale + cnn_2d_residual_images + lstm_image_scale,0.025323741011247198,0.21201640286678608,0.2491410328502166,0.5416666666666666
rank,4,cnn_1d_dilated_image_scale + cnn_1d_multiscale_image_scale + cnn_2d_residual_images + lstm_cumulative_scale,0.016865957215940468,0.25656273532238616,0.3700903381509828,0.5694444444444444
rank,4,cnn_1d_dilated_image_scale + cnn_1d_multiscale_image_scale + cnn_2d_residual_images + cnnlstm_image_scale,0.030989878025933,0.1555056260421311,0.1242508775789164,0.5486111111111112
rank,4,cnn_1d_dilated_image_scale + cnn_1d_multiscale_image_scale + cnn_2d_residual_images + cnnlstm_cumulative_scale,0.011424730988812302,0.2700431838488858,0.40513543516793127,0.5625
rank,4,cnn_1d_dilated_image_scale + cnn_1d_multiscale_image_scale + cnn_2d_residual_small + lstm_image_scale,0.05119543350147882,0.1695482425345745,0.15064854010685624,0.5555555555555556
rank,4,cnn_1d_dilated_image_scale + cnn_1d_multiscale_image_scale + cnn_2d_residual_small + lstm_cumulative_scale,0.028080871765986788,0.4438589426087431,0.9438405390689275,0.5833333333333334
rank,4,cnn_1d_dilated_image_scale + cnn_1d_multiscale_image_scale + cnn_2d_residual_small + cnnlstm_image_scale,0.05454950545686503,0.2429426196818789,0.33884117060794394,0.5694444444444444
rank,4,cnn_1d_dilated_image_scale + cnn_1d_multiscale_image_scale + cnn_2d_residual_small + cnnlstm_cumulative_scale,0.02984046748457306,0.26199479811850823,0.3934283328150543,0.5555555555555556
rank,4,cnn_1d_dilated_image_scale + cnn_1d_multiscale_image_scale + lstm_image_scale + lstm_cumulative_scale,0.034090110317426696,0.3136988688797259,0.5350761854592849,0.5972222222222222
rank,4,cnn_1d_dilated_image_scale + cnn_1d_multiscale_image_scale + lstm_image_scale + cnnlstm_image_scale,0.04768017536082937,0.1740762627296492,0.1664267856421615,0.5625
rank,4,cnn_1d_dilated_image_scale + cnn_1d_multiscale_image_scale + lstm_image_scale + cnnlstm_cumulative_scale,0.031459955784682,0.2956811597518885,0.48271923392789473,0.5833333333333334
rank,4,cnn_1d_dilated_image_scale + cnn_1d_multiscale_image_scale + lstm_cumulative_scale + cnnlstm_image_scale,0.02668662571816973,0.1596903886826498,0.13371823808301664,0.5416666666666666
rank,4,cnn_1d_dilated_image_scale + cnn_1d_multiscale_image_scale + lstm_cumulative_scale + cnnlstm_cumulative_scale,0.007602578933793426,0.1785204789140019,0.19079044031053538,0.5625
rank,4,cnn_1d_dilated_image_scale + cnn_1d_multiscale_image_scale + cnnlstm_image_scale + cnnlstm_cumulative_scale,0.026291318784694984,0.21509136988879637,0.26755771165803743,0.5625
rank,4,cnn_1d_dilated_image_scale + cnn_2d_residual_images + cnn_2d_residual_small + lstm_image_scale,0.04121724776273684,0.3194365316218115,0.5428557984328424,0.5763888888888888
rank,4,cnn_1d_dilated_image_scale + cnn_2d_residual_images + cnn_2d_residual_small + lstm_cumulative_scale,0.028446660722933892,0.2481834485293229,0.3433221914449298,0.5486111111111112
rank,4,cnn_1d_dilated_image_scale + cnn_2d_residual_images + cnn_2d_residual_small + cnnlstm_image_scale,0.04300691674643612,0.2396419164432481,0.326964223557753,0.5763888888888888
rank,4,cnn_1d_dilated_image_scale + cnn_2d_residual_images + cnn_2d_residual_small + cnnlstm_cumulative_scale,0.027237009354927826,0.14935387134430775,0.11290493908860566,0.5555555555555556
rank,4,cnn_1d_dilated_image_scale + cnn_2d_residual_images + lstm_image_scale + lstm_cumulative_scale,0.01970699221199445,0.2804385303483577,0.42314107423136504,0.5694444444444444
rank,4,cnn_1d_dilated_image_scale + cnn_2d_residual_images + lstm_image_scale + cnnlstm_image_scale,0.038564818159418784,0.19227609685623995,0.20853578245206839,0.5694444444444444
rank,4,cnn_1d_dilated_image_scale + cnn_2d_residual_images + lstm_image_scale + cnnlstm_cumulative_scale,0.01910841166679368,0.1756514875428601,0.17044663685818517,0.5694444444444444
rank,4,cnn_1d_dilated_image_scale + cnn_2d_residual_images + lstm_cumulative_scale + cnnlstm_image_scale,0.018594892541383745,0.26354041048776927,0.39076794505749146,0.5555555555555556
rank,4,cnn_1d_dilated_image_scale + cnn_2d_residual_images + lstm_cumulative_scale + cnnlstm_cumulative_scale,-0.0003386519451113444,0.18305572479550233,0.2004658560162904,0.5555555555555556
rank,4,cnn_1d_dilated_image_scale + cnn_2d_residual_images + cnnlstm_image_scale + cnnlstm_cumulative_scale,0.020567893253286174,0.2270782905707994,0.2959400796208953,0.5763888888888888
rank,4,cnn_1d_dilated_image_scale + cnn_2d_residual_small + lstm_image_scale + lstm_cumulative_scale,0.03899013788346229,0.27897181032389273,0.41847596438459544,0.5694444444444444
rank,4,cnn_1d_dilated_image_scale + cnn_2d_residual_small + lstm_image_scale + cnnlstm_image_scale,0.056663248356500676,0.1609576214952337,0.13143409433044528,0.6041666666666666
rank,4,cnn_1d_dilated_image_scale + cnn_2d_residual_small + lstm_image_scale + cnnlstm_cumulative_scale,0.03719264461444095,0.23313111056307084,0.31314413597642443,0.5694444444444444
rank,4,cnn_1d_dilated_image_scale + cnn_2d_residual_small + lstm_cumulative_scale + cnnlstm_image_scale,0.037060612439653126,0.30164190690613035,0.47950370482980986,0.5486111111111112
rank,4,cnn_1d_dilated_image_scale + cnn_2d_residual_small + lstm_cumulative_scale + cnnlstm_cumulative_scale,0.017354111452848105,0.31803805642196464,0.5287359607747695,0.5625
rank,4,cnn_1d_dilated_image_scale + cnn_2d_residual_small + cnnlstm_image_scale + cnnlstm_cumulative_scale,0.03551590369316123,0.2364950801719286,0.3266583923532054,0.6041666666666666
rank,4,cnn_1d_dilated_image_scale + lstm_image_scale + lstm_cumulative_scale + cnnlstm_image_scale,0.04107883545814614,0.1997084886179193,0.2279405253693223,0.5833333333333334
rank,4,cnn_1d_dilated_image_scale + lstm_image_scale + lstm_cumulative_scale + cnnlstm_cumulative_scale,0.02346210407176525,0.29780264881067603,0.4923748230603222,0.5694444444444444
rank,4,cnn_1d_dilated_image_scale + lstm_image_scale + cnnlstm_image_scale + cnnlstm_cumulative_scale,0.034217343483636545,0.10635546841896441,0.018887323284439983,0.5625
rank,4,cnn_1d_dilated_image_scale + lstm_cumulative_scale + cnnlstm_image_scale + cnnlstm_cumulative_scale,0.014728950309831028,0.3042259984875686,0.5020097829420123,0.5833333333333334
rank,4,cnn_1d_multiscale_image_scale + cnn_2d_residual_images + cnn_2d_residual_small + lstm_image_scale,0.03487630188203852,0.2891529861551635,0.452688112193405,0.5555555555555556
rank,4,cnn_1d_multiscale_image_scale + cnn_2d_residual_images + cnn_2d_residual_small + lstm_cumulative_scale,0.01899498535817539,0.32929161306525156,0.5570111947564205,0.5763888888888888
rank,4,cnn_1d_multiscale_image_scale + cnn_2d_residual_images + cnn_2d_residual_small + cnnlstm_image_scale,0.03737740310213334,0.3191462111123856,0.5541165699578334,0.5833333333333334
rank,4,cnn_1d_multiscale_image_scale + cnn_2d_residual_images + cnn_2d_residual_small + cnnlstm_cumulative_scale,0.019585362129066683,0.23204693841483623,0.3074636473490573,0.5486111111111112
rank,4,cnn_1d_multiscale_image_scale + cnn_2d_residual_images + lstm_image_scale + lstm_cumulative_scale,0.011941411096538648,0.27635842738306765,0.40570002558582074,0.5486111111111112
rank,4,cnn_1d_multiscale_image_scale + cnn_2d_residual_images + lstm_image_scale + cnnlstm_image_scale,0.02943257497519133,0.22393634988833547,0.28736984660677156,0.5694444444444444
rank,4,cnn_1d_multiscale_image_scale + cnn_2d_residual_images + lstm_image_scale + cnnlstm_cumulative_scale,0.011442422297564337,0.1711582432443548,0.15888964455902022,0.5833333333333334
rank,4,cnn_1d_multiscale_image_scale + cnn_2d_residual_images + lstm_cumulative_scale + cnnlstm_image_scale,0.012949015479496026,0.26069988753145346,0.3836330567939443,0.5763888888888888
rank,4,cnn_1d_multiscale_image_scale + cnn_2d_residual_images + lstm_cumulative_scale + cnnlstm_cumulative_scale,-0.012662545393262952,0.440285547761674,0.9398153096695154,0.5625
rank,4,cnn_1d_multiscale_image_scale + cnn_2d_residual_images + cnnlstm_image_scale + cnnlstm_cumulative_scale,0.013116287356081753,0.2191688164065836,0.28007014171736055,0.5902777777777778
rank,4,cnn_1d_multiscale_image_scale + cnn_2d_residual_small + lstm_image_scale + lstm_cumulative_scale,0.03069618348480931,0.27867021972519973,0.4185132474557802,0.5555555555555556
rank,4,cnn_1d_multiscale_image_scale + cnn_2d_residual_small + lstm_image_scale + cnnlstm_image_scale,0.05786711482591566,0.27554774865343895,0.430836673324559,0.5972222222222222
rank,4,cnn_1d_multiscale_image_scale + cnn_2d_residual_small + lstm_image_scale + cnnlstm_cumulative_scale,0.02886659237395911,0.2621477455888955,0.3847338197633621,0.5763888888888888
rank,4,cnn_1d_multiscale_image_scale + cnn_2d_residual_small + lstm_cumulative_scale + cnnlstm_image_scale,0.03643731471382737,0.33984505445159807,0.6032978850918056,0.5694444444444444
rank,4,cnn_1d_multiscale_image_scale + cnn_2d_residual_small + lstm_cumulative_scale + cnnlstm_cumulative_scale,0.007074317468372956,0.392507539400644,0.7756791834257266,0.5902777777777778
rank,4,cnn_1d_multiscale_image_scale + cnn_2d_residual_small + cnnlstm_image_scale + cnnlstm_cumulative_scale,0.033748406257899065,0.22394416801837516,0.2946972617040158,0.5833333333333334
rank,4,cnn_1d_multiscale_image_scale + lstm_image_scale + lstm_cumulative_scale + cnnlstm_image_scale,0.03665488013349319,0.3429116401658988,0.6385392581572686,0.6180555555555556
rank,4,cnn_1d_multiscale_image_scale + lstm_image_scale + lstm_cumulative_scale + cnnlstm_cumulative_scale,0.007285580142257577,0.34792995688366724,0.6235002178639706,0.5972222222222222
rank,4,cnn_1d_multiscale_image_scale + lstm_image_scale + cnnlstm_image_scale + cnnlstm_cumulative_scale,0.02999278665008946,0.18056444448127368,0.18186852962203326,0.5625
rank,4,cnn_1d_multiscale_image_scale + lstm_cumulative_scale + cnnlstm_image_scale + cnnlstm_cumulative_scale,0.006407354851938463,0.2565590218063739,0.37961816455298725,0.5694444444444444
rank,4,cnn_2d_residual_images + cnn_2d_residual_small + lstm_image_scale + lstm_cumulative_scale,0.031178832133584026,0.43822257266801007,0.9309091131600269,0.5902777777777778
rank,4,cnn_2d_residual_images + cnn_2d_residual_small + lstm_image_scale + cnnlstm_image_scale,0.050131679222228616,0.24551050478725098,0.3481917041471059,0.5902777777777778
rank,4,cnn_2d_residual_images + cnn_2d_residual_small + lstm_image_scale + cnnlstm_cumulative_scale,0.028905295447029525,0.3395339802481217,0.5993079885418251,0.5902777777777778
rank,4,cnn_2d_residual_images + cnn_2d_residual_small + lstm_cumulative_scale + cnnlstm_image_scale,0.025990478117557,0.39679053316934,0.7753439813127683,0.5902777777777778
rank,4,cnn_2d_residual_images + cnn_2d_residual_small + lstm_cumulative_scale + cnnlstm_cumulative_scale,0.01048267161940277,0.4071076434759354,0.79833231139674,0.5763888888888888
rank,4,cnn_2d_residual_images + cnn_2d_residual_small + cnnlstm_image_scale + cnnlstm_cumulative_scale,0.031009811755277457,0.23869826027964075,0.3261678390187628,0.5972222222222222
rank,4,cnn_2d_residual_images + lstm_image_scale + lstm_cumulative_scale + cnnlstm_image_scale,0.025470918164645636,0.29338634029939337,0.4748735791954126,0.5763888888888888
rank,4,cnn_2d_residual_images + lstm_image_scale + lstm_cumulative_scale + cnnlstm_cumulative_scale,0.0040443304266400675,0.43357451832348126,0.8670075037382972,0.5694444444444444
rank,4,cnn_2d_residual_images + lstm_image_scale + cnnlstm_image_scale + cnnlstm_cumulative_scale,0.02724116875209766,0.22314455673744782,0.2888278226916796,0.5833333333333334
rank,4,cnn_2d_residual_images + lstm_cumulative_scale + cnnlstm_image_scale + cnnlstm_cumulative_scale,0.0005042603270548026,0.26887617536390945,0.41116459858232957,0.5625
rank,4,cnn_2d_residual_small + lstm_image_scale + lstm_cumulative_scale + cnnlstm_image_scale,0.04318867917042502,0.405621271604559,0.7873883511833728,0.5833333333333334
rank,4,cnn_2d_residual_small + lstm_image_scale + lstm_cumulative_scale + cnnlstm_cumulative_scale,0.020032613277100722,0.35785374083283067,0.6562223494784092,0.5763888888888888
rank,4,cnn_2d_residual_small + lstm_image_scale + cnnlstm_image_scale + cnnlstm_cumulative_scale,0.04140754755395689,0.3082125062672265,0.5262877597406084,0.5833333333333334
rank,4,cnn_2d_residual_small + lstm_cumulative_scale + cnnlstm_image_scale + cnnlstm_cumulative_scale,0.020484609945131134,0.3356209722988553,0.6005207096055292,0.5902777777777778
rank,4,lstm_image_scale + lstm_cumulative_scale + cnnlstm_image_scale + cnnlstm_cumulative_scale,0.021046874019572847,0.3281837542566276,0.5643656392724115,0.5902777777777778
