date,asset,target,future_return,fold,image_score,image_factor_pc1,image_factor_pc2,image_factor_pc3
2014-09-24,alternative,-0.00797166974061203,-0.00797166974061203,0,0.024394776672124863,0.9516163042204245,3.8039978717297327,0.6394462111945743
2014-09-24,corp_bond_ig,0.012117619517750366,0.012117619517750366,0,0.005607901141047478,-1.7856432598150926,-0.7823040263908698,-0.04411748000094604
2014-09-24,developed_equity,-0.009790390476259625,-0.009790390476259625,0,0.026142852380871773,3.002329047213453,2.1789108899460863,1.427872834538063
2014-09-24,emerging_equity,-0.10655544751517132,-0.10655544751517132,0,0.003434356302022934,-1.1056835048871358,-3.255165578799902,1.0315837099824214
2014-09-24,korea_equity,-0.12327024227241645,-0.12327024227241645,0,0.0037843212485313416,-1.8635434165569453,-1.5083980980403335,-0.45613512214875196
2014-09-24,short_treasury,0.0003550571671837588,0.0003550571671837588,0,0.012480514124035835,-1.7857625805937987,2.5326155893507996,-1.9561577444398441
2014-09-24,treasury_7_10y,0.026382165479719832,0.026382165479719832,0,0.014441242441534996,-1.6541958436659467,2.0035638507614815,-1.1142861840067178
2014-09-25,alternative,-0.013428827582645742,-0.013428827582645742,0,0.025220157578587532,1.1270773994704568,4.362559430374037,1.2547643754086295
2014-09-25,corp_bond_ig,0.008617747869267722,0.008617747869267722,0,0.003920856863260269,-1.7966994080802592,-1.1075273001112982,-0.2285422065286549
2014-09-25,developed_equity,0.0027840282270619188,0.0027840282270619188,0,0.027618074789643288,3.357830383010485,2.5065852137391835,1.5617706097691373
2014-09-25,emerging_equity,-0.0802746726591349,-0.0802746726591349,0,0.004048116505146027,-0.9276446714236065,-2.9562289591878868,1.405628978435759
2014-09-25,korea_equity,-0.10432526606942005,-0.10432526606942005,0,0.0027023255825042725,-1.8311823677007568,-1.7948652817106852,-1.0144339317871478
2014-09-25,short_treasury,-0.0010645057839921979,-0.0010645057839921979,0,0.012445878237485886,-1.796874611018204,2.636395091205127,-2.1005213119114563
2014-09-25,treasury_7_10y,0.025193056455532048,0.025193056455532048,0,0.013155434280633926,-1.860882273686075,1.8302355193689253,-1.6897113907372014
2014-09-26,alternative,-0.016964299338204536,-0.016964299338204536,0,0.02580258436501026,1.3440262433468646,4.267812675589808,1.410900662954232
2014-09-26,corp_bond_ig,0.014055916033505644,0.014055916033505644,0,0.002705194056034088,-1.9456427925361381,-1.2946797888215396,-0.24467635479047803
2014-09-26,developed_equity,0.008363513966928915,0.008363513966928915,0,0.030312731862068176,4.269757449786218,2.515091198610053,1.8482285008297534
2014-09-26,emerging_equity,-0.07166424403703975,-0.07166424403703975,0,0.003937648609280586,-0.8975575345464734,-2.86382216985674,1.7196219732428444
2014-09-26,korea_equity,-0.09586162700721768,-0.09586162700721768,0,0.0018520485609769821,-1.8512006127381282,-1.8635872742250466,-1.3099500078882989
2014-09-26,short_treasury,-0.00035497312198051745,-0.00035497312198051745,0,0.011997226625680923,-1.7217506054890344,2.4548095171429187,-2.1067945204918797
2014-09-26,treasury_7_10y,0.027374752430273874,0.027374752430273874,0,0.012647692114114761,-1.7201157056157148,1.494360905045422,-1.7086061426206876
2014-09-29,alternative,-0.008992806002192988,-0.008992806002192988,0,0.02611318789422512,1.3637757444328624,4.096395845287017,1.692803697707778
2014-09-29,corp_bond_ig,0.0067767505436873154,0.0067767505436873154,0,0.0007924549281597137,-2.168050293058072,-1.6958450289583369,-0.9651691208481707
2014-09-29,developed_equity,0.014971312110657387,0.014971312110657387,0,0.029415927827358246,4.191226731024519,2.2126505409954547,1.7927735295165876
2014-09-29,emerging_equity,-0.06111647814236365,-0.06111647814236365,0,0.0050623975694179535,-0.47104894901645106,-2.6729762374026462,1.775335353178459
2014-09-29,korea_equity,-0.09448175023083694,-0.09448175023083694,0,0.003032037988305092,-1.0948085176765965,-2.271831973070298,-1.9149912165716183
2014-09-29,short_treasury,-0.0016562095311745129,-0.0016562095311745129,0,0.012192491441965103,-1.7521071576001868,2.6380838467571572,-2.2046818893016384
2014-09-29,treasury_7_10y,0.01562050680631577,0.01562050680631577,0,0.011601729318499565,-1.8914498190036753,1.3124348027772714,-1.6336341665662852
2014-09-30,alternative,-0.0045045045045044585,-0.0045045045045044585,0,0.02614896558225155,1.2831945177685455,3.795501575299811,1.5332801867666028
2014-09-30,corp_bond_ig,0.005836596466600286,0.005836596466600286,0,-0.000955287367105484,-2.403088458829019,-1.9222948855143673,-1.415271311604638
2014-09-30,developed_equity,0.020874272212061618,0.020874272212061618,0,0.029348142445087433,4.255453403657,2.057593149569103,1.6080596753058505
2014-09-30,emerging_equity,-0.058950930750304886,-0.058950930750304886,0,0.005797546356916428,-0.07474971601391003,-2.5903098687489865,1.5698199382042881
2014-09-30,korea_equity,-0.08097831510661135,-0.08097831510661135,0,0.006354175508022308,-0.1325618219639571,-2.2138613089424526,-1.5191426669944432
2014-09-30,short_treasury,-0.0013016282992661665,-0.0013016282992661665,0,0.011329013854265213,-2.0578541214529977,2.5560141817174884,-2.454963883325493
2014-09-30,treasury_7_10y,0.015730527023863905,0.015730527023863905,0,0.010982898995280266,-1.9683796020866524,1.308537045415966,-1.8382392983637101
2014-10-01,alternative,0.011861341878255383,0.011861341878255383,0,0.02869362011551857,1.574750631896326,4.308587023217561,1.8510397188093792
2014-10-01,corp_bond_ig,0.003372694190769243,0.003372694190769243,0,-0.0023562349379062653,-2.601522206602157,-2.0969936901452106,-1.8888515181864198
2014-10-01,developed_equity,0.02992663546268548,0.02992663546268548,0,0.02804742008447647,3.9540716158172375,1.8424919285804138,1.6655651809313807
2014-10-01,emerging_equity,-0.03168756925910543,-0.03168756925910543,0,0.005654526874423027,0.6108621326562352,-3.218083675935817,0.7350973537618688
2014-10-01,korea_equity,-0.05175630784431995,-0.05175630784431995,0,0.012614170089364052,1.3315020356464737,-2.171588382151571,-0.7469196124243814
2014-10-01,short_treasury,-0.0023648687355313225,-0.0023648687355313225,0,0.01133890450000763,-2.0282380028551223,2.74438151605098,-2.3466831638598595
2014-10-01,treasury_7_10y,0.01045058778521546,0.01045058778521546,0,0.011115573346614838,-2.0246949783840904,1.4771610723690256,-1.6305099237319471
2014-10-02,alternative,0.010091729120377035,0.010091729120377035,0,0.030023587867617607,1.8869720394368452,4.0081778120463865,1.4920018106869133
2014-10-02,corp_bond_ig,0.005396804442251879,0.005396804442251879,0,-0.0029441043734550476,-2.8773111138400385,-2.1431582071151087,-1.9456163335398353
2014-10-02,developed_equity,0.036767876562329826,0.036767876562329826,0,0.028728097677230835,4.26062198258942,1.821833590947323,1.277220804084169
2014-10-02,emerging_equity,-0.042755924430782466,-0.042755924430782466,0,0.008082656189799309,1.4500049013219354,-3.4473544585811187,0.13902145010799993
2014-10-02,korea_equity,-0.05177995167660199,-0.05177995167660199,0,0.019854241982102394,3.166511625740328,-1.5711449614128452,-0.3327168572735864
2014-10-02,short_treasury,-0.0013008587219428547,-0.0013008587219428547,0,0.010853534564375877,-2.2466016016818,2.6904584781182086,-2.291567563568336
2014-10-02,treasury_7_10y,0.016924725188822043,0.016924725188822043,0,0.010637572035193443,-2.127291374027525,1.4606031495566063,-1.8324042762657007
2014-10-03,alternative,0.011019255568669672,0.011019255568669672,0,0.028995830565690994,1.6272388904832866,3.858775953264425,1.4047566862977194
2014-10-03,corp_bond_ig,0.003363335784515975,0.003363335784515975,0,-0.0032080039381980896,-2.8848115314142104,-2.075011538952909,-2.0541956063449183
2014-10-03,developed_equity,0.022479800119149296,0.022479800119149296,0,0.02810559794306755,3.9280633389293715,1.7368214059442524,0.9095483418510173
2014-10-03,emerging_equity,-0.04893412106341355,-0.04893412106341355,0,0.009250402450561523,1.7411339918005562,-3.4591262198450057,0.1789866900292811
2014-10-03,korea_equity,-0.061841647161116065,-0.061841647161116065,0,0.021038416773080826,3.4926197579395772,-1.423167349525726,-0.3389025621248563
2014-10-03,short_treasury,0.0,0.0,0,0.011153925210237503,-2.2470580372378577,2.728679513480846,-2.16680800850678
2014-10-03,treasury_7_10y,0.018372486330606952,0.018372486330606952,0,0.01108451560139656,-2.180324308869907,1.7807811910675053,-1.8540091844920183
2014-10-06,alternative,0.0027397538973317204,0.0027397538973317204,0,0.03492336720228195,3.9576474145368445,3.411502833098795,0.5344063976201769
2014-10-06,corp_bond_ig,0.0035297571718651,0.0035297571718651,0,-0.003094218671321869,-2.886629691237572,-1.919493404526218,-2.23426335153627
2014-10-06,developed_equity,0.017608712374418856,0.017608712374418856,0,0.026791062206029892,3.459051602389257,1.6836980928894065,0.4672126938610498
2014-10-06,emerging_equity,-0.060497340931592536,-0.060497340931592536,0,0.008542632684111595,2.027861666710443,-3.8199082266541184,-0.338981699197537
2014-10-06,korea_equity,-0.059213876384726305,-0.059213876384726305,0,0.022947996854782104,4.009494530106488,-1.295328379545344,-0.3284889726330805
2014-10-06,short_treasury,-0.0013008587219428547,-0.0013008587219428547,0,0.010906312614679337,-2.4210594208089162,2.8291235107908683,-2.434084304115235
2014-10-06,treasury_7_10y,0.017862293857791478,0.017862293857791478,0,0.010478725656867027,-2.2682316073080457,1.753751040607275,-2.2052473452041363
2014-10-07,alternative,0.01955305814046082,0.01955305814046082,0,0.03374728560447693,3.7996409771572712,3.10244849196935,0.042655321722136784
2014-10-07,corp_bond_ig,0.0034332914787797986,0.0034332914787797986,0,-0.0037218034267425537,-2.9402787919073807,-1.9389344209993142,-2.5281425872097065
2014-10-07,developed_equity,0.030786927404409026,0.030786927404409026,0,0.026783831417560577,3.148943161309338,1.8186992356022542,0.2833044566710332
2014-10-07,emerging_equity,-0.06465621847640535,-0.06465621847640535,0,0.007705535739660263,1.9164890007912938,-4.060848346870786,-0.6455500037028794
2014-10-07,korea_equity,-0.06061130652919089,-0.06061130652919089,0,0.0231940820813179,4.161685305725391,-1.3475761761682363,-0.5016109187433413
2014-10-07,short_treasury,-0.0008273217624307216,-0.0008273217624307216,0,0.011136377230286598,-2.417551316197618,2.967480643481064,-2.5304766407739425
2014-10-07,treasury_7_10y,0.01708994607633585,0.01708994607633585,0,0.009540079161524773,-2.4253867054861913,1.7644617250382044,-2.235645463311113
2014-10-08,alternative,-0.004591368163398779,-0.004591368163398779,0,0.03257976099848747,3.5957707155636904,2.8757102991868932,-0.34793670037449115
2014-10-08,corp_bond_ig,0.0024160703030629005,0.0024160703030629005,0,-0.003944270312786102,-2.9884980288804845,-1.9935912309836183,-2.6817392990204763
2014-10-08,developed_equity,-0.015616215275146561,-0.015616215275146561,0,0.025665558874607086,2.9240289416768572,1.6816577378333228,-0.28646408311258054
2014-10-08,emerging_equity,-0.09484188002645533,-0.09484188002645533,0,0.006143946200609207,1.616289481490092,-4.244628655872977,-1.2113754216667054
2014-10-08,korea_equity,-0.07735659985930687,-0.07735659985930687,0,0.02690131403505802,5.534719350596872,-1.2517372767270114,-0.9161948768694277
2014-10-08,short_treasury,-0.0018889732996403286,-0.0018889732996403286,0,0.008656058460474014,-3.073584830281085,2.732211822959512,-2.9079741645214883
2014-10-08,treasury_7_10y,0.01969365124920719,0.01969365124920719,0,0.008455207571387291,-2.628002521360193,1.6775432846849192,-2.789104000840015
2014-10-09,alternative,0.004708098063728627,0.004708098063728627,0,0.032347433269023895,3.7144795406395676,2.720271961458662,-0.9285732059158693
2014-10-09,corp_bond_ig,0.010708598614313614,0.010708598614313614,0,-0.0038163289427757263,-2.9654227433861995,-1.8554505722598549,-2.8245072113253418
2014-10-09,developed_equity,-0.0005790520333970317,-0.0005790520333970317,0,0.026500703766942024,3.2021953426089733,1.6357359656264094,-1.0811401401263518
2014-10-09,emerging_equity,-0.08427920046671777,-0.08427920046671777,0,0.007138587534427643,1.8257563627121944,-4.244077939666389,-1.3860509749348668
2014-10-09,korea_equity,-0.06561358686425134,-0.06561358686425134,0,0.02780945785343647,6.2545637144588575,-1.6188670820470115,-1.0853921972613605
2014-10-09,short_treasury,-0.001416707455855315,-0.001416707455855315,0,0.0065267495810985565,-3.395804264242952,2.292954383302353,-2.9333821487882252
2014-10-09,treasury_7_10y,0.02830459555956577,0.02830459555956577,0,0.008275413885712624,-2.5835950731790813,1.7818125506846674,-3.099507248316328
2014-10-10,alternative,0.03068069851018329,0.03068069851018329,0,0.03281457722187042,3.9583659378843903,2.648419815965446,-1.6171302871733355
2014-10-10,corp_bond_ig,0.011201237131574837,0.011201237131574837,0,-0.003926858305931091,-3.0559663698623405,-1.7549680421262666,-3.080628383172632
2014-10-10,developed_equity,0.01795352049607657,0.01795352049607657,0,0.026952583342790604,3.0798892302929883,1.9892547428203935,-1.299047353333529
2014-10-10,emerging_equity,-0.04369283427310244,-0.04369283427310244,0,0.005810000002384186,1.7883791538344365,-4.541770651883593,-1.9021964229858102
2014-10-10,korea_equity,-0.03470874547194702,-0.03470874547194702,0,0.03032040037214756,7.210471799238605,-1.5182981003834168,-1.5623701416959659
2014-10-10,short_treasury,-0.0014160387091395332,-0.0014160387091395332,0,0.0024269111454486847,-4.2510631712176545,1.62153019090133,-3.6374187464840153
2014-10-10,treasury_7_10y,0.024112407478921627,0.024112407478921627,0,0.00685868039727211,-2.9125360719466267,1.7482550437398594,-3.3314885656194564
2014-10-13,alternative,0.052274866766254924,0.052274866766254924,0,0.03599035367369652,4.893761658321697,2.85772261602895,-1.3731008252648003
2014-10-13,corp_bond_ig,0.005335996136577537,0.005335996136577537,0,-0.004415225237607956,-3.0765147449787955,-1.7707463036096454,-3.2266129357338063
2014-10-13,developed_equity,0.05116486635678852,0.05116486635678852,0,0.026244983077049255,2.640134013686274,1.990826093932502,-1.3870008258394466
2014-10-13,emerging_equity,-0.037145569674535084,-0.037145569674535084,0,0.006751805543899536,2.011512666299815,-4.505583285663592,-2.048446027844834
2014-10-13,korea_equity,-0.02474552226640414,-0.02474552226640414,0,0.030848303809762,7.205876570514192,-1.3676092144930028,-1.6927878482603809
2014-10-13,short_treasury,-0.0018874134605493254,-0.0018874134605493254,0,-0.0001283101737499237,-4.268537491342046,-0.7348442732954785,-4.3535939426001935
2014-10-13,treasury_7_10y,0.014637860616602438,0.014637860616602438,0,0.003517238423228264,-3.9281975045316755,1.6202437381773462,-3.1577836903810144
2014-10-14,alternative,0.05329457521940051,0.05329457521940051,0,0.03547968715429306,5.985101205805728,3.0795908729054644,-3.019099189433364
2014-10-14,corp_bond_ig,0.005739975431838795,0.005739975431838795,0,-0.004177585244178772,-3.2269795136522026,-1.7627989693506638,-2.990626131118355
2014-10-14,developed_equity,0.048403893245567264,0.048403893245567264,0,0.026491913944482803,2.660425029571331,1.9533635543038712,-1.666483137538731
2014-10-14,emerging_equity,-0.0459183526884116,-0.0459183526884116,0,0.006678186357021332,1.9971469509691322,-4.4768062841168454,-2.3329283275266173
2014-10-14,korea_equity,-0.018894297047593822,-0.018894297047593822,0,0.031340498477220535,7.420990905513909,-1.3185835735619365,-1.820949760437114
2014-10-14,short_treasury,-0.0016505469246892446,-0.0016505469246892446,0,-3.406405448913574e-05,-4.223184924641597,-0.6248759499551501,-4.216234924569382
2014-10-14,treasury_7_10y,0.017624908326819178,0.017624908326819178,0,0.0018596239387989044,-4.424648442019244,1.4936888742501568,-3.279622807966354
2014-10-15,alternative,0.052580347481415934,0.052580347481415934,0,0.03857690840959549,6.641486358780299,3.2387727313080954,-2.3246459196471534
2014-10-15,corp_bond_ig,0.006899369747339623,0.006899369747339623,0,-0.005269184708595276,-4.11664146541292,-1.8287130379965952,-2.6350727509160867
2014-10-15,developed_equity,0.04523213759386113,0.04523213759386113,0,0.02930840477347374,3.6460064497897213,2.1220787708324194,-1.6013588123228726
2014-10-15,emerging_equity,-0.0415846125022199,-0.0415846125022199,0,0.010912895202636719,3.132194695188851,-4.049182332872079,-2.872860706067983
2014-10-15,korea_equity,-0.017344107335472758,-0.017344107335472758,0,0.0307932011783123,7.34247916802082,-1.6043949497662735,-2.1397405075632587
2014-10-15,short_treasury,-0.0023548445487289182,-0.0023548445487289182,0,0.0011854898184537888,-4.063177557481558,-0.44221260242226984,-4.171710581225084
2014-10-15,treasury_7_10y,0.015463932268707348,0.015463932268707348,0,0.0021448880434036255,-4.1318649271790635,0.2365258620480491,-3.534113154004218
2014-10-16,alternative,0.05150627156239973,0.05150627156239973,0,0.039507873356342316,16.58053198482282,5.337249568095308,-13.996121056039751
2014-10-16,corp_bond_ig,0.01008080560508473,0.01008080560508473,0,-0.005653355270624161,-4.254891016815411,-1.8645284906660946,-2.510431167424131
2014-10-16,developed_equity,0.04105923960293545,0.04105923960293545,0,0.028172165155410767,3.5430519796287285,2.111695037931222,-2.0044470095996925
2014-10-16,emerging_equity,-0.02433572215287605,-0.02433572215287605,0,0.010824540629982948,3.413399172207048,-4.37785176660967,-3.2039141753409677
2014-10-16,korea_equity,-0.0052742480911927014,-0.0052742480911927014,0,0.03170381858944893,7.827842215388373,-1.6534684039538274,-2.210635936932978
2014-10-16,short_treasury,-0.0011781158972300476,-0.0011781158972300476,0,0.0015225298702716827,-3.9405044492645143,-0.27522279991570764,-4.433753089186677
2014-10-16,treasury_7_10y,0.01917106677874525,0.01917106677874525,0,0.002528086304664612,-4.023532579153465,0.19972941149060833,-3.360823332983242
2014-10-17,alternative,0.03250479517664706,0.03250479517664706,0,0.04026477783918381,14.578870060283995,4.730923062466163,-11.198300706509482
2014-10-17,corp_bond_ig,0.012251988249537327,0.012251988249537327,0,-0.005272723734378815,-4.26862723672517,-1.7837103572923851,-2.7060436717830108
2014-10-17,developed_equity,0.02221578943494973,0.02221578943494973,0,0.027798529714345932,3.6781329952618425,1.8499106116574575,-2.2582196649495643
2014-10-17,emerging_equity,-0.04052066494143425,-0.04052066494143425,0,0.011423861607909203,3.6147335302632473,-4.402619427281451,-3.1754017333632465
2014-10-17,korea_equity,-0.010211232819506644,-0.010211232819506644,0,0.03274165838956833,7.945865706731825,-1.3757482268593892,-2.117351492122147
2014-10-17,short_treasury,0.0,0.0,0,0.0023289434611797333,-3.9380739419306727,-0.06064566766454236,-4.319118736333898
2014-10-17,treasury_7_10y,0.026861437465677707,0.026861437465677707,0,0.002560120075941086,-3.9570682432568116,0.15652405933892755,-3.1431555025310525
2014-10-20,alternative,0.009460738210708364,0.009460738210708364,0,0.039927415549755096,19.95563668381146,5.912982462930137,-17.91373488795191
2014-10-20,corp_bond_ig,0.015640640021163943,0.015640640021163943,0,-0.005017530173063278,-4.230480999311699,-1.7603402085501831,-2.6080833756673623
2014-10-20,developed_equity,0.00959296516627095,0.00959296516627095,0,0.028391771018505096,4.274778127605626,1.9096516266127144,-2.415521728637831
2014-10-20,emerging_equity,-0.0411361483569761,-0.0411361483569761,0,0.011230984702706337,3.6436919215825636,-4.375045290320091,-3.5947082725666446
2014-10-20,korea_equity,-0.022226059661494157,-0.022226059661494157,0,0.03249501436948776,7.937131142006936,-1.4430865133680033,-2.05243282160599
2014-10-20,short_treasury,0.0009425286715765147,0.0009425286715765147,0,0.0023035425692796707,-3.8324882674666663,-0.03754881824551796,-4.263305989838987
2014-10-20,treasury_7_10y,0.03416468003216888,0.03416468003216888,0,0.0031285658478736877,-3.820513673249166,0.10480960401986969,-3.1357402893532726
2014-10-21,alternative,-0.007407435664424367,-0.007407435664424367,0,0.039188750088214874,18.79343333681699,5.431783790605834,-16.991723978647837
2014-10-21,corp_bond_ig,0.01057191626985432,0.01057191626985432,0,-0.004796460270881653,-4.288918873960343,-1.599673481865231,-2.7083563017237102
2014-10-21,developed_equity,0.004997122637722562,0.004997122637722562,0,0.027296490967273712,4.039961499123206,1.6669363327684563,-2.5325934267299557
2014-10-21,emerging_equity,-0.037064050360331224,-0.037064050360331224,0,0.012608174234628677,4.036141949989134,-4.175979624933303,-3.6099441134055117
2014-10-21,korea_equity,-0.026994313005312076,-0.026994313005312076,0,0.032380301505327225,7.8191648711912185,-1.390159187135202,-1.96920339345775
2014-10-21,short_treasury,0.00023564274007292774,0.00023564274007292774,0,0.0029892809689044952,-3.7597617115498,0.15662987734909228,-4.301221294474489
2014-10-21,treasury_7_10y,0.029350704390552318,0.029350704390552318,0,0.0036376137286424637,-3.7927494428179642,0.31528494200860324,-3.1105684504754842
2014-10-22,alternative,0.003731357623751208,0.003731357623751208,0,0.03899991512298584,24.493826357081833,6.749137616997916,-24.1164277715842
2014-10-22,corp_bond_ig,0.014591845205927712,0.014591845205927712,0,-0.003903169184923172,-4.120900076624418,-1.5598987875383996,-2.4599605415341723
2014-10-22,developed_equity,0.017400044126293368,0.017400044126293368,0,0.027534574270248413,4.239638758608268,1.7957219973788994,-2.768882988146125
2014-10-22,emerging_equity,-0.032155162477163546,-0.032155162477163546,0,0.012205034494400024,3.8628811001288295,-4.126201641740592,-3.676404845751171
2014-10-22,korea_equity,-0.02345783652507394,-0.02345783652507394,0,0.030429275706410408,8.036503470125064,-1.855313666057524,-2.1319004451416106
2014-10-22,short_treasury,0.0,0.0,0,0.002472236752510071,-3.736891290672167,0.25269289978512294,-4.398620902165233
2014-10-22,treasury_7_10y,0.032002259793090904,0.032002259793090904,0,0.00413760170340538,-3.673182700357521,0.3741195694290167,-3.155368354906141
2014-10-23,alternative,0.0018570527697678862,0.0018570527697678862,0,0.03564531356096268,6.745645532946658,1.0152305835123403,-2.1811281007769874
2014-10-23,corp_bond_ig,0.01612364540001021,0.01612364540001021,0,-0.003283504396677017,-4.012759354375207,-1.5612214634493347,-2.3374292696824814
2014-10-23,developed_equity,0.004409119595402355,0.004409119595402355,0,0.0289654191583395,6.474654128525305,2.445319421174934,-5.134655517629052
2014-10-23,emerging_equity,-0.010557336361614156,-0.010557336361614156,0,0.013032585382461548,3.948457201493075,-3.8347348840527964,-3.5269216055901023
2014-10-23,korea_equity,-0.015616892403232052,-0.015616892403232052,0,0.03196340799331665,8.755894881630628,-1.905794576034583,-2.4494417212528603
2014-10-23,short_treasury,0.00047161892327296506,0.00047161892327296506,0,0.002610590308904648,-3.566322664379347,0.40474309375708056,-4.737019289974631
2014-10-23,treasury_7_10y,0.03137743155766137,0.03137743155766137,0,0.004972953349351883,-3.4408611794333277,0.554063106894119,-3.0049941839995835
2014-10-24,alternative,0.006421990350845563,0.006421990350845563,0,0.03476705402135849,6.372438084559018,1.0000324880786533,-2.503319991641856
2014-10-24,corp_bond_ig,0.015198327305421477,0.015198327305421477,0,-0.003041498363018036,-3.8405467305213783,-1.5388736318545506,-2.2668748522931317
2014-10-24,developed_equity,0.0198259788553361,0.0198259788553361,0,0.030171487480401993,4.771939450619807,2.041920434653589,-2.646534491145627
2014-10-24,emerging_equity,0.00121889898836125,0.00121889898836125,0,0.013745661824941635,4.19809688087327,-3.5691591417388047,-3.496829824156257
2014-10-24,korea_equity,-0.003473441413327394,-0.003473441413327394,0,0.03114037588238716,8.447015127548855,-1.8608697131872978,-2.489750541967256
2014-10-24,short_treasury,-0.00011792190835246963,-0.00011792190835246963,0,0.0031272657215595245,-3.44882576616523,0.6505185533359689,-4.840302366900562
2014-10-24,treasury_7_10y,0.02794086850805977,0.02794086850805977,0,0.0053198374807834625,-3.289398388469657,0.6273286401750254,-2.9888625654854852
2014-10-27,alternative,0.008302596985333421,0.008302596985333421,0,0.03544280305504799,6.729476802221653,1.0177226557720858,-2.611709309935544
2014-10-27,corp_bond_ig,0.01984985173585896,0.01984985173585896,0,-0.0025880858302116394,-3.8277268249358047,-1.418984770823864,-2.3204890814717096
2014-10-27,developed_equity,0.012542719604976549,0.012542719604976549,0,0.031415410339832306,5.5312677404139095,2.238983498473977,-2.9415928836287826
2014-10-27,emerging_equity,0.0014741414611565418,0.0014741414611565418,0,0.015300532802939415,4.396508630830397,-3.2543156038281884,-3.3746139482254467
2014-10-27,korea_equity,-0.008809782810680011,-0.008809782810680011,0,0.031252410262823105,8.329953650521151,-1.7364936237231243,-2.3361790099364463
2014-10-27,short_treasury,0.00035367577699618735,0.00035367577699618735,0,0.0035541802644729614,-3.4065098529593594,0.7873083398188762,-4.9812637844964645
2014-10-27,treasury_7_10y,0.03358875333862699,0.03358875333862699,0,0.006636479869484901,-3.0020928675286247,0.9953406829826574,-2.884111750420863
2014-10-28,alternative,0.010036482567842508,0.010036482567842508,0,0.03500990569591522,8.971284607074573,1.5513929696279498,-5.650812559045857
2014-10-28,corp_bond_ig,0.023012552301255207,0.023012552301255207,0,-0.0019210577011108398,-3.6136528153526655,-1.5659948281208718,-1.97100712624435
2014-10-28,developed_equity,0.009827276642603744,0.009827276642603744,0,0.03154832497239113,4.912478769528464,2.2550645175738255,-2.5827465035589476
2014-10-28,emerging_equity,-0.01782277625983064,-0.01782277625983064,0,0.015310104936361313,4.499103685423242,-3.2546414605957406,-3.518049472856193
2014-10-28,korea_equity,-0.016427089442707432,-0.016427089442707432,0,0.030639266595244408,8.341931899295751,-1.7774191309379428,-2.6057003192775374
2014-10-28,short_treasury,0.0,0.0,0,0.004038039594888687,-3.2332115844154843,0.9634613923867457,-4.994631006530524
2014-10-28,treasury_7_10y,0.03376645687459945,0.03376645687459945,0,0.007290814071893692,-2.8547522939500656,1.2278934234392733,-2.7636519583171593
2014-10-29,alternative,0.011861341878255383,0.011861341878255383,0,0.03665076568722725,7.110261133249658,1.3180711184418972,-2.5982312969600336
2014-10-29,corp_bond_ig,0.02565390333592843,0.02565390333592843,0,-0.0013392604887485504,-3.3304531410073976,-1.5920724397684718,-2.05747329167584
2014-10-29,developed_equity,0.009856443406422777,0.009856443406422777,0,0.03332887962460518,8.517332503988918,3.1791876092315032,-6.243019598883625
2014-10-29,emerging_equity,-0.02453103445998095,-0.02453103445998095,0,0.01593543216586113,4.7221706167212245,-3.1751808785814406,-3.4412642838874574
2014-10-29,korea_equity,-0.02998984147806527,-0.02998984147806527,0,0.03126378357410431,8.418430011886603,-1.6283053042359739,-2.5127267570289886
2014-10-29,short_treasury,0.001889196222724543,0.001889196222724543,0,0.004686225205659866,-3.1505326295310896,1.1459483963893367,-4.857174647884445
2014-10-29,treasury_7_10y,0.03863720487102151,0.03863720487102151,0,0.008526932448148727,-2.657954116341208,1.4298000714298689,-2.5440676286361352
2014-10-30,alternative,-0.0036430010451853345,-0.0036430010451853345,0,0.036912478506565094,6.991045129000101,1.4222919385614234,-2.7101816280122843
2014-10-30,corp_bond_ig,0.03192022066949729,0.03192022066949729,0,-0.0010196194052696228,-3.152523318967133,-1.6687427795807606,-1.8461767106515625
2014-10-30,developed_equity,-0.004504500150622537,-0.004504500150622537,0,0.03519187495112419,9.285229676809816,3.5473132745418234,-6.463724321895638
2014-10-30,emerging_equity,-0.04407915737457213,-0.04407915737457213,0,0.017195628955960274,5.079762592364165,-2.9677457538035874,-3.437640923331947
2014-10-30,korea_equity,-0.03907697046594116,-0.03907697046594116,0,0.02961001545190811,8.187471062164764,-1.831983014295571,-2.7045028101230426
2014-10-30,short_treasury,0.0022427105602993436,0.0022427105602993436,0,0.004850957542657852,-3.1217560227739662,1.225147250656247,-5.07352353756211
2014-10-30,treasury_7_10y,0.04553665561701581,0.04553665561701581,0,0.008408777415752411,-2.4990805973952077,1.434928064623469,-2.670408397466497
2014-10-31,alternative,-0.006306278812992727,-0.006306278812992727,0,0.037433624267578125,7.173120231604637,1.4510097968038207,-2.53556260765801
2014-10-31,corp_bond_ig,0.029663155892048376,0.029663155892048376,0,-0.0014443248510360718,-3.1183320331380315,-1.8689176945043329,-1.891993813600463
2014-10-31,developed_equity,-0.02000270669179205,-0.02000270669179205,0,0.03679536283016205,7.345740792633649,3.0084117450397656,-3.357046803538295
2014-10-31,emerging_equity,-0.048161388386849247,-0.048161388386849247,0,0.019506217911839485,5.673617064695188,-2.6633142921528075,-3.2703128766056144
2014-10-31,korea_equity,-0.028995407333600842,-0.028995407333600842,0,0.03027559071779251,8.233426636127735,-1.599415922879051,-2.4981602707609367
2014-10-31,short_treasury,0.002125151259282587,0.002125151259282587,0,0.005560785531997681,-2.996975105518631,1.1639441704481364,-4.879865170261529
2014-10-31,treasury_7_10y,0.043515519338249264,0.043515519338249264,0,0.00962926261126995,-2.371622606181691,1.655646023465689,-2.533880822733204
2014-11-03,alternative,-0.009074410414636191,-0.009074410414636191,0,0.03816000372171402,7.301127240372852,1.6664305600842078,-2.2903441793964596
2014-11-03,corp_bond_ig,0.04310855343348141,0.04310855343348141,0,0.00029237568378448486,-3.1315893075070322,-1.5121481723979324,-1.768274205919251
2014-11-03,developed_equity,-0.03146654646897784,-0.03146654646897784,0,0.03830315172672272,6.602885076947597,3.202642206900877,-2.0827272146958773
2014-11-03,emerging_equity,-0.0665071490439666,-0.0665071490439666,0,0.021107874810695648,6.379784864478859,-2.4696013200871647,-3.2647022693912175
2014-11-03,korea_equity,-0.03469210662730349,-0.03469210662730349,0,0.02880517765879631,8.032607167287935,-1.7597391996555347,-2.7930339629612493
2014-11-03,short_treasury,0.0037798214148605513,0.0037798214148605513,0,0.005915287882089615,-2.7409478567662733,1.1109367326204578,-5.002353133809627
2014-11-03,treasury_7_10y,0.05486641061604014,0.05486641061604014,0,0.00931628793478012,-2.4034053238285704,1.5509180599909413,-2.4128218139398117
2014-11-04,alternative,-0.0009033286077489988,-0.0009033286077489988,0,0.03924880921840668,7.354971476255301,1.7823247882596722,-1.756133845852455
2014-11-04,corp_bond_ig,0.039767913489570095,0.039767913489570095,0,0.0011839363723993301,-2.782131159169343,-1.4927903099009865,-1.6856379240002894
2014-11-04,developed_equity,-0.010162931063966485,-0.010162931063966485,0,0.03932621702551842,6.680784278806497,3.3833864637486766,-1.8351299828206697
2014-11-04,emerging_equity,-0.05066919034783124,-0.05066919034783124,0,0.02124100551009178,6.54578919962076,-2.326265810033352,-3.052517965427139
2014-11-04,korea_equity,-0.013942126562717871,-0.013942126562717871,0,0.028307080268859863,7.7658293289369205,-1.6911790048752877,-2.6152464603655945
2014-11-04,short_treasury,0.0031895645386830207,0.0031895645386830207,0,0.0064713358879089355,-2.7063238225669,1.3046096797291398,-4.786662369456812
2014-11-04,treasury_7_10y,0.0519133733550734,0.0519133733550734,0,0.010363103821873665,-2.2258771465010936,1.5844918430610713,-2.3495599059618533
2014-11-05,alternative,0.01989154256771064,0.01989154256771064,0,0.039220087230205536,7.199689835712816,1.9320289141536722,-1.7078987719811767
2014-11-05,corp_bond_ig,0.03327153729470633,0.03327153729470633,0,0.0009253770112991333,-2.6447999692122286,-1.7855215162321223,-1.758772870036587
2014-11-05,developed_equity,-0.006650903972803546,-0.006650903972803546,0,0.040236346423625946,6.901752317655321,3.5551965820909563,-1.8067114156149051
2014-11-05,emerging_equity,-0.0241138165074557,-0.0241138165074557,0,0.021405886858701706,6.599974135514243,-2.241097672344849,-3.0075387432858505
2014-11-05,korea_equity,0.009385492612714375,0.009385492612714375,0,0.026989977806806564,7.5805821818286745,-1.9331140736210424,-2.574768299799204
2014-11-05,short_treasury,0.0025995654950141667,0.0025995654950141667,0,0.006163850426673889,-2.558341302955344,1.1977698569875117,-5.101457165921849
2014-11-05,treasury_7_10y,0.04273996727701568,0.04273996727701568,0,0.010315582156181335,-2.220614889524091,1.52999840001144,-2.4691855203982356
2014-11-06,alternative,0.012692600704892198,0.012692600704892198,0,0.038907814770936966,7.049811968728824,1.9899524553088566,-1.5110030166111985
2014-11-06,corp_bond_ig,0.03785058891886539,0.03785058891886539,0,0.0010436195880174637,-2.5606886590197453,-1.7824269188893769,-1.7068532226644242
2014-11-06,developed_equity,-0.013436780549916705,-0.013436780549916705,0,0.04055333510041237,6.8241172075191585,3.416629955710022,-1.684526840295481
2014-11-06,emerging_equity,-0.016845669973917343,-0.016845669973917343,0,0.02099553868174553,6.41423603667901,-2.118162461642119,-2.9042754501690937
2014-11-06,korea_equity,0.00987482599773748,0.00987482599773748,0,0.0263699758797884,7.370140314338788,-1.8590716735212924,-2.310414498358401
2014-11-06,short_treasury,0.0029547334617252563,0.0029547334617252563,0,0.006203329190611839,-2.4911082829218563,1.139094329557211,-4.989160397251914
2014-11-06,treasury_7_10y,0.04765553451611093,0.04765553451611093,0,0.01172301359474659,-2.172678354147615,1.7294319520466237,-2.36715666149225
2014-11-07,alternative,0.01981979232650599,0.01981979232650599,0,0.03945539891719818,7.037364876595582,2.2362871218390987,-1.3007047892665444
2014-11-07,corp_bond_ig,0.028041275466170745,0.028041275466170745,0,0.0019511431455612183,-2.4096753771973614,-1.855049648895465,-1.3910159486578677
2014-11-07,developed_equity,-0.00235519767562431,-0.00235519767562431,0,0.04110802710056305,6.693650671603695,3.8068980848237226,-1.367981786162659
2014-11-07,emerging_equity,-0.01722471805297565,-0.01722471805297565,0,0.02153881825506687,6.800676112029266,-2.1007895189957217,-2.9355423028615375
2014-11-07,korea_equity,-0.00017535301665361214,-0.00017535301665361214,0,0.0235694982111454,6.628412628974399,-2.091707952642118,-2.5690351851663475
2014-11-07,short_treasury,0.0018897326747322474,0.0018897326747322474,0,0.006091166287660599,-2.46696821867611,1.0877932161216761,-5.047952620242037
2014-11-07,treasury_7_10y,0.037177937911801795,0.037177937911801795,0,0.012033294886350632,-2.1653190323434393,1.7845403055827678,-2.301590932488695
2014-11-10,alternative,0.003577762840482057,0.003577762840482057,0,0.040225666016340256,7.037616633592691,2.4575082395389694,-0.6858720376892014
2014-11-10,corp_bond_ig,0.022445329379516155,0.022445329379516155,0,0.003340272232890129,-2.113976156745516,-1.671417310151544,-1.1143024825894707
2014-11-10,developed_equity,-0.007462699156612351,-0.007462699156612351,0,0.04233797267079353,6.781386384152947,4.0580214606597655,-1.0330075606138427
2014-11-10,emerging_equity,-0.03653525452050377,-0.03653525452050377,0,0.020941097289323807,6.8264049150409045,-2.1259898699826123,-2.7799266801500524
2014-11-10,korea_equity,-0.02398743755778754,-0.02398743755778754,0,0.02195986732840538,6.242054464236306,-2.245027436074736,-2.529058350537225
2014-11-10,short_treasury,0.00023633900156205812,0.00023633900156205812,0,0.0062632691115140915,-2.4933458063948395,1.1128744549189873,-4.779329031933814
2014-11-10,treasury_7_10y,0.029788073421961325,0.029788073421961325,0,0.01335320994257927,-1.9426077904031118,1.8994298437827815,-2.0045117554390965
2014-11-11,alternative,0.00268092420261401,0.00268092420261401,0,0.040588125586509705,7.0404308437768055,2.6706452480964975,-0.5320299174303493
2014-11-11,corp_bond_ig,0.02320675105485237,0.02320675105485237,0,0.004202652722597122,-1.9092940217915795,-1.6726109969206253,-1.109613708838521
2014-11-11,developed_equity,-0.019122291139952674,-0.019122291139952674,0,0.04241297021508217,6.459769984986896,4.277746471341883,-0.5071002015471914
2014-11-11,emerging_equity,-0.037055038994169065,-0.037055038994169065,0,0.020778454840183258,6.698430225479408,-2.1672577460663014,-2.504204891684374
2014-11-11,korea_equity,-0.01647392952651161,-0.01647392952651161,0,0.02120230346918106,6.035330950326696,-2.3107347312510393,-2.576316203807023
2014-11-11,short_treasury,0.00023645712555242504,0.00023645712555242504,0,0.006241321563720703,-2.380758229716232,0.9340782285243293,-4.86321441550553
2014-11-11,treasury_7_10y,0.029212387194212486,0.029212387194212486,0,0.013527782633900642,-1.7365307599462494,2.0142343233560602,-2.196593360303571
2014-11-12,alternative,0.0071684862248750925,0.0071684862248750925,0,0.039907537400722504,6.771814310319,2.7655386980414516,-0.35188000788917206
2014-11-12,corp_bond_ig,0.020508062697153884,0.020508062697153884,0,0.004505302757024765,-1.7418237188457903,-1.6610953937449882,-1.0365931598453932
2014-11-12,developed_equity,-0.007308312242559234,-0.007308312242559234,0,0.04310591146349907,6.407757841440668,4.612238207745055,0.0066286455567840805
2014-11-12,emerging_equity,-0.03761221236339618,-0.03761221236339618,0,0.02007429301738739,6.398283613032762,-2.1320401241061595,-2.4051039951313147
2014-11-12,korea_equity,-0.02706949497896949,-0.02706949497896949,0,0.021273057907819748,6.104083612776167,-2.3672175188084044,-2.377420887648089
2014-11-12,short_treasury,-0.0003544698129558377,-0.0003544698129558377,0,0.006485950201749802,-2.3139016786554265,0.8414296154212269,-4.66670067699806
2014-11-12,treasury_7_10y,0.027027044750250084,0.027027044750250084,0,0.014532463625073433,-1.7699408969687338,2.0819803272369253,-1.96019557426066
2014-11-13,alternative,0.0026833221303617094,0.0026833221303617094,0,0.040694888681173325,6.7745163044425745,3.0098722463504206,0.041809184444519885
2014-11-13,corp_bond_ig,0.022304827441996133,0.022304827441996133,0,0.004972616210579872,-1.6424438809634132,-1.733428920718755,-0.9915653394467827
2014-11-13,developed_equity,-0.004012187609643503,-0.004012187609643503,0,0.04250980168581009,5.9701968535739525,4.770895791377839,0.32504614126518583
2014-11-13,emerging_equity,-0.04209244784584676,-0.04209244784584676,0,0.020909111946821213,6.608700220485793,-2.166802193068147,-2.2317516661974843
2014-11-13,korea_equity,-0.0354013391017759,-0.0354013391017759,0,0.021129680797457695,6.192263139148166,-2.432895275330253,-2.5190900151710443
2014-11-13,short_treasury,-0.0004725447703047836,-0.0004725447703047836,0,0.007204640656709671,-2.267935048771486,0.9221443370306306,-4.6581568429080935
2014-11-13,treasury_7_10y,0.024980957429388884,0.024980957429388884,0,0.014660120010375977,-1.7625204441058233,2.062232266422681,-1.819518878788181
2014-11-14,alternative,0.015165072263842783,0.015165072263842783,0,0.04052043706178665,6.762133266878935,2.92349365273411,0.44069173333889555
2014-11-14,corp_bond_ig,0.023626659116456672,0.023626659116456672,0,0.005326811224222183,-1.4196772233920434,-1.7292443788879146,-0.9243556958269767
2014-11-14,developed_equity,0.0012397240933446074,0.0012397240933446074,0,0.041667476296424866,5.6768350659228215,4.8761709971670975,0.5787014554546046
2014-11-14,emerging_equity,-0.029681457118667987,-0.029681457118667987,0,0.019825194031000137,6.322652736498236,-2.2610558626583477,-2.1520209820913094
2014-11-14,korea_equity,-0.01802114258947851,-0.01802114258947851,0,0.02115270495414734,6.181408806640638,-2.3900416923899814,-2.480400466569934
2014-11-14,short_treasury,-0.0005904244930493574,-0.0005904244930493574,0,0.00773206353187561,-2.270409335799185,1.083348195319262,-4.389679808191133
2014-11-14,treasury_7_10y,0.023216008342826555,0.023216008342826555,0,0.015528231859207153,-1.5652710233493672,2.0321490933262845,-1.4975489644418454
2014-11-17,alternative,0.023235017324997997,0.023235017324997997,0,0.040502551943063736,6.628741001305887,3.0529104480196745,0.824290977035407
2014-11-17,corp_bond_ig,0.02199102089400906,0.02199102089400906,0,0.005242437124252319,-1.435127074520507,-1.7455755250387284,-1.120448266437891
2014-11-17,developed_equity,0.003022825287071873,0.003022825287071873,0,0.04115334898233414,5.290664347469224,4.9316982346434335,0.8132910166271083
2014-11-17,emerging_equity,-0.008048825147675354,-0.008048825147675354,0,0.01833788864314556,5.752623532884201,-2.313711723693495,-2.056354093919834
2014-11-17,korea_equity,-0.009020200353240582,-0.009020200353240582,0,0.020762505009770393,6.173988502272763,-2.429390801492917,-2.3298099819191584
2014-11-17,short_treasury,-0.00047237736635785676,-0.00047237736635785676,0,0.008438628166913986,-2.0956382308508004,1.0376818841255266,-4.324292831767448
2014-11-17,treasury_7_10y,0.020956342902392233,0.020956342902392233,0,0.016035940498113632,-1.4406677821635652,2.0845663361237596,-1.516924671375738
2014-11-18,alternative,0.009657580855002568,0.009657580855002568,0,0.042581476271152496,6.430566719699219,4.149788431878129,1.135591033677011
2014-11-18,corp_bond_ig,0.016394783926240164,0.016394783926240164,0,0.005302313715219498,-1.4048549707214064,-1.701281207428773,-0.974469436880504
2014-11-18,developed_equity,0.009318902203647728,0.009318902203647728,0,0.040448203682899475,4.994697445650777,4.9087635531347775,1.0786814274522962
2014-11-18,emerging_equity,-0.0155264282070664,-0.0155264282070664,0,0.01793106645345688,5.774211959131861,-2.368402730644349,-2.029371785804467
2014-11-18,korea_equity,-0.018427505185959814,-0.018427505185959814,0,0.020009346306324005,6.295379589174625,-2.5129543377567805,-2.580450224681087
2014-11-18,short_treasury,-0.0008267355183420033,-0.0008267355183420033,0,0.007876243442296982,-1.9699774062438433,0.6605747913615726,-4.312362074564665
2014-11-18,treasury_7_10y,0.012559464452792213,0.012559464452792213,0,0.016720687970519066,-1.4285819930856776,2.169712080950263,-1.328526025229198
2014-11-19,alternative,0.014964829229500376,0.014964829229500376,0,0.04161953553557396,5.9573486595195835,4.1564401154196435,1.6173148583364578
2014-11-19,corp_bond_ig,0.02548853082230096,0.02548853082230096,0,0.004818221554160118,-1.5130596409522685,-1.7062187500029402,-0.9181887535686437
2014-11-19,developed_equity,0.02013791840651935,0.02013791840651935,0,0.039646707475185394,4.668906039839862,4.953433442609886,1.326606140670011
2014-11-19,emerging_equity,-0.015291287777886131,-0.015291287777886131,0,0.01724715158343315,5.590574868316705,-2.4948529149697425,-1.8529520796350418
2014-11-19,korea_equity,-0.0028500151256077855,-0.0028500151256077855,0,0.020434461534023285,6.493207638477044,-2.522753401134194,-2.4061570001675188
2014-11-19,short_treasury,0.00047239882356286955,0.00047239882356286955,0,0.008007805794477463,-2.0263844780160016,0.6199794683537769,-4.230294808901954
2014-11-19,treasury_7_10y,0.020129752113095645,0.020129752113095645,0,0.016620544716715813,-1.43182543656917,2.075683956989356,-1.2582937213414929
2014-11-20,alternative,0.019383233024160118,0.019383233024160118,0,0.04166322946548462,6.277333600485255,4.104715492316835,1.6195804601423234
2014-11-20,corp_bond_ig,0.021413446860961027,0.021413446860961027,0,0.004467081278562546,-1.573452935863087,-1.6563320714142913,-0.9143983426755433
2014-11-20,developed_equity,0.014582439441354955,0.014582439441354955,0,0.03873429447412491,4.660161148888145,4.83000075197962,1.4913405869068768
2014-11-20,emerging_equity,-0.01774859040308263,-0.01774859040308263,0,0.01590842753648758,5.3002239709828025,-2.6893803152975364,-1.7422869673826822
2014-11-20,korea_equity,-0.004999978201729927,-0.004999978201729927,0,0.020144490525126457,6.344696404141725,-2.523554319792234,-2.128413517823488
2014-11-20,short_treasury,-0.0003542605005758537,-0.0003542605005758537,0,0.007685013115406036,-2.1673299795257615,0.5982944863788501,-4.07222017554162
2014-11-20,treasury_7_10y,0.015712803469314585,0.015712803469314585,0,0.017274511978030205,-1.3669082558101644,2.1893367065267233,-0.8868737729777875
2014-11-21,alternative,0.021108193406297326,0.021108193406297326,0,0.04165349155664444,6.205097039234964,4.180077313668579,1.8696821260043506
2014-11-21,corp_bond_ig,0.018540341145671935,0.018540341145671935,0,0.0035097897052764893,-1.7172442195735131,-1.6991186842398567,-1.2835488864061293
2014-11-21,developed_equity,0.011448770702543687,0.011448770702543687,0,0.0384247824549675,4.607317032970212,4.798917090123503,1.7340263424114013
2014-11-21,emerging_equity,-0.04170594993020904,-0.04170594993020904,0,0.014334116131067276,4.662365302265456,-2.869163840797015,-1.5351555622457975
2014-11-21,korea_equity,-0.01091746322568754,-0.01091746322568754,0,0.019607527181506157,6.463575093083231,-2.790619343434743,-2.002794681775442
2014-11-21,short_treasury,-0.0007083537279276575,-0.0007083537279276575,0,0.007400138303637505,-2.129788038643043,0.4635650635060074,-4.014194190363834
2014-11-21,treasury_7_10y,0.0131153510493065,0.0131153510493065,0,0.017963143065571785,-1.311807358765456,2.4177909244030937,-0.7312981438641669
2014-11-24,alternative,0.01137353794972884,0.01137353794972884,0,0.04106505960226059,6.1333935207684185,4.136839454475419,1.7677860020304308
2014-11-24,corp_bond_ig,0.020361785443962388,0.020361785443962388,0,0.003093292936682701,-1.9246273822656061,-1.4631879962273073,-1.1365144268447043
2014-11-24,developed_equity,0.013765768965886993,0.013765768965886993,0,0.03813563659787178,4.643408770842949,4.800396566892478,2.034391458732138
2014-11-24,emerging_equity,-0.04347830421526311,-0.04347830421526311,0,0.013405490666627884,4.3148043519975285,-2.9285047792276715,-1.325800138366972
2014-11-24,korea_equity,-0.01460499391715897,-0.01460499391715897,0,0.023817600682377815,8.384998580682497,-2.837014593292086,-2.7194267984783966
2014-11-24,short_treasury,-0.000354135044517756,-0.000354135044517756,0,0.006024694070219994,-2.445986817800847,0.3700759979762447,-3.9028461419927645
2014-11-24,treasury_7_10y,0.01661287318054061,0.01661287318054061,0,0.017741944640874863,-1.371912095377502,2.3848046386544097,-0.7346199184892701
2014-11-25,alternative,0.024582926996072896,0.024582926996072896,0,0.04097386822104454,5.901867839358835,4.165675131506374,2.0023160695640496
2014-11-25,corp_bond_ig,0.022620617748288163,0.022620617748288163,0,0.003286253660917282,-2.0766569206419563,-1.1428293004612442,-1.2316208399564816
2014-11-25,developed_equity,0.019752034816892472,0.019752034816892472,0,0.036045707762241364,4.775443576827767,3.9569045756868686,1.999301749799572
2014-11-25,emerging_equity,-0.023433752974360123,-0.023433752974360123,0,0.012278864160180092,3.8039480194523385,-3.0060275997370303,-1.1722163103767396
2014-11-25,korea_equity,-0.005992247841559828,-0.005992247841559828,0,0.0232884231954813,8.260038247874228,-2.9611528903540494,-2.7145464202448433
2014-11-25,short_treasury,0.0003540932349461734,0.0003540932349461734,0,0.005837555974721909,-2.7094291623621003,0.5239677238250022,-3.800791422590763
2014-11-25,treasury_7_10y,0.02083337698319987,0.02083337698319987,0,0.017596395686268806,-1.4239165835002432,2.4929365413113267,-0.6705423710801224
2014-11-26,alternative,0.01919724787896504,0.01919724787896504,0,0.03994213417172432,5.847971866773115,4.115169494575355,1.9729981219497632
2014-11-26,corp_bond_ig,0.02003842024836411,0.02003842024836411,0,0.0035262666642665863,-2.189839899207354,-0.9791809269865961,-0.9820550722762709
2014-11-26,developed_equity,0.017689523602486323,0.017689523602486323,0,0.03652799874544144,5.058969447811956,4.1032598237335645,2.110847717885991
2014-11-26,emerging_equity,-0.03754427886365774,-0.03754427886365774,0,0.010901041328907013,3.416409417210941,-3.1400386910911395,-1.037002697497183
2014-11-26,korea_equity,-0.01390819246686159,-0.01390819246686159,0,0.023868467658758163,8.619281130399514,-2.965527507199055,-2.903080736632152
2014-11-26,short_treasury,0.0002360042756301972,0.0002360042756301972,0,0.005293369293212891,-2.965260520687375,0.5827950871930884,-3.626941525317413
2014-11-26,treasury_7_10y,0.020041621961116585,0.020041621961116585,0,0.017665822058916092,-1.5732387444829665,2.6571452291315354,-0.4229161736001111
2014-11-28,alternative,0.02282702756180699,0.02282702756180699,0,0.03941828012466431,5.58769802166605,4.107096089302267,1.9975409223714202
2014-11-28,corp_bond_ig,0.01182451362846626,0.01182451362846626,0,0.003488156944513321,-2.355831368706219,-0.7605214814961889,-1.072656430344165
2014-11-28,developed_equity,0.017194352582146077,0.017194352582146077,0,0.036159347742795944,5.127025687809143,3.783741370633244,2.3948015492687897
2014-11-28,emerging_equity,-0.01759035041533319,-0.01759035041533319,0,0.009107816964387894,2.589339536955737,-3.2213613714900866,-0.9427922271205995
2014-11-28,korea_equity,-0.0014065019260264267,-0.0014065019260264267,0,0.020673789083957672,7.466612050196702,-3.1959703483742206,-2.693656525092699
2014-11-28,short_treasury,-0.0010618683933076856,-0.0010618683933076856,0,0.005036765709519386,-3.236393017289915,0.6931846069561964,-3.463060851326622
2014-11-28,treasury_7_10y,0.010076275263433132,0.010076275263433132,0,0.017624113708734512,-1.5849750069820454,2.81935942541046,-0.41210111572177616
2014-12-01,alternative,0.03105590146206816,0.03105590146206816,0,0.039271317422389984,5.7736893993395135,4.066608231273065,2.1886458871199004
2014-12-01,corp_bond_ig,0.02061343044541486,0.02061343044541486,0,0.003493955358862877,-2.4207274821034797,-0.7054205295867183,-0.942870164859606
2014-12-01,developed_equity,0.019280783742180008,0.019280783742180008,0,0.03478604927659035,4.928726477275221,3.412167738496671,2.5947692997946272
2014-12-01,emerging_equity,-0.0012257719033664793,-0.0012257719033664793,0,0.011571338400244713,3.0230862210638536,-3.0136073048112375,-0.8700565515799608
2014-12-01,korea_equity,0.0031886678962447235,0.0031886678962447235,0,0.019726881757378578,7.018547030460911,-3.232542662033194,-2.807930793577145
2014-12-01,short_treasury,-0.0003541414788454933,-0.0003541414788454933,0,0.004182625561952591,-3.481581770025807,0.5473888997650423,-3.4628467995386485
2014-12-01,treasury_7_10y,0.017872334653885824,0.017872334653885824,0,0.016916731372475624,-1.7408314181816598,2.8170121943347315,-0.39003444334466336
2014-12-02,alternative,0.03552397916700967,0.03552397916700967,0,0.03805093839764595,5.371537398298383,3.9166950096784965,2.4706964033575987
2014-12-02,corp_bond_ig,0.01585960215031279,0.01585960215031279,0,0.002879040315747261,-2.6502988970323367,-0.5244045615133793,-1.0876394601244233
2014-12-02,developed_equity,0.02328443909740119,0.02328443909740119,0,0.03344109654426575,4.443135291867431,3.196164904363714,2.7432874793722477
2014-12-02,emerging_equity,-0.002452145098441494,-0.002452145098441494,0,0.018816199153661728,5.688170392025663,-2.6797009035697434,-1.311755248824175
2014-12-02,korea_equity,0.012420169541497161,0.012420169541497161,0,0.01983475498855114,6.856806482322176,-3.24776088298451,-2.6040597672548054
2014-12-02,short_treasury,-0.0009447547327157135,-0.0009447547327157135,0,0.004473742097616196,-3.589354589298183,0.7809307087977332,-3.4269664168837886
2014-12-02,treasury_7_10y,0.013202881893666918,0.013202881893666918,0,0.01642444357275963,-1.8340597013900155,2.841836652260376,-0.38429124376122176
2014-12-03,alternative,0.0292293656134881,0.0292293656134881,0,0.03686853498220444,5.030453050911831,3.791439251527573,2.495458459089761
2014-12-03,corp_bond_ig,0.014242329006023624,0.014242329006023624,0,0.0022567249834537506,-2.8638133684933615,-0.5834747443006937,-1.0677250489301369
2014-12-03,developed_equity,0.011848055875885777,0.011848055875885777,0,0.032227128744125366,4.281630582828133,2.8825260993912094,2.8963568581910564
2014-12-03,emerging_equity,-0.012717057117279218,-0.012717057117279218,0,0.02316230535507202,6.9492603459584075,-2.529802253888271,-1.7832667641076978
2014-12-03,korea_equity,0.015974467934707137,0.015974467934707137,0,0.018357791006565094,6.3010395880581935,-3.377274599145524,-2.646185878734392
2014-12-03,short_treasury,-0.0007088558486105789,-0.0007088558486105789,0,0.004069393500685692,-3.69160630272693,0.7382994228190859,-3.3815331594581313
2014-12-03,treasury_7_10y,0.010634283610210238,0.010634283610210238,0,0.01637098751962185,-1.9964846990811407,2.8797366257743358,-0.1727797861071743
2014-12-04,alternative,0.022143489514718562,0.022143489514718562,0,0.03595142439007759,4.546921328826173,3.7089371878709008,2.528013984161917
2014-12-04,corp_bond_ig,0.011947818150410017,0.011947818150410017,0,0.001300949603319168,-3.001308677529716,-0.6699989217559177,-1.4550097826346946
2014-12-04,developed_equity,0.013267695426141035,0.013267695426141035,0,0.03071191906929016,3.6649445079108407,2.704839342394754,2.946589114517993
2014-12-04,emerging_equity,-0.025146455134744672,-0.025146455134744672,0,0.025232043117284775,6.943387936540548,-2.12770231413341,-1.353393799495629
2014-12-04,korea_equity,0.0021082703872521424,0.0021082703872521424,0,0.016967492178082466,5.881244034548144,-3.4928958995857404,-2.6033409629820343
2014-12-04,short_treasury,-0.00106274607026291,-0.00106274607026291,0,0.003724627196788788,-3.898917882691846,0.9022385527155149,-3.3704438950713245
2014-12-04,treasury_7_10y,0.007853100411463254,0.007853100411463254,0,0.01667189598083496,-1.957898128183733,3.0653180242454434,-0.17428962611410945
2014-12-05,alternative,0.022026431718061623,0.022026431718061623,0,0.035255175083875656,4.555202640726284,3.701268882856348,2.662461961148193
2014-12-05,corp_bond_ig,0.01748901389109303,0.01748901389109303,0,0.0006910599768161774,-3.293431008811748,-0.4758905460600615,-1.507634724407884
2014-12-05,developed_equity,0.008175480026039184,0.008175480026039184,0,0.028924057260155678,3.14105367442654,2.3214811839806426,2.9033595664958853
2014-12-05,emerging_equity,-0.02470650953622966,-0.02470650953622966,0,0.0232817605137825,6.173853527463003,-2.242768268358822,-1.210399548154755
2014-12-05,korea_equity,0.00865880327170121,0.00865880327170121,0,0.01641891896724701,5.381793796277227,-3.48342273365294,-2.5454874298579147
2014-12-05,short_treasury,0.001182993914174535,0.001182993914174535,0,0.0031411275267601013,-4.03157241382541,0.7463154317112776,-3.361686928165244
2014-12-05,treasury_7_10y,0.0140818589764109,0.0140818589764109,0,0.016470013186335564,-2.0391587890689684,3.082435342168404,-0.2426963080883233
2014-12-08,alternative,0.021314401051528487,0.021314401051528487,0,0.033740513026714325,4.108078784739538,3.459513455111085,2.526463015258451
2014-12-08,corp_bond_ig,0.0019341015848892695,0.0019341015848892695,0,-0.001028459519147873,-3.6365549822635725,-0.5281028394654886,-1.8482309448941276
2014-12-08,developed_equity,0.0012340098383933906,0.0012340098383933906,0,0.027014493942260742,2.5317220756240184,1.9635260745327312,2.625422009958985
2014-12-08,emerging_equity,-0.0253227529462573,-0.0253227529462573,0,0.02288115583360195,5.898818601325468,-2.230302053847095,-1.0503813100144297
2014-12-08,korea_equity,0.0030025077154645086,0.0030025077154645086,0,0.0158403180539608,4.945397363339719,-3.361798079302888,-2.359175793765879
2014-12-08,short_treasury,0.00023668094244500004,0.00023668094244500004,0,0.00301312655210495,-4.194629221630122,0.8611789112164344,-3.4240210726986757
2014-12-08,treasury_7_10y,0.00037933538819312496,0.00037933538819312496,0,0.016699574887752533,-2.0484789833126467,3.255033647133038,-0.30157252413026575
2014-12-09,alternative,0.018650075511357445,0.018650075511357445,0,0.03263802081346512,3.678981059854296,3.310776712802346,2.2948981304615104
2014-12-09,corp_bond_ig,0.005125194316556003,0.005125194316556003,0,-0.0016608424484729767,-3.9939190217990235,-0.35685979114458305,-1.7822226107378818
2014-12-09,developed_equity,0.008934728878060572,0.008934728878060572,0,0.025495847687125206,2.1962986278933414,1.6611041500714951,2.5686833220850085
2014-12-09,emerging_equity,-0.019799520935229853,-0.019799520935229853,0,0.020397527143359184,5.082719748885383,-2.4270073842696576,-1.0677071514163492
2014-12-09,korea_equity,-0.011403535541735343,-0.011403535541735343,0,0.014882691204547882,4.630158974265159,-3.523776780465121,-2.2406489458051313
2014-12-09,short_treasury,0.0003548051828987653,0.0003548051828987653,0,0.0019221752882003784,-4.36428702516102,0.7824307603516661,-3.5546072690568034
2014-12-09,treasury_7_10y,0.0013228176860098362,0.0013228176860098362,0,0.017015401273965836,-2.1065724722757952,3.3657246732648547,-0.23561176282287563
2014-12-10,alternative,0.011638344559312674,0.011638344559312674,0,0.03141406551003456,3.2868302095382838,3.1028740342273693,2.1845345008998525
2014-12-10,corp_bond_ig,0.007059979107335135,0.007059979107335135,0,-0.0023181848227977753,-4.03750650960354,-0.5638458903058924,-2.140930334317127
2014-12-10,developed_equity,0.0023693124591681602,0.0023693124591681602,0,0.024059493094682693,1.7340360605961183,1.6913423323104437,2.3955144830605244
2014-12-10,emerging_equity,-0.027219528299259332,-0.027219528299259332,0,0.021254023537039757,4.27683100496137,-1.7492660847834731,-0.158898140920173
2014-12-10,korea_equity,-0.02066630723923235,-0.02066630723923235,0,0.013460330665111542,4.015738582331776,-3.612682031234292,-2.093470103793626
2014-12-10,short_treasury,-0.00023640122679791098,-0.00023640122679791098,0,0.00032288581132888794,-4.643847906230638,0.7903316739700433,-3.704820999556298
2014-12-10,treasury_7_10y,0.001034618234267315,0.001034618234267315,0,0.014613201841711998,-2.163607961831594,2.6420882887029045,0.03514105977406214
2014-12-11,alternative,0.015287811369527171,0.015287811369527171,0,0.031073233112692833,3.069547450954211,3.154963069601126,2.207873207763961
2014-12-11,corp_bond_ig,0.013208814460392126,0.013208814460392126,0,-0.0036151520907878876,-4.396190226041979,-0.7198847317501625,-2.3141217224075277
2014-12-11,developed_equity,0.0027854726983509437,0.0027854726983509437,0,0.022913696244359016,1.3976534151859794,1.6639446316369189,2.2242942529463994
2014-12-11,emerging_equity,-0.011544401442382113,-0.011544401442382113,0,0.02079925872385502,3.4680564433542713,-1.4188901941116903,0.5708605721646838
2014-12-11,korea_equity,-0.009523855875326004,-0.009523855875326004,0,0.011803992092609406,3.394442887900979,-3.759409871266163,-2.3803076872876803
2014-12-11,short_treasury,0.00023642282612312826,0.00023642282612312826,0,8.240342140197754e-05,-4.746707657610806,0.744030390705425,-3.6150393560734098
2014-12-11,treasury_7_10y,0.0045223606528532745,0.0045223606528532745,0,0.013957664370536804,-2.16549922772041,2.3723009350411726,-0.02852738244321138
2014-12-12,alternative,0.03930525925400552,0.03930525925400552,0,0.029747750610113144,2.2361892080084234,3.0523366922084785,2.317806733533331
2014-12-12,corp_bond_ig,0.010583741911272204,0.010583741911272204,0,-0.005024328827857971,-4.654713364935498,-0.9315257718075023,-2.9013119911862737
2014-12-12,developed_equity,0.02956565660926369,0.02956565660926369,0,0.02154935896396637,1.0247493223838464,1.505041993651164,1.879243327680464
2014-12-12,emerging_equity,0.011215448707992737,0.011215448707992737,0,0.021032467484474182,3.489115610088824,-1.2336584260344412,1.252353749122549
2014-12-12,korea_equity,0.012937300850111688,0.012937300850111688,0,0.013524070382118225,3.570728713577709,-3.6329776917569414,-2.2955035974967952
2014-12-12,short_treasury,-0.0004724889416140021,-0.0004724889416140021,0,-0.00027431920170783997,-4.765256113992046,0.6353595718478727,-3.8138542941094493
2014-12-12,treasury_7_10y,-0.002710035601701688,-0.002710035601701688,0,0.011289168149232864,-2.5999737577515187,2.222680772078988,-0.8409972924068543
2014-12-15,alternative,0.04239629930065525,0.04239629930065525,0,0.02930356189608574,1.8547357495374264,3.1238984452711143,2.4568840045317675
2014-12-15,corp_bond_ig,0.005363273106746114,0.005363273106746114,0,-0.0058196112513542175,-4.813665142323591,-1.1955855082673106,-2.6307810827765863
2014-12-15,developed_equity,0.03178443003336673,0.03178443003336673,0,0.02242906391620636,1.0964136452693503,1.579448148317582,1.9974589925139503
2014-12-15,emerging_equity,0.013495589022959109,0.013495589022959109,0,0.019700396806001663,3.219568733074304,-1.281376021220429,1.8485654644110667
2014-12-15,korea_equity,-0.011724345730205088,-0.011724345730205088,0,0.012660514563322067,3.0607987277366115,-3.5516631445887654,-2.3228362597657792
2014-12-15,short_treasury,0.0003545955063586348,0.0003545955063586348,0,-0.0006382465362548828,-4.475524547299795,-0.1272780265130675,-3.61605198218371
2014-12-15,treasury_7_10y,-0.0005627948456435883,-0.0005627948456435883,0,0.007247241213917732,-3.1812161516835484,1.2816643948069606,-1.5341682969575996
2014-12-16,alternative,0.05064456793073191,0.05064456793073191,0,0.028033001348376274,1.553892389952353,2.98773464249368,2.2183888145575645
2014-12-16,corp_bond_ig,0.00670630745430012,0.00670630745430012,0,-0.004352085292339325,-4.56583889196556,-1.106816130794692,-2.6993754989846637
2014-12-16,developed_equity,0.05319909109836729,0.05319909109836729,0,0.021612005308270454,0.7538503611509463,1.7896188811727396,1.5871740573319466
2014-12-16,emerging_equity,0.027299199358427062,0.027299199358427062,0,0.019091010093688965,3.0641805051064446,-1.5349112151900521,1.6015011818667924
2014-12-16,korea_equity,-0.011557637028445922,-0.011557637028445922,0,0.013402162119746208,2.2084453834626903,-2.8510316625038303,-1.7472838854180346
2014-12-16,short_treasury,-0.00011815872475096079,-0.00011815872475096079,0,-0.0011025965213775635,-4.448766957518993,-0.39071627120212543,-3.4952749145412483
2014-12-16,treasury_7_10y,-0.0021463545079638546,-0.0021463545079638546,0,0.006460398435592651,-3.0601624923411244,0.98894077453797,-1.6794431830049086
2014-12-17,alternative,0.028105153112882864,0.028105153112882864,0,0.029846733435988426,1.7431860999789646,3.3941478431496668,2.488299474106679
2014-12-17,corp_bond_ig,0.008129410184244179,0.008129410184244179,0,-0.004677373915910721,-4.469267560221294,-1.3186505277453509,-2.559981625696638
2014-12-17,developed_equity,0.046411769180261464,0.046411769180261464,0,0.020969584584236145,0.6009810582631147,1.6680689233184212,1.2914701152708363
2014-12-17,emerging_equity,0.030486198966392486,0.030486198966392486,0,0.017886728048324585,2.8127193334584515,-1.7179548900013106,1.3299100301803741
2014-12-17,korea_equity,0.031855173240419976,0.031855173240419976,0,0.012768132612109184,1.816260146593528,-2.8370407775075015,-1.7203091558275314
2014-12-17,short_treasury,0.0005912622908625931,0.0005912622908625931,0,-0.0014949515461921692,-4.449637368499209,-0.5741170976171556,-3.518105613468956
2014-12-17,treasury_7_10y,0.006859644516951313,0.006859644516951313,0,0.006061043590307236,-3.18193842917115,0.8936765989666459,-1.606389271964063
2014-12-18,alternative,0.03214284351893837,0.03214284351893837,1,0.01845916360616684,3.229388736804968,0.4740132321498776,-0.1994665535846171
2014-12-18,corp_bond_ig,0.019507653667398372,0.019507653667398372,1,-0.007408469915390015,-6.4778507782256085,3.0083393955407995,-0.2743303676344551
2014-12-18,developed_equity,0.03509266617652673,0.03509266617652673,1,0.017336733639240265,3.843446801886423,-0.5797168024322125,-0.5850433867678002
2014-12-18,emerging_equity,0.04148297865648676,0.04148297865648676,1,0.019411444664001465,3.0710720726829956,0.0734959546823189,-0.2763609702920785
2014-12-18,korea_equity,0.051523951517079336,0.051523951517079336,1,0.005316674709320068,-3.174054636501063,1.9930031397379542,1.8148257414660194
2014-12-18,short_treasury,0.003549491998026788,0.003549491998026788,1,-0.01370217651128769,-8.029169839922941,4.547881100331001,-1.385928248748953
2014-12-18,treasury_7_10y,0.024192001190479484,0.024192001190479484,1,-0.0022340193390846252,-4.028607832584646,2.625716820944156,-0.02308628708125363
2014-12-19,alternative,0.03539021446353252,0.03539021446353252,1,0.018554717302322388,3.159727617172732,0.45192058135657653,-0.13684801043510378
2014-12-19,corp_bond_ig,0.014826640251160539,0.014826640251160539,1,-0.008287869393825531,-6.7247062928419,3.022714818374975,-0.48383178072665206
2014-12-19,developed_equity,0.022903963144221384,0.022903963144221384,1,0.015584014356136322,3.522181446543287,-0.8043909707380975,-1.2563188689233025
2014-12-19,emerging_equity,0.016735363628354483,0.016735363628354483,1,0.019596032798290253,2.9559099712317782,0.305363642870219,-0.2994838125891874
2014-12-19,korea_equity,0.03472595654101562,0.03472595654101562,1,0.005369842052459717,-3.14357225124983,1.8251608161751707,1.8568155086072098
2014-12-19,short_treasury,0.002959981088206831,0.002959981088206831,1,-0.014080539345741272,-8.453072379585091,4.69698582717443,-1.1112728852830855
2014-12-19,treasury_7_10y,0.01562944804084898,0.01562944804084898,1,-0.003709450364112854,-4.276336418730371,2.531933968067584,-0.3481274520127056
2014-12-22,alternative,0.03451410630719498,0.03451410630719498,1,0.01900939643383026,3.3723417628592185,0.2856089620626521,-0.08805594118723917
2014-12-22,corp_bond_ig,0.014445521849365983,0.014445521849365983,1,-0.011053554713726044,-7.753821352777731,3.784300835884806,-0.60734818036368
2014-12-22,developed_equity,0.034144337099024424,0.034144337099024424,1,0.016376733779907227,3.7542453026701668,-1.0317877061673517,-1.6154349840546218
2014-12-22,emerging_equity,0.017775539460465506,0.017775539460465506,1,0.018526926636695862,2.8396500162118934,0.24508524635711718,-0.4748307747732114
2014-12-22,korea_equity,0.03289826823794262,0.03289826823794262,1,0.0037576258182525635,-3.742378292966389,1.9221075905876404,1.8063885990286155
2014-12-22,short_treasury,0.0034326855422528446,0.0034326855422528446,1,-0.01476527750492096,-8.598464398257654,4.749035729542584,-1.2694529960331153
2014-12-22,treasury_7_10y,0.019772135318925077,0.019772135318925077,1,-0.005390912294387817,-4.957923649296182,3.1781124358369706,-0.08500997877443497
2014-12-23,alternative,0.04174234329313209,0.04174234329313209,1,0.018717236816883087,3.379416205922515,0.273334395345435,-0.6795125508512713
2014-12-23,corp_bond_ig,0.024568769090738574,0.024568769090738574,1,-0.011397264897823334,-7.966253392403754,3.881497256906528,-0.6450865364758678
2014-12-23,developed_equity,0.03515295547532116,0.03515295547532116,1,0.015450865030288696,3.7303827533484877,-1.4021308862319026,-2.799240838749129
2014-12-23,emerging_equity,0.030240909567724072,0.030240909567724072,1,0.017435014247894287,2.504899488508664,0.49703968368364365,-0.6455351000136775
2014-12-23,korea_equity,0.047377919855899675,0.047377919855899675,1,0.0038779526948928833,-3.596106671507795,1.5937436829053218,1.95154808004628
2014-12-23,short_treasury,0.00485843897469751,0.00485843897469751,1,-0.013259194791316986,-8.028550143911612,4.927886819127704,-1.6691077143725987
2014-12-23,treasury_7_10y,0.029621143671789474,0.029621143671789474,1,-0.005662843585014343,-5.107983862241877,3.375553696926401,-0.20250607082819208
2014-12-24,alternative,0.033484135278209815,0.033484135278209815,1,0.018811941146850586,3.585697248091861,0.10344061354112521,-0.9035391426730947
2014-12-24,corp_bond_ig,0.02556549653106699,0.02556549653106699,1,-0.011136852204799652,-7.841466696413313,4.127174086072568,-0.7607745691234398
2014-12-24,developed_equity,0.026622680648968666,0.026622680648968666,1,0.016049429774284363,3.983321734566253,-1.3802655864444233,-2.74088748776499
2014-12-24,emerging_equity,0.03196113476073825,0.03196113476073825,1,0.017794892191886902,2.5059002497003653,0.5995372125516846,-0.7911188888517253
2014-12-24,korea_equity,0.04441649332122721,0.04441649332122721,1,0.0038175880908966064,-3.9840135306968287,2.141339970993708,2.1032230823607456
2014-12-24,short_treasury,0.0050947902535751766,0.0050947902535751766,1,-0.011616609990596771,-7.180916055162798,4.704190480087945,-2.4283303501647824
2014-12-24,treasury_7_10y,0.03353918080092044,0.03353918080092044,1,-0.006373777985572815,-5.205304376406294,3.0709038117899614,-0.16243277671788806
2014-12-26,alternative,0.023444530553179188,0.023444530553179188,1,0.01897396892309189,3.6973765364082496,-0.11046294823505903,-0.8649676794147942
2014-12-26,corp_bond_ig,0.021428597073595013,0.021428597073595013,1,-0.012353092432022095,-8.229663040059215,4.185299082733135,-1.0162760312095906
2014-12-26,developed_equity,0.01713267565358323,0.01713267565358323,1,0.015106074512004852,3.8926155347877076,-1.6596115140693553,-3.5732777086962413
2014-12-26,emerging_equity,0.007610427846091339,0.007610427846091339,1,0.018072322010993958,2.58935293764768,0.5837153440077302,-0.7980566491806026
2014-12-26,korea_equity,0.03435930802157494,0.03435930802157494,1,0.0028708353638648987,-4.186404897923469,2.0632498221502185,2.1855570019936614
2014-12-26,short_treasury,0.005215062198508091,0.005215062198508091,1,-0.01267191767692566,-7.6646276758068534,4.908968288074937,-2.258950161130286
2014-12-26,treasury_7_10y,0.027706596317070842,0.027706596317070842,1,-0.007421731948852539,-5.673968076309522,3.4433164231302555,-0.44701090939739024
2014-12-29,alternative,0.023614882017752414,0.023614882017752414,1,0.019465357065200806,4.01494502701975,-0.017261175978477428,-0.8754889424981591
2014-12-29,corp_bond_ig,0.013167823958908809,0.013167823958908809,1,-0.011530540883541107,-7.768201364968297,4.2929582483705016,-1.1485060557194278
2014-12-29,developed_equity,0.008109915297465742,0.008109915297465742,1,0.01519264280796051,3.8062289835980962,-1.556088887084052,-2.900312201684055
2014-12-29,emerging_equity,0.00433890167486406,0.00433890167486406,1,0.01864631474018097,2.6912913235568348,0.7783885401873447,-0.7701136538125286
2014-12-29,korea_equity,0.02999824031922027,0.02999824031922027,1,0.002159900963306427,-4.45198705533519,2.2798662897074777,2.011566827931428
2014-12-29,short_treasury,0.0037892209163765678,0.0037892209163765678,1,-0.012372888624668121,-7.452089114626801,5.0260045110840235,-2.4737675147550573
2014-12-29,treasury_7_10y,0.01843968745382707,0.01843968745382707,1,-0.006990343332290649,-5.369048847045018,3.2002429618172377,-0.2807825359924971
2014-12-30,alternative,0.026339705413897407,0.026339705413897407,1,0.018876612186431885,3.7812762938870077,-0.004756664356099838,-1.055007404986488
2014-12-30,corp_bond_ig,0.016341212757232437,0.016341212757232437,1,-0.011845819652080536,-7.787638872330977,4.238021346214454,-1.1422131588338273
2014-12-30,developed_equity,0.014795349824936466,0.014795349824936466,1,0.014237478375434875,3.8699755139361485,-2.0478290870482803,-4.570685557189412
2014-12-30,emerging_equity,0.0050942631556292195,0.0050942631556292195,1,0.016882650554180145,2.219175817617539,0.869719049340658,-0.8763336675369565
2014-12-30,korea_equity,0.03802967091086851,0.03802967091086851,1,0.0011196732521057129,-4.644267022590263,2.0602394932296804,2.0937426023887165
2014-12-30,short_treasury,0.004024577703366283,0.004024577703366283,1,-0.01255209743976593,-7.661776369032992,4.938692556769464,-2.185868090458751
2014-12-30,treasury_7_10y,0.021252478904584038,0.021252478904584038,1,-0.007184043526649475,-5.595231080924171,3.1378130783214453,-0.2506048298381423
2014-12-31,alternative,0.033697603327916825,0.033697603327916825,1,0.020048290491104126,4.019763355765688,0.028232898153612407,-0.8281866704524236
2014-12-31,corp_bond_ig,0.01741892754266905,0.01741892754266905,1,-0.011225610971450806,-7.516733974390608,4.163882957234896,-1.1705292956847477
2014-12-31,developed_equity,0.027072212013261376,0.027072212013261376,1,0.014498129487037659,3.8459972876318456,-1.9259048765902749,-4.092244565649215
2014-12-31,emerging_equity,0.02367015229078917,0.02367015229078917,1,0.01740044355392456,2.241935139298916,1.1440299594809,-0.9252259131260618
2014-12-31,korea_equity,0.04141799380734379,0.04141799380734379,1,0.0013376623392105103,-4.864729677431491,2.1330120735603373,2.239256647838599
2014-12-31,short_treasury,0.0042628848236927475,0.0042628848236927475,1,-0.012921705842018127,-7.692924803415584,5.155153051780561,-2.5680289213721106
2014-12-31,treasury_7_10y,0.0200019132872038,0.0200019132872038,1,-0.0064378827810287476,-5.294074972914248,2.8474405296130865,-0.03779120229753821
2015-01-02,alternative,0.03196347031963476,0.03196347031963476,1,0.018680311739444733,3.652228476051923,0.13787074142058317,-1.0551535256282139
2015-01-02,corp_bond_ig,0.01568886943745973,0.01568886943745973,1,-0.011547349393367767,-7.497951969452057,3.895203863395321,-1.1801388248221347
2015-01-02,developed_equity,0.025401251305861683,0.025401251305861683,1,0.013900354504585266,3.7360502465511276,-2.039319157044835,-4.102703261101045
2015-01-02,emerging_equity,0.03507868440272932,0.03507868440272932,1,0.016604945063591003,1.9414640583853804,1.1309791257413333,-0.9497947207686518
2015-01-02,korea_equity,0.04624387929686846,0.04624387929686846,1,0.001953437924385071,-4.387387413188594,2.2919514204213494,1.7529689944776166
2015-01-02,short_treasury,0.0040217214834235016,0.0040217214834235016,1,-0.014349028468132019,-8.166941469237493,5.326402810754048,-2.5799619107160177
2015-01-02,treasury_7_10y,0.01745987638848101,0.01745987638848101,1,-0.006842359900474548,-5.636725179031138,2.973769287398376,-0.030531036024077394
2015-01-05,alternative,0.0507380066658667,0.0507380066658667,1,0.02029500901699066,4.111698666593181,-0.025230941811203556,-0.7725154353928169
2015-01-05,corp_bond_ig,0.01171878046613739,0.01171878046613739,1,-0.009846195578575134,-7.055308985315972,3.9478516476165484,-0.9396360325756037
2015-01-05,developed_equity,0.04573384153801263,0.04573384153801263,1,0.015212349593639374,3.830609884713344,-1.7821504806803734,-3.2450529812586577
2015-01-05,emerging_equity,0.06696426245917331,0.06696426245917331,1,0.01671644300222397,1.9523838759634278,1.2117485286979932,-0.877074999363095
2015-01-05,korea_equity,0.06218768621625492,0.06218768621625492,1,0.0038275420665740967,-3.520470271217216,2.585558989227004,0.9559161873073778
2015-01-05,short_treasury,0.0040217214834235016,0.0040217214834235016,1,-0.013563662767410278,-7.856401302348799,5.471156280426074,-2.6842572997818173
2015-01-05,treasury_7_10y,0.014461681725550068,0.014461681725550068,1,-0.005486190319061279,-4.979368346639177,2.666176636810203,-0.14889227139142072
2015-01-06,alternative,0.07591383631852189,0.07591383631852189,1,0.02007971704006195,4.046470417357138,-0.163984072804581,-0.5668642679076037
2015-01-06,corp_bond_ig,0.005959781766851746,0.005959781766851746,1,-0.009840928018093109,-7.013167824364412,3.628518825171891,-0.7404880519595542
2015-01-06,developed_equity,0.06691776774792846,0.06691776774792846,1,0.016071490943431854,3.91462428185188,-1.6286666521123416,-2.1140997027615374
2015-01-06,emerging_equity,0.08755283939439673,0.08755283939439673,1,0.015764817595481873,1.7234634329070904,1.1562691379436945,-0.7014660689516844
2015-01-06,korea_equity,0.07765179915091625,0.07765179915091625,1,0.004384756088256836,-3.2215848313939044,2.4272955692040386,1.0013465622351505
2015-01-06,short_treasury,0.0034287173001794624,0.0034287173001794624,1,-0.013746395707130432,-7.956523200021099,5.413483304510036,-2.5487126251321115
2015-01-06,treasury_7_10y,0.004819245928756599,0.004819245928756599,1,-0.005995161831378937,-5.038092745734957,2.584650484166847,-0.03485605268717665
2015-01-07,alternative,0.07441860465116279,0.07441860465116279,1,0.0204673632979393,4.083089435679897,-0.024244151765411726,-0.34908905726721223
2015-01-07,corp_bond_ig,0.005951898928970856,0.005951898928970856,1,-0.008965656161308289,-6.6858068944599305,3.4386045227658766,-0.5923232519261027
2015-01-07,developed_equity,0.0695440008988113,0.0695440008988113,1,0.016622379422187805,3.8480924261498646,-1.1089695814152742,-1.0564187871522634
2015-01-07,emerging_equity,0.0782136976772787,0.0782136976772787,1,0.01671980321407318,1.8500699907309714,1.3075322742896212,-0.299077146451723
2015-01-07,korea_equity,0.07833426140607469,0.07833426140607469,1,0.0032547861337661743,-3.5419198034988573,2.603868749703622,0.9215809803914436
2015-01-07,short_treasury,0.0037816081829085135,0.0037816081829085135,1,-0.013605982065200806,-7.887198170394967,5.46771870392333,-2.693996125972169
2015-01-07,treasury_7_10y,0.00630330295224657,0.00630330295224657,1,-0.005153462290763855,-4.910034041922015,2.201215715260929,0.2698792640555981
2015-01-08,alternative,0.06071762915189649,0.06071762915189649,1,0.02026192843914032,4.210063574206421,-0.0013327881291829158,-0.550584400303495
2015-01-08,corp_bond_ig,0.012854498248681345,0.012854498248681345,1,-0.008272215723991394,-6.3770498143394105,3.1106070558528187,-0.4120516829370034
2015-01-08,developed_equity,0.03969703737846775,0.03969703737846775,1,0.017381563782691956,3.985655994817665,-1.0438503366830516,-0.753604939050579
2015-01-08,emerging_equity,0.05482232902943851,0.05482232902943851,1,0.017349570989608765,2.010151482926757,1.564492584909323,-0.20428942681779197
2015-01-08,korea_equity,0.04570813261609419,0.04570813261609419,1,0.00371415913105011,-3.4711274352260033,2.606965015933641,0.8430547198740032
2015-01-08,short_treasury,0.0031910724632870924,0.0031910724632870924,1,-9.966641664505005e-05,-1.9896277411177572,3.823423893669497,-3.184809901235064
2015-01-08,treasury_7_10y,0.011262090999416774,0.011262090999416774,1,-0.00584489107131958,-5.105667672644718,2.503088606671942,0.24411500377596426
2015-01-09,alternative,0.06991726142489596,0.06991726142489596,1,0.020674914121627808,4.467865654157192,-0.1081037918463659,0.033078656069749884
2015-01-09,corp_bond_ig,0.009842802291090136,0.009842802291090136,1,-0.006651639938354492,-6.065697444053817,2.97817908089816,-0.05230788959951774
2015-01-09,developed_equity,0.05268377267451507,0.05268377267451507,1,0.017288625240325928,3.8996085511964416,-0.6251783769830436,-0.7149019741713294
2015-01-09,emerging_equity,0.08046854623316868,0.08046854623316868,1,0.017230764031410217,1.9320278879350814,1.5333472417200058,0.06993354871178942
2015-01-09,korea_equity,0.047610522142793155,0.047610522142793155,1,0.0027182698249816895,-3.6267972265646367,2.774454412042123,0.7645784760257678
2015-01-09,short_treasury,0.0023617967350191282,0.0023617967350191282,1,-9.246170520782471e-05,-2.000053251927164,4.230918640423614,-3.154522464224154
2015-01-09,treasury_7_10y,0.00537187945259987,0.00537187945259987,1,-0.005172207951545715,-4.732581833174075,2.046138675188093,0.36389640512672344
2015-01-12,alternative,0.08048107956004724,0.08048107956004724,1,0.020144470036029816,4.441673420712643,0.07120722749722222,-0.1950666564679764
2015-01-12,corp_bond_ig,0.002806934491824009,0.002806934491824009,1,0.0017503201961517334,-1.2710859778217365,-0.07180937269815066,-0.5523234095282702
2015-01-12,developed_equity,0.05363221622101433,0.05363221622101433,1,0.014763198792934418,3.4253446325934034,-0.47297112780936607,-1.086991185613601
2015-01-12,emerging_equity,0.10012830898048253,0.10012830898048253,1,0.016971424221992493,1.7771522340668018,1.643772057656039,0.2076031997285473
2015-01-12,korea_equity,0.04439296972175022,0.04439296972175022,1,0.0035760849714279175,-3.408117588159564,2.5973735195080403,0.7102555787421321
2015-01-12,short_treasury,0.0014162057409818907,0.0014162057409818907,1,0.006853073835372925,0.28541490847011436,5.138676386776296,-3.1492645161040476
2015-01-12,treasury_7_10y,-0.002215024154585965,-0.002215024154585965,1,-0.005746945738792419,-4.232868913586964,1.269266169195893,0.06843989248131074
2015-01-13,alternative,0.07948249857742118,0.07948249857742118,1,0.020679108798503876,3.829195504153737,0.6134555713398021,-0.38478716747831637
2015-01-13,corp_bond_ig,0.003299253818268566,0.003299253818268566,1,0.00012180209159851074,-1.7446315746712326,-0.32427295082204344,-0.4280164396215498
2015-01-13,developed_equity,0.07059152007774605,0.07059152007774605,1,0.009569726884365082,2.3632027595390963,-0.2355767194764486,-2.342057256868492
2015-01-13,emerging_equity,0.09137185209810283,0.09137185209810283,1,0.01835951954126358,1.9256383965784678,1.7246715806093589,0.6500049187929255
2015-01-13,korea_equity,0.053375690090713857,0.053375690090713857,1,0.0029017552733421326,-3.5735500855198095,2.946508631658022,0.4890477534235939
2015-01-13,short_treasury,0.0005897977409503596,0.0005897977409503596,1,0.009547337889671326,1.4028661858546103,4.568066265136128,-2.9090464375448524
2015-01-13,treasury_7_10y,-0.0034116655380277416,-0.0034116655380277416,1,-0.005635470151901245,-4.5894831414880635,1.1179233811893106,0.6585427416878382
2015-01-14,alternative,0.08703705116554539,0.08703705116554539,1,0.019683264195919037,3.432218769046253,1.0354134849792838,-0.5835374969551252
2015-01-14,corp_bond_ig,0.0012350887579093417,0.0012350887579093417,1,-0.004420086741447449,-3.9812891655197356,0.7354777922601259,0.036368133915869766
2015-01-14,developed_equity,0.06519870459561372,0.06519870459561372,1,0.011373519897460938,2.779299299460837,0.0002404428247622935,-2.431786071230591
2015-01-14,emerging_equity,0.09111854110822093,0.09111854110822093,1,0.01919497549533844,2.053634059310632,1.723506045824738,0.8430827614583735
2015-01-14,korea_equity,0.05691919030168546,0.05691919030168546,1,0.003336668014526367,-3.5433288945829724,2.8952642021753787,0.42503857563951736
2015-01-14,short_treasury,0.0005893601471664844,0.0005893601471664844,1,0.00900917500257492,1.3408664527815535,3.9391107166094343,-2.8541792367639873
2015-01-14,treasury_7_10y,-0.005965983613502868,-0.005965983613502868,1,-0.008269205689430237,-5.827844400372102,2.035726676456214,0.6403728910567908
2015-01-15,alternative,0.10028120790694173,0.10028120790694173,1,0.015378184616565704,1.9887889021121514,1.5628929337268769,-0.973189703049106
2015-01-15,corp_bond_ig,-0.001638307459345456,-0.001638307459345456,1,-0.0065154507756233215,-5.4700572386823865,1.749868746847977,0.48533318713486495
2015-01-15,developed_equity,0.07673483877494292,0.07673483877494292,1,0.006787903606891632,0.9890019609631328,0.3724234244639539,-3.035482598921832
2015-01-15,emerging_equity,0.0934627135258781,0.0934627135258781,1,0.019744835793972015,2.1610873613530814,1.7519006293010866,0.887720545273132
2015-01-15,korea_equity,0.07369912289062852,0.07369912289062852,1,0.0029590874910354614,-3.5294940733920757,2.977741974334771,0.3242270202700892
2015-01-15,short_treasury,-0.00047082057389824516,-0.00047082057389824516,1,0.005125001072883606,0.20662023164080753,4.5564327221585454,-3.2728493514534067
2015-01-15,treasury_7_10y,-0.011467005263296137,-0.011467005263296137,1,-0.007713638246059418,-5.959955290301554,2.4644166506260516,0.7519966686390576
2015-01-16,alternative,0.10167912160614723,0.10167912160614723,1,0.015086546540260315,1.720876223269928,1.628746937588709,-0.9308414320457985
2015-01-16,corp_bond_ig,0.004612829913963168,0.004612829913963168,1,-0.006722979247570038,-5.364295217754917,1.3616139801239147,0.7324937521946434
2015-01-16,developed_equity,0.06321916446694287,0.06321916446694287,1,0.007156036794185638,1.0758614452773092,0.5231649534475132,-2.7270559451077947
2015-01-16,emerging_equity,0.09192193211268829,0.09192193211268829,1,0.019794709980487823,2.3278910913291395,1.9352951571909118,0.9543151012363353
2015-01-16,korea_equity,0.08162902703102781,0.08162902703102781,1,0.0022940784692764282,-3.6623880260434336,2.961082103911993,0.1782367440369653
2015-01-16,short_treasury,0.0004712643357882573,0.0004712643357882573,1,0.004188835620880127,-0.026921139638012993,4.0835783504761745,-3.4322582730736686
2015-01-16,treasury_7_10y,-0.003575679753732963,-0.003575679753732963,1,-0.00821743905544281,-5.9579481427932866,2.2503864935768054,0.8967455901965866
2015-01-20,alternative,0.10408926335004032,0.10408926335004032,1,0.013775169849395752,1.6312267132253107,1.691103592564957,-1.435326992253058
2015-01-20,corp_bond_ig,0.0017258307359135916,0.0017258307359135916,1,-0.006833754479885101,-5.132749469026157,0.9935455404608997,0.6762455580442839
2015-01-20,developed_equity,0.059929298427837896,0.059929298427837896,1,0.007926411926746368,1.1820008014997259,0.9007800571292882,-2.7337165145958098
2015-01-20,emerging_equity,0.10220641004580155,0.10220641004580155,1,0.019950583577156067,2.2943518175009925,1.9153868748112381,1.1524884358932324
2015-01-20,korea_equity,0.09466191499293442,0.09466191499293442,1,0.0019968077540397644,-3.7772569517590715,2.8454670511556515,0.35356947509941444
2015-01-20,short_treasury,0.0014144595917249259,0.0014144595917249259,1,0.0033912062644958496,-0.03137211896731321,3.9472152110509215,-3.386930018351726
2015-01-20,treasury_7_10y,-0.0051225536055343746,-0.0051225536055343746,1,-0.007705286145210266,-5.903439028933388,2.0174404360102276,1.0913900314424074
2015-01-21,alternative,0.08897125429436259,0.08897125429436259,1,0.013250000774860382,1.4733205684574382,2.2370279567999813,-1.809529097561328
2015-01-21,corp_bond_ig,0.004850809673668577,0.004850809673668577,1,-0.005787968635559082,-4.666389816147582,0.658045923948357,0.9154331320069802
2015-01-21,developed_equity,0.050552245199353196,0.050552245199353196,1,0.009881660342216492,1.389107686729415,1.0543784288999578,-2.4138857712268873
2015-01-21,emerging_equity,0.05955338886636574,0.05955338886636574,1,0.021655455231666565,2.7038579854640026,1.9866976750101704,1.364749714136327
2015-01-21,korea_equity,0.07562138110601202,0.07562138110601202,1,0.0015110969543457031,-3.897042445383821,2.908792810864147,0.44477466263622967
2015-01-21,short_treasury,0.0009429730611498766,0.0009429730611498766,1,0.0030943304300308228,-0.030401876672580243,3.57079611050799,-3.461447857795275
2015-01-21,treasury_7_10y,0.0016544145232253449,0.0016544145232253449,1,-0.007598765194416046,-5.522072885047274,1.7246558438573223,1.040417003548781
2015-01-22,alternative,0.07201460114539704,0.07201460114539704,1,0.01287771761417389,1.4925931725253196,2.311409625580273,-2.164380218297565
2015-01-22,corp_bond_ig,0.002961261917045821,0.002961261917045821,1,-0.005576632916927338,-4.464041639917198,0.24215911946436514,0.9128677829058169
2015-01-22,developed_equity,0.04895104895104896,0.04895104895104896,1,0.009281903505325317,1.408698600246255,1.3949736707354643,-2.756299970479097
2015-01-22,emerging_equity,0.03871439406872623,0.03871439406872623,1,0.021874360740184784,2.6655401973380983,1.9008341685598138,1.6839066818251103
2015-01-22,korea_equity,0.07615892036490535,0.07615892036490535,1,0.002721145749092102,-3.6393163631180223,2.766946369801869,0.7244160958141181
2015-01-22,short_treasury,0.0011791782383501204,0.0011791782383501204,1,0.0028320997953414917,0.189176874115751,3.054128025262934,-3.455230925896284
2015-01-22,treasury_7_10y,0.002303510575987211,0.002303510575987211,1,-0.006419450044631958,-5.205628134097166,1.666630167583018,1.1194948007176133
2015-01-23,alternative,0.08234217519406783,0.08234217519406783,1,0.013083226978778839,1.4246407627249333,2.4501247690088306,-1.9747087674284123
2015-01-23,corp_bond_ig,-0.003107599421094398,-0.003107599421094398,1,-0.005807273089885712,-4.765049361300897,-0.029010547904277095,1.3128130774717088
2015-01-23,developed_equity,0.051801805430036874,0.051801805430036874,1,0.010834529995918274,1.6478605121861605,1.6335574028102837,-2.060489505875365
2015-01-23,emerging_equity,0.05274783156070639,0.05274783156070639,1,0.022593259811401367,2.7481899868210875,1.7867273121177805,2.094666210823693
2015-01-23,korea_equity,0.07075631723628173,0.07075631723628173,1,0.003062501549720764,-3.525741820596899,2.6378615444550184,0.7066848175655851
2015-01-23,short_treasury,0.0008249816863057369,0.0008249816863057369,1,0.0016988962888717651,-0.10795794057277605,2.633347078588331,-3.4655000204653836
2015-01-23,treasury_7_10y,-0.0063163202627685155,-0.0063163202627685155,1,-0.006565950810909271,-5.057977173408356,1.3204159839936158,1.1979639642408442
2015-01-26,alternative,0.07226739133281468,0.07226739133281468,1,0.012253090739250183,1.3843118483286763,2.5765370015085622,-2.2780133337445383
2015-01-26,corp_bond_ig,-0.009325148381582271,-0.009325148381582271,1,-0.006567426025867462,-4.835357025821433,-0.21989351672823093,1.5086328508846372
2015-01-26,developed_equity,0.042263324101621036,0.042263324101621036,1,0.011655561625957489,1.638606273431247,2.014798160143781,-1.8855764101205355
2015-01-26,emerging_equity,0.06351153090035822,0.06351153090035822,1,0.022636480629444122,2.7698885265769304,1.7645126563676286,2.235510457673478
2015-01-26,korea_equity,0.07724423559618288,0.07724423559618288,1,0.0036921873688697815,-3.314980252904927,2.6124567544563497,0.8691349395122878
2015-01-26,short_treasury,0.000589568638727167,0.000589568638727167,1,0.0005546286702156067,-0.20705126705685176,2.609165827819285,-3.505605518786169
2015-01-26,treasury_7_10y,-0.00981741183408058,-0.00981741183408058,1,-0.006547033786773682,-4.965166785443586,0.9921668071749241,1.4126658080592003
2015-01-27,alternative,0.07123535993852448,0.07123535993852448,1,0.012384846806526184,1.3027822086628058,2.9444111952368712,-2.135787414578946
2015-01-27,corp_bond_ig,-0.007520011414781758,-0.007520011414781758,1,-0.006611660122871399,-5.286658158486992,0.24146556493605048,1.7299636174592607
2015-01-27,developed_equity,0.04991636600838856,0.04991636600838856,1,0.0134519562125206,1.9015068955656826,2.129680644013347,-1.3510851401994681
2015-01-27,emerging_equity,0.07716955491720179,0.07716955491720179,1,0.022603332996368408,2.8329661972461238,1.789099690458624,2.3353903867972035
2015-01-27,korea_equity,0.0990392693265556,0.0990392693265556,1,0.004790119826793671,-3.0323746230155915,2.410352458750704,0.9028032310909526
2015-01-27,short_treasury,0.00047143095164048354,0.00047143095164048354,1,0.0006008446216583252,-0.028002820112271433,2.1114521195512794,-4.143115891764488
2015-01-27,treasury_7_10y,-0.008154658187883856,-0.008154658187883856,1,-0.006918109953403473,-4.485872499040971,0.7333237411250738,0.9744178468586232
2015-01-28,alternative,0.08775135594353878,0.08775135594353878,1,0.012183122336864471,1.3975369925498613,2.9155154608706937,-2.111534689079447
2015-01-28,corp_bond_ig,-0.012340640299283945,-0.012340640299283945,1,-0.006680116057395935,-5.35906248560187,0.5728652083690077,1.7811845597325686
2015-01-28,developed_equity,0.06928735069711012,0.06928735069711012,1,0.01237991452217102,1.6120566829482355,2.419018681356195,-1.3092581834950916
2015-01-28,emerging_equity,0.09297107780508829,0.09297107780508829,1,0.021611079573631287,2.636425256698167,1.5854033595520958,2.2276474984257555
2015-01-28,korea_equity,0.09798422834958664,0.09798422834958664,1,0.00510898232460022,-3.028431149695003,2.271197599586143,1.1160567211381214
2015-01-28,short_treasury,0.00011770705929659009,0.00011770705929659009,1,0.0003326311707496643,0.026082443155082645,2.127561697484107,-3.333324626805774
2015-01-28,treasury_7_10y,-0.012275014205394008,-0.012275014205394008,1,-0.006642356514930725,-4.46998727265224,0.6988997777763656,1.0133509166906345
2015-01-29,alternative,0.08340885488393979,0.08340885488393979,1,0.013108745217323303,1.5254908973736943,2.868390598046737,-1.74340746828611
2015-01-29,corp_bond_ig,-0.01074218525657944,-0.01074218525657944,1,-0.00666586309671402,-5.307020566173836,0.5553608051412959,1.7356452108020322
2015-01-29,developed_equity,0.07072994539927513,0.07072994539927513,1,0.013632744550704956,1.9182395866754811,2.472269806127893,-1.100308488307935
2015-01-29,emerging_equity,0.09720841549622872,0.09720841549622872,1,0.02211310714483261,2.835647346435963,1.5753209311350773,2.440398533452316
2015-01-29,korea_equity,0.10064991237520493,0.10064991237520493,1,0.005898028612136841,-2.7023325912788576,2.3612695705730307,1.132308332285518
2015-01-29,short_treasury,0.00035351566520214206,0.00035351566520214206,1,-4.7460198402404785e-06,-0.09868114553748444,1.8325491881971303,-3.446118331051419
2015-01-29,treasury_7_10y,-0.010311135059571819,-0.010311135059571819,1,-0.007122695446014404,-4.518379705460118,0.44350791127069344,0.9151683406364822
2015-01-30,alternative,0.09798539264344708,0.09798539264344708,1,0.012672245502471924,1.5342392593508298,2.763372928477791,-1.8370854616126915
2015-01-30,corp_bond_ig,-0.024618638040066476,-0.024618638040066476,1,-0.007362492382526398,-5.934248129525462,1.1481764254726379,1.7678440874100572
2015-01-30,developed_equity,0.08301123793281961,0.08301123793281961,1,0.014056742191314697,1.8534246966317784,2.5254035640394665,-1.0615543098800855
2015-01-30,emerging_equity,0.12993335815852003,0.12993335815852003,1,0.021365530788898468,2.523382635792514,1.4617960233241085,2.3330804676868575
2015-01-30,korea_equity,0.12920033116918095,0.12920033116918095,1,0.005477316677570343,-2.7310777898015024,2.565327881589763,0.8628161046832852
2015-01-30,short_treasury,-0.0012944293481554903,-0.0012944293481554903,1,0.0002025812864303589,-0.13712594319112303,1.7610706797303404,-3.0485150646847323
2015-01-30,treasury_7_10y,-0.02342834822060147,-0.02342834822060147,1,-0.008185237646102905,-4.9929381168846465,1.2268684843992597,0.6988634300047409
2015-02-02,alternative,0.08227846835142905,0.08227846835142905,1,0.013916783034801483,1.7663715593614984,3.0276965362198145,-1.606960140885758
2015-02-02,corp_bond_ig,-0.030969530910985754,-0.030969530910985754,1,-0.006566107273101807,-5.705968843428051,0.8876071121845746,2.018519292812328
2015-02-02,developed_equity,0.05668071541188158,0.05668071541188158,1,0.015408098697662354,2.0869382006411206,2.688674147148404,-0.6693745226000032
2015-02-02,emerging_equity,0.09617320184857236,0.09617320184857236,1,0.02238421142101288,2.7199632952648356,1.4130119290980214,2.6674725123007708
2015-02-02,korea_equity,0.0950865514193937,0.0950865514193937,1,0.005336977541446686,-2.699265029201127,2.6098750427498913,0.6851091423586175
2015-02-02,short_treasury,-0.0004710423503279104,-0.0004710423503279104,1,0.0005293786525726318,0.11680889464217846,1.0240038261982705,-3.9622302534654543
2015-02-02,treasury_7_10y,-0.024222132967683385,-0.024222132967683385,1,-0.007673315703868866,-4.73237306012194,0.912318206904654,0.7129756883926535
2015-02-03,alternative,0.05585102173687484,0.05585102173687484,1,0.013637259602546692,1.7917212847836594,2.942647661166275,-1.536039700810703
2015-02-03,corp_bond_ig,-0.022254795535084693,-0.022254795535084693,1,-0.0067252665758132935,-5.364344287766879,0.4302180182427565,1.7780335270966336
2015-02-03,developed_equity,0.043102193230027286,0.043102193230027286,1,0.014523990452289581,1.926923092554391,3.1124140646043625,-0.9711545291777486
2015-02-03,emerging_equity,0.05955027859448725,0.05955027859448725,1,0.022481009364128113,2.9150004942222547,1.272238361481355,2.5297047986476437
2015-02-03,korea_equity,0.07315786261307555,0.07315786261307555,1,0.005673035979270935,-2.3875540864921567,2.2455821415140274,0.6372307173282099
2015-02-03,short_treasury,0.00023576043395023838,0.00023576043395023838,1,0.00012931227684020996,-0.0007791204227745385,0.8453414449618545,-2.8398510241007826
2015-02-03,treasury_7_10y,-0.01619400021080286,-0.01619400021080286,1,-0.008411712944507599,-4.769807952260948,0.5931116318534605,0.6521018729483892
2015-02-04,alternative,0.07072517226244424,0.07072517226244424,1,0.014158226549625397,1.9388233761899636,3.5586017648523205,-1.4326944579311949
2015-02-04,corp_bond_ig,-0.03166720535344503,-0.03166720535344503,1,-0.00689031183719635,-5.412369868320938,0.22855897442867668,1.9444833798510432
2015-02-04,developed_equity,0.053777053712564804,0.053777053712564804,1,0.016357526183128357,2.2183046697380386,3.178622644585001,-0.5312648617670497
2015-02-04,emerging_equity,0.07126890735685243,0.07126890735685243,1,0.02174694836139679,2.6902083249930113,1.241745634017884,2.68318084950001
2015-02-04,korea_equity,0.06792385819024549,0.06792385819024549,1,0.006962567567825317,-1.9413610500008398,2.0476594401472745,0.7769907220774259
2015-02-04,short_treasury,-0.0007070181258804764,-0.0007070181258804764,1,-0.0005479305982589722,0.018264394275589728,0.5937616447737254,-3.1890157419796283
2015-02-04,treasury_7_10y,-0.02466207978487167,-0.02466207978487167,1,-0.00829605758190155,-4.41414218963023,0.23266637168722393,0.40422259020573154
2015-02-05,alternative,0.06095407872699643,0.06095407872699643,1,0.013311371207237244,1.8500986223672937,3.3906143138199276,-1.3468676132237472
2015-02-05,corp_bond_ig,-0.03168638097278187,-0.03168638097278187,1,-0.00729312002658844,-5.175759411558511,-0.17350573867758712,1.8559277807582644
2015-02-05,developed_equity,0.053048181940023253,0.053048181940023253,1,0.01674412190914154,2.290084621191414,3.4857035328271184,-0.40678372821131065
2015-02-05,emerging_equity,0.07109358645873765,0.07109358645873765,1,0.022635072469711304,2.925232043472181,1.0022888955409635,2.771859157150956
2015-02-05,korea_equity,0.08153606216745968,0.08153606216745968,1,0.007094725966453552,-1.7356823275416493,1.9858072390337478,0.5563725792370451
2015-02-05,short_treasury,-0.0003536340757910317,-0.0003536340757910317,1,-0.0009475201368331909,-0.15790849071334795,0.6476796623008979,-3.28873723862126
2015-02-05,treasury_7_10y,-0.02310234901136088,-0.02310234901136088,1,-0.008806578814983368,-4.545379633036784,0.06340781790627475,0.5379730704674874
2015-02-06,alternative,0.05971483743201378,0.05971483743201378,1,0.013745814561843872,2.132100115488463,4.238518847734429,-1.4392432416900804
2015-02-06,corp_bond_ig,-0.02310799261100338,-0.02310799261100338,1,-0.00590292364358902,-4.702218473760967,-0.4653786695860554,2.0237552328628836
2015-02-06,developed_equity,0.04232805525542793,0.04232805525542793,1,0.018004849553108215,2.7141520093128872,3.7094002644552373,0.0002934092187924754
2015-02-06,emerging_equity,0.07785028874633637,0.07785028874633637,1,0.022938579320907593,3.1461473775537883,0.9048695561530712,2.9833792140334143
2015-02-06,korea_equity,0.08601955271775608,0.08601955271775608,1,0.00773167610168457,-1.3346231699156974,1.8668843677692242,0.3311911510695462
2015-02-06,short_treasury,0.0017724392147826507,0.0017724392147826507,1,-0.0003574788570404053,0.04529695588986612,0.35871401188614926,-3.444007443665858
2015-02-06,treasury_7_10y,-0.013721521866851938,-0.013721521866851938,1,-0.007629401981830597,-3.970849159256463,-0.025169826440549103,0.511430272256665
2015-02-09,alternative,0.05347593728338329,0.05347593728338329,1,0.014244690537452698,2.213781424555269,4.42087465267477,-1.3882069902143404
2015-02-09,corp_bond_ig,-0.027958757852770577,-0.027958757852770577,1,-0.005768187344074249,-4.421389776540548,-0.5628777781574404,1.8440072529359322
2015-02-09,developed_equity,0.04502102310069289,0.04502102310069289,1,0.01752564311027527,2.6022295379264277,3.945130251759121,-0.06974480598942992
2015-02-09,emerging_equity,0.06614691094418079,0.06614691094418079,1,0.02320660650730133,3.167506007642047,0.7819936887068214,2.9278364074024577
2015-02-09,korea_equity,0.07537419142453028,0.07537419142453028,1,0.008251473307609558,-1.0161198049127842,1.7042997573371743,0.21881913422066898
2015-02-09,short_treasury,0.0015362473315827518,0.0015362473315827518,1,0.00017411261796951294,0.0379017935122711,0.6709259295085984,-2.9859918121913873
2015-02-09,treasury_7_10y,-0.018087348041932683,-0.018087348041932683,1,-0.007686927914619446,-4.110009521667487,-0.05797803748288555,0.5665073571506635
2015-02-10,alternative,0.05338078219348219,0.05338078219348219,1,0.014747902750968933,2.3934382174422613,4.705564946438539,-1.1529515877712966
2015-02-10,corp_bond_ig,-0.021419090118344197,-0.021419090118344197,1,-0.005244344472885132,-4.343769577034699,-0.7832798604422158,1.9370958250077808
2015-02-10,developed_equity,0.03889433441929535,0.03889433441929535,1,0.01905634254217148,2.8724598350974575,3.9086986949364833,0.3619366457536756
2015-02-10,emerging_equity,0.06732228930698803,0.06732228930698803,1,0.022115275263786316,2.9985409569022052,0.6366136146300243,2.8075589042267035
2015-02-10,korea_equity,0.07180039608212585,0.07180039608212585,1,0.008425042033195496,-0.9246744107865884,1.6220038702329367,0.14069053030358059
2015-02-10,short_treasury,0.001418472207404875,0.001418472207404875,1,-0.0003658011555671692,-0.06626137989315165,0.5392848303047906,-3.094690222287989
2015-02-10,treasury_7_10y,-0.011437635730538465,-0.011437635730538465,1,-0.00682753324508667,-3.736009624889765,-0.2555601517151539,0.5014850066786996
2015-02-11,alternative,0.0686887125998874,0.0686887125998874,1,0.013511702418327332,2.1106982752295553,5.015610068580656,-1.2814132894337278
2015-02-11,corp_bond_ig,-0.016446263336938105,-0.016446263336938105,1,-0.005382329225540161,-4.276890378284662,-0.8751039425803008,1.917669388927176
2015-02-11,developed_equity,0.05306292274175384,0.05306292274175384,1,0.018951386213302612,2.8805985799364713,3.8108959741416832,0.4210802426311097
2015-02-11,emerging_equity,0.08890018021223356,0.08890018021223356,1,0.02302498370409012,3.1844483246201487,0.3984062669112254,2.993746656547249
2015-02-11,korea_equity,0.08975288053302632,0.08975288053302632,1,0.00864679366350174,-0.28762534958233366,2.3399241256848295,-0.6212268454093861
2015-02-11,short_treasury,0.002718304288854112,0.002718304288854112,1,0.00017824769020080566,-0.07849145279343914,0.6895450677662417,-3.0499370916890864
2015-02-11,treasury_7_10y,-0.007255802598110428,-0.007255802598110428,1,-0.006277814507484436,-3.6862991108591006,-0.2774027467765574,0.7410988551956952
2015-02-12,alternative,0.05008784530216359,0.05008784530216359,1,0.013903133571147919,2.464051603651178,5.075069367790347,-1.0696818280922884
2015-02-12,corp_bond_ig,-0.028851702831083403,-0.028851702831083403,1,-0.004260696470737457,-4.073138769521533,-1.0730544600885297,2.174313484304584
2015-02-12,developed_equity,0.04113355019047771,0.04113355019047771,1,0.0186934694647789,2.9722341516870756,4.138030294289722,0.2569858884585607
2015-02-12,emerging_equity,0.05595623106763137,0.05595623106763137,1,0.02298279106616974,3.3037784728836157,0.24557022301446274,2.8693388799381068
2015-02-12,korea_equity,0.06621080189353923,0.06621080189353923,1,0.008410170674324036,-0.33780676588080816,2.405259497894057,-0.7329819845369179
2015-02-12,short_treasury,0.001417801836571142,0.001417801836571142,1,0.001168578863143921,0.2186295660519126,0.22334575785245328,-3.239341910940258
2015-02-12,treasury_7_10y,-0.017388903948874823,-0.017388903948874823,1,-0.005472809076309204,-3.314711200879698,-0.3781582483653094,0.7882538031691595
2015-02-13,alternative,0.04279477315178082,0.04279477315178082,1,0.013259857892990112,2.342981377224994,4.916040665070067,-1.1491950940568019
2015-02-13,corp_bond_ig,-0.02640074810117543,-0.02640074810117543,1,-0.003627762198448181,-3.7359486902438146,-1.1350093726696722,2.1128895537244374
2015-02-13,developed_equity,0.030958933373020026,0.030958933373020026,1,0.01729920506477356,2.6695269754933197,4.018841418078285,0.0174916395776343
2015-02-13,emerging_equity,0.040570484390599404,0.040570484390599404,1,0.02160985767841339,2.8945449242801002,0.32547409530068605,2.555817452802837
2015-02-13,korea_equity,0.05782619577111214,0.05782619577111214,1,0.008101493120193481,-0.29046705230835923,2.0010305643060176,-0.8579271717867909
2015-02-13,short_treasury,0.001535884385106323,0.001535884385106323,1,0.0018222108483314514,0.25810366773976345,0.39888056596287813,-2.8367326710702954
2015-02-13,treasury_7_10y,-0.013342044234970207,-0.013342044234970207,1,-0.005545958876609802,-3.3374789736794663,-0.4734292442294305,0.7402042529461141
2015-02-17,alternative,0.0452173647673233,0.0452173647673233,1,0.011703386902809143,1.9044862876357433,4.131315977553925,-1.3032360805726944
2015-02-17,corp_bond_ig,-0.022782056541509776,-0.022782056541509776,1,-0.002987101674079895,-3.55113145803868,-1.310254250681052,2.106474357147614
2015-02-17,developed_equity,0.028241707915292125,0.028241707915292125,1,0.01665208488702774,2.533590947081448,3.588832829336472,-0.1598144340875796
2015-02-17,emerging_equity,0.04484967010108476,0.04484967010108476,1,0.021213874220848083,2.8901469607757138,0.23174957536895247,2.5104421016348457
2015-02-17,korea_equity,0.0663328994140795,0.0663328994140795,1,0.00893140584230423,-0.12248673508479421,2.001823812891248,-0.965145323762927
2015-02-17,short_treasury,0.0024822587264807794,0.0024822587264807794,1,0.0013881027698516846,-0.5688290543247652,-0.9220136264969899,-1.4843849632368706
2015-02-17,treasury_7_10y,-0.007611328439489973,-0.007611328439489973,1,-0.005028389394283295,-3.0872673552529912,-0.47827079777906617,0.6529481325569927
2015-02-18,alternative,0.052038159940955175,0.052038159940955175,1,0.00916464626789093,1.082863068046142,2.999919463843293,-1.3654813851228027
2015-02-18,corp_bond_ig,-0.022949434242771627,-0.022949434242771627,1,-0.0025320276618003845,-3.399841993905534,-1.1952920364969233,1.9829640419572392
2015-02-18,developed_equity,0.031503540561074184,0.031503540561074184,1,0.014657773077487946,1.8997557587702634,3.160021736149904,-0.09294147984465076
2015-02-18,emerging_equity,0.055459699702365306,0.055459699702365306,1,0.020208820700645447,2.560858186583181,0.06724141480595902,2.3900978295041777
2015-02-18,korea_equity,0.07770636520881591,0.07770636520881591,1,0.008971080183982849,0.07121696048321227,2.0290753698232815,-1.222603409890343
2015-02-18,short_treasury,0.0022432402391037165,0.0022432402391037165,1,0.0011997520923614502,-0.673693247414481,-0.6849523636385515,-1.6397263628549463
2015-02-18,treasury_7_10y,-0.008977827379901271,-0.008977827379901271,1,-0.004581540822982788,-3.1523125060409805,-0.6171776062303811,0.6878333930356137
2015-02-19,alternative,0.05445119462341985,0.05445119462341985,1,0.0076234787702560425,0.7573641871794904,2.6887853712263365,-1.3986135723964261
2015-02-19,corp_bond_ig,-0.015992710476426808,-0.015992710476426808,1,-0.003885626792907715,-4.187086082403785,-0.8107559941060017,2.0840578242012064
2015-02-19,developed_equity,0.037016994670286074,0.037016994670286074,1,0.01418893039226532,2.0500912457314024,2.600421062118649,-0.11315966418268511
2015-02-19,emerging_equity,0.06806930435976444,0.06806930435976444,1,0.019407711923122406,2.4988593390955494,-0.13148924447860577,2.2085540064507794
2015-02-19,korea_equity,0.07268483755086041,0.07268483755086041,1,0.009414061903953552,0.3270472907294186,1.755265024603536,-1.2632355856958757
2015-02-19,short_treasury,0.002835178493129309,0.002835178493129309,1,0.00241774320602417,-0.32524490177554755,-0.9203662490087885,-1.6556784729650917
2015-02-19,treasury_7_10y,0.0006562881344536198,0.0006562881344536198,1,-0.00384385883808136,-2.8770757260117854,-0.5616653814353981,0.5566384876530992
2015-02-20,alternative,0.052540900553765146,0.052540900553765146,1,0.0053719282150268555,0.1851584478204696,2.0460862506148345,-1.6418978711604366
2015-02-20,corp_bond_ig,-0.02498762417019451,-0.02498762417019451,1,-0.0036577582359313965,-4.113735317715226,-0.8396997416540956,2.037034612893662
2015-02-20,developed_equity,0.021964658045104724,0.021964658045104724,1,0.008869752287864685,0.524283537046276,2.1588133608825335,-0.5557922483411913
2015-02-20,emerging_equity,0.05015984773476201,0.05015984773476201,1,0.020667091012001038,2.6806778110770035,-0.20070372314701734,2.2174897139548655
2015-02-20,korea_equity,0.05803813855263451,0.05803813855263451,1,0.009241282939910889,0.40512251038355646,1.5955470688136728,-1.33927139482859
2015-02-20,short_treasury,0.0023629129216020672,0.0023629129216020672,1,0.002591162919998169,-0.3827982129678722,-0.9327845785120702,-1.5410821309663343
2015-02-20,treasury_7_10y,-0.005534674918722837,-0.005534674918722837,1,-0.00369417667388916,-2.9009064429217313,-0.39555187498693445,0.3093871853219205
2015-02-23,alternative,0.055363335729728735,0.055363335729728735,1,0.0035015493631362915,-0.035153327914953215,1.5465140645372033,-1.7508776005951694
2015-02-23,corp_bond_ig,-0.03347899456568415,-0.03347899456568415,1,-0.002727612853050232,-3.867527481923623,-0.9842583274525093,2.030069812199366
2015-02-23,developed_equity,0.03818236181979229,0.03818236181979229,1,0.007599741220474243,0.34352370450426273,1.8835772023241695,-0.4806949583318029
2015-02-23,emerging_equity,0.06259315854009473,0.06259315854009473,1,0.020546048879623413,2.7441447256122284,-0.308057792301551,2.130314640324219
2015-02-23,korea_equity,0.06374999455043251,0.06374999455043251,1,0.009937748312950134,0.5962169597846619,1.3700434271217465,-1.3023652822166747
2015-02-23,short_treasury,0.0012990152332916782,0.0012990152332916782,1,0.0032482072710990906,-0.2796435232040947,-1.0109946944421375,-1.5665286502579148
2015-02-23,treasury_7_10y,-0.014473764827414248,-0.014473764827414248,1,-0.0032948479056358337,-2.833169145824415,-0.31690581501540505,0.20536321118672482
2015-02-24,alternative,0.04970011313993594,0.04970011313993594,1,0.0017974451184272766,-0.369434331058824,1.1527561712767322,-2.090062989645704
2015-02-24,corp_bond_ig,-0.03858757314993133,-0.03858757314993133,1,-0.001798674464225769,-3.654969065058948,-0.9824775607285957,2.106324891138371
2015-02-24,developed_equity,0.02324335893111029,0.02324335893111029,1,0.006681919097900391,-0.04281807657497471,1.31181354019498,-0.4880006756183899
2015-02-24,emerging_equity,0.046767870721740934,0.046767870721740934,1,0.019907847046852112,2.442324396293549,-0.31140314765810884,2.0472969277833077
2015-02-24,korea_equity,0.06223401110942617,0.06223401110942617,1,0.010666146874427795,0.8415121994092557,1.3186920920087188,-1.20775418727657
2015-02-24,short_treasury,0.0008259551011706723,0.0008259551011706723,1,0.0027525201439857483,-0.41541708781331266,-0.9881173344363154,-1.8251646076052588
2015-02-24,treasury_7_10y,-0.018831227747894697,-0.018831227747894697,1,-0.00235680490732193,-2.6266808417621057,-0.3648062385951301,0.26215858028572875
2015-02-25,alternative,0.054794466860144775,0.054794466860144775,1,0.001268133521080017,-0.3889467315878437,0.7983426480171864,-1.9065252946460984
2015-02-25,corp_bond_ig,-0.034869399776407684,-0.034869399776407684,1,-0.0001638159155845642,-3.2611313713063264,-0.8547620760309267,2.097157458061548
2015-02-25,developed_equity,0.027008913201484352,0.027008913201484352,1,0.005048230290412903,-0.26250761859085225,0.6184361439479561,-0.4993310647728348
2015-02-25,emerging_equity,0.045142301971485166,0.045142301971485166,1,0.023172229528427124,3.647245386906386,-1.0404911468506148,2.612856554929184
2015-02-25,korea_equity,0.05024679853287495,0.05024679853287495,1,0.011003091931343079,0.9611376594176545,1.0022011856723299,-1.2458195455095211
2015-02-25,short_treasury,0.0011799229984790216,0.0011799229984790216,1,0.004367738962173462,-0.04621256962183238,-1.327126534438335,-1.7275294426789674
2015-02-25,treasury_7_10y,-0.013901760693119547,-0.013901760693119547,1,-0.0018547475337982178,-2.3028210005412517,-0.38273040039370243,-0.05535796685161112
2015-02-26,alternative,0.05836912490779245,0.05836912490779245,1,-0.0012970119714736938,-1.4212903111463298,0.9716987363576218,-1.8498560598039393
2015-02-26,corp_bond_ig,-0.030285575182938396,-0.030285575182938396,1,0.00012867897748947144,-3.1448246683830656,-0.9222139387445998,2.050817276999987
2015-02-26,developed_equity,0.02857522440644722,0.02857522440644722,1,0.0034039467573165894,-0.745714357982629,0.5239167905590104,-0.709626134390186
2015-02-26,emerging_equity,0.04831987242050628,0.04831987242050628,1,0.021367989480495453,3.273929424799117,-1.0233731805959385,2.2203328899470978
2015-02-26,korea_equity,0.05404929112782675,0.05404929112782675,1,0.010781638324260712,0.9305672531586336,0.9030281863026403,-1.2216572124776837
2015-02-26,short_treasury,0.0014172995060490745,0.0014172995060490745,1,0.003852859139442444,-0.12691445678077748,-1.5739842476982786,-2.081479549916274
2015-02-26,treasury_7_10y,-0.010255439606685846,-0.010255439606685846,1,-0.000854000449180603,-2.014984861569737,-0.3815734077611509,-0.27053093011241575
2015-02-27,alternative,0.04991396905407197,0.04991396905407197,1,-0.0018915235996246338,-1.489853584461692,0.4654495778063859,-1.5380180785471607
2015-02-27,corp_bond_ig,-0.028325160026232976,-0.028325160026232976,1,0.0018413960933685303,-2.824602487950042,-0.9467678314321372,2.285367743209758
2015-02-27,developed_equity,0.013683882888897658,0.013683882888897658,1,0.0023091286420822144,-0.5905398722078365,0.17168810946019497,-0.8769654745279176
2015-02-27,emerging_equity,0.03240058027591841,0.03240058027591841,1,0.021511688828468323,3.4915324282170364,-1.2299985001701144,2.1870754278144515
2015-02-27,korea_equity,0.03955496771181832,0.03955496771181832,1,0.012753427028656006,1.4779840896731586,0.8042558082481884,-1.0584749529066813
2015-02-27,short_treasury,0.0011807096472120637,0.0011807096472120637,1,0.005277521908283234,0.27835092380716764,-1.556135590358062,-2.3706333247177014
2015-02-27,treasury_7_10y,-0.007617983086899538,-0.007617983086899538,1,-3.2275915145874023e-05,-1.779038021436485,-0.4460088692347155,-0.23692056436920964
2015-03-02,alternative,0.049742736943904076,0.049742736943904076,1,-0.0015781968832015991,-1.444676519453486,0.47757712027942434,-1.4661718177924743
2015-03-02,corp_bond_ig,-0.016193298271823697,-0.016193298271823697,1,0.002283141016960144,-2.6289296851392767,-0.9717966069534709,2.2762488454072596
2015-03-02,developed_equity,0.018739145268841018,0.018739145268841018,1,0.0022773146629333496,-0.6090887449090155,0.18149776049441296,-1.0856779860017152
2015-03-02,emerging_equity,0.03416910961703179,0.03416910961703179,1,0.020192831754684448,3.2016540704778014,-1.2081014714413294,1.9590410635932507
2015-03-02,korea_equity,0.016298637973939822,0.016298637973939822,1,0.013218119740486145,1.6008116786967364,0.8401787193930573,-0.9427422933074958
2015-03-02,short_treasury,0.0024822587264807794,0.0024822587264807794,1,0.004808738827705383,0.08533195813939923,-1.5013511761179397,-2.171997457484981
2015-03-02,treasury_7_10y,0.0008437608402562802,0.0008437608402562802,1,0.0003135949373245239,-1.8521006336534003,-0.64734383446782,-0.09791012912215694
2015-03-03,alternative,0.05679867708133779,0.05679867708133779,1,-0.0020239055156707764,-1.3936764906097752,0.06631621191607155,-1.3470584959000018
2015-03-03,corp_bond_ig,-0.01769835712857104,-0.01769835712857104,1,0.00316629558801651,-2.5442926204659004,-0.9680057923299411,2.343476672288821
2015-03-03,developed_equity,0.01857331354961933,0.01857331354961933,1,0.0008766502141952515,-0.6739119239096322,-0.27421051185255757,-1.1715047944034664
2015-03-03,emerging_equity,0.02848653842719373,0.02848653842719373,1,0.019455157220363617,3.3117783774264886,-1.3509371724314818,1.5381023643365015
2015-03-03,korea_equity,0.010307479652116092,0.010307479652116092,1,0.013172321021556854,1.7031260633473828,0.583456808839223,-0.9603364950787476
2015-03-03,short_treasury,0.0031922042707650533,0.0031922042707650533,1,0.0059568434953689575,0.27949851280319227,-1.5801807615079644,-1.9988699117695643
2015-03-03,treasury_7_10y,0.003945867712437545,0.003945867712437545,1,0.00018967688083648682,-1.8906619671388196,-0.5085755433496427,-0.3631138270758848
2015-03-04,alternative,0.05979204016155548,0.05979204016155548,1,-0.0021598786115646362,-1.3883595665154067,0.0228077356447432,-1.264519037759576
2015-03-04,corp_bond_ig,-0.01662925131639892,-0.01662925131639892,1,0.002762116491794586,-2.629664860078581,-1.0656968156528486,2.2405385838248777
2015-03-04,developed_equity,0.013768852832814371,0.013768852832814371,1,0.0005793273448944092,-0.7680133713075119,-0.36377688449029133,-1.3491945373193388
2015-03-04,emerging_equity,0.029802119148863104,0.029802119148863104,1,0.018268480896949768,2.90049877172096,-1.4112934829065147,1.3823246811047998
2015-03-04,korea_equity,0.01332395352971183,0.01332395352971183,1,0.013647511601448059,1.7826669152910763,0.5367407498374088,-0.7816491430624831
2015-03-04,short_treasury,0.003191539921168385,0.003191539921168385,1,0.005477257072925568,0.20302012374499648,-1.6878944970716494,-2.0186410774013446
2015-03-04,treasury_7_10y,0.0037551777927600227,0.0037551777927600227,1,-0.0003644675016403198,-1.973484612375458,-0.3695767673858959,-0.5353606700543574
2015-03-05,alternative,0.05431037113584325,0.05431037113584325,1,-0.0028339996933937073,-1.347072029162305,-0.4620639339070759,-1.1850941797411678
2015-03-05,corp_bond_ig,-0.02615628595778996,-0.02615628595778996,1,0.002661570906639099,-2.9373856793228046,-1.0768288475970078,2.469828796507455
2015-03-05,developed_equity,0.01959730530478554,0.01959730530478554,1,-0.0009456351399421692,-0.8506858174632209,-0.7022783633136247,-1.5583296015020511
2015-03-05,emerging_equity,0.02733885582615847,0.02733885582615847,1,0.018222607672214508,3.074705196203468,-1.51894912128779,1.2048569782596725
2015-03-05,korea_equity,0.0028030806285830323,0.0028030806285830323,1,0.014935784041881561,2.3163134865066053,0.3724920340170731,-0.4398663494294384
2015-03-05,short_treasury,0.0017724392147826507,0.0017724392147826507,1,0.006551414728164673,0.5293448206350823,-1.603259216832062,-1.8868840294380074
2015-03-05,treasury_7_10y,-0.002814815599584519,-0.002814815599584519,1,0.00015649199485778809,-1.884487028577371,-0.265427189404442,-0.5945027214232719
2015-03-06,alternative,0.07130432128906228,0.07130432128906228,1,-0.002473577857017517,-1.2726629321912564,-0.47902428077156717,-1.168597722249714
2015-03-06,corp_bond_ig,-0.020730182031652333,-0.020730182031652333,1,0.002628535032272339,-2.793740867607033,-1.0516189350689664,2.040641675919549
2015-03-06,developed_equity,0.036702279216418665,0.036702279216418665,1,-0.0007673278450965881,-0.8211490861295997,-0.6968363986412549,-1.652601069392657
2015-03-06,emerging_equity,0.04737648216687251,0.04737648216687251,1,0.01772918552160263,2.9543524017362643,-1.6024412622120843,0.9846720182940091
2015-03-06,korea_equity,0.004930423926447158,0.004930423926447158,1,0.01473139226436615,2.240754885274724,0.29987521961737296,-0.38646363649880217
2015-03-06,short_treasury,0.002720555063263852,0.002720555063263852,1,0.0058930665254592896,0.37201412690170876,-1.5374315591463366,-2.1764081012000527
2015-03-06,treasury_7_10y,0.000474007515123942,0.000474007515123942,1,0.0002043023705482483,-1.9064439460286002,-0.3985072438368818,-0.6255626812213899
2015-03-09,alternative,0.08108110984479278,0.08108110984479278,1,-0.002477191388607025,-1.1368076340120563,-1.0020127128737644,-0.9535052928235144
2015-03-09,corp_bond_ig,-0.030928672015299696,-0.030928672015299696,1,0.003333151340484619,-2.7494939640402705,-1.0033199009339102,2.205301054399043
2015-03-09,developed_equity,0.02942773825356504,0.02942773825356504,1,-0.0013371631503105164,-0.808027583339621,-1.0633043981919836,-1.6123970169228563
2015-03-09,emerging_equity,0.04602401454793448,0.04602401454793448,1,0.018775291740894318,3.5201936580727895,-1.8928863293559322,1.14637213215707
2015-03-09,korea_equity,0.006211220910309345,0.006211220910309345,1,0.016633518040180206,2.896327830321749,-0.026959789216701502,-0.19710588712774682
2015-03-09,short_treasury,0.0018916532188593127,0.0018916532188593127,1,0.006771862506866455,0.5041786670294118,-1.4269756559152569,-2.166917535179804
2015-03-09,treasury_7_10y,-0.012643932108325262,-0.012643932108325262,1,0.00010035187005996704,-2.0391197521392157,-0.06447947987910913,-0.7298723784716992
2015-03-10,alternative,0.08849557522123885,0.08849557522123885,1,-0.002148851752281189,-1.1346108469758942,-0.9336813441664501,-0.9114645147500363
2015-03-10,corp_bond_ig,-0.027457861157626606,-0.027457861157626606,1,0.003150932490825653,-2.694982476111315,-0.9217953416159851,1.8777862424980747
2015-03-10,developed_equity,0.0401835298001485,0.0401835298001485,1,-0.0007241666316986084,-0.8546747017259534,-1.0216211923307665,-1.5180219230962217
2015-03-10,emerging_equity,0.05360876430648576,0.05360876430648576,1,0.017589792609214783,2.983702954194115,-1.808163709458783,0.9707456992036305
2015-03-10,korea_equity,0.024376935106983577,0.024376935106983577,1,0.016468927264213562,2.69042886035047,0.059900491554270185,-0.018561379098264195
2015-03-10,short_treasury,0.0017730677137635098,0.0017730677137635098,1,0.006493613123893738,0.4440778959516939,-1.429234020707984,-2.1756350783243614
2015-03-10,treasury_7_10y,-0.012026672701556218,-0.012026672701556218,1,0.00014541298151016235,-1.9387856704377742,-0.0507474578760434,-0.9105007350490777
2015-03-11,alternative,0.08325953409065501,0.08325953409065501,1,-0.0013226866722106934,-1.015486248953519,-1.3497017204415482,-0.5544519238095286
2015-03-11,corp_bond_ig,-0.037283051169905046,-0.037283051169905046,1,0.0036680400371551514,-2.4912637744151636,-1.0993951704192466,1.781664135016867
2015-03-11,developed_equity,0.03791671329074431,0.03791671329074431,1,-0.0013304948806762695,-1.0248842090976225,-1.2400116396677843,-1.312384703198595
2015-03-11,emerging_equity,0.04100705634861468,0.04100705634861468,1,0.01824924349784851,3.2125247321180797,-2.059611333168246,0.9212207761680586
2015-03-11,korea_equity,0.01306243168823129,0.01306243168823129,1,0.01782529056072235,3.0492154776384983,-0.10292459089519795,0.27843448130816423
2015-03-11,short_treasury,0.0008274195754935931,0.0008274195754935931,1,0.007531911134719849,0.7812966904939582,-1.4461727165689593,-1.9939022515054095
2015-03-11,treasury_7_10y,-0.02091543143394914,-0.02091543143394914,1,0.0010852590203285217,-1.9275014941676452,0.04508194250405145,-0.6899781171864254
2015-03-12,alternative,0.07211965521309116,0.07211965521309116,1,-0.0007570162415504456,-1.0020924324912925,-1.06109420227863,-0.549360604169734
2015-03-12,corp_bond_ig,-0.036987756949084405,-0.036987756949084405,1,0.0037440210580825806,-2.293812908659382,-0.9617155026204217,1.4140033679641697
2015-03-12,developed_equity,0.019923119015621493,0.019923119015621493,1,-0.00045096129179000854,-0.9657699336667246,-1.1249453608414457,-1.2956527163609686
2015-03-12,emerging_equity,0.03430482333386409,0.03430482333386409,1,0.017489001154899597,3.0741853770539254,-1.8736932838251377,0.5057145419895248
2015-03-12,korea_equity,0.005216782060286418,0.005216782060286418,1,0.017864994704723358,3.2893618542316854,-0.2958659389828866,0.1350201533492061
2015-03-12,short_treasury,0.0011817356520369415,0.0011817356520369415,1,0.006845660507678986,0.7167047186677803,-1.4476668723603192,-2.2900840407113194
2015-03-12,treasury_7_10y,-0.020427288982759806,-0.020427288982759806,1,0.0014586523175239563,-1.7664845863318077,0.1867828021427598,-0.6427598368941214
2015-03-13,alternative,0.06808138533616859,0.06808138533616859,1,0.00028783828020095825,-0.6372873825029872,-1.3123612838613476,-0.4585569436630007
2015-03-13,corp_bond_ig,-0.03859302188632052,-0.03859302188632052,1,0.004265293478965759,-2.179590846206439,-0.9917685003495172,1.5560221925537354
2015-03-13,developed_equity,0.02652297534374437,0.02652297534374437,1,-0.0003074854612350464,-0.8492500077900617,-1.2242861192311782,-1.2546199308826531
2015-03-13,emerging_equity,0.04073110716361317,0.04073110716361317,1,0.018299192190170288,3.4189837300117696,-1.8340237479446226,0.11227663673552982
2015-03-13,korea_equity,0.016973905633066444,0.016973905633066444,1,0.01838412880897522,3.329830014153683,-0.31575369150933336,0.33466326973910526
2015-03-13,short_treasury,0.000590843121595297,0.000590843121595297,1,0.008026152849197388,1.0333708008915192,-1.5695215774297397,-2.099899205098858
2015-03-13,treasury_7_10y,-0.022147153382336304,-0.022147153382336304,1,0.0020734891295433044,-1.6056796385876615,0.51378299616464,-0.7453055444160064
2015-03-16,alternative,0.0744960570873967,0.0744960570873967,1,3.886222839355469e-05,-0.72671293817528,-1.0073234941012685,-0.6619653002137731
2015-03-16,corp_bond_ig,-0.04213504632273213,-0.04213504632273213,1,0.003884449601173401,-2.220762669725768,-0.71023620793235,1.257755982440756
2015-03-16,developed_equity,0.029897644251279942,0.029897644251279942,1,0.00044623762369155884,-0.7046578816366144,-1.1022803196946578,-1.487723596409454
2015-03-16,emerging_equity,0.04334366300120407,0.04334366300120407,1,0.01792796701192856,3.107284858717789,-1.2124970181772594,0.1962123842514921
2015-03-16,korea_equity,0.011692777911399999,0.011692777911399999,1,0.017444327473640442,3.1198910282119248,-0.41800440920818754,0.011148199956661133
2015-03-16,short_treasury,0.0002363453757701084,0.0002363453757701084,1,0.0074867308139801025,0.8604338241289896,-1.4732601720779104,-2.1356295781077668
2015-03-16,treasury_7_10y,-0.02927146024955618,-0.02927146024955618,1,0.0014383569359779358,-1.9750534310386534,0.7430408006066135,-0.5878866540786853
2015-03-17,alternative,0.08201054053990409,0.08201054053990409,1,0.0012905001640319824,-0.41743957341282295,-1.3644022093250106,-0.6143369333064511
2015-03-17,corp_bond_ig,-0.035248132276156974,-0.035248132276156974,1,0.0041054487228393555,-1.9970387713323714,-0.7614276909379487,1.2379445112269047
2015-03-17,developed_equity,0.03381236807832222,0.03381236807832222,1,0.0012516677379608154,-0.524015622455454,-1.3179923844757797,-1.3632083175507557
2015-03-17,emerging_equity,0.02626887574710568,0.02626887574710568,1,0.018660716712474823,2.8518306738082617,-1.3478943307001983,0.7930960343130431
2015-03-17,korea_equity,-0.018066984908291728,-0.018066984908291728,1,0.017524264752864838,3.3518356366235973,-0.24880648056322058,0.07685202635039198
2015-03-17,short_treasury,0.0007090233590918427,0.0007090233590918427,1,0.009082213044166565,1.1971556390258138,-1.266838307204804,-1.6430467260202912
2015-03-17,treasury_7_10y,-0.023611747487337298,-0.023611747487337298,1,0.002075374126434326,-1.570624419684285,1.2216487964999014,-0.8227391165507346
2015-03-18,alternative,0.06055363401727942,0.06055363401727942,2,0.02144564874470234,0.9561980718184112,0.7035069140410921,-1.9004852401434016
2015-03-18,corp_bond_ig,-0.04861623004144511,-0.04861623004144511,2,0.012623175978660583,-0.643384423858012,1.4904829136219397,-0.6255495188073136
2015-03-18,developed_equity,0.009013832267462663,0.009013832267462663,2,0.01612013950943947,0.5294657375205789,-0.8012043937548975,-2.7039486621307303
2015-03-18,emerging_equity,0.0017426814217682551,0.0017426814217682551,2,0.021275794133543968,2.3583640847715093,-0.8528121672661094,1.9049915181970896
2015-03-18,korea_equity,-0.04399584674499568,-0.04399584674499568,2,0.014878273010253906,0.9159511302514055,-1.6908211280554144,-0.5006310369134032
2015-03-18,short_treasury,-0.0018863007933328513,-0.0018863007933328513,2,0.011367734521627426,0.15931329202430627,-0.9797732042834604,-1.5097772571040267
2015-03-18,treasury_7_10y,-0.03524635349355221,-0.03524635349355221,2,0.014079410582780838,0.05477613437601642,0.7628515463481437,-0.8638774813932256
2015-03-19,alternative,0.06660822590497073,0.06660822590497073,2,0.02020755223929882,0.8481892246099829,0.6260850787725823,-2.1341375028121496
2015-03-19,corp_bond_ig,-0.04391250208682684,-0.04391250208682684,2,0.012552093714475632,-0.5360011972028025,1.2164241335778117,-0.6085691849092976
2015-03-19,developed_equity,0.01221324286425407,0.01221324286425407,2,0.015255540609359741,0.4862887684235175,-0.9521109540364945,-2.6998166619753436
2015-03-19,emerging_equity,0.007596840321840936,0.007596840321840936,2,0.016854360699653625,1.6241048190024001,-1.7034754432398431,1.7618926970734587
2015-03-19,korea_equity,-0.03618248082416131,-0.03618248082416131,2,0.01302853599190712,0.6289687453931065,-2.0060025068643172,-0.5571483545123506
2015-03-19,short_treasury,-0.00011807503646055206,-0.00011807503646055206,2,0.011029016226530075,0.20750783487679877,-1.2432842682258756,-1.4321436360376896
2015-03-19,treasury_7_10y,-0.028367526745847194,-0.028367526745847194,2,0.01458686962723732,0.25919078484438907,0.5297907763245261,-0.9186266776479416
2015-03-20,alternative,0.06496928381688893,0.06496928381688893,2,0.02022658661007881,0.8323646153992476,0.5537000983941904,-1.9630282316519758
2015-03-20,corp_bond_ig,-0.04420112940662835,-0.04420112940662835,2,0.011677246540784836,-0.6596497877360575,0.9511541679262845,-0.6936722439183858
2015-03-20,developed_equity,-0.0005347001314365274,-0.0005347001314365274,2,0.015564948320388794,0.3302379995065345,-0.8462761377259532,-2.4877440939548343
2015-03-20,emerging_equity,-0.006986092345364847,-0.006986092345364847,2,0.01605996862053871,1.362594464679527,-1.5320827525544165,1.7121787450240777
2015-03-20,korea_equity,-0.051756995928238125,-0.051756995928238125,2,0.012578941881656647,0.5561692585269751,-2.0239837658833633,-0.5689731652789839
2015-03-20,short_treasury,-0.00047178586429830194,-0.00047178586429830194,2,0.012145377695560455,0.4240102194525176,-1.2574288065693087,-1.3159347641876784
2015-03-20,treasury_7_10y,-0.028621535813848298,-0.028621535813848298,2,0.014272350817918777,0.2272493562888454,0.4508352546493957,-0.9823056648772587
2015-03-23,alternative,0.05836234120326189,0.05836234120326189,2,0.01974419131875038,0.6807531170761578,0.5503223997307655,-2.1841740100936016
2015-03-23,corp_bond_ig,-0.04648103957254335,-0.04648103957254335,2,0.01033606007695198,-0.8271220477571626,0.6719328693897744,-0.7753755417940871
2015-03-23,developed_equity,-0.001065311034244787,-0.001065311034244787,2,0.015720944851636887,0.2734272622274825,-0.5450711697397087,-2.3391688536222683
2015-03-23,emerging_equity,-0.00398009563123225,-0.00398009563123225,2,0.01150628924369812,0.5264961777677766,-2.1081525434543007,1.525409398507295
2015-03-23,korea_equity,-0.04592541318204513,-0.04592541318204513,2,0.011056199669837952,0.35450333292920666,-2.3846240646094436,-0.47729185167441507
2015-03-23,short_treasury,-0.00011794971545420196,-0.00011794971545420196,2,0.012178603559732437,0.4437759331410787,-1.3273463297891388,-1.2679086043056667
2015-03-23,treasury_7_10y,-0.02932227196551651,-0.02932227196551651,2,0.01523987203836441,0.38806551621330715,0.4330739602407955,-0.9630761725535205
2015-03-24,alternative,0.06917689787206704,0.06917689787206704,2,0.02063733898103237,0.6858753606256902,0.6629261581010586,-2.320678636911218
2015-03-24,corp_bond_ig,-0.04961045980944978,-0.04961045980944978,2,0.0026311054825782776,-2.3588634874377714,0.48439680540356095,0.3037541834395279
2015-03-24,developed_equity,0.0010694002628730548,0.0010694002628730548,2,0.017015691846609116,-0.19670059420258204,0.13605604002836913,-2.202971756765157
2015-03-24,emerging_equity,0.0012388314247875343,0.0012388314247875343,2,0.011179786175489426,0.5994953841593081,-2.0758352677346315,2.0013551464190744
2015-03-24,korea_equity,-0.0392562417719321,-0.0392562417719321,2,0.008803579956293106,-0.07547940048861898,-2.529330615805425,-0.6035305260465665
2015-03-24,short_treasury,-0.00023581600883115783,-0.00023581600883115783,2,0.013573721051216125,0.6894002459029598,-1.1554567363604369,-1.2093910027695236
2015-03-24,treasury_7_10y,-0.033002356850309944,-0.033002356850309944,2,0.01141110435128212,-0.5091463082639223,0.46619379165684965,-0.6932151537976493
2015-03-25,alternative,0.03876653326765567,0.03876653326765567,2,0.02061798982322216,0.8065830546159816,0.7010345728416707,-2.730243285391273
2015-03-25,corp_bond_ig,-0.041382198950250415,-0.041382198950250415,2,-0.002725910395383835,-3.35671272807553,0.15086316254516602,0.9909482296641132
2015-03-25,developed_equity,0.015766044783446453,0.015766044783446453,2,0.01652451977133751,-0.4639484251549442,0.17951432661334127,-1.8906771011461054
2015-03-25,emerging_equity,0.008559923014571202,0.008559923014571202,2,0.008560385555028915,0.06961182555528952,-2.4165147853627653,2.002355781925404
2015-03-25,korea_equity,-0.03650520135299007,-0.03650520135299007,2,0.007544945925474167,-0.24424761454814503,-2.780400565883607,-0.5648605139735372
2015-03-25,short_treasury,0.00023587163113769627,0.00023587163113769627,2,0.01338392123579979,0.5329275524513041,-0.7193541005880715,-1.167962352263995
2015-03-25,treasury_7_10y,-0.023635838023252198,-0.023635838023252198,2,0.00793573260307312,-1.0650735510731482,0.04899809047404351,-0.04220347198201828
2015-03-26,alternative,0.05590064971032005,0.05590064971032005,2,0.021453186869621277,0.8783090376822993,0.7443512207128457,-2.672475680039163
2015-03-26,corp_bond_ig,-0.043046394422761036,-0.043046394422761036,2,-0.00325915589928627,-3.612354534161374,0.2537522915617553,1.0669126152052044
2015-03-26,developed_equity,0.029042882317571683,0.029042882317571683,2,0.017780538648366928,-0.1915638381392977,0.2039342435021399,-1.9788728081799247
2015-03-26,emerging_equity,0.032782743724265595,0.032782743724265595,2,0.008739732205867767,0.10928265392180689,-2.324311781695078,2.152601429958932
2015-03-26,korea_equity,-0.01604468052309649,-0.01604468052309649,2,0.007031600922346115,-0.30958990524816465,-2.8595148701390656,-0.4147697480497967
2015-03-26,short_treasury,0.0,0.0,2,0.018001750111579895,1.088939551645516,0.16162529374360057,-0.985893200628677
2015-03-26,treasury_7_10y,-0.02636951177682456,-0.02636951177682456,2,0.009123582392930984,-0.8713261349141419,0.18420321601718415,-0.11951842674197685
2015-03-27,alternative,0.05752212389380529,0.05752212389380529,2,0.021666815504431725,0.9710899556626067,0.6638559978506018,-3.0015500160690953
2015-03-27,corp_bond_ig,-0.048977593182662815,-0.048977593182662815,2,-0.0030402876436710358,-3.4783809617985164,0.1178088590642284,0.9858068363495186
2015-03-27,developed_equity,0.029976794747766267,0.029976794747766267,2,0.017807956784963608,-0.09494229624159725,0.20020572259646707,-2.0564028648335
2015-03-27,emerging_equity,0.04004059472156474,0.04004059472156474,2,0.006214860826730728,-0.5562388640137256,-2.4763207378161947,1.9110727809480714
2015-03-27,korea_equity,-0.008897388769163794,-0.008897388769163794,2,0.006040561944246292,-0.5696100608093394,-2.8916586727907516,-0.39227415979922986
2015-03-27,short_treasury,-0.0008252734623446223,-0.0008252734623446223,2,0.01825481280684471,1.116637397989929,0.1781063616362926,-1.1376977994218058
2015-03-27,treasury_7_10y,-0.033111373844909364,-0.033111373844909364,2,0.00894244760274887,-0.9355917458393717,0.2594488222677384,-0.0794486939476294
2015-03-30,alternative,0.0449339072609789,0.0449339072609789,2,0.021769415587186813,0.8549526592275447,0.7457252703338563,-2.9093934902364738
2015-03-30,corp_bond_ig,-0.04798744179909764,-0.04798744179909764,2,-0.0017244964838027954,-3.2722440286272323,0.38847842394165777,0.736907211836477
2015-03-30,developed_equity,0.01847826954547771,0.01847826954547771,2,0.02059522271156311,0.43947048177618536,0.3762667156447268,-2.3977413684664324
2015-03-30,emerging_equity,0.013177492869494545,0.013177492869494545,2,0.00706544890999794,-0.4194693958651191,-2.3465941973954934,1.9395219922277702
2015-03-30,korea_equity,-0.021882634528693434,-0.021882634528693434,2,0.006915729492902756,-0.39140973690535263,-2.8475424704783134,-0.3311158159988504
2015-03-30,short_treasury,-0.00023578167246840476,-0.00023578167246840476,2,0.019333932548761368,0.9762572449782543,1.006710946899827,-0.9241864989651142
2015-03-30,treasury_7_10y,-0.030154491886279056,-0.030154491886279056,2,0.010058227926492691,-0.7070774651696269,0.23235619946447678,-0.24197413192959089
2015-03-31,alternative,0.05221240288388418,0.05221240288388418,2,0.021538367494940758,1.0586021131300034,0.6127935777007988,-3.42262833526971
2015-03-31,corp_bond_ig,-0.05126939372860129,-0.05126939372860129,2,-2.6497989892959595e-05,-2.7990016200440277,0.28153814713241343,0.42633332352623543
2015-03-31,developed_equity,0.006669359679164488,0.006669359679164488,2,0.020515792071819305,0.477678720326363,0.27555229666548653,-2.3654355714175956
2015-03-31,emerging_equity,0.004485429862567392,0.004485429862567392,2,0.005439113825559616,-0.9593173179949727,-2.467856126027835,1.6200015549276618
2015-03-31,korea_equity,-0.02026554530742597,-0.02026554530742597,2,0.007114715874195099,-0.48739297792543435,-2.6911012694861123,-0.3385309631781137
2015-03-31,short_treasury,-0.0012959544522974653,-0.0012959544522974653,2,0.020210660994052887,1.0638781476373338,1.2003831289552254,-1.0710015824292776
2015-03-31,treasury_7_10y,-0.035058613093051916,-0.035058613093051916,2,0.010021373629570007,-0.7727628789591907,0.3582724354632142,-0.3729832519590684
2015-04-01,alternative,0.042142189271812125,0.042142189271812125,2,0.021980268880724907,1.2762757348609985,0.47520351643581754,-3.1116331338262437
2015-04-01,corp_bond_ig,-0.05577918942150928,-0.05577918942150928,2,0.0063703544437885284,-1.4968191076949982,0.553324295156918,-0.10828695965447103
2015-04-01,developed_equity,0.014486882800526901,0.014486882800526901,2,0.02018360234797001,0.6918346339501196,0.03731820992892183,-2.6832926240093986
2015-04-01,emerging_equity,-0.017228667106503837,-0.017228667106503837,2,0.005736235529184341,-0.8286526781447079,-2.5454899756104514,1.6404599434510567
2015-04-01,korea_equity,-0.02805367881990173,-0.02805367881990173,2,0.008042849600315094,-0.3027367307494817,-2.6494964226499684,-0.24549619663069802
2015-04-01,short_treasury,-0.001884967458671838,-0.001884967458671838,2,0.017306048423051834,0.5138873658567947,1.177794155364051,-0.8381165660218933
2015-04-01,treasury_7_10y,-0.04267457809056607,-0.04267457809056607,2,0.01147962361574173,-0.5094460474168139,0.43255322647131195,-0.4608017339520551
2015-04-02,alternative,0.0034842672983554923,0.0034842672983554923,2,0.018539469689130783,0.5456937619145638,0.18751098295763002,-3.15477731619002
2015-04-02,corp_bond_ig,-0.04599684352866884,-0.04599684352866884,2,0.007188927382230759,-1.383148445226987,0.5842611720336114,-0.15464889116991745
2015-04-02,developed_equity,-0.01941352476352609,-0.01941352476352609,2,0.01722058653831482,0.6071248969315569,0.2814181174565995,-2.3238700204873544
2015-04-02,emerging_equity,-0.05334628209019132,-0.05334628209019132,2,-0.009497109800577164,-4.056453193681172,-3.2428647845273924,1.5394654093709756
2015-04-02,korea_equity,-0.054300944704774534,-0.054300944704774534,2,0.010367922484874725,0.03810795002922582,-2.4007211268977144,-1.245344131404576
2015-04-02,short_treasury,-0.00011785243203465967,-0.00011785243203465967,2,0.01909501664340496,0.7019664306570335,1.572410695537427,-0.938556494282108
2015-04-02,treasury_7_10y,-0.028776933867180166,-0.028776933867180166,2,0.012504998594522476,-0.42699849968744963,0.7151052833177457,-0.4547147168128512
2015-04-06,alternative,0.0034632166742762927,0.0034632166742762927,2,0.01858413964509964,0.5951609227598857,0.07445363378898863,-3.1416771720670678
2015-04-06,corp_bond_ig,-0.04905909360612981,-0.04905909360612981,2,0.00905449315905571,-1.1177632522664627,0.7759601075648571,-0.23352473606559843
2015-04-06,developed_equity,-0.03204182205374839,-0.03204182205374839,2,0.017493758350610733,0.7316479057093934,0.19351304900487903,-2.408186891557687
2015-04-06,emerging_equity,-0.051472384541937255,-0.051472384541937255,2,-0.007779058068990707,-5.378693453306619,-1.0620124897231016,3.110878301566573
2015-04-06,korea_equity,-0.06243617293571535,-0.06243617293571535,2,0.013837087899446487,0.37179539015448143,0.10417433129298005,-1.263402897032287
2015-04-06,short_treasury,-0.0009418628297058751,-0.0009418628297058751,2,0.01958152838051319,0.7861637473700103,1.5557167778805094,-0.8736094435412557
2015-04-06,treasury_7_10y,-0.032700769180168954,-0.032700769180168954,2,0.014297761023044586,-0.15961761178519082,0.8444770164869152,-0.6160968857933523
2015-04-07,alternative,0.009540316088520129,0.009540316088520129,2,0.01899518445134163,0.6140223959406044,0.2038166541673706,-3.169181478917843
2015-04-07,corp_bond_ig,-0.05821666069146303,-0.05821666069146303,2,0.008898306638002396,-1.1916615142216047,0.7891025227674802,-0.10711489358988026
2015-04-07,developed_equity,-0.017943898836620287,-0.017943898836620287,2,0.017279770225286484,0.6269978156127272,0.24885645956139515,-2.330773221607598
2015-04-07,emerging_equity,-0.04740137525522714,-0.04740137525522714,2,-0.005177751183509827,-4.922586583214507,-0.7949240656327033,2.6869821665274882
2015-04-07,korea_equity,-0.04130100672295256,-0.04130100672295256,2,0.01427515223622322,0.39635489096343923,0.21623696171834855,-1.3092054768023087
2015-04-07,short_treasury,-0.0015315416779508872,-0.0015315416779508872,2,0.020141679793596268,0.7760456774957096,1.7973707767540044,-1.0907051698348469
2015-04-07,treasury_7_10y,-0.040036800856233734,-0.040036800856233734,2,0.014873992651700974,-0.1136716210237281,0.9752795986916688,-0.6797516974888139
2015-04-08,alternative,-0.0025795618562821643,-0.0025795618562821643,2,0.01919616386294365,0.7246805653809348,0.035651541627002306,-3.0693309972472895
2015-04-08,corp_bond_ig,-0.05430418095082168,-0.05430418095082168,2,0.009589053690433502,-1.0973655118806342,0.8564704593673668,-0.19503125861926102
2015-04-08,developed_equity,-0.01870038147998143,-0.01870038147998143,2,0.01759258285164833,0.7402795709475023,0.1774123892727109,-2.442843659522562
2015-04-08,emerging_equity,-0.0624558450817555,-0.0624558450817555,2,-0.00626484677195549,-4.9738016004563255,0.3024266459981149,1.5738594303167224
2015-04-08,korea_equity,-0.050723396463597026,-0.050723396463597026,2,0.01485741138458252,0.43868910503171465,0.28558097456907156,-1.32874997477577
2015-04-08,short_treasury,0.0,0.0,2,0.020860187709331512,0.8823529448766778,1.8335742824971475,-0.9527830199828216
2015-04-08,treasury_7_10y,-0.035743940798992346,-0.035743940798992346,2,0.018126029521226883,0.40408845997322834,1.3057102106206493,-0.761501031859158
2015-04-09,alternative,-0.02739729875022945,-0.02739729875022945,2,0.019362851977348328,0.8097229098858371,-0.14740785603223855,-3.0190265659567044
2015-04-09,corp_bond_ig,-0.04569031856411854,-0.04569031856411854,2,0.009886495769023895,-1.1472524247266886,0.9383025081150266,-0.2039346894576026
2015-04-09,developed_equity,-0.030433639526221357,-0.030433639526221357,2,0.01776265725493431,0.7568921823587573,0.17156150527859698,-2.3754988098000833
2015-04-09,emerging_equity,-0.09754960219427433,-0.09754960219427433,2,-0.009175233542919159,-5.142074697552947,-0.05117518987413831,1.4064638133201197
2015-04-09,korea_equity,-0.07664734616116964,-0.07664734616116964,2,0.015370499342679977,0.50054413052164,0.4599051496473153,-1.378024120690078
2015-04-09,short_treasury,0.0005893111686154917,0.0005893111686154917,2,0.021635446697473526,0.9180816708286125,2.0745438312238504,-1.0013337286404531
2015-04-09,treasury_7_10y,-0.024974534575885166,-0.024974534575885166,2,0.01875130459666252,0.4228453251464839,1.5483400376203171,-0.7747016740278926
2015-04-10,alternative,-0.03253427185334845,-0.03253427185334845,2,0.018336493521928787,0.7616039608625045,-0.5441847974307022,-2.9193291793576943
2015-04-10,corp_bond_ig,-0.04307791754408263,-0.04307791754408263,2,0.012159857898950577,-0.8218145455168824,1.3196577647443286,-0.11165028480849208
2015-04-10,developed_equity,-0.03563799031233883,-0.03563799031233883,2,0.018347736448049545,0.9488703390079429,-0.13881606679556313,-2.5049061358278544
2015-04-10,emerging_equity,-0.11170710812059892,-0.11170710812059892,2,-0.0064994096755981445,-4.593238011356362,0.17871342413561925,1.1742529407264493
2015-04-10,korea_equity,-0.09966440904001339,-0.09966440904001339,2,0.01804414764046669,1.0222103565764167,1.6171726531997217,-1.017927806967903
2015-04-10,short_treasury,0.0007072681515820634,0.0007072681515820634,2,0.02323940023779869,1.1418109866479151,2.315120449062556,-0.9870042635686082
2015-04-10,treasury_7_10y,-0.02211324342300036,-0.02211324342300036,2,0.02053634077310562,0.7522175709618845,1.6186628937527159,-0.9335496617202415
2015-04-13,alternative,-0.061328828654653944,-0.061328828654653944,2,0.018559560179710388,0.8712911873814333,-0.5653944678235744,-2.7216108697808385
2015-04-13,corp_bond_ig,-0.04144737647015628,-0.04144737647015628,2,0.01170576736330986,-0.938368060588011,1.2000244229177737,-0.2591207214245084
2015-04-13,developed_equity,-0.05651005482513638,-0.05651005482513638,2,0.019865361973643303,1.1939415952840746,0.3926397463138752,-2.1971126305780704
2015-04-13,emerging_equity,-0.1372273549670121,-0.1372273549670121,2,-0.005328774452209473,-4.464016853990695,0.6662531959072145,0.7869784580947908
2015-04-13,korea_equity,-0.11814198686285504,-0.11814198686285504,2,0.017518717795610428,0.5985323020647684,1.2686508739475375,-1.4335912233812387
2015-04-13,short_treasury,0.00117820578171135,0.00117820578171135,2,0.02336747571825981,1.1083291125751695,2.4020718429952277,-1.087226906907114
2015-04-13,treasury_7_10y,-0.020221628621373222,-0.020221628621373222,2,0.02010243758559227,0.6767765860159798,1.5057752030849714,-0.9882005982734182
2015-04-14,alternative,-0.04088588576976915,-0.04088588576976915,2,0.016615528613328934,0.6690999370632228,-0.9445606094795055,-2.5143190970275313
2015-04-14,corp_bond_ig,-0.049967151912778895,-0.049967151912778895,2,0.012887958437204361,-0.6987267184143863,1.301050063090549,-0.35416333341649037
2015-04-14,developed_equity,-0.04171684327301939,-0.04171684327301939,2,0.019404232501983643,1.1162068388323023,0.6310553508969327,-1.912040462378736
2015-04-14,emerging_equity,-0.12447449916730557,-0.12447449916730557,2,-0.0031428374350070953,-4.027727952871447,0.7887824204170035,0.6299531515333909
2015-04-14,korea_equity,-0.1220641310812276,-0.1220641310812276,2,0.01617453619837761,0.37103416706183723,1.3168710973627573,-1.3432117802049386
2015-04-14,short_treasury,0.0,0.0,2,0.02314572222530842,1.086506865873729,2.262303001956081,-1.0783225545988036
2015-04-14,treasury_7_10y,-0.02992082413754371,-0.02992082413754371,2,0.020538777112960815,0.8416622441354182,1.351243072686685,-1.1466113964073485
2015-04-15,alternative,-0.018628255517922465,-0.018628255517922465,2,0.018228095024824142,0.7240860787734154,0.3032990703549559,-1.8504300913641014
2015-04-15,corp_bond_ig,-0.056657888525637135,-0.056657888525637135,2,0.012713484466075897,-0.6839587139057767,1.1391193850254335,-0.3629062820664881
2015-04-15,developed_equity,-0.02445208833787249,-0.02445208833787249,2,0.019767403602600098,1.2344307087368456,0.3847778934733618,-1.8973375346718824
2015-04-15,emerging_equity,-0.10853433258587575,-0.10853433258587575,2,-0.003743033856153488,-4.308223586496305,0.9517781146331697,0.7049632961360267
2015-04-15,korea_equity,-0.11903975501640218,-0.11903975501640218,2,0.015889260917901993,0.403696070950502,1.714463662273262,-0.2557271134735599
2015-04-15,short_treasury,-0.0009420847006558208,-0.0009420847006558208,2,0.02178741618990898,0.7846007974057789,2.1392034504278046,-1.2232561717046568
2015-04-15,treasury_7_10y,-0.0371733612825077,-0.0371733612825077,2,0.019559821113944054,0.7203438588200277,1.164944160751068,-1.1689383508144013
2015-04-16,alternative,-0.015993278426526092,-0.015993278426526092,2,0.02313806861639023,1.3784292083078475,1.3382698187518798,-1.5213483183276506
2015-04-16,corp_bond_ig,-0.05816717018125406,-0.05816717018125406,2,0.01565222069621086,-0.1876988274234305,1.4740372072610795,-0.34592221983355703
2015-04-16,developed_equity,-0.025470010496394968,-0.025470010496394968,2,0.02028271183371544,1.3793094528307006,0.33632015339970806,-1.8396726359373852
2015-04-16,emerging_equity,-0.10952596460670083,-0.10952596460670083,2,-0.0026414990425109863,-4.214906316310934,1.4415272302719566,0.7018379060750534
2015-04-16,korea_equity,-0.12776333796921568,-0.12776333796921568,2,0.016902167350053787,0.6486127402475513,2.7633539218786707,0.5215135276390924
2015-04-16,short_treasury,-0.0018831924957504187,-0.0018831924957504187,2,0.021823469549417496,1.0251845501056653,1.8848615770078305,-1.6512513469927632
2015-04-16,treasury_7_10y,-0.040456063253544006,-0.040456063253544006,2,0.019113384187221527,0.7324447781768345,0.9006652143706261,-1.3064015485022475
2015-04-17,alternative,-0.0008510508435837227,-0.0008510508435837227,2,0.022047586739063263,1.1918427330433365,1.687777512424344,-1.436421384852842
2015-04-17,corp_bond_ig,-0.05989199494120334,-0.05989199494120334,2,0.014482501894235611,-0.38152713506703395,1.201332264162753,-0.5445806810335719
2015-04-17,developed_equity,-0.0064699196810606985,-0.0064699196810606985,2,0.02012817934155464,1.381776740832406,0.28046238259320366,-1.8613364122986262
2015-04-17,emerging_equity,-0.09203747622849556,-0.09203747622849556,2,-0.00224868580698967,-4.219047326663692,1.630092604619639,0.7345447453764186
2015-04-17,korea_equity,-0.12815469741330143,-0.12815469741330143,2,0.01602308452129364,0.2847298857805006,2.261907497591379,0.08395551387950502
2015-04-17,short_treasury,-0.0009420847006558208,-0.0009420847006558208,2,0.02101464942097664,0.8755696740787291,1.71312846961242,-1.7399858305410603
2015-04-17,treasury_7_10y,-0.03936502829309574,-0.03936502829309574,2,0.018626298755407333,0.6670273320627387,0.7603620880833188,-1.3439508666452564
2015-04-20,alternative,-0.003401373563511889,-0.003401373563511889,2,0.02029506489634514,0.6374904251718131,2.0650082714745213,-1.000296586482221
2015-04-20,corp_bond_ig,-0.05519563142860007,-0.05519563142860007,2,0.016105029731988907,-0.06495106453977448,1.2869724003828162,-0.6127454450751071
2015-04-20,developed_equity,-0.01706665039062505,-0.01706665039062505,2,0.01959840953350067,1.3867702098190096,-0.021853336481708997,-1.7501035354616457
2015-04-20,emerging_equity,-0.1015001882757881,-0.1015001882757881,2,0.00038821250200271606,-3.8819936308523713,2.033811141535588,0.41393665697198506
2015-04-20,korea_equity,-0.1442914955046496,-0.1442914955046496,2,0.015780042856931686,-0.1425180832400171,1.9642484508865923,-0.5376979805393007
2015-04-20,short_treasury,-0.00047109779533782703,-0.00047109779533782703,2,0.020882785320281982,0.8559574440839977,1.6354253064564197,-1.8723953255837955
2015-04-20,treasury_7_10y,-0.033921699603002176,-0.033921699603002176,2,0.020162560045719147,0.9492261046955508,0.885689274543004,-1.338844985279467
2015-04-21,alternative,0.0016905912348512686,0.0016905912348512686,2,0.020369194447994232,0.6819116398229523,1.9522873449150484,-1.1113263751337004
2015-04-21,corp_bond_ig,-0.053486498694397255,-0.053486498694397255,2,0.016274895519018173,-0.015065499583378796,1.1909227183576532,-0.5991603005158693
2015-04-21,developed_equity,-0.005620960413326936,-0.005620960413326936,2,0.019846253097057343,1.3787920466382824,0.029799513557014917,-1.796295287011421
2015-04-21,emerging_equity,-0.09554878789794174,-0.09554878789794174,2,0.0026155970990657806,-3.5496842580622663,2.245480124673232,0.4899166201835979
2015-04-21,korea_equity,-0.13004554105403476,-0.13004554105403476,2,0.015131201595067978,-0.3720442361024242,2.052983061262155,-0.6165251020858598
2015-04-21,short_treasury,-0.001059777906631365,-0.001059777906631365,2,0.0196307972073555,0.6365522790258178,1.4818960732599367,-1.9156961512330613
2015-04-21,treasury_7_10y,-0.032243204989420016,-0.032243204989420016,2,0.01967635005712509,0.8850674742275507,0.8064520435537831,-1.3746284858887847
2015-04-22,alternative,-0.0016848942997814698,-0.0016848942997814698,2,0.02037777379155159,0.6289482002559941,2.092955286146134,-1.228310226530355
2015-04-22,corp_bond_ig,-0.04665181650899919,-0.04665181650899919,2,0.017784614115953445,0.25862618897731,1.2680935858210607,-0.29631614776501386
2015-04-22,developed_equity,-0.009203713887838472,-0.009203713887838472,2,0.019687237218022346,1.385258874341699,-0.11518211333893934,-1.7238563775736229
2015-04-22,emerging_equity,-0.10629469042855755,-0.10629469042855755,2,0.004309576004743576,-3.2645013858089706,2.4001672117867296,0.12891582840586074
2015-04-22,korea_equity,-0.14486430347642643,-0.14486430347642643,2,0.016212228685617447,-0.28769409451618677,2.4071877709298244,-0.5770560474241234
2015-04-22,short_treasury,-0.0004714309516403725,-0.0004714309516403725,2,0.019635751843452454,0.6578425950687956,1.4695614798492556,-1.9648769905688233
2015-04-22,treasury_7_10y,-0.026501118039997773,-0.026501118039997773,2,0.020077545195817947,0.9481850932514609,0.893188402531537,-1.4332020308029993
2015-04-23,alternative,-0.0033670161246093233,-0.0033670161246093233,2,0.01995695009827614,0.5724281090933507,1.9976227673623879,-1.3314080782666364
2015-04-23,corp_bond_ig,-0.05130946978660467,-0.05130946978660467,2,0.018406059592962265,0.4381686050562028,1.1523343228598717,-0.6992998953616316
2015-04-23,developed_equity,-0.016069145615246305,-0.016069145615246305,2,0.019453998655080795,1.254844808948244,0.05410263570683459,-1.71356576618844
2015-04-23,emerging_equity,-0.11856261084909003,-0.11856261084909003,2,0.0055992491543293,-2.8742046362937104,2.4567914001257654,-0.27316939936418594
2015-04-23,korea_equity,-0.16576600117617812,-0.16576600117617812,2,0.013872206211090088,-0.8279231792004789,2.5530230579613957,-0.4503156760985911
2015-04-23,short_treasury,-0.001531361224556882,-0.001531361224556882,2,0.019154807552695274,0.5820154539518845,1.279019443568987,-2.063445473959168
2015-04-23,treasury_7_10y,-0.03140879007740327,-0.03140879007740327,2,0.020151188597083092,1.0280925852730354,0.7230426579079096,-1.402753645005442
2015-04-24,alternative,-0.004201680672268893,-0.004201680672268893,2,0.01897020824253559,0.41475870647293844,1.8029985296963682,-1.3087279890124495
2015-04-24,corp_bond_ig,-0.0511303012140113,-0.0511303012140113,2,0.019025571644306183,0.5580394650701552,1.1291927167451659,-0.5111398013626447
2015-04-24,developed_equity,-0.022348616503887087,-0.022348616503887087,2,0.020648900419473648,1.3285212125950268,0.4401904819096182,-1.8100791369330138
2015-04-24,emerging_equity,-0.12155070015573699,-0.12155070015573699,2,0.008275996893644333,-2.50205680703016,2.7190329550195975,-0.3171315925495675
2015-04-24,korea_equity,-0.1588442027440975,-0.1588442027440975,2,0.015366669744253159,-0.64484534178497,2.8759392509577597,-0.6067402359626816
2015-04-24,short_treasury,-0.0017663863531942603,-0.0017663863531942603,2,0.018564989790320396,0.5234425097641184,1.1596762579931899,-2.04432051687939
2015-04-24,treasury_7_10y,-0.03212738609969634,-0.03212738609969634,2,0.020252497866749763,1.0929718700756021,0.6439562699047776,-1.409179944306174
2015-04-27,alternative,-0.012552301255230103,-0.012552301255230103,2,0.018573420122265816,0.243986669346799,2.0760823276402687,-1.4408769317379853
2015-04-27,corp_bond_ig,-0.049193779595599674,-0.049193779595599674,2,0.01799667254090309,0.48844797769099335,0.833639898597042,-0.805708816969381
2015-04-27,developed_equity,-0.026476038863654572,-0.026476038863654572,2,0.021957602351903915,1.350636070575671,1.2450464380683621,-1.8974927399329178
2015-04-27,emerging_equity,-0.13743750963531687,-0.13743750963531687,2,0.006384413689374924,-2.696796171888007,2.4626467404065586,-0.45789876420086756
2015-04-27,korea_equity,-0.16932653425133648,-0.16932653425133648,2,0.01484820619225502,-0.6853877473627786,2.6082864258145446,-0.5209128709283078
2015-04-27,short_treasury,-0.0017665942693374515,-0.0017665942693374515,2,0.01760202646255493,0.39139269371825836,0.9589028569963879,-2.0237696705614874
2015-04-27,treasury_7_10y,-0.029411787463890282,-0.029411787463890282,2,0.019760459661483765,1.0129367485216378,0.5340175529747654,-1.466712484233335
2015-04-28,alternative,-0.019182677418576932,-0.019182677418576932,2,0.015301179140806198,-0.4147411357134817,1.9578497542040665,-1.100307519599014
2015-04-28,corp_bond_ig,-0.04071498111592198,-0.04071498111592198,2,0.019029732793569565,0.5982089847258758,1.090758032964399,-1.0636911200465011
2015-04-28,developed_equity,-0.024712503798565377,-0.024712503798565377,2,0.02103051170706749,1.157471776451351,1.2620578867768792,-1.9608369507166492
2015-04-28,emerging_equity,-0.14719894887743312,-0.14719894887743312,2,0.006076455116271973,-2.7496551359392662,2.411607331808116,-0.4828638939861358
2015-04-28,korea_equity,-0.18045830880095703,-0.18045830880095703,2,0.01642092689871788,-0.41645003766175726,2.67817270843815,-0.7964872578808267
2015-04-28,short_treasury,-0.001178344530213371,-0.001178344530213371,2,0.017352182418107986,0.3812431215482587,0.8357467168356333,-2.0606469788807225
2015-04-28,treasury_7_10y,-0.0209336991051855,-0.0209336991051855,2,0.02065284550189972,1.2637863381830559,0.3614739423615268,-1.840785250351063
2015-04-29,alternative,-0.02840429392788124,-0.02840429392788124,2,0.008611161261796951,-1.944631448339975,1.9340103258465235,0.5221469743293944
2015-04-29,corp_bond_ig,-0.03312745087303848,-0.03312745087303848,2,0.016459237784147263,0.5653100084565177,-0.23627583977545089,-1.5457882325965495
2015-04-29,developed_equity,-0.029814960011430358,-0.029814960011430358,2,0.022879568859934807,1.2139032510214387,2.4541500449868185,-1.6767920433279826
2015-04-29,emerging_equity,-0.1488286496550214,-0.1488286496550214,2,0.004845213145017624,-2.834396550383704,2.0122215953779685,-0.5561197468745944
2015-04-29,korea_equity,-0.18366684024483515,-0.18366684024483515,2,0.016010183840990067,-0.4682875615589409,2.552316508922857,-0.6256918223389711
2015-04-29,short_treasury,-0.00106027734216263,-0.00106027734216263,2,0.0164601132273674,0.22837732751457293,0.588415341287806,-2.132988860283377
2015-04-29,treasury_7_10y,-0.016362909508966905,-0.016362909508966905,2,0.01654665172100067,0.8073324124253717,-0.675529441935805,-1.224270363760891
2015-04-30,alternative,-0.034424840693948244,-0.034424840693948244,2,0.006858374923467636,-2.243740495371743,1.647644499620742,0.5016078378945169
2015-04-30,corp_bond_ig,-0.033850301028397034,-0.033850301028397034,2,0.013469859957695007,0.12311406985161169,-0.6186300519109251,-1.2715720106903883
2015-04-30,developed_equity,-0.034768634883167615,-0.034768634883167615,2,0.02026209980249405,0.6939529515493299,2.5611903811359693,-1.2312003562448917
2015-04-30,emerging_equity,-0.15205224569389808,-0.15205224569389808,2,0.00789591670036316,-2.460341793007447,2.437576843197509,-0.6944271846845603
2015-04-30,korea_equity,-0.16772925663976856,-0.16772925663976856,2,0.01762957125902176,-0.2524525942770644,2.840156178060781,-0.8685265731006098
2015-04-30,short_treasury,-0.00023570486406920832,-0.00023570486406920832,2,0.016185585409402847,0.18258797925581569,0.503650371292438,-2.1750718453623845
2015-04-30,treasury_7_10y,-0.012833602428010682,-0.012833602428010682,2,0.014676768332719803,0.838915181284321,-1.7231846761497451,-1.4249297749218102
2015-05-01,alternative,-0.024247504706335077,-0.024247504706335077,2,0.007165011018514633,-2.0730510337468595,1.5922277782104837,0.22006770066682918
2015-05-01,corp_bond_ig,-0.026565751271854565,-0.026565751271854565,2,0.010532930493354797,-0.08114612683123765,-1.7150286778301347,-0.6861244318757603
2015-05-01,developed_equity,-0.021052655120680663,-0.021052655120680663,2,0.019036749377846718,0.5189859544947013,2.2677938649551943,-1.2529246290932203
2015-05-01,emerging_equity,-0.14858599763796487,-0.14858599763796487,2,0.006375793367624283,-2.4769075426323663,2.023736000595968,-0.9069672576956068
2015-05-01,korea_equity,-0.15516680350136314,-0.15516680350136314,2,0.017260108143091202,-0.29442268669888244,2.7026946482418506,-0.7210950641826829
2015-05-01,short_treasury,0.0003537591770905735,0.0003537591770905735,2,0.015843331813812256,0.1561478573742254,0.43485726663376406,-2.0310422354091537
2015-05-01,treasury_7_10y,-0.008709499117882546,-0.008709499117882546,2,0.009002041071653366,0.01782729679218695,-2.5278164433021235,-1.0501776355146457
2015-05-04,alternative,-0.0233138672600951,-0.0233138672600951,2,0.0037759579718112946,-2.7623300774534587,1.1885938952588202,0.6089871508542866
2015-05-04,corp_bond_ig,-0.024289426168765504,-0.024289426168765504,2,0.007267333567142487,-0.7211152578857177,-2.872394494025082,-0.5088836685492507
2015-05-04,developed_equity,-0.026111081486519527,-0.026111081486519527,2,0.020107533782720566,0.6782050566420106,2.362029699629495,-1.3966729081300149
2015-05-04,emerging_equity,-0.14519472979212666,-0.14519472979212666,2,0.01028236374258995,-2.0245120879147316,2.4735749837926253,-1.0102387543096003
2015-05-04,korea_equity,-0.15693904437875783,-0.15693904437875783,2,0.01897314563393593,-0.0071514862835333455,2.834739018035561,-0.9450405058084329
2015-05-04,short_treasury,0.00011785974618239159,0.00011785974618239159,2,0.016341473907232285,0.25762134866094955,0.43597616192086236,-2.0371858519931525
2015-05-04,treasury_7_10y,-0.008070576483249936,-0.008070576483249936,2,0.0034093111753463745,-1.0592410587262981,-2.874755120900198,-0.7348707717685251
2015-05-05,alternative,-0.01597982759878569,-0.01597982759878569,2,0.004986882209777832,-2.4471506699611836,1.1552624885220852,0.35352246773682633
2015-05-05,corp_bond_ig,-0.02213400934180254,-0.02213400934180254,2,0.006681870669126511,-0.9490608769688652,-3.218757816552392,-0.4618130778146446
2015-05-05,developed_equity,-0.012156073399544387,-0.012156073399544387,2,0.01970888115465641,0.724027565536597,2.0337225961352434,-1.3635004979761787
2015-05-05,emerging_equity,-0.14445473468654957,-0.14445473468654957,2,0.008736763149499893,-2.125713051764174,2.111216093376096,-1.0453670853605903
2015-05-05,korea_equity,-0.1661200581200225,-0.1661200581200225,2,0.01897318661212921,-0.01641185827450844,2.8013310736513595,-0.89164656751387
2015-05-05,short_treasury,-0.0001179775462901711,-0.0001179775462901711,2,0.016450125724077225,0.2284061944969731,0.49231337997138985,-1.996776818980288
2015-05-05,treasury_7_10y,-0.005264124582177954,-0.005264124582177954,2,0.0035590119659900665,-1.0839449990913403,-2.722636147934727,-0.8448246690566399
2015-05-06,alternative,-0.006768150956159236,-0.006768150956159236,2,0.004264838993549347,-2.5474374641081945,0.9456670191713783,0.17619325110840522
2015-05-06,corp_bond_ig,-0.012811828681577708,-0.012811828681577708,2,0.003193143755197525,-1.5070466571484689,-3.5323661387158456,-0.08204608575621546
2015-05-06,developed_equity,-0.005502666089845842,-0.005502666089845842,2,0.016034062951803207,0.21828558301172016,1.3078376016019686,-0.5879122888196726
2015-05-06,emerging_equity,-0.12432178659220727,-0.12432178659220727,2,0.011667445302009583,-1.802986633261113,2.480904752877568,-1.133768117004194
2015-05-06,korea_equity,-0.15194694947469678,-0.15194694947469678,2,0.020024623721837997,0.033734368195942915,3.136905092891566,-1.0029244536276487
2015-05-06,short_treasury,0.0012979423050332173,0.0012979423050332173,2,0.016295868903398514,0.19101072829146468,0.4722597682751965,-2.026734880178452
2015-05-06,treasury_7_10y,0.005478951707071467,0.005478951707071467,2,0.0024523548781871796,-1.2844608316731696,-2.711025286565415,-0.8300603496964244
2015-05-07,alternative,-0.01351350045186761,-0.01351350045186761,2,0.0053853839635849,-2.21759463165882,0.9778007894356808,-0.28640823220148887
2015-05-07,corp_bond_ig,-0.01723992972162658,-0.01723992972162658,2,0.0015628524124622345,-1.7235837276401642,-3.4407007502084603,0.3372359695020059
2015-05-07,developed_equity,-0.012434821417186326,-0.012434821417186326,2,0.01478705182671547,0.059767458071874974,0.9717691301931826,-0.6221226235419507
2015-05-07,emerging_equity,-0.13772741740770744,-0.13772741740770744,2,0.009501535445451736,-2.0573708594171576,2.153173076293736,-1.2256268056689938
2015-05-07,korea_equity,-0.15575279483598203,-0.15575279483598203,2,0.02026991732418537,0.13914428211191723,3.076662971242997,-0.9749643053602673
2015-05-07,short_treasury,0.0015344340361764797,0.0015344340361764797,2,0.016655150800943375,0.3413216045631431,0.3132403597188289,-1.897460378772409
2015-05-07,treasury_7_10y,0.002727879994235627,0.002727879994235627,2,0.003211613744497299,-1.198697854459996,-2.5331677932381726,-0.9332808080235985
2015-05-08,alternative,-0.020033401208195523,-0.020033401208195523,2,0.0058790408074855804,-2.3613969176331806,1.0823260929853349,-0.309110279554905
2015-05-08,corp_bond_ig,-0.027812831934910243,-0.027812831934910243,2,0.0012080185115337372,-1.7146372072262364,-3.614856952246326,0.1291993488326441
2015-05-08,developed_equity,-0.026513580946660897,-0.026513580946660897,2,0.015902549028396606,0.27590735063267724,1.0396240550077978,-0.8425737780419349
2015-05-08,emerging_equity,-0.1455562868962076,-0.1455562868962076,2,0.012306232005357742,-1.6988866820231237,2.485749657988525,-1.3881184098579795
2015-05-08,korea_equity,-0.15188397265552733,-0.15188397265552733,2,-0.002188734710216522,-4.826315430228063,2.9460042166970153,0.8147834376865319
2015-05-08,short_treasury,-0.0014143696648641901,-0.0014143696648641901,2,0.01707235351204872,0.44685793155178505,0.39011043318125543,-1.7767197413821225
2015-05-08,treasury_7_10y,-0.006278093715157751,-0.006278093715157751,2,0.0025313235819339752,-1.2341027271279061,-2.668505899081815,-0.8557119297081531
2015-05-11,alternative,-0.020083694777229377,-0.020083694777229377,2,0.005481533706188202,-2.4225965429026504,1.3998910349180238,-0.9911085077397807
2015-05-11,corp_bond_ig,-0.021729883809907813,-0.021729883809907813,2,-0.0021080709993839264,-2.261182040697891,-3.704380720325074,0.4168309499427748
2015-05-11,developed_equity,-0.021141628801125578,-0.021141628801125578,2,0.013858631253242493,-0.08018701778859252,0.8163305826267694,-0.8581147612887596
2015-05-11,emerging_equity,-0.13707017947045963,-0.13707017947045963,2,0.009360451251268387,-2.0390808877774025,2.1001552778693897,-1.3415806839025504
2015-05-11,korea_equity,-0.14647311401162288,-0.14647311401162288,2,-0.0004994794726371765,-4.3681586545426185,2.822409230721486,0.6767381793924289
2015-05-11,short_treasury,-0.0003539261271922056,-0.0003539261271922056,2,0.017192091792821884,0.41739405516917133,0.4934152203232817,-1.7821334098576405
2015-05-11,treasury_7_10y,-0.00028389116889093735,-0.00028389116889093735,2,0.002984602004289627,-1.243764323853814,-2.3993755412855244,-0.8693310371823323
2015-05-12,alternative,-0.024288119671844077,-0.024288119671844077,2,0.005262412130832672,-2.407098527374863,1.1215448943822588,-0.9146314368311356
2015-05-12,corp_bond_ig,-0.018446091297211087,-0.018446091297211087,2,-0.001849152147769928,-2.268979735246507,-3.751947421066113,0.3785806945089671
2015-05-12,developed_equity,-0.026175938942137766,-0.026175938942137766,2,0.015943650156259537,0.30990398065082886,0.8995543880132982,-0.9483924492437982
2015-05-12,emerging_equity,-0.14177693864052188,-0.14177693864052188,2,0.011955078691244125,-1.8158521287470941,2.553302436746174,-1.5130373795195295
2015-05-12,korea_equity,-0.15589677083014863,-0.15589677083014863,2,-0.0008145570755004883,-4.46373885702815,2.845078905078595,0.601885525886906
2015-05-12,short_treasury,-0.00023589293214909546,-0.00023589293214909546,2,0.01782839372754097,0.5531521749607903,0.4788946749640394,-1.7361275599005719
2015-05-12,treasury_7_10y,0.002458649042368588,0.002458649042368588,2,0.0023132599890232086,-1.3378977946802364,-2.5112886728938357,-0.8366042627646311
2015-05-13,alternative,-0.03494173922525712,-0.03494173922525712,2,0.005912993103265762,-2.3692439546129926,1.4479921081934832,-1.238653322598787
2015-05-13,corp_bond_ig,-0.014124019824351741,-0.014124019824351741,2,-0.0044771842658519745,-2.650253467835991,-3.8461066025805524,0.6154805284496208
2015-05-13,developed_equity,-0.030635145807263564,-0.030635145807263564,2,0.014625824987888336,0.01967293060559031,0.8448214082698046,-1.050334150260047
2015-05-13,emerging_equity,-0.1438679733323881,-0.1438679733323881,2,0.010074842721223831,-2.0823379061297413,2.3047972464525612,-1.4509025868164478
2015-05-13,korea_equity,-0.16130112391574714,-0.16130112391574714,2,0.0006244666874408722,-4.321384216938058,3.0850254075164742,0.6134697040079022
2015-05-13,short_treasury,-0.0011790882796808289,-0.0011790882796808289,2,0.018100406974554062,0.6875792188208518,0.3410693384697265,-1.9124291822688038
2015-05-13,treasury_7_10y,0.007764413313939844,0.007764413313939844,2,0.003407154232263565,-1.0982767451701125,-2.5468194763555907,-0.9229709792954959
2015-05-14,alternative,-0.028029690357288417,-0.028029690357288417,2,0.008209753781557083,-1.9625674192197116,1.688360663692912,-1.161488138019088
2015-05-14,corp_bond_ig,-0.021368579975792668,-0.021368579975792668,2,-0.004644669592380524,-2.5742659821174225,-3.8731710794184844,0.7152377824476966
2015-05-14,developed_equity,-0.030279165432852917,-0.030279165432852917,2,0.016253020614385605,0.42050337971934537,0.9064224382739358,-0.9313828333084165
2015-05-14,emerging_equity,-0.13801961442158694,-0.13801961442158694,2,0.012339230626821518,-1.882714218435162,2.545110591809931,-1.5378681597817097
2015-05-14,korea_equity,-0.1614454066443134,-0.1614454066443134,2,0.0017687007784843445,-4.235025244160461,3.174769909249777,0.5714980610344459
2015-05-14,short_treasury,-0.0021203947045584925,-0.0021203947045584925,2,0.01916990429162979,0.9207618832994696,0.3857084203426146,-2.0997551239557044
2015-05-14,treasury_7_10y,0.0001887009798626771,0.0001887009798626771,2,0.0017887987196445465,-1.2254531727589626,-2.923312682895153,-0.8159967011466017
2015-05-15,alternative,-0.04590162683705812,-0.04590162683705812,2,0.010479938238859177,-1.2935901592454684,1.685855614761636,-1.3154465715437524
2015-05-15,corp_bond_ig,-0.024084215666118403,-0.024084215666118403,2,-0.006532017141580582,-2.912736934117367,-3.976675748875955,0.5257480963956516
2015-05-15,developed_equity,-0.03817999045727183,-0.03817999045727183,2,0.016890455037355423,0.4663173918495263,1.0915414309540303,-1.161794907761371
2015-05-15,emerging_equity,-0.16338361071736307,-0.16338361071736307,2,0.00919250026345253,-2.3614315872200446,2.216461441975402,-1.3413958337168934
2015-05-15,korea_equity,-0.18169651208260829,-0.18169651208260829,2,0.003279302269220352,-3.9428786405343117,3.1864985953180094,0.4744696543130204
2015-05-15,short_treasury,-0.0008245929476676794,-0.0008245929476676794,2,0.018526067957282066,0.8131672515332785,0.22819696007918494,-1.9841723770629507
2015-05-15,treasury_7_10y,-0.00037478604206153676,-0.00037478604206153676,2,0.0025521032512187958,-1.0695997252205736,-2.8674161006700882,-0.9100951379358806
2015-05-18,alternative,-0.05400980882934481,-0.05400980882934481,2,0.011458057910203934,-1.15393034621834,1.833887751027213,-1.2336614799081058
2015-05-18,corp_bond_ig,-0.01807533366948255,-0.01807533366948255,2,-0.006691429764032364,-2.896151683989499,-4.0344069409217305,0.5086379481830451
2015-05-18,developed_equity,-0.038106533876565596,-0.038106533876565596,2,0.018156368285417557,0.6197246581376843,1.6152365362954266,-0.7772003493854823
2015-05-18,emerging_equity,-0.16787633628285392,-0.16787633628285392,2,0.010623496025800705,-2.236441422003907,2.4367593178469047,-1.373296094614399
2015-05-18,korea_equity,-0.17600536817701629,-0.17600536817701629,2,0.0022323615849018097,-4.093457024780194,2.9750065979033757,0.48757790426216063
2015-05-18,short_treasury,-0.00023569830185710128,-0.00023569830185710128,2,0.01942538097500801,0.9417274711042144,0.38937945783332556,-2.0484433089407608
2015-05-18,treasury_7_10y,0.006037160425918842,0.006037160425918842,2,0.00030258670449256897,-1.3821729176007649,-3.217373060644225,-0.82555720391553
2015-05-19,alternative,-0.047541008620965775,-0.047541008620965775,2,0.011925768107175827,-1.0823038997091246,1.985253645246263,-1.1818491192707477
2015-05-19,corp_bond_ig,-0.016210234115858757,-0.016210234115858757,2,-0.008388493210077286,-3.1013041202734297,-4.367705316725551,0.3542941924576895
2015-05-19,developed_equity,-0.056073578899320076,-0.056073578899320076,2,0.019172998145222664,0.75494614010349,1.801338346106775,-0.8245377498837984
2015-05-19,emerging_equity,-0.17064047324361642,-0.17064047324361642,2,0.008295450359582901,-2.6005801483709337,2.2371932193900372,-1.2979321555620917
2015-05-19,korea_equity,-0.176095315049682,-0.176095315049682,2,0.005117904394865036,-3.76292986347441,3.565269627897569,0.37247434906644294
2015-05-19,short_treasury,-0.00047176453703778876,-0.00047176453703778876,2,0.01919298619031906,0.9836655725413126,0.2236365480824938,-2.4586568755915863
2015-05-19,treasury_7_10y,0.007864334127863248,0.007864334127863248,2,0.0013470761477947235,-1.181685767321648,-3.2068403028322674,-0.8155749950249447
2015-05-20,alternative,-0.04734696368781899,-0.04734696368781899,2,0.013495787978172302,-0.8713757634044252,1.8910035705352333,-0.25221078870884023
2015-05-20,corp_bond_ig,-0.016446530296303163,-0.016446530296303163,2,-0.004635192453861237,-2.4935342749214615,-3.978729883965596,0.5076181267782913
2015-05-20,developed_equity,-0.047519575223988975,-0.047519575223988975,2,0.02020919881761074,0.8658394436256474,1.8881175149858567,-0.8089114900830982
2015-05-20,emerging_equity,-0.168888917443348,-0.168888917443348,2,0.01059550791978836,-2.305143705116224,2.4942880453094753,-1.3914907152693394
2015-05-20,korea_equity,-0.1789350901019272,-0.1789350901019272,2,0.005988903343677521,-3.7572189634930386,3.6146698850902883,0.6578800440566709
2015-05-20,short_treasury,-0.0012968711476931682,-0.0012968711476931682,2,0.020630281418561935,1.299383638044615,0.3957738238406846,-2.4374545755673522
2015-05-20,treasury_7_10y,0.004632745662436433,0.004632745662436433,2,-0.0007857345044612885,-1.453137622524341,-3.6041118556015044,-0.7540012359458877
2015-05-21,alternative,-0.05762985917202479,-0.05762985917202479,2,0.014784429222345352,-0.7025282279681686,2.145254934428765,-0.11495230548624628
2015-05-21,corp_bond_ig,-0.01797983784868029,-0.01797983784868029,2,-0.0061822570860385895,-2.765429691571421,-4.131611325765547,0.3673062697893615
2015-05-21,developed_equity,-0.047780214628254436,-0.047780214628254436,2,0.02100309357047081,1.0123379121164264,1.994286764414464,-0.9047689745507537
2015-05-21,emerging_equity,-0.17511735567325182,-0.17511735567325182,2,0.008559543639421463,-2.5256093159124884,2.34731678995384,-1.2961482512938383
2015-05-21,korea_equity,-0.18616753750884196,-0.18616753750884196,2,0.006945077329874039,-3.4543485005281553,3.602813932593504,0.5644294768780006
2015-05-21,short_treasury,-0.001060652203995871,-0.001060652203995871,2,0.01954304240643978,1.1665589644222303,0.1360661332102212,-2.6126242145534304
2015-05-21,treasury_7_10y,0.00046988178239004696,0.00046988178239004696,2,0.0005966648459434509,-1.2069590416425844,-3.3863164217989015,-0.8729752300189226
2015-05-22,alternative,-0.06244934620483733,-0.06244934620483733,2,0.016912337392568588,-0.4258257348392752,2.456086154389628,-0.09674246588777345
2015-05-22,corp_bond_ig,-0.02104729965539187,-0.02104729965539187,2,-0.006034966558218002,-2.7784207756392645,-3.9841176387170116,0.4655201599861345
2015-05-22,developed_equity,-0.04486754785661473,-0.04486754785661473,2,0.02200935035943985,1.0729010528121221,2.1881976499678784,-0.8910513409366522
2015-05-22,emerging_equity,-0.1867104128110989,-0.1867104128110989,2,0.009623434394598007,-2.3496538134818077,2.3270406931222456,-1.2987689339922364
2015-05-22,korea_equity,-0.19542343363411052,-0.19542343363411052,2,0.004107993096113205,-3.7944972550588356,3.1678968578136564,0.7682580878895212
2015-05-22,short_treasury,-0.00047176453703778876,-0.00047176453703778876,2,0.02019965648651123,1.3478759696511737,0.09968205341501048,-2.6295225814968735
2015-05-22,treasury_7_10y,0.0011303232201218538,0.0011303232201218538,2,-0.0009893663227558136,-1.4738361761592738,-3.598594448340586,-0.7510358160979732
2015-05-26,alternative,-0.06065575021212222,-0.06065575021212222,2,0.016090083867311478,-0.5543303808499844,2.2717914753082544,-0.06462272854818983
2015-05-26,corp_bond_ig,-0.020616770962994635,-0.020616770962994635,2,-0.009312734007835388,-3.306832866931977,-4.3620415775085535,0.36365261150641315
2015-05-26,developed_equity,-0.041688644762616356,-0.041688644762616356,2,0.02224130555987358,1.1533646421590353,2.051238446720731,-1.0123358728651732
2015-05-26,emerging_equity,-0.18378505206481144,-0.18378505206481144,2,0.008571978658437729,-2.3252746069858317,2.174048949428297,-1.5612630321438548
2015-05-26,korea_equity,-0.1871921293987845,-0.1871921293987845,2,0.0068162791430950165,-3.571523455073493,3.61118471055741,0.8333986636814481
2015-05-26,short_treasury,0.0003537591770905735,0.0003537591770905735,2,0.020013125613331795,1.4015085128349436,-0.06088280096160968,-2.893103622412349
2015-05-26,treasury_7_10y,0.0010297754228218992,0.0010297754228218992,2,0.0016055107116699219,-1.0168628800415571,-3.337878648275312,-0.8185879212455193
2015-05-27,alternative,-0.0947712281822849,-0.0947712281822849,2,0.017902076244354248,-0.4484947389350977,2.648291813506335,0.08043203453390808
2015-05-27,corp_bond_ig,-0.021017960986856044,-0.021017960986856044,2,-0.0071852803230285645,-2.9579044959685543,-4.003591259595823,0.4946352768266232
2015-05-27,developed_equity,-0.07121269380476325,-0.07121269380476325,2,0.02275785431265831,1.1581761341695938,2.180118994355131,-1.0979861081122753
2015-05-27,emerging_equity,-0.19681480483384806,-0.19681480483384806,2,0.01000789925456047,-1.9136663799285074,2.0476249300379505,-1.6661888098318798
2015-05-27,korea_equity,-0.19365413057236702,-0.19365413057236702,2,0.005449298769235611,-3.710715085254147,3.3084240629976,1.0399163868553511
2015-05-27,short_treasury,-0.00011784585689955662,-0.00011784585689955662,2,0.020219499245285988,1.4976687366083474,-0.10184452532658782,-2.2353169899057455
2015-05-27,treasury_7_10y,0.0043087211995900265,0.0043087211995900265,2,-0.010739486664533615,-3.702221183040603,-3.5745676032587173,0.23286140364214034
2015-05-28,alternative,-0.11400651182475352,-0.11400651182475352,2,0.018747322261333466,-0.1740164014719138,2.7168985556565692,-0.09538167009268907
2015-05-28,corp_bond_ig,-0.01869395247549377,-0.01869395247549377,2,-0.007061481475830078,-2.912077806842266,-3.963581935973248,0.32199288008291205
2015-05-28,developed_equity,-0.09408037417905624,-0.09408037417905624,2,0.02144736424088478,0.9566346031131653,2.0179695789806247,-1.1769654387439734
2015-05-28,emerging_equity,-0.21122351544010642,-0.21122351544010642,2,0.008944906294345856,-1.9233571479718152,1.7722896727945536,-1.5748595971525778
2015-05-28,korea_equity,-0.21027154205586518,-0.21027154205586518,2,0.005908217281103134,-3.319034814022625,3.034773392701798,0.6431008170093836
2015-05-28,short_treasury,0.00047143095164048354,0.00047143095164048354,2,0.018183153122663498,1.214662380416013,-0.6008735677308567,-1.5698688554355762
2015-05-28,treasury_7_10y,0.00739285898385833,0.00739285898385833,2,-0.007436137646436691,-3.0088802998748476,-3.447790287763029,0.12043616765807431
2015-05-29,alternative,-0.14963207354960717,-0.14963207354960717,2,0.01831972971558571,-0.30517403265649695,2.5638363063081187,-0.19985894731685833
2015-05-29,corp_bond_ig,-0.021814443856344012,-0.021814443856344012,2,-0.0055641308426856995,-2.6492538151711877,-3.744689350205443,0.43609573747843366
2015-05-29,developed_equity,-0.12183757272687468,-0.12183757272687468,2,0.02190457284450531,1.0390302679713055,2.087869188679482,-1.308680321847582
2015-05-29,emerging_equity,-0.23832683588572645,-0.23832683588572645,2,0.009232297539710999,-1.7800856834867318,1.6553241416854159,-1.9122071279024906
2015-05-29,korea_equity,-0.22664357520824252,-0.22664357520824252,2,0.0037174932658672333,-3.4257216188023847,2.5039500418336424,0.694275111769398
2015-05-29,short_treasury,0.0007069348020749544,0.0007069348020749544,2,0.01843077316880226,1.310345603455823,-0.7112830328499434,-1.2365646228586462
2015-05-29,treasury_7_10y,0.008511070685499167,0.008511070685499167,2,-0.008293647319078445,-3.1145516182239805,-3.5608633243177357,0.3409937554082329
2015-06-01,alternative,-0.13818480052471271,-0.13818480052471271,2,0.01908252388238907,-0.32744809528633395,2.7823272227329303,-0.15329933929060793
2015-06-01,corp_bond_ig,-0.018587997338559092,-0.018587997338559092,2,-0.005111671984195709,-2.5515102969207395,-3.631336006571594,0.3396033275704687
2015-06-01,developed_equity,-0.12009550496800592,-0.12009550496800592,2,0.020899327471852303,0.8100386703084588,1.9757997671568475,-1.3049686557643831
2015-06-01,emerging_equity,-0.2255859369543033,-0.2255859369543033,2,0.008299749344587326,-1.9186165092192913,1.5255214141797429,-2.040491932066347
2015-06-01,korea_equity,-0.2035290213882286,-0.2035290213882286,2,0.005579058080911636,-2.9652610796366763,2.430274919063843,0.3672603978038315
2015-06-01,short_treasury,0.0012974830376906166,0.0012974830376906166,2,0.017119664698839188,1.185006217877015,-1.0513685857683988,-1.466420175850448
2015-06-01,treasury_7_10y,0.009032735185349416,0.009032735185349416,2,-0.004321787506341934,-2.32183326945252,-3.4354377347236906,0.19507962547057434
2015-06-02,alternative,-0.12012983594943538,-0.12012983594943538,2,0.017414581030607224,-0.7740062231645537,2.717654732398639,-0.02656707111825467
2015-06-02,corp_bond_ig,-0.014141254041509566,-0.014141254041509566,2,0.005589764565229416,-0.7037255353574551,-2.1824473501156394,0.866998044724621
2015-06-02,developed_equity,-0.10052841370065968,-0.10052841370065968,2,0.02171424776315689,0.9683878690797365,1.9731228743721043,-1.382835509893758
2015-06-02,emerging_equity,-0.2030641705013868,-0.2030641705013868,2,0.009942024946212769,-1.5260350496078567,1.3712565561802896,-2.355790919391751
2015-06-02,korea_equity,-0.1780269826833999,-0.1780269826833999,2,0.005712155252695084,-2.7164488025021893,2.0605386838101465,0.2024332912681654
2015-06-02,short_treasury,0.000825760264200115,0.000825760264200115,2,0.018311548978090286,1.270905913525317,-0.7030529254001464,-1.3478550328003227
2015-06-02,treasury_7_10y,0.00985409234892587,0.00985409234892587,2,-0.006245743483304977,-2.6201215237171884,-3.7984152547844547,0.40397841148265873
2015-06-03,alternative,-0.10725808912707924,-0.10725808912707924,2,0.01980789750814438,-0.19085718328222692,2.788698711093227,-0.016781758653692903
2015-06-03,corp_bond_ig,-0.006814464879217885,-0.006814464879217885,2,0.014189310371875763,0.67251911389301,-1.2789260482578306,1.0702436322506625
2015-06-03,developed_equity,-0.07543670106423794,-0.07543670106423794,2,0.02016412280499935,0.6909143071947722,1.7821092959000933,-1.4278226483878702
2015-06-03,emerging_equity,-0.16352966638136468,-0.16352966638136468,2,0.009496401995420456,-1.5306926089525104,1.095807397754354,-2.0885803382638617
2015-06-03,korea_equity,-0.15097003982557344,-0.15097003982557344,2,0.0059804171323776245,-2.488065310500787,1.8239883683019376,-0.06223602268952837
2015-06-03,short_treasury,0.0012980955053645271,0.0012980955053645271,2,0.016839031130075455,0.8156123336643245,-0.49110530705860045,-1.9055732265400414
2015-06-03,treasury_7_10y,0.017966334713147347,0.017966334713147347,2,0.003374878317117691,-0.7395719710561989,-3.0721623431385523,0.1658961133713211
2015-06-04,alternative,-0.09918696705887953,-0.09918696705887953,2,0.019022371619939804,-0.4920979076398386,2.8059726773458182,0.07575749100850561
2015-06-04,corp_bond_ig,-0.010126150498041775,-0.010126150498041775,2,0.01628987491130829,1.0566400002786935,-1.0812415072281856,1.27636676444228
2015-06-04,developed_equity,-0.0659002869411196,-0.0659002869411196,2,0.020925372838974,0.823538800509598,1.8223819985652066,-1.5132635861369121
2015-06-04,emerging_equity,-0.16157860482255737,-0.16157860482255737,2,0.00990116223692894,-1.3864923250657095,0.9376317849570063,-2.301231246798687
2015-06-04,korea_equity,-0.14775349834693063,-0.14775349834693063,2,0.004960257560014725,-2.6275588213730594,1.480016802133396,0.19444123585221323
2015-06-04,short_treasury,0.0007079357946164766,0.0007079357946164766,2,0.017700672149658203,1.042688295201624,-0.43849669258773744,-1.798850177638105
2015-06-04,treasury_7_10y,0.013219204655040784,0.013219204655040784,2,0.0050481148064136505,-0.44880688704209254,-2.9022367979194312,0.11889420047982822
2015-06-05,alternative,-0.09975473649394462,-0.09975473649394462,2,0.018729988485574722,-0.3582051937442515,2.650064544504395,-0.23755823982530982
2015-06-05,corp_bond_ig,-0.007590174782489023,-0.007590174782489023,2,0.01858973503112793,1.352545552392983,-0.6899006519534076,1.1906738219485138
2015-06-05,developed_equity,-0.07359828386103906,-0.07359828386103906,2,0.02165534719824791,0.8793301696444601,1.8965339600481776,-1.5386436783035775
2015-06-05,emerging_equity,-0.15632012870489742,-0.15632012870489742,2,0.009030908346176147,-1.550825311496299,0.8179284224228461,-2.2372619658544264
2015-06-05,korea_equity,-0.14326647525321046,-0.14326647525321046,2,0.005554873496294022,-2.3764398593908616,1.2201114301050413,-0.12301540989533348
2015-06-05,short_treasury,0.0012991686870249541,0.0012991686870249541,2,0.01736685261130333,0.9823866561418424,-0.6870719969713948,-1.9327739840342908
2015-06-05,treasury_7_10y,0.01887155122350226,0.01887155122350226,2,0.007295612245798111,-0.2564740882542913,-2.250619914705698,0.23768515417355124
2015-06-08,alternative,-0.12387201218299759,-0.12387201218299759,2,0.01876075193285942,-0.5429412651795265,2.716658364424508,-0.11977186168865799
2015-06-08,corp_bond_ig,-0.0037977079154868365,-0.0037977079154868365,2,0.019975420087575912,1.7827680877759011,-0.5167941144398532,1.6458882431958122
2015-06-08,developed_equity,-0.09510985947340422,-0.09510985947340422,2,0.02009039930999279,0.7295652471549132,1.369023468530467,-1.6873954863814862
2015-06-08,emerging_equity,-0.18877805443582707,-0.18877805443582707,2,0.009362597018480301,-1.4261924414538831,0.5596060461556457,-1.9362697078078215
2015-06-08,korea_equity,-0.1617752459329409,-0.1617752459329409,2,0.004731796681880951,-2.52561308151429,0.9742294625937352,-0.01828161430019364
2015-06-08,short_treasury,0.0005901253734998946,0.0005901253734998946,2,0.01721736043691635,1.0719533782103885,-0.7204499165083631,-1.759035192144212
2015-06-08,treasury_7_10y,0.020374949634246686,0.020374949634246686,2,0.01221160963177681,0.7240657765188009,-1.8205822941812009,0.7783744446246175
2015-06-09,alternative,-0.1034768185779289,-0.1034768185779289,2,0.019713344052433968,-0.46693248403522075,2.8016702932169855,-0.3636451291815022
2015-06-09,corp_bond_ig,-0.0007802699908796562,-0.0007802699908796562,2,0.022992892190814018,2.140630348809109,-0.013059925143885697,1.4845789357968773
2015-06-09,developed_equity,-0.0818193298535107,-0.0818193298535107,2,0.019547436386346817,0.5515544427396645,1.5508960886225172,-1.7078745823769919
2015-06-09,emerging_equity,-0.1721023709309737,-0.1721023709309737,2,0.005569227039813995,-2.1583944020227226,0.6665008697575646,-1.2182104794744535
2015-06-09,korea_equity,-0.1448312907040239,-0.1448312907040239,2,-0.0017398223280906677,-4.282024187988777,1.815044190661386,1.3618383571787445
2015-06-09,short_treasury,0.0012990152332916782,0.0012990152332916782,2,0.016453813761472702,1.0073254754543257,-1.0407938640159067,-1.7888406323586028
2015-06-09,treasury_7_10y,0.020921308723824472,0.020921308723824472,2,0.01503855362534523,1.0468092502877315,-1.1059509221993757,0.8946535965627045
2015-06-10,alternative,-0.11092984211571455,-0.11092984211571455,2,0.01855163648724556,-0.48655905376927777,2.5651670813315235,-0.4917221127181505
2015-06-10,corp_bond_ig,0.00669394315076266,0.00669394315076266,2,0.0245134886354208,2.456668610652774,0.23770663539832632,1.6210881073149772
2015-06-10,developed_equity,-0.09703074573081583,-0.09703074573081583,2,0.01904304325580597,0.7210826596600793,1.1467604729807486,-1.6135195006524015
2015-06-10,emerging_equity,-0.1807615679236395,-0.1807615679236395,2,0.005230601876974106,-2.1347425545898715,0.43909839139430595,-1.0833113629527251
2015-06-10,korea_equity,-0.15736134467803287,-0.15736134467803287,2,-0.004184965044260025,-5.144415619544978,2.082241608275091,1.6321655483262834
2015-06-10,short_treasury,0.001535521471706991,0.001535521471706991,2,0.015904303640127182,1.0232668654656738,-1.1330125432573201,-1.4170877433995677
2015-06-10,treasury_7_10y,0.027360272200324776,0.027360272200324776,2,0.01855378784239292,1.8773492692655198,-1.0370680599719713,1.5633542095029638
2015-06-11,alternative,-0.12306437530304604,-0.12306437530304604,2,0.018798954784870148,-0.7082960279036288,2.5662658876338664,-0.7658802342032014
2015-06-11,corp_bond_ig,8.612241769179185e-05,8.612241769179185e-05,2,0.026033814996480942,2.7826203743667817,0.4114350313119947,1.8089381492383656
2015-06-11,developed_equity,-0.11427433311744328,-0.11427433311744328,2,0.018934426829218864,0.7404570546698923,1.1645556626462374,-1.5290960744193947
2015-06-11,emerging_equity,-0.2012922950038749,-0.2012922950038749,2,0.0016948021948337555,-2.7364691006543773,0.49867079950838306,-0.6873174023838234
2015-06-11,korea_equity,-0.1750625101321508,-0.1750625101321508,2,-0.005238641053438187,-5.030671334017824,1.4445913147638803,1.2624266897624172
2015-06-11,short_treasury,0.0014171320990736813,0.0014171320990736813,2,0.01490062102675438,0.8831534703660424,-1.5185222900437287,-1.5395207897690624
2015-06-11,treasury_7_10y,0.022462229138087597,0.022462229138087597,2,0.021074438467621803,2.358676819797312,-0.9515671859518888,1.6328703108412106
2015-06-12,alternative,-0.0962479247082052,-0.0962479247082052,3,0.003437221050262451,-2.8973394832549615,1.0096247046387363,0.7367073474337213
2015-06-12,corp_bond_ig,-0.0028485268485213266,-0.0028485268485213266,3,0.01725008524954319,6.314800722723396,-1.2460007907987554,1.3577412419269383
2015-06-12,developed_equity,-0.08106669108072917,-0.08106669108072917,3,0.005736138671636581,-1.916970622404685,0.7804246161151116,0.6984127408978971
2015-06-12,emerging_equity,-0.17594437216048464,-0.17594437216048464,3,0.0035624541342258453,0.5485341720321634,-3.3002139481736177,-0.06193059206227715
2015-06-12,korea_equity,-0.1458220183831095,-0.1458220183831095,3,0.0023449398577213287,-0.10037845301423315,-3.1834453103002147,-0.23970360217095635
2015-06-12,short_treasury,0.0012992319418745346,0.0012992319418745346,3,0.009531816467642784,1.4284876819051393,-1.2726979056138765,0.7079074833327474
2015-06-12,treasury_7_10y,0.018553964103902088,0.018553964103902088,3,0.018815934658050537,7.0878182461974575,-1.3785745624788408,1.4753721435250675
2015-06-15,alternative,-0.101889845582806,-0.101889845582806,3,0.002679925411939621,-2.9412887799860585,0.7865004645302289,0.7413674368491217
2015-06-15,corp_bond_ig,-0.000518045299488068,-0.000518045299488068,3,0.01700204610824585,6.234556899412654,-1.2234106018636046,1.348881038595768
2015-06-15,developed_equity,-0.08834959996563241,-0.08834959996563241,3,0.005972649902105331,-1.7042710617528987,0.5704229780694438,0.8290990516150075
2015-06-15,emerging_equity,-0.1708971872480397,-0.1708971872480397,3,0.0037476010620594025,0.5146808311449401,-2.9516959773659868,-0.014020680899097542
2015-06-15,korea_equity,-0.1305767291011456,-0.1305767291011456,3,0.002794083207845688,0.10225148127874241,-3.3532305207330206,-0.14692810710043827
2015-06-15,short_treasury,0.0005903548236061429,0.0005903548236061429,3,0.009027589112520218,1.5618094243024236,-1.4642564365765167,0.7327187920747105
2015-06-15,treasury_7_10y,0.016506090995435985,0.016506090995435985,3,0.01768786460161209,6.860012626385982,-1.8246405165538644,1.461036594378563
2015-06-16,alternative,-0.08985986192620254,-0.08985986192620254,3,0.0033469386398792267,-2.880732310226248,0.9682619006212966,0.6944735697955787
2015-06-16,corp_bond_ig,-0.004994848581949207,-0.004994848581949207,3,0.017681041732430458,6.320612587786082,-0.9911396306875032,1.3440747938782058
2015-06-16,developed_equity,-0.08867189449088708,-0.08867189449088708,3,0.005715973675251007,-1.5915583080969435,0.24049451821713527,0.7409056516239569
2015-06-16,emerging_equity,-0.16256275201083914,-0.16256275201083914,3,0.00395570695400238,0.8594390446977458,-3.299540969575684,0.060021635657276626
2015-06-16,korea_equity,-0.11464035997149924,-0.11464035997149924,3,0.0032085180282592773,0.49920458130394724,-3.4873234518992,-0.1440365832744085
2015-06-16,short_treasury,0.0005900557108757809,0.0005900557108757809,3,0.009270695969462395,1.6343834782495401,-1.4325310775744602,0.8202238789467166
2015-06-16,treasury_7_10y,0.01036026971552384,0.01036026971552384,3,0.0183621384203434,7.03226817317708,-1.5727192147250166,1.5741216765520853
2015-06-17,alternative,-0.09465020576131689,-0.09465020576131689,3,0.002362281084060669,-3.0370641263363827,0.7232388497977301,0.728722108808901
2015-06-17,corp_bond_ig,-0.0042201176573400945,-0.0042201176573400945,3,0.016529671847820282,5.948184806785928,-1.198102647356125,1.2661729722081572
2015-06-17,developed_equity,-0.09225444075807354,-0.09225444075807354,3,0.005900677293539047,-1.5533928193160058,0.1207983324990314,0.836847614324037
2015-06-17,emerging_equity,-0.16433570630871264,-0.16433570630871264,3,0.004182673990726471,1.1593414182117332,-3.4051380401467304,0.0906521895343733
2015-06-17,korea_equity,-0.12088303824423963,-0.12088303824423963,3,0.003636512905359268,1.0751889975921674,-3.8806837415923283,-0.11021433732728288
2015-06-17,short_treasury,0.0002358372785764562,0.0002358372785764562,3,0.011564686894416809,2.725225812956108,-1.3535231362150526,1.1585418474519724
2015-06-17,treasury_7_10y,0.01244424080709372,0.01244424080709372,3,0.01705802045762539,6.558058375144238,-1.7318055360165485,1.497874516778778
2015-06-18,alternative,-0.10565111946838435,-0.10565111946838435,3,0.0021700896322727203,-3.079988362749916,0.7930849312433914,0.6818802956412625
2015-06-18,corp_bond_ig,-0.0025021648982687106,-0.0025021648982687106,3,0.01595314033329487,5.912982100653641,-1.3473890457388444,1.3427480667103833
2015-06-18,developed_equity,-0.0925357238837643,-0.0925357238837643,3,0.006383214145898819,-1.5196204799402273,0.30644930412664023,0.7001610438350064
2015-06-18,emerging_equity,-0.17322445004780884,-0.17322445004780884,3,0.0042679570615291595,1.4517213624601284,-3.7067842361755163,0.2071912074013086
2015-06-18,korea_equity,-0.13673837226592,-0.13673837226592,3,0.003491658717393875,1.2372890544492912,-3.993148228550771,-0.06907747969041662
2015-06-18,short_treasury,-0.00023578167246840476,-0.00023578167246840476,3,0.011374667286872864,2.6973266172066483,-1.256698556477809,1.1784383264325013
2015-06-18,treasury_7_10y,0.01416482392991214,0.01416482392991214,3,0.016954250633716583,6.590380403186426,-1.6417088511153444,1.5647589504904729
2015-06-19,alternative,-0.07209499482605397,-0.07209499482605397,3,0.0022320784628391266,-3.056763679251013,0.8136762717461695,0.6501526212490463
2015-06-19,corp_bond_ig,-0.015276337371940785,-0.015276337371940785,3,0.01600111462175846,6.056938281414224,-1.3712427734007602,1.1733820341570969
2015-06-19,developed_equity,-0.08967889033094145,-0.08967889033094145,3,0.006533659994602203,-1.4701622917356998,0.2045156205289759,0.8482293574491547
2015-06-19,emerging_equity,-0.1580130208201903,-0.1580130208201903,3,0.0045225657522678375,1.3790699953517138,-3.30927709361932,0.21576653307346713
2015-06-19,korea_equity,-0.12497754096073233,-0.12497754096073233,3,0.004041850566864014,1.168722726572167,-3.7107963977564005,-0.07401443361320915
2015-06-19,short_treasury,-0.0018861683208263313,-0.0018861683208263313,3,0.011831965297460556,2.582169085843223,-0.8989171164578491,1.2480406002580775
2015-06-19,treasury_7_10y,0.0008510291999113129,0.0008510291999113129,3,0.01598481647670269,6.330689978047047,-2.079734977168904,1.4572693200752074
2015-06-22,alternative,-0.06974792480468761,-0.06974792480468761,3,0.0030787549912929535,-2.759804138177781,0.8102166079456561,0.6532836538136895
2015-06-22,corp_bond_ig,-0.005622850644106281,-0.005622850644106281,3,0.01608596183359623,5.956469561071225,-1.3791651287592883,1.2156493658139595
2015-06-22,developed_equity,-0.0814893524102902,-0.0814893524102902,3,0.006248507648706436,-1.501992727238415,0.1157756934045265,0.6732395482266577
2015-06-22,emerging_equity,-0.14985236820990444,-0.14985236820990444,3,0.004393529146909714,1.1899158649029484,-3.3111830240595026,0.20198450863286702
2015-06-22,korea_equity,-0.10262313521337563,-0.10262313521337563,3,0.0044318921864032745,1.1385329767207504,-3.3584405899300673,-0.0020240298754805198
2015-06-22,short_treasury,-0.0012975461284984169,-0.0012975461284984169,3,0.012491241097450256,2.8418910961197805,-0.7805253486712853,1.4215978689686286
2015-06-22,treasury_7_10y,0.009059669489916322,0.009059669489916322,3,0.016475077718496323,6.439786501822764,-1.7494403543390813,1.5299734181764602
2015-06-23,alternative,-0.06945609248332907,-0.06945609248332907,3,0.00284455344080925,-2.8904171660520372,0.7916886996805543,0.6323592378447902
2015-06-23,corp_bond_ig,0.004855255815577886,0.004855255815577886,3,0.01572192646563053,5.760379473006784,-1.2918128472117218,0.9342456059910155
2015-06-23,developed_equity,-0.08281511853570522,-0.08281511853570522,3,0.0063603781163692474,-1.5041143321447425,0.07771090483212952,0.7946989593343886
2015-06-23,emerging_equity,-0.16008770829092456,-0.16008770829092456,3,0.004165772348642349,1.1550432197939355,-3.2231239821279307,0.12923918132746834
2015-06-23,korea_equity,-0.11001583962183126,-0.11001583962183126,3,0.005050528794527054,1.4703673425447212,-3.384047846020671,-0.006653479190164584
2015-06-23,short_treasury,0.0011799229984790216,0.0011799229984790216,3,0.013155339285731316,2.844486839283587,-0.36090301418853327,1.390535167361835
2015-06-23,treasury_7_10y,0.02056630483116395,0.02056630483116395,3,0.015597652643918991,5.856630226028413,-1.6304629741593337,1.4389971770450074
2015-06-24,alternative,-0.08178749640000005,-0.08178749640000005,3,0.0031106658279895782,-2.743806048875656,0.8500933700600534,0.5555095890359307
2015-06-24,corp_bond_ig,0.00510112674398866,0.00510112674398866,3,0.015609487891197205,5.625945800860681,-1.2249569411243517,1.2270616030023618
2015-06-24,developed_equity,-0.09071498806583955,-0.09071498806583955,3,0.005455300211906433,-1.4405865432390255,-0.45915138544891276,0.6504963612423463
2015-06-24,emerging_equity,-0.16981590598638807,-0.16981590598638807,3,0.004581492394208908,1.331649569842183,-3.3027782421028755,0.10588518438081822
2015-06-24,korea_equity,-0.11239343129717994,-0.11239343129717994,3,0.005014434456825256,1.5262871036195589,-3.280476188880705,-0.007727838820387372
2015-06-24,short_treasury,0.0011793663526518117,0.0011793663526518117,3,0.013151789084076881,2.711830962423408,-0.2259020007572521,1.3681763820675057
2015-06-24,treasury_7_10y,0.022317634729033475,0.022317634729033475,3,0.016347873955965042,6.021944897487952,-1.2836076282803977,1.4346746495597442
2015-06-25,alternative,-0.07653488946457632,-0.07653488946457632,3,0.00016899779438972473,-2.6880910872288957,-1.1424625485441764,0.20185812716876295
2015-06-25,corp_bond_ig,0.001645470160194229,0.001645470160194229,3,0.016064051538705826,5.682870996457965,-0.81027413095068,0.5661225472627492
2015-06-25,developed_equity,-0.07923202653989525,-0.07923202653989525,3,0.006497588008642197,-1.1771913923059945,-0.4906684879340704,0.7369867783704243
2015-06-25,emerging_equity,-0.16224263688218776,-0.16224263688218776,3,0.005233790725469589,1.4280489401865777,-2.906935001645411,0.1543548393031197
2015-06-25,korea_equity,-0.12072040365046377,-0.12072040365046377,3,0.005939129739999771,1.5485223972985525,-2.971582661687174,-0.020824746278910802
2015-06-25,short_treasury,0.000825760264200115,0.000825760264200115,3,0.014432324096560478,2.850285841379306,0.278842962222783,1.3779518518914013
2015-06-25,treasury_7_10y,0.01902672877753142,0.01902672877753142,3,0.015909245237708092,5.67749629720609,-1.3404260986994059,1.329877983675602
2015-06-26,alternative,-0.09098564195475489,-0.09098564195475489,3,0.00012430548667907715,-2.5095232368334446,-1.226123878776586,0.11731437180050548
2015-06-26,corp_bond_ig,0.010614243908034338,0.010614243908034338,3,0.016001485288143158,5.223264436261523,-0.6787795510602402,0.6962706321563911
2015-06-26,developed_equity,-0.09766940148363601,-0.09766940148363601,3,0.006193321198225021,-1.0412595535353704,-0.7273075083090235,0.5566355681872172
2015-06-26,emerging_equity,-0.1700476048993973,-0.1700476048993973,3,0.0063429586589336395,1.7173066948711548,-2.692967564972448,0.14173488047299262
2015-06-26,korea_equity,-0.12764430060416943,-0.12764430060416943,3,0.006149206310510635,1.5441074702075102,-2.8403897779305547,0.0020548058402023294
2015-06-26,short_treasury,0.0020065883675148832,0.0020065883675148832,3,0.01391540840268135,2.9472730551706783,0.1319095709323823,1.4467158541958276
2015-06-26,treasury_7_10y,0.029013395895005845,0.029013395895005845,3,0.016018902882933617,5.524654139181927,-1.0384371074480274,1.3990718487409706
2015-06-29,alternative,-0.0703124886171681,-0.0703124886171681,3,0.00028747692704200745,-2.221795278466454,-1.5826080217017757,0.1352435602995954
2015-06-29,corp_bond_ig,0.0012937199700353563,0.0012937199700353563,3,0.015414662659168243,5.144321195251779,-0.6161439778241818,0.00872454261897025
2015-06-29,developed_equity,-0.07240762998568451,-0.07240762998568451,3,0.0071711912751197815,-0.6916489245040894,-0.7775009553158762,0.5736773234510394
2015-06-29,emerging_equity,-0.16470287280701323,-0.16470287280701323,3,0.009566962718963623,2.7627865117869783,-1.9814396684405968,0.4320879219956207
2015-06-29,korea_equity,-0.12085309869399119,-0.12085309869399119,3,0.0072727687656879425,1.8618292790333544,-2.506870179736276,0.04449778021640326
2015-06-29,short_treasury,0.0,0.0,3,0.015068002045154572,2.911578921716426,0.7110518735339477,1.407512162015919
2015-06-29,treasury_7_10y,0.01604933298227018,0.01604933298227018,3,0.015314340591430664,4.95315761598898,-0.9124503047236381,1.281900592857635
2015-06-30,alternative,-0.08110441244282485,-0.08110441244282485,3,0.0007170736789703369,-2.016748058073303,-1.652818275078024,0.07759242960194564
2015-06-30,corp_bond_ig,0.0033701986306120535,0.0033701986306120535,3,0.015793558210134506,5.090542237165463,-0.5428899590996586,0.24314065891547063
2015-06-30,developed_equity,-0.07188358769228553,-0.07188358769228553,3,0.007346263155341148,-0.3244848398477353,-0.9146004685972418,0.5833116752281307
2015-06-30,emerging_equity,-0.18046435900904523,-0.18046435900904523,3,0.009842559695243835,2.86562691444747,-1.9818744348116717,0.4683941134393614
2015-06-30,korea_equity,-0.12955905118076338,-0.12955905118076338,3,0.006674326956272125,1.8667815598675879,-2.6575342670531206,0.04125060689076036
2015-06-30,short_treasury,0.0005892417086750257,0.0005892417086750257,3,0.014737192541360855,2.6919645953550644,0.4877037588693635,1.2743736227882017
2015-06-30,treasury_7_10y,0.02037900529582104,0.02037900529582104,3,0.01577874831855297,5.067850817911779,-0.6904334905257099,1.2317018914676567
2015-07-01,alternative,-0.08247421261405008,-0.08247421261405008,3,0.0008307360112667084,-1.7243526935269151,-2.105952644366217,-0.012431873406911086
2015-07-01,corp_bond_ig,0.006433711656769425,0.006433711656769425,3,0.015091124922037125,4.918525526354288,-0.35466614072584074,-0.4183203968839801
2015-07-01,developed_equity,-0.0718505741331561,-0.0718505741331561,3,0.007929453626275063,-0.19678596596108872,-0.826050539456948,0.7453431118775892
2015-07-01,emerging_equity,-0.18161148267232308,-0.18161148267232308,3,0.010694343596696854,3.1787687290051703,-1.711778793504987,0.5710046101669577
2015-07-01,korea_equity,-0.13803623681717703,-0.13803623681717703,3,0.007901141420006752,1.9645873830483016,-2.2201811448753066,0.021759952828416515
2015-07-01,short_treasury,0.001415961611587413,0.001415961611587413,3,0.015139434486627579,2.505633818517327,0.9083477448678665,1.271321575868866
2015-07-01,treasury_7_10y,0.02464045656402236,0.02464045656402236,3,0.014901675283908844,4.486783735871767,-0.6011637921473081,1.2277227688090522
2015-07-02,alternative,-0.10172416423929165,-0.10172416423929165,3,0.004654247313737869,-1.3751272861687611,-0.16097154339482425,0.3139615171676056
2015-07-02,corp_bond_ig,0.004330504105012123,0.004330504105012123,3,0.015241820365190506,4.791075825174023,-0.3975010367673936,-0.21473175433020691
2015-07-02,developed_equity,-0.10556627803546126,-0.10556627803546126,3,0.008363001048564911,0.10705954398712356,-0.8473162778408796,0.6300388042435309
2015-07-02,emerging_equity,-0.20286576024291336,-0.20286576024291336,3,0.012015335261821747,3.2745813996854243,-1.1403692069414502,0.6260566870859644
2015-07-02,korea_equity,-0.15635648465355578,-0.15635648465355578,3,0.00847182609140873,1.920335037142185,-1.994298220583207,0.07016511752418618
2015-07-02,short_treasury,0.000589102890855786,0.000589102890855786,3,0.014648087322711945,2.1021597568364325,1.1223935786539216,1.2077191070945381
2015-07-02,treasury_7_10y,0.02684632881575766,0.02684632881575766,3,0.01393851451575756,4.153553053220942,-0.6232346676915321,1.0331299566244634
2015-07-06,alternative,-0.09507038351610186,-0.09507038351610186,3,0.004981730133295059,-1.065670238406182,-0.39721431577064475,0.29547702081245336
2015-07-06,corp_bond_ig,0.0016390825086911587,0.0016390825086911587,3,0.013772804290056229,4.088456283734661,-0.7310192470227177,0.12387521658307453
2015-07-06,developed_equity,-0.0969444910685221,-0.0969444910685221,3,0.008949477225542068,0.5369402947850085,-0.8192236236000232,0.8081939690246964
2015-07-06,emerging_equity,-0.1761054533502061,-0.1761054533502061,3,0.01394689828157425,4.209439263428444,-1.1462859653480164,0.7850821477618216
2015-07-06,korea_equity,-0.13292657804448138,-0.13292657804448138,3,0.009802956134080887,2.5975922925736934,-2.044096933031363,0.30312419615149483
2015-07-06,short_treasury,0.0008244958017213921,0.0008244958017213921,3,0.014290284365415573,1.5265863718956827,1.3384053197846388,1.0439164370510365
2015-07-06,treasury_7_10y,0.023147658924603576,0.023147658924603576,3,0.013016555458307266,3.6393528854809674,-0.6726419300806301,0.8036001304452817
2015-07-07,alternative,-0.07079646017699115,-0.07079646017699115,3,0.006718851625919342,-0.5517500349832561,-0.30521492533782735,0.3442773880131756
2015-07-07,corp_bond_ig,-0.002663274775983271,-0.002663274775983271,3,0.013869889080524445,4.088517426567909,-0.5201264223656734,0.05743692409040345
2015-07-07,developed_equity,-0.07584779732780056,-0.07584779732780056,3,0.010763522237539291,1.5170636041775787,-0.5805389818385436,0.8855690055597637
2015-07-07,emerging_equity,-0.13940670391229304,-0.13940670391229304,3,0.0157313272356987,4.941199196501124,-1.0664626951533842,0.9699835211725731
2015-07-07,korea_equity,-0.09094299444636655,-0.09094299444636655,3,0.009920379146933556,2.771753580235751,-2.092141008934024,0.1554914538675448
2015-07-07,short_treasury,0.0011779770861122252,0.0011779770861122252,3,0.014659609645605087,1.3338794063311388,1.7669480884214195,0.9205725859920909
2015-07-07,treasury_7_10y,0.020626362520753894,0.020626362520753894,3,0.013285458087921143,3.4585791937617736,-0.38833293550453035,0.7173327834107108
2015-07-08,alternative,-0.03992735043859319,-0.03992735043859319,3,0.007577691227197647,-0.35288182512848765,-0.17537358616034268,0.35242660957297695
2015-07-08,corp_bond_ig,-0.007120746560096092,-0.007120746560096092,3,0.013013437390327454,3.754968887735696,-0.7219825685290326,0.04372791284810783
2015-07-08,developed_equity,-0.04922462710778441,-0.04922462710778441,3,0.011081485077738762,1.7204288422149996,-0.5212749496162662,0.9119458279756504
2015-07-08,emerging_equity,-0.10386078905947294,-0.10386078905947294,3,0.01638573780655861,4.85586561281899,-0.7312311249123584,0.9714548296828501
2015-07-08,korea_equity,-0.053816786502029035,-0.053816786502029035,3,0.014439437538385391,3.2801141064465136,-0.19373072496930602,0.6034701222085584
2015-07-08,short_treasury,-0.00035309964116347903,-0.00035309964116347903,3,0.013690905645489693,0.6724051843208078,1.8700831853994613,0.7673880766330371
2015-07-08,treasury_7_10y,0.01583262930461138,0.01583262930461138,3,0.01227860152721405,2.8427950360838063,-0.4958734243114612,0.44900324742702613
2015-07-09,alternative,-0.045293059886614695,-0.045293059886614695,3,0.007022760808467865,-0.023730787163787792,-0.6283378258329373,0.2709778392544756
2015-07-09,corp_bond_ig,0.003886319584455844,0.003886319584455844,3,0.012770291417837143,3.68915327926516,-0.7568363396172029,-0.23554102666218288
2015-07-09,developed_equity,-0.05999714709392123,-0.05999714709392123,3,0.01116170734167099,2.164996060099488,-0.7344738261813168,1.05709947351011
2015-07-09,emerging_equity,-0.09735933215429449,-0.09735933215429449,3,0.015613498166203499,4.647083571626648,-0.9733471412571862,0.931741397265979
2015-07-09,korea_equity,-0.05670689586279276,-0.05670689586279276,3,0.0140753835439682,3.107030657641365,-0.1853349692450232,0.4734181188986967
2015-07-09,short_treasury,0.0017663863531942603,0.0017663863531942603,3,0.012634942308068275,0.33244126740738567,1.817206104851293,0.6462467369575905
2015-07-09,treasury_7_10y,0.027901629831807995,0.027901629831807995,3,0.011426769196987152,2.4684474212875607,-0.40302399594825794,0.2969531758672212
2015-07-10,alternative,-0.05867129389329184,-0.05867129389329184,3,0.007834037765860558,0.2381779284710223,-0.6390162961453318,0.3154718277669413
2015-07-10,corp_bond_ig,0.007648824250983344,0.007648824250983344,3,0.011138495057821274,3.2473087510527754,-1.1354087246183255,-0.6640177868939587
2015-07-10,developed_equity,-0.051225933210980235,-0.051225933210980235,3,0.012468807399272919,2.720725361292568,-0.5766122791975462,1.1363629268409565
2015-07-10,emerging_equity,-0.10067635458227608,-0.10067635458227608,3,0.015096601098775864,4.50428096348473,-1.0179259102817808,0.8432509500012383
2015-07-10,korea_equity,-0.04684587626825509,-0.04684587626825509,3,0.014375004917383194,2.8772991382274484,0.08501002234203885,0.45762073311707235
2015-07-10,short_treasury,0.0020038402366586716,0.0020038402366586716,3,0.013329772278666496,0.31165794019022286,1.95457164624198,0.5892599328381377
2015-07-10,treasury_7_10y,0.02933868226998393,0.02933868226998393,3,0.010361114516854286,2.1575902441054913,-0.6607536436500666,-0.02458047084287393
2015-07-13,alternative,-0.06415739864930348,-0.06415739864930348,3,0.008594643324613571,0.6584890461220255,-0.6625875410740665,0.36674129747779294
2015-07-13,corp_bond_ig,0.011846694897198029,0.011846694897198029,3,0.011646432802081108,3.0688702639082823,-0.5263120787612839,-1.3217132433464238
2015-07-13,developed_equity,-0.05418717823279928,-0.05418717823279928,3,0.012828037142753601,3.013411857039949,-0.7610615661635095,1.1900903570163937
2015-07-13,emerging_equity,-0.10826879480112961,-0.10826879480112961,3,0.014935905113816261,4.391619967978973,-1.054773134183778,0.886073531709051
2015-07-13,korea_equity,-0.05050315117739146,-0.05050315117739146,3,0.014005934819579124,2.574652598651548,0.21867053999697306,0.3205905628223508
2015-07-13,short_treasury,0.002358454493452289,0.002358454493452289,3,0.012356722727417946,0.003373950732549978,1.6912078834676478,0.5899109013284259
2015-07-13,treasury_7_10y,0.03420850588295332,0.03420850588295332,3,0.010393567383289337,2.0196624097588094,-0.5767954037722127,0.030194581140080987
2015-07-14,alternative,-0.05366271694953151,-0.05366271694953151,3,0.009209023788571358,0.8132415702525526,-0.8111421770587879,0.42086222212280183
2015-07-14,corp_bond_ig,0.014534361590667011,0.014534361590667011,3,0.010062500834465027,2.4685085575925076,-0.9429229945984227,-1.3057516355337662
2015-07-14,developed_equity,-0.05413102582184193,-0.05413102582184193,3,0.013562358915805817,3.1109255826868187,-0.6075536961859217,1.1847348770897983
2015-07-14,emerging_equity,-0.08614908726210901,-0.08614908726210901,3,0.015068959444761276,4.404917295291944,-0.9678700433713093,0.8383899015515587
2015-07-14,korea_equity,-0.013345847261101218,-0.013345847261101218,3,0.013798844069242477,2.3393928421571926,0.25506408128344754,0.3145860640182811
2015-07-14,short_treasury,0.0016502478204427629,0.0016502478204427629,3,0.012097790837287903,-0.11531398549174832,1.5732386678619104,0.4512282936140513
2015-07-14,treasury_7_10y,0.02836948277239193,0.02836948277239193,3,0.009645745158195496,1.8581101393120885,-0.8213083487748862,-0.44622410744694646
2015-07-15,alternative,-0.05034124616137925,-0.05034124616137925,3,0.009629122912883759,1.169990448736673,-0.7989703768328904,0.3835298703972783
2015-07-15,corp_bond_ig,0.007899337553960217,0.007899337553960217,3,0.010914131999015808,2.8415935738768767,-0.7347021935522583,-1.3867719414630741
2015-07-15,developed_equity,-0.05276721819364261,-0.05276721819364261,3,0.013533364981412888,3.230671773857004,-0.6686640042498723,1.215753481894333
2015-07-15,emerging_equity,-0.0657448561800481,-0.0657448561800481,3,0.013972591608762741,4.003436007041126,-1.1348882421790918,0.8061474954906597
2015-07-15,korea_equity,0.0013247481949674178,0.0013247481949674178,3,0.013169286772608757,2.2098964761475046,0.1149905379109595,0.22799905183921054
2015-07-15,short_treasury,0.0010604022031124316,0.0010604022031124316,3,0.011877324432134628,-0.22663104626451624,1.8625821863708172,0.47156582792042545
2015-07-15,treasury_7_10y,0.021790855412768373,0.021790855412768373,3,0.010836219415068626,2.412422188925699,-0.16337915606812314,-1.7055547505675552
2015-07-16,alternative,-0.064978877200356,-0.064978877200356,3,0.010395422577857971,1.4364011929063194,-0.7244161426795788,0.5007178960821934
2015-07-16,corp_bond_ig,0.006760326115957893,0.006760326115957893,3,0.009587708860635757,2.514618392681132,-0.9861030926778546,-1.9267731466885136
2015-07-16,developed_equity,-0.05760439075231172,-0.05760439075231172,3,0.014375194907188416,3.9462008749070026,-0.9942631722591585,1.3663894911568824
2015-07-16,emerging_equity,-0.07395008103651246,-0.07395008103651246,3,0.014210991561412811,4.010878735321278,-0.9663444085416026,0.7607659436393907
2015-07-16,korea_equity,-0.001122570111030119,-0.001122570111030119,3,0.012874219566583633,2.0785509857586493,0.1614085127047512,0.24656714758246207
2015-07-16,short_treasury,0.0015324443075797056,0.0015324443075797056,3,0.011719323694705963,-0.35627691309201004,1.7860300354805256,0.37735678504291675
2015-07-16,treasury_7_10y,0.022751064447574576,0.022751064447574576,3,0.009804617613554,2.083656523420469,-0.45225366927255306,-1.6691864132135545
2015-07-17,alternative,-0.0675105485232067,-0.0675105485232067,3,0.011420143768191338,1.8135014607204225,-0.5469696710513182,0.5730681527461386
2015-07-17,corp_bond_ig,0.01013336374694851,0.01013336374694851,3,0.009507302194833755,2.58424600987883,-0.6341522848464107,-2.4863890666813018
2015-07-17,developed_equity,-0.057754455923914816,-0.057754455923914816,3,0.0153871551156044,4.3593732244306285,-0.9641720726906656,1.5000653587230728
2015-07-17,emerging_equity,-0.07972136961810017,-0.07972136961810017,3,0.013733619824051857,3.965115808077384,-1.15647257821319,0.8440001655506267
2015-07-17,korea_equity,0.004532537494078781,0.004532537494078781,3,0.01235385425388813,1.945837746434379,0.053455988669451594,0.14774048657873387
2015-07-17,short_treasury,0.0015328957263873733,0.0015328957263873733,3,0.0109579898416996,-0.5232168998555131,1.755184771224227,0.2582792201112328
2015-07-17,treasury_7_10y,0.026080387938671734,0.026080387938671734,3,0.0096239373087883,1.9492975649674027,-0.41194384654373883,-1.5351748637002314
2015-07-20,alternative,-0.07770274036378177,-0.07770274036378177,3,0.012235281988978386,1.9553816138837483,-0.4081524804392606,0.7145768222624276
2015-07-20,corp_bond_ig,0.011719753845893077,0.011719753845893077,3,0.007937777787446976,2.045540814440852,-1.2131977877378728,-1.9360941383098176
2015-07-20,developed_equity,-0.06438111592437701,-0.06438111592437701,3,0.015940282493829727,4.394383111431843,-0.6811748024487707,1.5235273549258437
2015-07-20,emerging_equity,-0.08880805811494907,-0.08880805811494907,3,0.013263178989291191,3.791529637999037,-1.2411009698590254,0.7034747542763068
2015-07-20,korea_equity,0.0009525478274285959,0.0009525478274285959,3,0.011687684804201126,1.8590746177148525,-0.14101658466625389,0.1339785220817196
2015-07-20,short_treasury,0.002477572902076286,0.002477572902076286,3,0.010132096707820892,-0.6676107152128147,1.5904223036190368,0.3081845810062507
2015-07-20,treasury_7_10y,0.029089204541196123,0.029089204541196123,3,0.00797715038061142,1.4384749589804906,-1.040354655115181,-1.168968912679616
2015-07-21,alternative,-0.0793249073913832,-0.0793249073913832,3,0.012475993484258652,2.292880023380309,-0.3150427427800892,0.703256735702763
2015-07-21,corp_bond_ig,0.013601314135609721,0.013601314135609721,3,0.007869884371757507,2.1563750181691774,-1.5624618973454292,-1.5728734003103666
2015-07-21,developed_equity,-0.05924519458051902,-0.05924519458051902,3,0.01644130051136017,4.027235131438323,0.13117620885648204,1.4780240212214895
2015-07-21,emerging_equity,-0.08203530139821724,-0.08203530139821724,3,0.013083754107356071,3.56945803848441,-1.1129222312830174,0.6787156487443976
2015-07-21,korea_equity,0.007781359994271764,0.007781359994271764,3,0.011585425585508347,1.932041277347535,-0.25171425559732735,0.1341788607594885
2015-07-21,short_treasury,0.0037749169222174306,0.0037749169222174306,3,0.010136652737855911,-0.6678205087486809,1.773109044458022,0.22654970277078942
2015-07-21,treasury_7_10y,0.03186226453840835,0.03186226453840835,3,0.008024223148822784,1.35093493420043,-0.8707120675559031,-1.180784346230436
2015-07-22,alternative,-0.0627118773379568,-0.0627118773379568,3,0.013087775558233261,2.4108539087915144,-0.1407473801693691,0.8520527775035579
2015-07-22,corp_bond_ig,0.011853219376048107,0.011853219376048107,3,0.007670294493436813,2.408360049071041,-2.191688872638194,-1.6454323979122796
2015-07-22,developed_equity,-0.03875439813217818,-0.03875439813217818,3,0.016794539988040924,3.9677689920888564,0.32897428566264625,1.4872109575756254
2015-07-22,emerging_equity,-0.04608901616378702,-0.04608901616378702,3,0.012740347534418106,3.4871954716917624,-1.1108571031677936,0.6458166941308261
2015-07-22,korea_equity,0.04879924981283801,0.04879924981283801,3,0.011421915143728256,1.8297869407831833,-0.3061345789532268,0.14949360301813433
2015-07-22,short_treasury,0.0033034305361017147,0.0033034305361017147,3,0.008512061089277267,-0.8623744737443597,1.0958100795587016,0.10536257424372493
2015-07-22,treasury_7_10y,0.027073299082349234,0.027073299082349234,3,0.008137384429574013,1.7034780110133807,-0.8962513401586419,-2.3531460960858843
2015-07-23,alternative,-0.0603741374680673,-0.0603741374680673,3,0.014263693243265152,2.919859266565861,0.11815517605767807,0.948594689200794
2015-07-23,corp_bond_ig,0.009230501308883143,0.009230501308883143,3,0.007321549579501152,2.1948521311319777,-1.7022900505451852,-2.0015078180335752
2015-07-23,developed_equity,-0.042140927936960115,-0.042140927936960115,3,0.017181329429149628,4.055682889842874,0.5081876394921124,1.4430334571149368
2015-07-23,emerging_equity,-0.03590421619432371,-0.03590421619432371,3,0.012760978192090988,3.9578247981310093,-1.4755509937104019,0.8246092427337184
2015-07-23,korea_equity,0.0545631334619614,0.0545631334619614,3,0.01391676440834999,3.7658493906790813,-0.3288712922752683,0.7403181727284921
2015-07-23,short_treasury,0.00271326372586822,0.00271326372586822,3,0.007702354341745377,-0.8474543338481185,0.7726435606962446,0.056508719556917844
2015-07-23,treasury_7_10y,0.02204353735407949,0.02204353735407949,3,0.009583566337823868,3.2098785648592916,-1.1802423429366384,-2.634884425088946
2015-07-24,alternative,-0.05503010625916038,-0.05503010625916038,3,0.014668786898255348,2.980110765540831,0.06385017322475374,1.0274220896631558
2015-07-24,corp_bond_ig,0.009579706429965418,0.009579706429965418,3,0.0058336034417152405,1.9349803268700914,-2.54359304648146,-4.4552722123287705
2015-07-24,developed_equity,-0.03196600151687734,-0.03196600151687734,3,0.017767352983355522,4.02883349158093,0.7864097662795143,1.4285209395938063
2015-07-24,emerging_equity,-0.031840266094167013,-0.031840266094167013,3,0.012545933946967125,4.360081607899128,-1.8547086054195019,0.96485883697739
2015-07-24,korea_equity,0.06761561971406516,0.06761561971406516,3,0.015535671263933182,4.661680676088559,-0.41378165482362766,1.1111324462612595
2015-07-24,short_treasury,0.002830497242341412,0.002830497242341412,3,0.00791035033762455,-0.773514756385691,0.8090029303648336,0.09363070005780105
2015-07-24,treasury_7_10y,0.02060491722395641,0.02060491722395641,3,0.008966078981757164,2.9202437731894064,-1.3980983838315968,-2.523911798148956
2015-07-27,alternative,-0.04347826086956519,-0.04347826086956519,3,0.015035204589366913,3.160616986377286,0.28639225052642725,0.9522144355573571
2015-07-27,corp_bond_ig,0.007594105140406926,0.007594105140406926,3,0.006170816719532013,1.7377551427995956,-2.151515985081798,-1.7010637978279197
2015-07-27,developed_equity,-0.021196990479745992,-0.021196990479745992,3,0.01771119236946106,3.8607577678886025,1.0550597086884748,1.436483094905276
2015-07-27,emerging_equity,-0.01347639357099717,-0.01347639357099717,3,0.013611789792776108,4.707540812388508,-1.6466150447889187,1.0000897260381922
2015-07-27,korea_equity,0.06580236661091599,0.06580236661091599,3,0.01549479179084301,4.646763447825883,-0.25545924902215716,1.1014895931622553
2015-07-27,short_treasury,0.0015321730718964588,0.0015321730718964588,3,0.007002003490924835,-0.9306756366867576,0.6807406954430719,0.07704763791330489
2015-07-27,treasury_7_10y,0.013754112703584953,0.013754112703584953,3,0.009413005784153938,2.686348808571936,-0.8890708841241546,-2.134291979169226
2015-07-28,alternative,-0.06512423884202645,-0.06512423884202645,3,0.016859205439686775,3.512745654864242,0.6624123664113879,1.040066645356375
2015-07-28,corp_bond_ig,0.01338626314973479,0.01338626314973479,3,0.004797585308551788,1.6527767069411605,-2.6574302983713682,-4.072810837952555
2015-07-28,developed_equity,-0.04709403875030371,-0.04709403875030371,3,0.017902173101902008,3.5876534616217906,1.3611926820725402,1.3822669113985173
2015-07-28,emerging_equity,-0.03757149701372453,-0.03757149701372453,3,0.01298103854060173,4.323347509812235,-1.671790776811459,0.9278484363517775
2015-07-28,korea_equity,0.04219083379968058,0.04219083379968058,3,0.015232004225254059,4.455182790859189,-0.2849750056223206,1.0179863272143606
2015-07-28,short_treasury,0.002121894392201673,0.002121894392201673,3,0.006351064890623093,-0.85661519082812,0.16225618917057308,-0.04264974579745212
2015-07-28,treasury_7_10y,0.020122861724303664,0.020122861724303664,3,0.01167411357164383,2.745837393842535,0.26487539093832035,-1.4276771827664065
2015-07-29,alternative,-0.06223361348538703,-0.06223361348538703,3,0.018149634823203087,3.8655473041275386,0.9715226654911177,1.0001310339596916
2015-07-29,corp_bond_ig,0.016423146826768154,0.016423146826768154,3,0.005231793969869614,1.5194132775557536,-2.271895773749258,-1.7936360039909574
2015-07-29,developed_equity,-0.03777929550675663,-0.03777929550675663,3,0.01905386708676815,3.6169102379239586,1.6899928636223427,1.2640630570889475
2015-07-29,emerging_equity,-0.027231014218875194,-0.027231014218875194,3,0.013397237285971642,4.276968558210545,-1.4457365823278105,0.8868118493062778
2015-07-29,korea_equity,0.05096156780536365,0.05096156780536365,3,0.014718333259224892,4.51140209213854,-0.5424699865435721,1.0269611071104339
2015-07-29,short_treasury,0.002711984006068313,0.002711984006068313,3,0.005369096994400024,-0.8910801774458037,-0.10774474371666018,-0.004475102896763431
2015-07-29,treasury_7_10y,0.02261115854921658,0.02261115854921658,3,0.01187373697757721,2.922625724353276,0.17844009837089755,-1.2778992764670063
2015-07-30,alternative,-0.04786323482154786,-0.04786323482154786,3,0.018882062286138535,4.113277507019239,1.0408368930814016,1.1005823858730215
2015-07-30,corp_bond_ig,0.01218145712405505,0.01218145712405505,3,0.004621956497430801,1.994159185152027,-2.743178672171797,-5.87659240875091
2015-07-30,developed_equity,-0.03245427985837701,-0.03245427985837701,3,0.019537096843123436,3.4741203203275073,2.1429770157988552,1.1989107596403126
2015-07-30,emerging_equity,-0.0117102475730132,-0.0117102475730132,3,0.014355149120092392,4.514330280477811,-1.1563489786795642,0.8379078171765916
2015-07-30,korea_equity,0.07669619750064949,0.07669619750064949,3,0.015123199671506882,4.555432375959276,-0.4457249448305575,1.0808378925789948
2015-07-30,short_treasury,0.002359379327085076,0.002359379327085076,3,0.005684535950422287,-0.840949735296598,-0.12406836629436784,0.18258436403440542
2015-07-30,treasury_7_10y,0.015687050339223907,0.015687050339223907,3,0.011583752930164337,2.6987160849233915,-0.13797514586803186,-0.6071599099000204
2015-07-31,alternative,-0.05536626844563697,-0.05536626844563697,3,0.01975061371922493,4.281886217944411,1.381981979395115,1.063304829161153
2015-07-31,corp_bond_ig,0.008766689177807097,0.008766689177807097,3,0.004424039274454117,1.6496924005553122,-2.453374166995503,-2.1277804969617584
2015-07-31,developed_equity,-0.035222681026951586,-0.035222681026951586,3,0.01972779631614685,3.594130591440487,2.2250601673890475,1.2498534096251541
2015-07-31,emerging_equity,-0.03124999678854279,-0.03124999678854279,3,0.014493957161903381,4.474484036783643,-1.0101264992316712,0.7993511876900498
2015-07-31,korea_equity,0.06877687449735514,0.06877687449735514,3,0.015355244278907776,4.770171116394478,-0.5112800581786148,1.0920544974315671
2015-07-31,short_treasury,0.0012962598345556131,0.0012962598345556131,3,0.005711030215024948,-0.6578076420821432,-0.23870353509659895,0.23507268838622317
2015-07-31,treasury_7_10y,0.012401349723294874,0.012401349723294874,3,0.012156721204519272,2.6586909072003553,0.14611525106772325,0.11807716819566282
2015-08-03,alternative,-0.05993150528342095,-0.05993150528342095,3,0.021346447989344597,4.477414473078127,1.9656443132340202,1.2422467549401028
2015-08-03,corp_bond_ig,0.009545107933723873,0.009545107933723873,3,0.004330936819314957,2.090229005934726,-3.004333387519024,-5.075052628528309
2015-08-03,developed_equity,-0.03357708281126137,-0.03357708281126137,3,0.020282413810491562,3.5431073770935932,2.5049051740402866,1.2437499260922018
2015-08-03,emerging_equity,-0.02602741816272469,-0.02602741816272469,3,0.014277618378400803,4.086817721180468,-0.780364404096722,0.7213099345289505
2015-08-03,korea_equity,0.07716721685029193,0.07716721685029193,3,0.014490149915218353,4.179235161873187,-0.6502862005093876,1.0926913523177482
2015-08-03,short_treasury,0.001767843589586482,0.001767843589586482,3,0.005906391888856888,-0.7657868350984174,-0.08426983803810557,0.12599312276385202
2015-08-03,treasury_7_10y,0.013414637201171642,0.013414637201171642,3,0.012586776167154312,2.5626368215434323,0.6721217909522301,-0.25974166123286696
2015-08-04,alternative,-0.060476987920277114,-0.060476987920277114,3,0.021405406296253204,4.505908260692022,2.1140434365460212,1.2362879174197547
2015-08-04,corp_bond_ig,0.01071742027546252,0.01071742027546252,3,0.0034956559538841248,1.7295787721000526,-3.0145561985763436,-3.3215215797197044
2015-08-04,developed_equity,-0.030352376701029304,-0.030352376701029304,3,0.020423170179128647,3.7877469098463314,2.691568848882942,0.44017924978411654
2015-08-04,emerging_equity,-0.040677085313103545,-0.040677085313103545,3,0.014584388583898544,4.169745378279482,-0.8063330900525406,0.7597741933455718
2015-08-04,korea_equity,0.058580688122808144,0.058580688122808144,3,0.014624211937189102,3.9981833622646605,-0.2682908644374334,0.9547529634912874
2015-08-04,short_treasury,0.0020065883675148832,0.0020065883675148832,3,0.005780994892120361,-0.5982077172220452,-0.18270850355099574,0.010610948700984819
2015-08-04,treasury_7_10y,0.013389892768341571,0.013389892768341571,3,0.012346141040325165,2.3292831925069186,0.9668143610823601,-0.5301115965244914
2015-08-05,alternative,-0.0614858842191478,-0.0614858842191478,3,0.021462325006723404,4.397925775882546,2.242123604704003,1.2947134270040013
2015-08-05,corp_bond_ig,0.007548830772946102,0.007548830772946102,3,0.0029557310044765472,1.831306764969332,-3.315426590628861,-5.894495505906543
2015-08-05,developed_equity,-0.02699783950547352,-0.02699783950547352,3,0.020880360156297684,4.042089015670788,2.6645975339536943,0.9141563735878183
2015-08-05,emerging_equity,-0.04994536154043805,-0.04994536154043805,3,0.01390160620212555,3.876364094691524,-0.928184034581149,0.6505949421866905
2015-08-05,korea_equity,0.06425464377908718,0.06425464377908718,3,0.01451783999800682,3.908828759360932,-0.3692507242445266,0.883616281968371
2015-08-05,short_treasury,0.0011802014653514714,0.0011802014653514714,3,0.0055071450769901276,-0.6172904293907583,-0.35880716800123286,0.11236447745428572
2015-08-05,treasury_7_10y,0.011075332977140917,0.011075332977140917,3,0.012361481785774231,2.340592474408839,1.0736674752783102,-0.7989106597789691
2015-08-06,alternative,-0.05751070341838782,-0.05751070341838782,3,0.021586986258625984,4.617855760945941,2.24469249062229,1.2856588403609912
2015-08-06,corp_bond_ig,0.008227218655921131,0.008227218655921131,3,0.0028404071927070618,1.7482323215249158,-2.9629962773822607,-6.505309809792388
2015-08-06,developed_equity,-0.025515114247813386,-0.025515114247813386,3,0.02041604369878769,4.112383206262699,2.3879707880222645,1.0466815680565733
2015-08-06,emerging_equity,-0.0399229288304781,-0.0399229288304781,3,0.013775702565908432,3.7998012742987797,-0.823109701909414,0.6377410095345004
2015-08-06,korea_equity,0.08694787917161495,0.08694787917161495,3,0.014758996665477753,3.842541390128372,-0.10078052050271928,0.8284316338836847
2015-08-06,short_treasury,0.000943974407724868,0.000943974407724868,3,0.00587121769785881,-0.5194795604017197,-0.38021175517251166,0.1800549781987511
2015-08-06,treasury_7_10y,0.009527351065779621,0.009527351065779621,3,0.013000935316085815,2.35373810317401,1.48486572429209,-0.5654614029169586
2015-08-07,alternative,-0.03879310344827591,-0.03879310344827591,3,0.02187737636268139,4.539252215281507,2.3491584688380716,1.3732088961523905
2015-08-07,corp_bond_ig,-0.0024165565034448555,-0.0024165565034448555,3,0.002732403576374054,1.659664517422067,-3.2143040558555454,-5.770175249518464
2015-08-07,developed_equity,-0.019070991091661216,-0.019070991091661216,3,0.019667137414216995,3.5200975959888674,2.2936656606290757,1.1807782883052815
2015-08-07,emerging_equity,-0.020385616510262272,-0.020385616510262272,3,0.013047175481915474,3.433045196765686,-0.8606204792620679,0.5800234273471782
2015-08-07,korea_equity,0.10595760073084781,0.10595760073084781,3,0.013505317270755768,3.273337347537429,-0.4026812679781459,0.6967303047381835
2015-08-07,short_treasury,0.000354135044517756,0.000354135044517756,3,0.00572238489985466,-0.6679387852688137,-0.38485832096268696,0.13111316781267623
2015-08-07,treasury_7_10y,0.0011275274475046615,0.0011275274475046615,3,0.013024602085351944,2.3075671164139098,1.7190423565238804,-1.0929610291055627
2015-08-10,alternative,-0.05513146663168833,-0.05513146663168833,3,0.022150862962007523,4.773170235382089,2.4126740421323176,1.3226083830988222
2015-08-10,corp_bond_ig,0.0016462594747677084,0.0016462594747677084,3,0.002461303025484085,1.6795719631218158,-3.0880627209820357,-5.891906459698717
2015-08-10,developed_equity,-0.02365504082984049,-0.02365504082984049,3,0.019515160471200943,3.5033286594635484,2.3049522427307476,1.1979162837851338
2015-08-10,emerging_equity,-0.023841806333058768,-0.023841806333058768,3,0.01290569081902504,3.4140792492938608,-0.9953856004224921,0.5395343579023987
2015-08-10,korea_equity,0.1087171374463547,0.1087171374463547,3,0.014200419187545776,3.6935644597727535,-0.31572561439942065,0.7468107736539874
2015-08-10,short_treasury,0.00023615007292110413,0.00023615007292110413,3,0.00537477433681488,-0.5896573769161447,-0.7373501550710804,0.17664844073368707
2015-08-10,treasury_7_10y,0.0026417471925679337,0.0026417471925679337,3,0.013007769361138344,2.0314358971186306,1.9510858513398417,-0.9653122781941453
2015-08-11,alternative,-0.04553267166907615,-0.04553267166907615,3,0.02165960893034935,4.353367179260988,2.673811823511737,1.3222384926463575
2015-08-11,corp_bond_ig,-0.00362411054583911,-0.00362411054583911,3,0.0025477297604084015,1.704864134484112,-3.1146748070519132,-6.721736973229393
2015-08-11,developed_equity,-0.021886904075399505,-0.021886904075399505,3,0.019400961697101593,3.437028456742294,2.3669901771980886,1.1514301046486002
2015-08-11,emerging_equity,-0.009972210827442596,-0.009972210827442596,3,0.011925145983695984,3.398003903962237,-1.3981596117045876,0.5537418654727086
2015-08-11,korea_equity,0.13044369429604097,0.13044369429604097,3,0.013838261365890503,3.8710967044295472,-0.7003903752861104,0.8360802275388785
2015-08-11,short_treasury,-0.0021221446100377905,-0.0021221446100377905,3,0.005717132240533829,-0.6222631685718126,-0.7335285537420506,0.2270509267964778
2015-08-11,treasury_7_10y,-0.004967651768383208,-0.004967651768383208,3,0.011968094855546951,1.8970623763475898,1.6834020001593397,-1.3397579249786364
2015-08-12,alternative,-0.04152245229862905,-0.04152245229862905,3,0.0206531323492527,4.365341312955099,2.1907939589137184,1.2839646250519645
2015-08-12,corp_bond_ig,-0.0018148741347698838,-0.0018148741347698838,3,0.0022568702697753906,1.187652714948622,-2.683799245207652,-3.682459798650937
2015-08-12,developed_equity,-0.010006795861238982,-0.010006795861238982,3,0.01818184182047844,3.319767298481136,1.8919778702689403,1.0787035639636189
2015-08-12,emerging_equity,0.007315653203025407,0.007315653203025407,3,0.012554068118333817,4.150771529941571,-1.7291566006548433,0.7117539819776441
2015-08-12,korea_equity,0.1282417525577244,0.1282417525577244,3,0.013716237619519234,3.7686860458742637,-0.7072369627809761,0.8206906587308427
2015-08-12,short_treasury,-0.0021221446100377905,-0.0021221446100377905,3,0.005692720413208008,-0.7055529739576989,-0.7966126262610489,0.3624901034065329
2015-08-12,treasury_7_10y,-0.005250869010558712,-0.005250869010558712,3,0.010913744568824768,1.0692352197824997,1.5262442512845102,0.09772561058599015
2015-08-13,alternative,-0.046471549382997246,-0.046471549382997246,3,0.020748421549797058,4.179176625577649,2.212424907439363,1.3365124729386098
2015-08-13,corp_bond_ig,-0.004856452783369547,-0.004856452783369547,3,0.0020754002034664154,1.6018353676191395,-3.0429526987374436,-8.924805765262239
2015-08-13,developed_equity,-0.015228434897053944,-0.015228434897053944,3,0.020211953669786453,4.260313280910136,2.0230610682112986,1.283778303686644
2015-08-13,emerging_equity,-0.005073289388335622,-0.005073289388335622,3,0.011751443147659302,3.7149387395111524,-1.7395100441374605,0.6092163620737583
2015-08-13,korea_equity,0.1041156602488349,0.1041156602488349,3,0.013392534106969833,3.6030778531156176,-0.8778758608383054,0.6802941292216178
2015-08-13,short_treasury,-0.0022419167127580852,-0.0022419167127580852,3,0.006228841841220856,-0.8301454511194922,-0.5860518347304693,0.3511606382461262
2015-08-13,treasury_7_10y,-0.009401146697179508,-0.009401146697179508,3,0.010202914476394653,0.81709367516506,1.6066214403301307,-0.3928542012603974
2015-08-14,alternative,-0.05998286360799632,-0.05998286360799632,3,0.020683078095316887,4.327991404961834,2.187360284207963,1.329454548953966
2015-08-14,corp_bond_ig,-0.0074510537514715924,-0.0074510537514715924,3,0.0021574459969997406,0.747804471057672,-2.25864562196726,-1.4512070293993493
2015-08-14,developed_equity,-0.026452855391914665,-0.026452855391914665,3,0.019544273614883423,3.8517345649528507,2.1036872901402206,1.2619580010733134
2015-08-14,emerging_equity,-0.03124122286765607,-0.03124122286765607,3,0.012285210192203522,3.7761936996929135,-1.6162986282591612,0.5380980981431988
2015-08-14,korea_equity,0.07908118139758469,0.07908118139758469,3,0.012582037597894669,3.1718148949696086,-0.7936720021891182,0.6359523244447617
2015-08-14,short_treasury,-0.002006825295509551,-0.002006825295509551,3,0.006041504442691803,-0.7409124970255162,-0.8216688696565394,0.5042768659205867
2015-08-14,treasury_7_10y,-0.01006963743001299,-0.01006963743001299,3,0.00992124155163765,0.5657365524614587,1.6996061555264386,0.15545037159227265
2015-08-17,alternative,-0.05770884613521876,-0.05770884613521876,3,0.019512206315994263,3.9331495184510916,2.1755753355226024,1.316102929777053
2015-08-17,corp_bond_ig,-0.008118165938110766,-0.008118165938110766,3,0.0023370422422885895,1.2568387117215196,-2.363607755962803,-4.992915365083997
2015-08-17,developed_equity,-0.026934662799326436,-0.026934662799326436,3,0.018446248024702072,3.7657272338018095,1.8249428182510465,1.162783960525839
2015-08-17,emerging_equity,-0.02475808044951333,-0.02475808044951333,3,0.011720336973667145,3.632092476412345,-1.8087744993834565,0.43707101454613145
2015-08-17,korea_equity,0.08518979181336683,0.08518979181336683,3,0.012855075299739838,3.1502616818195803,-0.6349547523021117,0.5613774867414733
2015-08-17,short_treasury,-0.0021236467748841914,-0.0021236467748841914,3,0.005834463983774185,-0.7083792396987162,-1.0414744786480132,0.5557479602154948
2015-08-17,treasury_7_10y,-0.00995770398292406,-0.00995770398292406,3,0.008396157994866371,0.03285088423546534,1.2173364133645368,0.23930050312704182
2015-08-18,alternative,-0.05449823101661755,-0.05449823101661755,3,0.019479652866721153,4.200932368455845,2.109227037849048,1.3018131189941813
2015-08-18,corp_bond_ig,-0.004421344975959252,-0.004421344975959252,3,0.00273735448718071,0.7786513423098139,-2.072568973763796,-1.3529370106478682
2015-08-18,developed_equity,-0.02922309054954242,-0.02922309054954242,3,0.021073101088404655,5.1682679896406825,2.2730136586893575,0.6317469322752275
2015-08-18,emerging_equity,-0.012082801761389317,-0.012082801761389317,3,0.01235884428024292,4.240233137836507,-1.8123800498974165,0.596546154816788
2015-08-18,korea_equity,0.09777876433897004,0.09777876433897004,3,0.013391632586717606,3.939857598149512,-0.9232227686412827,0.7549943912359891
2015-08-18,short_treasury,-0.0022419167127580852,-0.0022419167127580852,3,0.006314653903245926,-0.4347163302586108,-1.0954594617880091,0.5488069225518432
2015-08-18,treasury_7_10y,-0.008844584608608042,-0.008844584608608042,3,0.008732220157980919,0.021688499376349868,1.5678282383777475,0.4952665686681929
2015-08-19,alternative,-0.05584643639697928,-0.05584643639697928,3,0.01854170858860016,3.87121680111818,2.1016156377119257,1.3707189158372524
2015-08-19,corp_bond_ig,-0.009576400442427357,-0.009576400442427357,3,0.0020674429833889008,0.6770530063196014,-2.2541987232643623,-1.8351701315166709
2015-08-19,developed_equity,-0.030382605529240325,-0.030382605529240325,3,0.020188987255096436,5.0272494615509995,1.49238768280062,1.4870467843634767
2015-08-19,emerging_equity,-0.009321395061272941,-0.009321395061272941,3,0.01401236280798912,4.919240288945465,-1.616852242856358,1.0563699472963761
2015-08-19,korea_equity,0.09258099156621058,0.09258099156621058,3,0.012095963582396507,3.696163485053711,-1.4796666885873864,0.6919489895380707
2015-08-19,short_treasury,-0.0028292524812394415,-0.0028292524812394415,3,0.00638020783662796,-0.4432032039267181,-1.161718968804432,0.5742199623763472
2015-08-19,treasury_7_10y,-0.014308414616387322,-0.014308414616387322,3,0.008277852088212967,-0.2454293201313844,1.3814942896051936,0.38919679988533146
2015-08-20,alternative,-0.03610108203816098,-0.03610108203816098,3,0.017123857513070107,3.726250572655361,1.626372882064533,1.42364659658202
2015-08-20,corp_bond_ig,-0.007242662036316738,-0.007242662036316738,3,0.002398107200860977,0.8392847771334401,-1.8868891469539861,-1.9807380485442898
2015-08-20,developed_equity,-0.01372190107797977,-0.01372190107797977,3,0.018623188138008118,4.814773229543692,1.2215972993325168,1.75626325886082
2015-08-20,emerging_equity,-0.007398638450024975,-0.007398638450024975,3,0.014847908169031143,5.011366503490753,-1.199290260590506,1.1033633391450395
2015-08-20,korea_equity,0.09623610268454019,0.09623610268454019,3,0.013112671673297882,4.129520025620904,-1.3510771014137186,0.8368621077063073
2015-08-20,short_treasury,-0.0016509361392710309,-0.0016509361392710309,3,0.007409580051898956,-0.044393450476873236,-1.296861657814969,0.6597881294248055
2015-08-20,treasury_7_10y,-0.013243780570589503,-0.013243780570589503,3,0.007540307939052582,-0.5458161491093103,1.1978991297285515,0.4762872797371712
2015-08-21,alternative,-0.0009191737197660199,-0.0009191737197660199,3,0.016998659819364548,3.4025228988264007,1.9493472611872806,1.5918106544874204
2015-08-21,corp_bond_ig,-0.00732694128496747,-0.00732694128496747,3,0.002089228481054306,0.6811250825788405,-1.8924400914742006,-2.4941020417728264
2015-08-21,developed_equity,0.03238041569073613,0.03238041569073613,3,0.01786518096923828,4.220188391055116,1.2160440901247087,2.0473274869086455
2015-08-21,emerging_equity,0.043969423716304856,0.043969423716304856,3,0.01545143686234951,4.903743179187227,-0.8884845765048076,1.3046130667378115
2015-08-21,korea_equity,0.13312901411914146,0.13312901411914146,3,0.014115836471319199,4.6923597419793355,-1.3613876153013267,1.054122186132572
2015-08-21,short_treasury,-0.002709338310669218,-0.002709338310669218,3,0.0074999649077653885,0.008194947584959032,-1.2656742525648719,0.6473380856154608
2015-08-21,treasury_7_10y,-0.015884803160560956,-0.015884803160560956,3,0.006805572658777237,-0.6910082768432588,0.8573349812563664,0.10312207581135216
2015-08-24,alternative,0.0355768937330978,0.0355768937330978,3,0.015734687447547913,4.085166353142146,1.3959770949805141,1.6498535294681291
2015-08-24,corp_bond_ig,-0.003543985249002124,-0.003543985249002124,3,0.0023578591644763947,0.6155469821458557,-1.5462859873673356,-2.8032226744739757
2015-08-24,developed_equity,0.07445040014122761,0.07445040014122761,3,0.014805868268013,3.6071834900598874,1.0847391627068534,1.3041750035714308
2015-08-24,emerging_equity,0.08844190564348664,0.08844190564348664,3,0.018884863704442978,4.841915044659313,1.3614687454912806,1.578936471310554
2015-08-24,korea_equity,0.15100670883201395,0.15100670883201395,3,0.018531108275055885,5.030347263101449,0.9254643798256155,1.6530259906590756
2015-08-24,short_treasury,-0.003532356654654678,-0.003532356654654678,3,0.007356621325016022,-0.43838278998472197,-0.4848489583205236,0.45167298997602484
2015-08-24,treasury_7_10y,-0.017805788151181723,-0.017805788151181723,3,0.0056155286729335785,-0.896321696777639,0.7977331790192974,-1.3050640598008463
2015-08-25,alternative,0.03225807852615725,0.03225807852615725,3,0.016967084258794785,4.287268283751114,1.6137878718410426,1.6410676108483293
2015-08-25,corp_bond_ig,0.0018244925044015314,0.0018244925044015314,3,0.002248939126729965,0.6416828138244955,-1.8797834836752068,-2.3153419775000574
2015-08-25,developed_equity,0.07743295574456766,0.07743295574456766,3,0.01515098474919796,3.716871247131962,1.0059042902702957,1.353609861384085
2015-08-25,emerging_equity,0.08638082693667015,0.08638082693667015,3,0.018959488719701767,4.881387866085408,1.292420331494094,1.6368786046313244
2015-08-25,korea_equity,0.14125901744142522,0.14125901744142522,3,0.018130969256162643,5.038210854934544,0.7640093259565877,1.5491294225038004
2015-08-25,short_treasury,-0.0034161964614491946,-0.0034161964614491946,3,0.008045228198170662,-0.4392622251673438,-0.21965833840333696,0.5450652428264269
2015-08-25,treasury_7_10y,-0.012868307356467934,-0.012868307356467934,3,0.0056657493114471436,-1.1231487796030297,0.8320438633747211,-0.7865708935401663
2015-08-26,alternative,0.0036900509248001256,0.0036900509248001256,3,0.016500946134328842,4.057324699676227,1.528160890388895,1.5428003748721193
2015-08-26,corp_bond_ig,0.005389922221694654,0.005389922221694654,3,0.0021520741283893585,0.8690658789198258,-1.7848158050345022,-3.319714060096588
2015-08-26,developed_equity,0.05081519900070508,0.05081519900070508,3,0.01543273776769638,3.8821678125069656,0.986413346598349,1.352381886839154
2015-08-26,emerging_equity,0.06103143033451408,0.06103143033451408,3,0.018881596624851227,5.007437950420207,1.2164052819655937,1.5795557428928824
2015-08-26,korea_equity,0.12726500192117296,0.12726500192117296,3,0.017677653580904007,4.820970191190764,0.5987851282060392,1.5621000357767165
2015-08-26,short_treasury,-0.0030645275584462173,-0.0030645275584462173,3,0.008098781108856201,-0.4662161385598944,-0.20329245864444193,0.49836519890598935
2015-08-26,treasury_7_10y,-0.004597536918237055,-0.004597536918237055,3,0.0058580972254276276,-1.074223484132676,0.906164654743009,-0.7860331017591531
2015-08-27,alternative,-0.01806684783320367,-0.01806684783320367,3,0.017145730555057526,4.068289134032912,1.724059314432507,1.6404651846184009
2015-08-27,corp_bond_ig,0.004255670195995931,0.004255670195995931,3,0.0016786642372608185,1.2974085322862916,-2.09831177840358,-6.986205896159544
2015-08-27,developed_equity,0.028199272881357818,0.028199272881357818,3,0.016206860542297363,4.1640330731434965,1.088004400858722,1.3923647707349796
2015-08-27,emerging_equity,0.0263003412938847,0.0263003412938847,3,0.01825733110308647,4.990871658254565,0.919950926262812,1.592535630919849
2015-08-27,korea_equity,0.10407150394164266,0.10407150394164266,3,0.017768796533346176,5.095290794154429,0.5740561284807288,1.5824608088590586
2015-08-27,short_treasury,-0.0031820465282478283,-0.0031820465282478283,3,0.00821596384048462,-0.5467716202255148,-0.24739678228789216,0.42406566727864875
2015-08-27,treasury_7_10y,-0.005351105076863538,-0.005351105076863538,3,0.005072735249996185,-1.3937416769914441,0.543920147273305,-0.4482443334577004
2015-08-28,alternative,-0.019855636435398227,-0.019855636435398227,3,0.016720043495297432,4.138169285600906,1.3564604512702894,1.558271033061163
2015-08-28,corp_bond_ig,0.0027741629740551943,0.0027741629740551943,3,0.0019548870623111725,0.6771996887703748,-1.8419101559115667,-3.0693257183405813
2015-08-28,developed_equity,0.02160850308500284,0.02160850308500284,3,0.016478024423122406,4.227410023315833,1.066360662769837,1.3751132488437783
2015-08-28,emerging_equity,0.02989941304703292,0.02989941304703292,3,0.018988996744155884,5.2641819061401645,1.0783975907408079,1.5518204377547138
2015-08-28,korea_equity,0.10502181547310796,0.10502181547310796,3,0.01818218268454075,5.139164803222425,0.6805227527347089,1.5716979055601
2015-08-28,short_treasury,-0.0028298298629677587,-0.0028298298629677587,3,0.008748386055231094,-0.5484736094150255,0.22110487673386156,0.4583800339386967
2015-08-28,treasury_7_10y,-0.004223808651865113,-0.004223808651865113,3,0.004962410777807236,-1.3043474047417813,0.41056156960414564,-0.41779812300856023
2015-08-31,alternative,-0.015440481124454952,-0.015440481124454952,3,0.017558133229613304,4.105272726730433,1.700257515943003,1.5461412044445613
2015-08-31,corp_bond_ig,0.0056492398719882875,0.0056492398719882875,3,0.0020257309079170227,1.555631544335908,-2.0555055177311754,-9.911269304525309
2015-08-31,developed_equity,0.035822556800304994,0.035822556800304994,3,0.016298968344926834,4.037467340798975,1.086289636869856,1.3679864557355828
2015-08-31,emerging_equity,0.03339246640129878,0.03339246640129878,3,0.018719352781772614,5.278701160458001,0.9183195577055714,1.588850148027904
2015-08-31,korea_equity,0.12311871594611223,0.12311871594611223,3,0.018501199781894684,5.296444102590908,0.6631354811681663,1.5316114359937103
2015-08-31,short_treasury,-0.00247698852909084,-0.00247698852909084,3,0.008874129503965378,-0.6637057963200416,0.2722171786752946,0.4305561267977949
2015-08-31,treasury_7_10y,-0.001598328017767825,-0.001598328017767825,3,0.004717674106359482,-1.415386195980173,0.40179517943568116,-0.39219026218411895
2015-09-01,alternative,0.02059922177320561,0.02059922177320561,3,0.016901906579732895,3.94713940016975,1.5808811305646961,1.5219060855660995
2015-09-01,corp_bond_ig,0.0034656171566853633,0.0034656171566853633,3,0.0012334026396274567,1.1295245516745522,-1.5563731477666667,-10.844038471534155
2015-09-01,developed_equity,0.06729201125020534,0.06729201125020534,3,0.017506740987300873,4.551457053026548,1.168986830590878,1.4622196301000174
2015-09-01,emerging_equity,0.06670771795490005,0.06670771795490005,3,0.018647976219654083,5.252288260302591,0.8637848771452348,1.5209487891534912
2015-09-01,korea_equity,0.1470964852092933,0.1470964852092933,3,0.017582084983587265,5.025808670175072,0.4064155167776307,1.5563282601488952
2015-09-01,short_treasury,-0.0022412978593323585,-0.0022412978593323585,3,0.008884347975254059,-0.45137344683932107,0.16660034783160935,0.32387922622665083
2015-09-01,treasury_7_10y,-0.003937359858956158,-0.003937359858956158,3,0.0045599788427352905,-1.4121772451255619,0.1374340453191143,-0.3481371053760252
2015-09-02,alternative,0.006463498878274798,0.006463498878274798,3,0.017193783074617386,3.9150199236921455,1.7052752889811482,1.5415389540211424
2015-09-02,corp_bond_ig,0.005292846944482177,0.005292846944482177,3,0.0017249397933483124,1.880375294190412,-1.8448482240684676,-16.115528933743093
2015-09-02,developed_equity,0.04748640926807579,0.04748640926807579,3,0.017977198585867882,4.4833625707391835,1.4530934642209348,1.5556778093283632
2015-09-02,emerging_equity,0.028484806869969237,0.028484806869969237,3,0.018041051924228668,5.270904078535543,0.537614269273285,1.5523106285301829
2015-09-02,korea_equity,0.1208813879765549,0.1208813879765549,3,0.01851995661854744,5.2693168605079075,0.6370599741508721,1.5732008387031873
2015-09-02,short_treasury,-0.0022408590559580555,-0.0022408590559580555,3,0.007926985621452332,-0.6688794575930227,-0.1310796642572901,0.181846978827967
2015-09-02,treasury_7_10y,-0.000187973712941103,-0.000187973712941103,3,0.003712821751832962,-1.5858651896005067,-0.2258190959374089,-0.4642852814703246
2015-09-03,alternative,0.0055045731570742,0.0055045731570742,3,0.017204193398356438,3.9831436972967373,1.6718099367574024,1.485379882739167
2015-09-03,corp_bond_ig,0.0009499188899193545,0.0009499188899193545,3,0.004896663129329681,0.7099757319436326,0.7958532412526766,-4.86597703091678
2015-09-03,developed_equity,0.05137991572050571,0.05137991572050571,3,0.017883021384477615,4.656300778167619,1.21310676583902,1.5600289404669292
2015-09-03,emerging_equity,0.025958363496077164,0.025958363496077164,3,0.018827756866812706,5.46301358889195,0.7513943653596018,1.4735613660972506
2015-09-03,korea_equity,0.11458114317599843,0.11458114317599843,3,0.018634667620062828,5.147227162796984,0.7437699436017092,1.4794689764407551
2015-09-03,short_treasury,-0.002594659963765067,-0.002594659963765067,3,0.007822435349225998,-0.7269054983303648,0.1810287956483305,0.17985008237852
2015-09-03,treasury_7_10y,-0.0022505426213723645,-0.0022505426213723645,3,0.003735959529876709,-1.4491619352658778,-0.20381673839947845,-0.4665093774385054
2015-09-04,alternative,0.020446139487314552,0.020446139487314552,3,0.01706884801387787,3.7434810453292298,1.792554484844795,1.4737794226402765
2015-09-04,corp_bond_ig,0.0033603256751022492,0.0033603256751022492,3,0.005439672619104385,0.9133257197633486,1.0476312286668499,-5.20739307977086
2015-09-04,developed_equity,0.07729104823022914,0.07729104823022914,3,0.01769053190946579,4.442135684664605,1.2833871335548621,1.572865712665891
2015-09-04,emerging_equity,0.06565030026202012,0.06565030026202012,3,0.018207352608442307,5.5298355236763355,0.5107064699960513,1.52557062152917
2015-09-04,korea_equity,0.1637072612241559,0.1637072612241559,3,0.0183006189763546,5.103198014009531,0.7443264485296285,1.3998722604681995
2015-09-04,short_treasury,-0.002594353924360693,-0.002594353924360693,3,0.008340192958712578,-0.6260263664875537,0.29975078728070453,0.20774324278295772
2015-09-04,treasury_7_10y,-0.0015892134898136678,-0.0015892134898136678,3,0.0041775889694690704,-1.3906635947477215,-0.15164196592321919,-0.37778968062825385
2015-09-08,alternative,-0.012635392484826258,-0.012635392484826258,4,0.0343819335103035,3.3753347824242153,5.858010048397891,6.9098168684534675
2015-09-08,corp_bond_ig,0.005626744674234185,0.005626744674234185,4,0.0255128163844347,4.27364685592019,-0.6988621003363877,-0.8679794347593947
2015-09-08,developed_equity,0.0401915894668301,0.0401915894668301,4,0.02802763506770134,2.906463613834313,4.378590779085637,7.047917866767579
2015-09-08,emerging_equity,0.020506643796889268,0.020506643796889268,4,0.03533060848712921,5.129275990608069,2.67177328852704,0.41680506570985526
2015-09-08,korea_equity,0.11430381656698851,0.11430381656698851,4,0.03163434937596321,4.882121824892406,1.0620679124658547,-1.0196840111310848
2015-09-08,short_treasury,-0.0030670581235324734,-0.0030670581235324734,4,0.0072181266732513905,1.1242313196731208,-1.4307756883969909,-1.8130216273738136
2015-09-08,treasury_7_10y,0.0,0.0,4,-0.00435272604227066,-1.7821586736589647,-1.2509291364088004,-1.5032680597849195
2015-09-09,alternative,-0.005489534188132805,-0.005489534188132805,4,0.03668658435344696,3.65642499692229,6.254012029769374,6.416413011850409
2015-09-09,corp_bond_ig,-0.009847105663855382,-0.009847105663855382,4,0.024593211710453033,4.133883530237237,-0.7946118770448843,-0.898195376494936
2015-09-09,developed_equity,0.044264737297506906,0.044264737297506906,4,0.027794260531663895,2.873768743342336,4.203138977185776,6.955882716136043
2015-09-09,emerging_equity,0.020006056800018435,0.020006056800018435,4,0.03362130746245384,4.926426697541961,2.325447100792413,-0.033627364525132535
2015-09-09,korea_equity,0.08823528709655948,0.08823528709655948,4,0.030307017266750336,4.733847179388216,0.8320560111077965,-1.1163069668466068
2015-09-09,short_treasury,-0.002831833200820477,-0.002831833200820477,4,0.007778658997267485,1.1606735815243359,-1.4245707984072167,-1.79557462013147
2015-09-09,treasury_7_10y,-0.010887963695711989,-0.010887963695711989,4,-0.004178800620138645,-1.7981119712383733,-1.2301994130486298,-1.3017278957193956
2015-09-10,alternative,-0.01268117306638561,-0.01268117306638561,4,0.03705962002277374,3.7447866187010663,6.130481190995941,6.31676226766775
2015-09-10,corp_bond_ig,-0.0025099611669500144,-0.0025099611669500144,4,0.02455352619290352,4.106526136187653,-0.7412579806921743,-0.9519766657667054
2015-09-10,developed_equity,0.05767537922480237,0.05767537922480237,4,0.02943427488207817,3.0309034016845,4.748235362658202,6.792157253753424
2015-09-10,emerging_equity,0.016501626367991795,0.016501626367991795,4,0.031139876693487167,4.653845229338832,1.8587732599708409,-0.3697951925692067
2015-09-10,korea_equity,0.07835049973320718,0.07835049973320718,4,0.028567932546138763,4.5117071020168025,0.6376554737519851,-1.283325174600519
2015-09-10,short_treasury,-0.0029488087237511396,-0.0029488087237511396,4,0.009080726653337479,1.3528288652300717,-1.4836829547188863,-1.644320358490297
2015-09-10,treasury_7_10y,-0.004985949138997969,-0.004985949138997969,4,-0.004720362834632397,-1.910784687093631,-1.1937964597298867,-1.3102873600502496
2015-09-11,alternative,-0.01727274114435373,-0.01727274114435373,4,0.04054344817996025,4.227280777607977,6.342996403702503,5.806528645232222
2015-09-11,corp_bond_ig,-0.001470383967318023,-0.001470383967318023,4,0.024237168952822685,4.048431966833114,-0.6669457541941659,-1.0041976835470854
2015-09-11,developed_equity,0.05037451152375905,0.05037451152375905,4,0.031019851565361023,3.2069904296376017,4.411654313952294,6.755987032265783
2015-09-11,emerging_equity,-0.004184082291664004,-0.004184082291664004,4,0.031882986426353455,4.750937606585473,1.9278102778266373,-0.4766927161514937
2015-09-11,korea_equity,0.05187312779094011,0.05187312779094011,4,0.028866715729236603,4.550536473759477,0.5611105181611266,-1.2989687813085111
2015-09-11,short_treasury,-0.003419418982142819,-0.003419418982142819,4,-0.006036148406565189,-0.9863776029580117,-0.7805884711399026,-0.4627277332472143
2015-09-11,treasury_7_10y,-0.004409844366939808,-0.004409844366939808,4,-0.0037183649837970734,-1.8957293769903332,-1.3015018458790963,-1.213038645923248
2015-09-14,alternative,-0.021977966699228912,-0.021977966699228912,4,0.03199788182973862,3.153801771570642,4.8448833132158695,6.666000025904442
2015-09-14,corp_bond_ig,-0.002681407810372516,-0.002681407810372516,4,0.022813737392425537,3.8203437463442946,-0.7119873293556529,-1.2028386959274309
2015-09-14,developed_equity,0.042377829491112795,0.042377829491112795,4,0.02870001271367073,2.969372072173928,4.547639181030109,6.519919649818905
2015-09-14,emerging_equity,-0.013768305494568533,-0.013768305494568533,4,0.03081972897052765,4.634760086437642,1.6987456987042486,-0.6892212686624478
2015-09-14,korea_equity,0.049408369495218096,0.049408369495218096,4,0.028958208858966827,4.600493367266781,0.518578523138438,-1.4644067647540264
2015-09-14,short_treasury,-0.003302261779379201,-0.003302261779379201,4,-0.007620236836373806,-1.1254432155902836,-0.7641770872342543,-0.2756307496169745
2015-09-14,treasury_7_10y,-0.004780672429429256,-0.004780672429429256,4,-0.006195305846631527,-2.2210224495173363,-1.1556238493805289,-1.1306199373339076
2015-09-15,alternative,-0.027422303091013567,-0.027422303091013567,4,0.03467007353901863,3.384248161011166,5.30063979801019,6.527904115371522
2015-09-15,corp_bond_ig,0.0046191283699181795,0.0046191283699181795,4,0.021505597978830338,3.592159543645338,-0.8383553168334618,-1.1772038942767469
2015-09-15,developed_equity,0.026377112884681475,0.026377112884681475,4,0.03053658828139305,3.252247617727279,4.440746046048676,6.436436806900961
2015-09-15,emerging_equity,-0.031129536060199192,-0.031129536060199192,4,0.030217748135328293,4.576979183392362,1.7016714712346774,-0.8562910416371721
2015-09-15,korea_equity,0.03365482054287683,0.03365482054287683,4,0.02771807089447975,4.441107182322862,0.373991235263571,-1.5841391373078448
2015-09-15,short_treasury,-0.0015353402176598863,-0.0015353402176598863,4,-0.0035710837692022324,-0.855003040822416,-0.9259170491503551,-0.542221160007498
2015-09-15,treasury_7_10y,0.004629681690461629,0.004629681690461629,4,-0.005178970284759998,-1.9951481030743874,-1.2159233074897937,-0.9103556741976815
2015-09-16,alternative,-0.03884368148965467,-0.03884368148965467,4,0.0356670543551445,3.582090563339621,5.044289942549729,6.438015222019632
2015-09-16,corp_bond_ig,0.00043499828695359177,0.00043499828695359177,4,0.020486896857619286,3.4510325795188064,-0.9246670601083772,-1.2881595525629503
2015-09-16,developed_equity,0.016589750879135945,0.016589750879135945,4,0.03703770413994789,4.0739847890037435,4.908751592850682,6.363662402879898
2015-09-16,emerging_equity,-0.06049204627321736,-0.06049204627321736,4,0.02957012876868248,4.545820337958744,1.4307392541755586,-1.0300170846182326
2015-09-16,korea_equity,-0.0005925852925380282,-0.0005925852925380282,4,0.02786383405327797,4.484828252856174,0.3681665789916117,-1.6849207348054864
2015-09-16,short_treasury,-0.0020081005313721256,-0.0020081005313721256,4,0.004278272390365601,0.11680941984962523,-1.2978535099381874,-0.8104594423981144
2015-09-16,treasury_7_10y,0.0027407704585451498,0.0027407704585451498,4,-0.005717714317142963,-2.025327023234979,-1.1703601436092785,-0.9829573976890794
2015-09-17,alternative,-0.0665467095284964,-0.0665467095284964,4,0.03849237784743309,3.9534278048705302,5.236894511534464,6.165928925113045
2015-09-17,corp_bond_ig,-0.006039728804321021,-0.006039728804321021,4,0.019088812172412872,3.206325051828347,-0.9464961988072401,-1.3193989478138197
2015-09-17,developed_equity,-0.0028848200253058787,-0.0028848200253058787,4,0.03533200919628143,3.880971651729915,4.789667530656024,6.3608697901944895
2015-09-17,emerging_equity,-0.08471139774398351,-0.08471139774398351,4,0.02954265847802162,4.5644603058973665,1.2750888605770518,-1.139110027120865
2015-09-17,korea_equity,-0.01799841421469639,-0.01799841421469639,4,0.02641947939991951,4.270810512136691,0.22973518818534305,-1.7853255362956155
2015-09-17,short_treasury,-0.0030642562275327023,-0.0030642562275327023,4,0.0020154928788542747,-0.25775266952816794,-1.2231629133166093,-0.7189694988998139
2015-09-17,treasury_7_10y,0.0024369153705732227,0.0024369153705732227,4,-0.005518988706171513,-1.9747213407029776,-1.2011256193121962,-0.9916253571327079
2015-09-18,alternative,-0.05968778612418424,-0.05968778612418424,4,0.03723008558154106,3.951411660487462,4.6960167454698665,5.681283276904148
2015-09-18,corp_bond_ig,-0.01634409914734547,-0.01634409914734547,4,0.018334198743104935,3.0986609447689397,-0.9509184281729308,-1.4578644698946692
2015-09-18,developed_equity,0.01716546517141282,0.01716546517141282,4,0.031233925372362137,3.293859503270812,4.062611769285939,6.395121371115091
2015-09-18,emerging_equity,-0.05232043635714134,-0.05232043635714134,4,0.029084905982017517,4.543899425835293,1.0500296337373207,-1.2134170952242669
2015-09-18,korea_equity,0.002800547808518017,0.002800547808518017,4,0.02614554762840271,4.220448178072611,0.10970917818628606,-1.7977264279889273
2015-09-18,short_treasury,-0.004711998218340008,-0.004711998218340008,4,0.0022797798737883568,-0.1848008938876205,-1.2252862983387047,-0.6907863629750618
2015-09-18,treasury_7_10y,-0.009609093719910033,-0.009609093719910033,4,-0.006442409940063953,-2.0083947551313805,-1.1182138218517603,-0.9131869137473465
2015-09-21,alternative,-0.05282334144402334,-0.05282334144402334,4,0.03830016404390335,4.049992186207388,4.992079421726491,5.499253457912715
2015-09-21,corp_bond_ig,-0.011239866942730381,-0.011239866942730381,4,0.016307679936289787,2.7966931055344477,-0.9473076205949555,-1.673062046921085
2015-09-21,developed_equity,0.02701914843631581,0.02701914843631581,4,0.03492298349738121,3.890417336157897,4.325748589669996,6.29741812718376
2015-09-21,emerging_equity,-0.03612677536765174,-0.03612677536765174,4,0.02898649126291275,4.552380889872401,1.0069841649378461,-1.314824712957781
2015-09-21,korea_equity,0.03163653447875858,0.03163653447875858,4,0.02703823894262314,4.332558221884148,0.13924221897173655,-1.8507799306458768
2015-09-21,short_treasury,-0.004243198921453195,-0.004243198921453195,4,0.0008989414200186729,-0.5266016375168393,-1.2202724606345463,-0.6023966234055916
2015-09-21,treasury_7_10y,-0.006474032928803997,-0.006474032928803997,4,-0.004951433278620243,-1.7902585367802202,-1.2413334757197734,-0.7061513639417608
2015-09-22,alternative,-0.02038929144138224,-0.02038929144138224,4,0.03999221324920654,4.358355733367666,4.812379486642656,5.299020223818868
2015-09-22,corp_bond_ig,-0.015668106636023027,-0.015668106636023027,4,0.016622478142380714,2.824711995791526,-0.9046741213187951,-1.7958052420682067
2015-09-22,developed_equity,0.05673328205305195,0.05673328205305195,4,0.03379688784480095,3.7146401632051185,3.77149322251202,5.8640027142356255
2015-09-22,emerging_equity,0.0015087277604526328,0.0015087277604526328,4,0.027084026485681534,4.3293853715209165,0.7357045111837938,-1.4652045964482452
2015-09-22,korea_equity,0.07295518389216249,0.07295518389216249,4,0.025824114680290222,4.201507523811527,-0.10900350370153544,-1.8448135560573995
2015-09-22,short_treasury,-0.00565432596289539,-0.00565432596289539,4,-0.0002947775647044182,-0.611133685524009,-1.1511315284889185,-0.5270903945615422
2015-09-22,treasury_7_10y,-0.014004294570557851,-0.014004294570557851,4,-0.009082150645554066,-2.1680359414504515,-0.9736162207891869,-0.4401608048472266
2015-09-23,alternative,-0.019607829169376867,-0.019607829169376867,4,0.042309392243623734,4.732772315739463,4.90980243411856,4.891642714948472
2015-09-23,corp_bond_ig,-0.013954648706098305,-0.013954648706098305,4,0.01614483632147312,2.732863243316973,-0.9343704040915067,-1.729501162413066
2015-09-23,developed_equity,0.04492540501836517,0.04492540501836517,4,0.038329750299453735,4.270204598322639,4.246499248671962,5.059770689490391
2015-09-23,emerging_equity,0.004599745733645522,0.004599745733645522,4,0.027552925050258636,4.370713299289721,0.7852662067970936,-1.529787845033113
2015-09-23,korea_equity,0.05515239213474743,0.05515239213474743,4,0.027644675225019455,4.38642888836251,0.13268796861591242,-1.8225983886543649
2015-09-23,short_treasury,-0.005302815755427792,-0.005302815755427792,4,-0.0010787071660161018,-0.7164422787279108,-1.1441797253113755,-0.43925309270000495
2015-09-23,treasury_7_10y,-0.008785819523135396,-0.008785819523135396,4,-0.005987280048429966,-1.7044377616111193,-1.130815254654275,-0.2874320873693722
2015-09-24,alternative,-0.029107966893155757,-0.029107966893155757,4,0.04285857453942299,4.87832098159398,4.568919680038145,4.420355640343739
2015-09-24,corp_bond_ig,-0.014124531745995261,-0.014124531745995261,4,0.017160534858703613,2.860178547588904,-0.8976469500742009,-1.5717928533687855
2015-09-24,developed_equity,0.03104005574319424,0.03104005574319424,4,0.03873386234045029,4.3773782579423814,3.850077035791967,5.182822866830768
2015-09-24,emerging_equity,0.005543587878309442,0.005543587878309442,4,0.027187339961528778,4.334009490343327,0.6449164294843936,-1.5914569843517141
2015-09-24,korea_equity,0.0650406264850838,0.0650406264850838,4,0.02771351858973503,4.404975775753887,0.05488903928843319,-1.8536004171162592
2015-09-24,short_treasury,-0.004593181041364192,-0.004593181041364192,4,-0.0010463586077094078,-0.6180038572108882,-1.1632718566000364,-0.31714044013291837
2015-09-24,treasury_7_10y,-0.006719563326643807,-0.006719563326643807,4,-0.0065254708752036095,-1.6964839852914855,-1.112552518391399,-0.22184417307898918
2015-09-25,alternative,-0.02340823903149558,-0.02340823903149558,4,0.043351221829652786,4.916571457206031,4.804064470465022,4.12671981422646
2015-09-25,corp_bond_ig,-0.010452652575530519,-0.010452652575530519,4,0.016035273671150208,2.7059971748913294,-0.9235185102756654,-1.6267647731865538
2015-09-25,developed_equity,0.015985818088847914,0.015985818088847914,4,0.04244886711239815,4.909961366946014,4.019466037703242,4.824248307928579
2015-09-25,emerging_equity,0.0,0.0,4,0.028901148587465286,4.575032637056067,0.7079396664311922,-1.563829763448932
2015-09-25,korea_equity,0.05518529125197458,0.05518529125197458,4,0.02600330300629139,4.159158527740715,-0.022828003294426528,-2.009485120792273
2015-09-25,short_treasury,-0.004241788602582064,-0.004241788602582064,4,-0.01113076601177454,-1.814359687500168,-0.5374328294727012,-0.2720598023205335
2015-09-25,treasury_7_10y,-0.0036492877292541026,-0.0036492877292541026,4,-0.002612288109958172,-1.2449612030559698,-1.359012552589996,-0.06763376879461686
2015-09-28,alternative,0.004798464631897703,0.004798464631897703,4,0.04038607329130173,4.666827696324916,5.272595104914262,3.2360853737922666
2015-09-28,corp_bond_ig,-0.013452893850554037,-0.013452893850554037,4,0.015550988726317883,2.611618959879762,-0.8977391462622116,-1.720642201983258
2015-09-28,developed_equity,0.0623850372178576,0.0623850372178576,4,0.04116547480225563,4.782038943672556,3.028532184813615,4.358328798233887
2015-09-28,emerging_equity,0.029959028393811593,0.029959028393811593,4,0.02767336368560791,4.406625040792733,0.605043478706062,-1.8186580316614438
2015-09-28,korea_equity,0.08692880380253576,0.08692880380253576,4,0.026367265731096268,4.22602001207153,-0.12225183976474707,-2.053164818526117
2015-09-28,short_treasury,-0.005180765805077203,-0.005180765805077203,4,-0.011345465667545795,-1.7665516519523692,-0.6036540866879926,-0.1308888205854617
2015-09-28,treasury_7_10y,-0.012095301555216653,-0.012095301555216653,4,-0.003291686996817589,-1.3232229977962306,-1.3546429786157603,-0.037386254005103585
2015-09-29,alternative,0.03891050468146462,0.03891050468146462,4,0.03925836831331253,4.640806709025077,4.892141439734719,2.909103815732533
2015-09-29,corp_bond_ig,-0.013866166582450434,-0.013866166582450434,4,0.014297207817435265,2.4166116429902567,-0.944452902407848,-1.7824298766044038
2015-09-29,developed_equity,0.08274385051642752,0.08274385051642752,4,0.0400019995868206,4.708103214301502,3.1205654852022406,3.8488168453286637
2015-09-29,emerging_equity,0.03954796915866421,0.03954796915866421,4,0.028249260038137436,4.4914635991004035,0.631812499362299,-1.7299035578294906
2015-09-29,korea_equity,0.09936033466525096,0.09936033466525096,4,0.026684116572141647,4.247202336402425,-0.03533251980921987,-2.0078474466524248
2015-09-29,short_treasury,-0.006002143449495456,-0.006002143449495456,4,-0.01221651304513216,-1.9074014568163151,-0.5936717762942552,-0.02073293127879888
2015-09-29,treasury_7_10y,-0.01770974557012317,-0.01770974557012317,4,-4.5423395931720734e-05,-0.9222561573363967,-1.4800190888639633,0.00883225791063164
2015-09-30,alternative,0.020952351888020804,0.020952351888020804,4,0.041416965425014496,5.015381033769742,4.804959575482239,3.0233932834885375
2015-09-30,corp_bond_ig,-0.01326551240169338,-0.01326551240169338,4,0.014435715973377228,2.375897676645701,-1.0368783691719388,-1.613269062047894
2015-09-30,developed_equity,0.048375071429167305,0.048375071429167305,4,0.03653649240732193,4.350432749058199,2.382024848249742,3.5078075900805623
2015-09-30,emerging_equity,0.006711446885168115,0.006711446885168115,4,0.028943177312612534,4.617952033966737,0.547510762512012,-1.599563625266215
2015-09-30,korea_equity,0.048790511022426264,0.048790511022426264,4,0.02762576937675476,4.3598911165474385,-0.018004339608163836,-1.8736089413612311
2015-09-30,short_treasury,-0.006353699601133189,-0.006353699601133189,4,-0.006433776579797268,-1.2476425498263184,-1.092837545705003,0.2389489740316545
2015-09-30,treasury_7_10y,-0.017613808079180004,-0.017613808079180004,4,-0.004232811741530895,-1.4734718709235322,-1.277732314454956,0.14522501250331793
2015-10-01,alternative,0.003780660538248659,0.003780660538248659,4,0.041759055107831955,5.224189074720507,4.861055025277115,3.115284891300569
2015-10-01,corp_bond_ig,-0.011405855495856931,-0.011405855495856931,4,0.014818853698670864,2.387535076878122,-1.0734627873990459,-1.4491157621826312
2015-10-01,developed_equity,0.04863085307428183,0.04863085307428183,4,0.03645264729857445,4.511244672302366,2.2540890776632656,3.2951016604723598
2015-10-01,emerging_equity,-0.005764521601534067,-0.005764521601534067,4,0.030501719564199448,4.8124514922613235,0.774543635883654,-1.5671480115404215
2015-10-01,korea_equity,0.019967685098983612,0.019967685098983612,4,0.028843577951192856,4.500145511381569,0.07675284013714384,-1.7792192068119907
2015-10-01,short_treasury,-0.006474343050281384,-0.006474343050281384,4,-0.007737156935036182,-1.4698476600471717,-1.026737578683228,0.39050959743761493
2015-10-01,treasury_7_10y,-0.016699165381475867,-0.016699165381475867,4,0.008740897290408611,0.07363953827153502,-1.8925193086832954,0.379975070639025
2015-10-02,alternative,-0.008372107217478164,-0.008372107217478164,4,0.042822081595659256,5.505966895089429,4.565604658549646,3.1073885420752654
2015-10-02,corp_bond_ig,-0.02081897981262415,-0.02081897981262415,4,0.014375689439475536,2.3677142809407776,-0.9766229355885078,-1.4690699396708373
2015-10-02,developed_equity,0.050912871683826744,0.050912871683826744,4,0.0382317416369915,4.8902267594308055,2.2777579448066443,3.076022088959576
2015-10-02,emerging_equity,-0.03073288743610747,-0.03073288743610747,4,0.02933884784579277,4.617700446629574,0.507707153502393,-1.4987674393810997
2015-10-02,korea_equity,0.012182956142790191,0.012182956142790191,4,0.028318490833044052,4.395500793494494,0.04629969216359341,-1.8959382563032467
2015-10-02,short_treasury,-0.008110996166469153,-0.008110996166469153,4,-0.02322993054986,-3.0204897760909146,-0.1173068006461106,1.5718111576404858
2015-10-02,treasury_7_10y,-0.026590317776158723,-0.026590317776158723,4,0.006980918347835541,-0.09109122567609845,-1.8079854600277492,0.597635518251084
2015-10-05,alternative,-0.03208066039368651,-0.03208066039368651,4,0.04272196814417839,5.549381856547007,4.933513260342067,2.8394754440939862
2015-10-05,corp_bond_ig,-0.018200643533142102,-0.018200643533142102,4,0.01698823645710945,2.7210975432142077,-0.9408780166784156,-1.1638709272241885
2015-10-05,developed_equity,0.010682915100705959,0.010682915100705959,4,0.03739060088992119,4.835990721900457,2.217520218216476,2.7537591181212426
2015-10-05,emerging_equity,-0.06595310383060937,-0.06595310383060937,4,0.03146333992481232,4.885356667022037,0.8012467932000603,-1.5029796388116612
2015-10-05,korea_equity,-0.019385115913166273,-0.019385115913166273,4,0.03267168253660202,4.9329023225547255,0.4077758528249767,-1.5132791151104368
2015-10-05,short_treasury,-0.007175633396338754,-0.007175633396338754,4,-0.02177191898226738,-2.7550638297720713,-0.22140203340981351,1.462679103121242
2015-10-05,treasury_7_10y,-0.0207965637620402,-0.0207965637620402,4,0.006780171301215887,-0.060537072366353084,-1.7798537513469974,0.6249436949421341
2015-10-06,alternative,-0.03839126617053301,-0.03839126617053301,4,0.04196490719914436,5.47457388918148,4.2608417774071325,2.580119356774657
2015-10-06,corp_bond_ig,-0.01850896572053229,-0.01850896572053229,4,0.019450820982456207,3.1064171054051957,-0.8895566141575266,-1.0174644159805615
2015-10-06,developed_equity,0.006944382356275369,0.006944382356275369,4,0.04006533324718475,5.209642596778422,2.4793288433138287,2.849578508644677
2015-10-06,emerging_equity,-0.06722688518291253,-0.06722688518291253,4,0.031881727278232574,4.947072330791976,0.7145048468254028,-1.4044417463280632
2015-10-06,korea_equity,-0.02512271981996128,-0.02512271981996128,4,0.032741136848926544,4.874569864510593,0.2786661791105204,-1.4052039725425889
2015-10-06,short_treasury,-0.007529404584099231,-0.007529404584099231,4,-0.020076148211956024,-2.5966893325202327,-0.33964774048545515,1.446583752916693
2015-10-06,treasury_7_10y,-0.02168075568117034,-0.02168075568117034,4,0.002110276371240616,-0.24914017936418192,-1.690826373484316,0.6814841149245315
2015-10-07,alternative,-0.06300630149540942,-0.06300630149540942,4,0.043638575822114944,5.655437429262828,4.3498344549700505,2.660697420950806
2015-10-07,corp_bond_ig,-0.022475789254877587,-0.022475789254877587,4,0.019960423931479454,3.146548449937073,-0.8338593184262971,-0.8551221938347237
2015-10-07,developed_equity,-0.01606429614131233,-0.01606429614131233,4,0.03928985819220543,5.192948896155893,2.2883783613792987,2.650423635321791
2015-10-07,emerging_equity,-0.11628565632926424,-0.11628565632926424,4,0.031084608286619186,4.809396309398603,0.6770115391420454,-1.4011559230684372
2015-10-07,korea_equity,-0.07582402799896137,-0.07582402799896137,4,0.032513465732336044,4.792394767117405,0.28387450566848327,-1.2383614282207782
2015-10-07,short_treasury,-0.006001436997929432,-0.006001436997929432,4,-0.019045982509851456,-2.5485252065869273,-0.37664378142814525,1.4702794515018158
2015-10-07,treasury_7_10y,-0.01504739635404806,-0.01504739635404806,4,0.004284142982214689,0.024100201981573147,-1.7801453707851727,0.7230330093950438
2015-10-08,alternative,-0.07187780575603187,-0.07187780575603187,4,0.0451766774058342,5.92026420078495,4.254712077534619,2.7619451800752453
2015-10-08,corp_bond_ig,-0.01808628423979064,-0.01808628423979064,4,0.023691451177001,3.60228685973173,-0.6398395107865286,-0.6570573421472321
2015-10-08,developed_equity,-0.024488028635740178,-0.024488028635740178,4,0.040702130645513535,5.407024390664171,2.472643538729014,2.580152969631761
2015-10-08,emerging_equity,-0.12370851836460817,-0.12370851836460817,4,0.02859557420015335,4.455809214863806,0.3948870079923131,-1.683852694521165
2015-10-08,korea_equity,-0.07919105346423327,-0.07919105346423327,4,0.032210879027843475,4.675293260252956,0.3028133558348977,-1.405277472429828
2015-10-08,short_treasury,-0.006355943047862356,-0.006355943047862356,4,-0.01850295066833496,-2.4211906964504544,-0.4269167686217772,1.5408176963931033
2015-10-08,treasury_7_10y,-0.012758382866729479,-0.012758382866729479,4,0.0021530436351895332,-0.35227502834333363,-1.6968016156117243,1.1783639856500663
2015-10-09,alternative,-0.07942240802689404,-0.07942240802689404,4,0.04613238945603371,6.0162058379846455,4.396732777223396,2.743192963664854
2015-10-09,corp_bond_ig,-0.014635025172534899,-0.014635025172534899,4,0.024566885083913803,3.5927614619689807,-0.5036359391125019,-0.4619393011697282
2015-10-09,developed_equity,-0.03841752272174792,-0.03841752272174792,4,0.03932256996631622,5.221322167149766,2.1387920591032685,2.345331267065543
2015-10-09,emerging_equity,-0.143572569205075,-0.143572569205075,4,0.028606828302145004,4.425543676085637,0.4454810518520039,-1.752627739582568
2015-10-09,korea_equity,-0.10563774965582695,-0.10563774965582695,4,0.03254958987236023,4.762958687435234,0.2473419832031683,-1.2182444593685329
2015-10-09,short_treasury,-0.005767394880528909,-0.005767394880528909,4,-0.015430773608386517,-2.01305697976665,-0.6341381082385726,1.426301611330096
2015-10-09,treasury_7_10y,-0.007352949530675668,-0.007352949530675668,4,0.003649613820016384,-0.19354115505211106,-1.7242645434000956,1.2995428496925308
2015-10-12,alternative,-0.10316743462333855,-0.10316743462333855,4,0.045941367745399475,6.054750349117929,4.137248113171899,2.705885902847816
2015-10-12,corp_bond_ig,-0.01783412715976207,-0.01783412715976207,4,0.027957618236541748,4.016970091709954,-0.4755780890324992,-0.07383377748554346
2015-10-12,developed_equity,-0.06915268589250889,-0.06915268589250889,4,0.04134353995323181,5.448516474920122,2.3044584887072688,2.5114760924831896
2015-10-12,emerging_equity,-0.16372297575063033,-0.16372297575063033,4,0.028495658189058304,4.409045290573102,0.2787479017991282,-1.6566012280251823
2015-10-12,korea_equity,-0.11656320940623033,-0.11656320940623033,4,0.0314151756465435,4.470812790230064,0.09816575236769814,-1.2107153068430307
2015-10-12,short_treasury,-0.005180155742399162,-0.005180155742399162,4,-0.014452033676207066,-1.9404053340243985,-0.6860357930114303,1.4456392046966597
2015-10-12,treasury_7_10y,-0.008534376366372887,-0.008534376366372887,4,0.005638968199491501,0.05394234497989897,-1.7330266591553938,1.3359133970580566
2015-10-13,alternative,-0.10531135825443916,-0.10531135825443916,4,0.04688184708356857,6.123367462180216,4.084986555639134,2.6332310701045256
2015-10-13,corp_bond_ig,-0.01630342810153318,-0.01630342810153318,4,0.02916445955634117,4.153105317892401,-0.2853647022404623,0.12009907295529065
2015-10-13,developed_equity,-0.06506061967809285,-0.06506061967809285,4,0.03902696073055267,5.244444911805843,1.7932523940687524,2.5296960748891597
2015-10-13,emerging_equity,-0.15901966085612929,-0.15901966085612929,4,0.02944730967283249,4.478372135465365,0.42909952452273914,-1.5787612353380243
2015-10-13,korea_equity,-0.11058243761038766,-0.11058243761038766,4,0.031327806413173676,4.511550431144653,0.2366095205453645,-1.2282261105960957
2015-10-13,short_treasury,-0.00482527546450684,-0.00482527546450684,4,-0.013549228198826313,-1.9048360878627744,-0.6638821549985198,1.290308538553302
2015-10-13,treasury_7_10y,-0.0069508803465597735,-0.0069508803465597735,4,0.007583540864288807,0.2904004842536916,-1.8227810168786778,1.133544556661986
2015-10-14,alternative,-0.10999083563549672,-0.10999083563549672,4,0.04722839966416359,6.218141310658433,3.7278027242636282,2.643195852161194
2015-10-14,corp_bond_ig,-0.023333362025073412,-0.023333362025073412,4,0.02114749327301979,2.885775338957003,-0.9949305795054965,-0.46327764703968416
2015-10-14,developed_equity,-0.06671458211433057,-0.06671458211433057,4,0.041209571063518524,5.500369412456121,2.0184414731900224,2.503788986364992
2015-10-14,emerging_equity,-0.16572399630095203,-0.16572399630095203,4,0.028307676315307617,4.315282785782958,0.37088529370659445,-1.7047703010567532
2015-10-14,korea_equity,-0.11016946595529853,-0.11016946595529853,4,0.0307898111641407,4.4115152584604305,0.19054548567672958,-1.1464895050905521
2015-10-14,short_treasury,-0.005876131408144691,-0.005876131408144691,4,-0.014096763916313648,-2.0081345246785287,-0.6000202883901694,1.574739952703149
2015-10-14,treasury_7_10y,-0.015485301302017973,-0.015485301302017973,4,0.0011038398370146751,-0.32613656164179095,-1.3605690636719927,0.6918919761393759
2015-10-15,alternative,-0.12115733915687477,-0.12115733915687477,4,0.044473860412836075,5.852463529580289,3.1899818593454103,2.2980745849799997
2015-10-15,corp_bond_ig,-0.020692588560017877,-0.020692588560017877,4,0.016453122720122337,2.029491719280101,-1.0863533215190675,-0.6949992270570542
2015-10-15,developed_equity,-0.07653138315554076,-0.07653138315554076,4,0.04011405259370804,5.418415770452358,1.7236745035431775,2.455417460477933
2015-10-15,emerging_equity,-0.1838763536803507,-0.1838763536803507,4,0.029534708708524704,4.3532371381721084,0.3909592019270538,-1.602431128394096
2015-10-15,korea_equity,-0.1370214237283114,-0.1370214237283114,4,0.02953539788722992,4.014587064240967,0.03397635142151228,-1.0824043022897123
2015-10-15,short_treasury,-0.005174064401096579,-0.005174064401096579,4,-0.013040727935731411,-1.9275846951923752,-0.6142837661564037,1.5511810355513567
2015-10-15,treasury_7_10y,-0.0076766723082694055,-0.0076766723082694055,4,0.0018694205209612846,-0.22760367179963653,-1.485667571226965,0.8790738050141265
2015-10-16,alternative,-0.1384615660792563,-0.1384615660792563,4,0.0450790636241436,5.954306439290817,3.2557999772309083,2.4895806678072563
2015-10-16,corp_bond_ig,-0.018035735095991545,-0.018035735095991545,4,0.011089404113590717,1.0995297781718116,-1.2258526385316126,-1.0213343866867646
2015-10-16,developed_equity,-0.09591176064272977,-0.09591176064272977,4,0.04359966143965721,5.835565196453532,1.840828689194003,2.8933607455802757
2015-10-16,emerging_equity,-0.19310344827586212,-0.19310344827586212,4,0.03240581974387169,4.961098443746831,0.945364243445269,-0.8439919898961246
2015-10-16,korea_equity,-0.1349659665937606,-0.1349659665937606,4,0.03044336661696434,4.063117714206092,-0.09705903090790141,-0.8174016298517077
2015-10-16,short_treasury,-0.004117629107306953,-0.004117629107306953,4,-0.012629442848265171,-1.9728169561272813,-0.6572712870988292,1.7060403648251807
2015-10-16,treasury_7_10y,-0.0029621373548098795,-0.0029621373548098795,4,-0.00401292834430933,-0.8390486080871897,-0.8033538195947073,0.6046772723252279
2015-10-19,alternative,-0.12556872484217596,-0.12556872484217596,4,0.046335235238075256,6.022704779280271,3.290693148690333,2.658350887322284
2015-10-19,corp_bond_ig,-0.022824463341764578,-0.022824463341764578,4,0.007280186749994755,0.44677714751874326,-1.181670134948144,-1.24937371426094
2015-10-19,developed_equity,-0.07851475492082993,-0.07851475492082993,4,0.04193493351340294,5.646755092613346,1.418965826107265,2.829632005864126
2015-10-19,emerging_equity,-0.1741917982522776,-0.1741917982522776,4,0.03250669315457344,4.9407994048691215,1.034367619398607,-0.8201877083037571
2015-10-19,korea_equity,-0.12055552447283713,-0.12055552447283713,4,0.029784340411424637,3.964081828990517,-0.05246425781382575,-0.8736328366609439
2015-10-19,short_treasury,-0.004233807074206508,-0.004233807074206508,4,-0.012118139304220676,-2.014408152277501,-0.6750576258736883,1.6466843667357913
2015-10-19,treasury_7_10y,-0.004537928115674661,-0.004537928115674661,4,-0.0019310489296913147,-0.5252650967898934,-0.9397500979312166,0.5102146518062624
2015-10-20,alternative,-0.15000000000000002,-0.15000000000000002,4,0.05031738430261612,6.5344498971792735,3.5330396532726973,3.2715694678087144
2015-10-20,corp_bond_ig,-0.02243921461670706,-0.02243921461670706,4,0.006411504466086626,0.15502888262206704,-1.2185586299916833,-1.202535886615172
2015-10-20,developed_equity,-0.10912955035600069,-0.10912955035600069,4,0.04375811293721199,5.941646193547084,1.6454202208125528,2.760982896266286
2015-10-20,emerging_equity,-0.2065793160876115,-0.2065793160876115,4,0.0342271625995636,5.017756995224485,0.9427206165267007,-0.6635723020868802
2015-10-20,korea_equity,-0.16162913590776895,-0.16162913590776895,4,0.030126389116048813,3.8881320607733763,-0.13035837337627926,-0.6945046331695519
2015-10-20,short_treasury,-0.002824258457086559,-0.002824258457086559,4,-0.012700841762125492,-2.092940706644501,-0.6537032516906135,2.0869719016905632
2015-10-20,treasury_7_10y,0.003531244784524157,0.003531244784524157,4,-0.0018055355176329613,-0.523677313415484,-0.9650710345159349,0.7271055053230706
2015-10-21,alternative,-0.14757102382490017,-0.14757102382490017,4,0.0459652878344059,6.028032462292759,3.1322618377511713,2.654357095245429
2015-10-21,corp_bond_ig,-0.031617514916136624,-0.031617514916136624,4,-0.004713061265647411,-1.795428532926161,-0.8808801051458558,-1.2741578483246738
2015-10-21,developed_equity,-0.09555780941683678,-0.09555780941683678,4,0.04349477216601372,5.891754839674563,1.49618439948363,2.7911896696529035
2015-10-21,emerging_equity,-0.18302686259211653,-0.18302686259211653,4,0.036446113139390945,5.413039046815204,1.3047146013384967,-0.2821879417006758
2015-10-21,korea_equity,-0.1311048794548545,-0.1311048794548545,4,0.03156459704041481,3.986436941059259,-0.01675398618547669,-0.38706634967774667
2015-10-21,short_treasury,-0.0032937157071020184,-0.0032937157071020184,4,-0.008165472187101841,-1.5397008469772324,-1.069182105314271,1.7513553477379875
2015-10-21,treasury_7_10y,-0.0012039718352551132,-0.0012039718352551132,4,0.00014503300189971924,-0.27577509896714386,-1.1236260171595498,0.6113078060962223
2015-10-22,alternative,-0.16727274114435364,-0.16727274114435364,4,0.044466160237789154,5.815590516562254,2.586188918488301,2.5276577512501386
2015-10-22,corp_bond_ig,-0.03223057576464594,-0.03223057576464594,4,-0.011874151416122913,-2.4429825319504817,-0.4802310829825525,-0.4719273171798155
2015-10-22,developed_equity,-0.1206022540749514,-0.1206022540749514,4,0.043255455791950226,5.693355448701069,1.2778943142117078,3.649506056179242
2015-10-22,emerging_equity,-0.2170177780954342,-0.2170177780954342,4,0.038068968802690506,5.584528684664569,1.528814629436376,-0.0020921256437186854
2015-10-22,korea_equity,-0.17035683647478705,-0.17035683647478705,4,0.028911281377077103,3.633264403485366,-0.4031621796150879,-0.4988817041597782
2015-10-22,short_treasury,-0.00293979300692071,-0.00293979300692071,4,-0.008856398053467274,-1.6683804650909302,-1.0168487765134044,1.8771742802258502
2015-10-22,treasury_7_10y,0.0026829579549692006,0.0026829579549692006,4,0.00012206938117742538,-0.378220763267504,-1.2277360225681626,0.780959942713694
2015-10-23,alternative,-0.1723519238298794,-0.1723519238298794,4,0.04371441900730133,5.648582183893734,2.397568604626358,2.331916090768428
2015-10-23,corp_bond_ig,-0.031495410772163,-0.031495410772163,4,-0.014188718982040882,-2.630651420106574,-0.46683124870900367,-0.2629236572549148
2015-10-23,developed_equity,-0.12368975417676009,-0.12368975417676009,4,0.04359844699501991,5.706220847051842,1.1037439196926524,3.4799052521804925
2015-10-23,emerging_equity,-0.21851750082989907,-0.21851750082989907,4,0.03924272954463959,5.605539888517408,1.5349753514337738,0.07620438796999113
2015-10-23,korea_equity,-0.16073057967233872,-0.16073057967233872,4,0.028075508773326874,3.5263965901058385,-0.46682820331978075,-0.546659359776513
2015-10-23,short_treasury,-0.0022361120239686727,-0.0022361120239686727,4,-0.008416400291025639,-1.6904215857251546,-1.1139274923084266,1.7207123093200338
2015-10-23,treasury_7_10y,0.005861529900829998,0.005861529900829998,4,-0.0005111200734972954,-0.4296839708748438,-1.2568530699111846,0.684443339944173
2015-10-26,alternative,-0.145175818328227,-0.145175818328227,4,0.04197289049625397,5.3802057121965,1.9913892849982768,2.1820266550040217
2015-10-26,corp_bond_ig,-0.03263186283912933,-0.03263186283912933,4,-0.013795576058328152,-2.6112507927341286,-0.49114705306400425,-0.10137954653518333
2015-10-26,developed_equity,-0.10211212254159052,-0.10211212254159052,4,0.04325446859002113,5.605048854935478,0.9960515144322083,3.422750264609245
2015-10-26,emerging_equity,-0.18437150527151724,-0.18437150527151724,4,0.03991508483886719,5.760166149271336,1.7119343580253086,0.27548438268515846
2015-10-26,korea_equity,-0.13491775073457335,-0.13491775073457335,4,0.029651954770088196,3.696488236526247,-0.44565452797208155,-0.33629059504900843
2015-10-26,short_treasury,-0.002589163440538167,-0.002589163440538167,4,-0.009119094349443913,-1.8029328141192575,-1.0314511040892582,2.065749031084023
2015-10-26,treasury_7_10y,0.0010207925776810622,0.0010207925776810622,4,-0.0012622596696019173,-0.5993052391724681,-1.2555386253077454,0.8097468629402056
2015-10-27,alternative,-0.14936248697687404,-0.14936248697687404,4,0.04086556285619736,5.205183551494288,1.7152203833001811,2.128311491380011
2015-10-27,corp_bond_ig,-0.03390122065761858,-0.03390122065761858,4,-0.017585009336471558,-2.9606855618476717,-0.4123678521800742,0.18693206365018572
2015-10-27,developed_equity,-0.11445781007723554,-0.11445781007723554,4,0.040507782250642776,5.197739276166971,0.3311224291706435,2.9118012928789976
2015-10-27,emerging_equity,-0.18902952060682343,-0.18902952060682343,4,0.03937699273228645,5.483251956365631,1.2599124666924768,-0.09335752318503626
2015-10-27,korea_equity,-0.1403314740137971,-0.1403314740137971,4,0.02758779004216194,3.288443218282981,-0.44466746020569786,-0.2879361531506552
2015-10-27,short_treasury,-0.002941176470588225,-0.002941176470588225,4,-0.007381384260952473,-1.6555685615931957,-1.3074546919650425,1.8491388078798963
2015-10-27,treasury_7_10y,0.0018513799860844227,0.0018513799860844227,4,-0.00016341730952262878,-0.48069194102103335,-1.4081145674415305,0.8902244962446564
2015-10-28,alternative,-0.13780602136977438,-0.13780602136977438,4,0.04027598723769188,5.187978994631075,1.700114141005497,2.284722045191475
2015-10-28,corp_bond_ig,-0.027364498980920637,-0.027364498980920637,4,-0.014632879756391048,-2.6792309056464227,-0.5598123636574877,0.38220424562641353
2015-10-28,developed_equity,-0.10089437488858699,-0.10089437488858699,4,0.037572164088487625,4.743227591347204,-0.10516160172379474,2.573239449927708
2015-10-28,emerging_equity,-0.16761523881481677,-0.16761523881481677,4,0.03856676444411278,5.2648581387999185,0.8961894168871629,-0.26946863615347566
2015-10-28,korea_equity,-0.12497678241292032,-0.12497678241292032,4,0.02696027234196663,3.118466753765494,-0.6391520833319456,-0.30874379495721327
2015-10-28,short_treasury,-0.0011779770861123362,-0.0011779770861123362,4,-0.008628635667264462,-1.8167770512050494,-1.1568928355874,1.9813992864757162
2015-10-28,treasury_7_10y,0.007816100570852358,0.007816100570852358,4,-0.000388498418033123,-0.6259249257272534,-1.4303736423308602,0.9467282320041425
2015-10-29,alternative,-0.1419472088946937,-0.1419472088946937,4,0.041178978979587555,5.2768345917619985,1.7934097119522463,2.1520391197503748
2015-10-29,corp_bond_ig,-0.023165711141747702,-0.023165711141747702,4,-0.014809654094278812,-2.6468525082016394,-0.6619020028646209,0.4793844044292072
2015-10-29,developed_equity,-0.11487239710955188,-0.11487239710955188,4,0.038633111864328384,4.949348394380821,0.07675905067605837,2.6714364582697896
2015-10-29,emerging_equity,-0.16259699889306922,-0.16259699889306922,4,0.03859136253595352,5.176374873463576,0.8191863647460024,-0.24735254009846175
2015-10-29,korea_equity,-0.13115365285419844,-0.13115365285419844,4,0.026106081902980804,3.1940355313731863,-0.6160295334989025,-0.6196929963618503
2015-10-29,short_treasury,-0.00023581600883115783,-0.00023581600883115783,4,-0.0038469722494482994,-1.240632467360854,-1.568403576280115,1.5596605079313404
2015-10-29,treasury_7_10y,0.014792639894855464,0.014792639894855464,4,-0.0005275597795844078,-0.6159563656061507,-1.5066113645798522,0.92645160062415
2015-10-30,alternative,-0.13752282043560382,-0.13752282043560382,4,0.041761595755815506,5.3944285702886114,1.9113489117800142,2.241409089139822
2015-10-30,corp_bond_ig,-0.024566231363457147,-0.024566231363457147,4,-0.010698218829929829,-2.1567628916083197,-0.8446430301711726,0.5241790562503298
2015-10-30,developed_equity,-0.10291233075551942,-0.10291233075551942,4,0.03765002638101578,4.6451251738749875,-0.2302468339101857,2.4827236055054844
2015-10-30,emerging_equity,-0.1508459559120754,-0.1508459559120754,4,0.038728222250938416,5.219902883785661,0.7245219425042416,-0.25390541789662224
2015-10-30,korea_equity,-0.13111439735325392,-0.13111439735325392,4,0.0274590365588665,3.2433572175816865,-0.6173046784633917,-0.3369066988462202
2015-10-30,short_treasury,-0.00023581600883115783,-0.00023581600883115783,4,-0.003928929567337036,-1.2450891318738009,-1.4370890568020522,1.651567459197101
2015-10-30,treasury_7_10y,0.014109532644321021,0.014109532644321021,4,0.0010518832132220268,-0.40686385253395835,-1.5910835143237128,0.9562150151315862
2015-11-02,alternative,-0.1372197583117294,-0.1372197583117294,4,0.03969534859061241,5.045929340861335,1.6697118625140726,1.9906909871467184
2015-11-02,corp_bond_ig,-0.01245778058338498,-0.01245778058338498,4,-0.012260734103620052,-2.244056707328075,-0.8399213447755354,0.6456376923493727
2015-11-02,developed_equity,-0.09248720267373134,-0.09248720267373134,4,0.0364861860871315,4.5233268963389,-0.3126943744667859,2.274688241450954
2015-11-02,emerging_equity,-0.1403262510055685,-0.1403262510055685,4,0.03922796994447708,5.316959328800618,0.7570286551497191,-0.22587359806178436
2015-11-02,korea_equity,-0.13702093380645142,-0.13702093380645142,4,0.02617070823907852,2.799273474602274,-0.8567776433933968,-0.057476090241276305
2015-11-02,short_treasury,0.002006204892914365,0.002006204892914365,4,0.003073499072343111,-0.39570106324546905,-1.8250590335847545,1.5070443725741627
2015-11-02,treasury_7_10y,0.024026255140980224,0.024026255140980224,4,0.0017717406153678894,-0.3446598166351738,-1.65846584288119,0.8446103634833431
2015-11-03,alternative,-0.13195695131316343,-0.13195695131316343,4,0.037808697670698166,4.72423593960095,1.2903717643130477,1.6624484251249037
2015-11-03,corp_bond_ig,-0.018598629362094665,-0.018598629362094665,4,-0.010138043202459812,-1.9646003046840157,-0.8658776431939775,0.5901436308562821
2015-11-03,developed_equity,-0.0946975446406173,-0.0946975446406173,4,0.03499271348118782,4.228547013507233,-0.527247467825756,2.2863587698539063
2015-11-03,emerging_equity,-0.15958918366534525,-0.15958918366534525,4,0.03781622648239136,5.058843539008059,0.3864251489808178,-0.34986686825776164
2015-11-03,korea_equity,-0.151185586007617,-0.151185586007617,4,0.020850785076618195,1.8569462607115028,-1.3456455231913524,-0.23430395733432122
2015-11-03,short_treasury,0.001062154305736307,0.001062154305736307,4,0.0020328210666775703,-0.5378377696571915,-1.706749180705786,1.4236727316234106
2015-11-03,treasury_7_10y,0.022866287587620215,0.022866287587620215,4,0.0015355022624135017,-0.43854068809667784,-1.6291029155431576,0.7536993748327236
2015-11-04,alternative,-0.15211522734462946,-0.15211522734462946,4,0.03413854539394379,4.225376580907218,0.8200450839730201,1.268556377775039
2015-11-04,corp_bond_ig,-0.015675045808081545,-0.015675045808081545,4,-0.012544873170554638,-2.17543935241511,-0.7823683998900611,0.6919013415966221
2015-11-04,developed_equity,-0.10993740609057934,-0.10993740609057934,4,0.031988389790058136,3.792346295253284,-1.0527686340831786,2.074965952993978
2015-11-04,emerging_equity,-0.18019032285849956,-0.18019032285849956,4,0.03723003342747688,5.0309299187275975,0.39316737620372905,-0.2514305927241966
2015-11-04,korea_equity,-0.16332071702784512,-0.16332071702784512,4,0.018154742196202278,1.2221737482872421,-1.33909974380096,-0.33189939840257127
2015-11-04,short_treasury,0.0034262868338679198,0.0034262868338679198,4,0.005584429018199444,-0.16487391540909732,-1.8415662701355153,0.8696446665807425
2015-11-04,treasury_7_10y,0.03117932784864008,0.03117932784864008,4,0.0003671320155262947,-0.5614419749861895,-1.6235857509085998,0.7514471649631289
2015-11-05,alternative,-0.14530691028947784,-0.14530691028947784,4,0.03608601540327072,4.395239991261575,0.7963189152272953,1.664505282856731
2015-11-05,corp_bond_ig,-0.01835500213490948,-0.01835500213490948,4,-0.01101923082023859,-1.9727622937831633,-0.8299854223832667,0.6614134493424709
2015-11-05,developed_equity,-0.10703410725943951,-0.10703410725943951,4,0.03259290009737015,3.8268158557974914,-0.9792273958965215,2.09328142835114
2015-11-05,emerging_equity,-0.1583798937745311,-0.1583798937745311,4,0.03736785054206848,5.021408954919581,0.34922018109680153,-0.16340125049813897
2015-11-05,korea_equity,-0.14515837932603926,-0.14515837932603926,4,0.015831243246793747,0.8004451040182131,-1.3187918225777109,-0.3912282183474266
2015-11-05,short_treasury,0.003662542070288044,0.003662542070288044,4,0.007923634722828865,-0.05608611990776971,-1.720240434824426,-0.06254761159262379
2015-11-05,treasury_7_10y,0.030728647834500356,0.030728647834500356,4,-0.0004777349531650543,-0.6904802825876352,-1.5655605885837731,0.6172223921132329
2015-11-06,alternative,-0.14169678831419164,-0.14169678831419164,4,0.03550223261117935,4.276805636053127,0.9265615819683691,1.5369947172939606
2015-11-06,corp_bond_ig,-0.01150326531437229,-0.01150326531437229,4,-0.01443218532949686,-2.2879385868685236,-0.6548728028611414,0.6624902735503698
2015-11-06,developed_equity,-0.10058513992041962,-0.10058513992041962,4,0.03289658948779106,3.797552753936137,-0.9573509666416906,2.0340173494665263
2015-11-06,emerging_equity,-0.13994330689737278,-0.13994330689737278,4,0.0376923605799675,5.104790895456903,0.49887371939572156,-0.10273072919291087
2015-11-06,korea_equity,-0.11182870847328108,-0.11182870847328108,4,0.013584609143435955,0.36510549080475707,-1.2415413677380338,-0.48063971062129396
2015-11-06,short_treasury,0.004848671640810709,0.004848671640810709,4,0.0032958188094198704,-0.6943196263250756,-1.2904289447284347,-1.402997439115501
2015-11-06,treasury_7_10y,0.04023913593289774,0.04023913593289774,4,0.0029428070411086082,-0.5751566459828429,-1.7852901222747952,0.6874419650381332
2015-11-09,alternative,-0.14038281061894897,-0.14038281061894897,4,0.03420161455869675,4.020075241129752,0.6623401462198962,1.6886804287046866
2015-11-09,corp_bond_ig,-0.010038354757263335,-0.010038354757263335,4,-0.0064881062135100365,-1.6573368607311125,-1.0797718625645172,-0.4608285642040639
2015-11-09,developed_equity,-0.10826409628139244,-0.10826409628139244,4,0.03182245045900345,3.653464061295644,-0.9961188716695399,2.0117170619164564
2015-11-09,emerging_equity,-0.12812313116397245,-0.12812313116397245,4,0.03832469508051872,5.293773674130624,0.5844394058139998,-0.08189847359722274
2015-11-09,korea_equity,-0.10437077476297563,-0.10437077476297563,4,0.010138057172298431,-0.2502284892524964,-1.170240431633087,-0.7295492998428754
2015-11-09,short_treasury,0.004849728273891518,0.004849728273891518,4,0.0017420118674635887,-0.7334373587292494,-1.122757271245636,-1.8282912786672618
2015-11-09,treasury_7_10y,0.04335010412357221,0.04335010412357221,4,0.000715816393494606,-0.8804348629117231,-1.7390391635742366,0.4430019207937523
2015-11-10,alternative,-0.17184646059909436,-0.17184646059909436,4,0.03352900594472885,3.913614127060964,0.6889341884482226,1.8030296500041063
2015-11-10,corp_bond_ig,-0.007400944583491831,-0.007400944583491831,4,-0.008629475720226765,-1.8971058861767522,-0.9527907949827815,-0.4573781067034844
2015-11-10,developed_equity,-0.12308554934536431,-0.12308554934536431,4,0.030156824737787247,3.443359266793236,-1.012946959053142,1.8647521274331327
2015-11-10,emerging_equity,-0.13627079118512186,-0.13627079118512186,4,0.03921593725681305,5.371614332524495,0.8297482105820732,0.07891209984995157
2015-11-10,korea_equity,-0.102642111066929,-0.102642111066929,4,0.0076254126615822315,-0.712160994778919,-1.0877406853992968,-0.8940531366806852
2015-11-10,short_treasury,0.005556883548453184,0.005556883548453184,4,0.0006061568856239319,-0.9059778891978724,-1.0826537518160582,-1.9934784883413934
2015-11-10,treasury_7_10y,0.04915077649848221,0.04915077649848221,4,-0.0013753222301602364,-1.116742948216415,-1.640427775715003,0.17127687289132093
2015-11-11,alternative,-0.1857273786364395,-0.1857273786364395,4,0.033206477761268616,3.7837213751553467,0.7960644362170262,1.857763623216375
2015-11-11,corp_bond_ig,-0.010710516951951798,-0.010710516951951798,4,-0.008650780655443668,-1.8640262940331103,-0.9566883002322728,-0.48746123166627975
2015-11-11,developed_equity,-0.13053868958568815,-0.13053868958568815,4,0.030315667390823364,3.2193154529933614,-0.9297980642386428,1.707661081211092
2015-11-11,emerging_equity,-0.1499708676658863,-0.1499708676658863,4,0.03899531811475754,5.422203873838489,1.0093941551223404,0.09661556175847968
2015-11-11,korea_equity,-0.11667930898289769,-0.11667930898289769,4,0.003082205541431904,-1.466694112995883,-0.9092706884377466,-1.104211621082367
2015-11-11,short_treasury,0.005439913644201599,0.005439913644201599,4,-0.000744878314435482,-0.9671948879158835,-0.950078821178171,-2.075863323687986
2015-11-11,treasury_7_10y,0.04983861954162205,0.04983861954162205,4,-0.003875243477523327,-1.4103330479159109,-1.5136634904689876,-0.051857333574663815
2015-11-12,alternative,-0.1719038724466735,-0.1719038724466735,4,0.033595893532037735,3.7024744368419182,0.9154130839061826,1.8346847180219048
2015-11-12,corp_bond_ig,-0.009146367803530508,-0.009146367803530508,4,-0.010217773728072643,-2.0318608120689867,-0.8369230287912296,-0.5615663229462207
2015-11-12,developed_equity,-0.11864404109071769,-0.11864404109071769,4,0.030372899025678635,3.2166500090266488,-0.8333370152831988,2.1336198614279147
2015-11-12,emerging_equity,-0.13819462180376074,-0.13819462180376074,4,0.03699791431427002,5.076600544957927,0.5138733813062525,0.02953579290502212
2015-11-12,korea_equity,-0.10214231593866385,-0.10214231593866385,4,0.0009157275781035423,-1.874145400986341,-0.7974547265999875,-1.1619904715098788
2015-11-12,short_treasury,0.005083347012549311,0.005083347012549311,4,-0.0014196354895830154,-1.114524318871621,-0.9435612644248712,-2.2854860394558507
2015-11-12,treasury_7_10y,0.052371883900884875,0.052371883900884875,4,-0.0021628616377711296,-1.1402841452980184,-1.4899823057191939,-0.12653369541972853
2015-11-13,alternative,-0.17883900334964709,-0.17883900334964709,4,0.03350335359573364,3.6658639739607,0.8600894233053158,1.962215091270597
2015-11-13,corp_bond_ig,-0.008771948424391662,-0.008771948424391662,4,-0.011488585732877254,-2.175231834719757,-0.7449475230965988,-0.7236883655826607
2015-11-13,developed_equity,-0.12191623423947895,-0.12191623423947895,4,0.030361559242010117,3.099434854888964,-0.7241042161105067,2.5371959390748766
2015-11-13,emerging_equity,-0.1407275221187606,-0.1407275221187606,4,0.0360310934484005,4.859303636390849,0.25093879749889697,-0.02726360344437417
2015-11-13,korea_equity,-0.1026140946891837,-0.1026140946891837,4,-0.004059590399265289,-2.649481390940474,-0.591507911009087,-1.4302787559430499
2015-11-13,short_treasury,0.005197198121651425,0.005197198121651425,4,-0.0025853198021650314,-1.1146066119683955,-0.8542796552608016,-2.429185041835727
2015-11-13,treasury_7_10y,0.05321358309095481,0.05321358309095481,4,-0.0028123417869210243,-1.1052281102998223,-1.4690216746275973,-0.3790030662676174
2015-11-16,alternative,-0.17387299380959187,-0.17387299380959187,4,0.03323465585708618,3.4643390367471736,1.346125629276783,2.158372351813009
2015-11-16,corp_bond_ig,-0.01450161293186314,-0.01450161293186314,4,-0.012452618218958378,-2.277268486217078,-0.5577057228284229,-0.74733680274812
2015-11-16,developed_equity,-0.12220963351742475,-0.12220963351742475,4,0.030764557421207428,3.0042050979084576,-0.547117571525954,3.069082412636672
2015-11-16,emerging_equity,-0.14243928422039642,-0.14243928422039642,4,0.03565685451030731,4.798506089837539,0.4523854805114555,0.00986160722035945
2015-11-16,korea_equity,-0.10202896191878019,-0.10202896191878019,4,-0.008277893997728825,-3.2832135602843295,-0.4080148900809693,-1.5861410611902684
2015-11-16,short_treasury,0.004016020826641986,0.004016020826641986,4,-0.0036812378093600273,-1.241526366896561,-0.863128603865288,-2.617505996739425
2015-11-16,treasury_7_10y,0.04379836966885797,0.04379836966885797,4,-0.00235674437135458,-1.0304770007241395,-1.456665116749992,-0.5432814308833711
2015-11-17,alternative,-0.14391829562863312,-0.14391829562863312,4,0.03898833692073822,5.743222739817041,1.1467658018214977,0.06589467868966331
2015-11-17,corp_bond_ig,-0.02021167466800078,-0.02021167466800078,4,-0.012325664050877094,-2.227038674442911,-0.5707194727609554,-0.8410620095419263
2015-11-17,developed_equity,-0.10344343448938498,-0.10344343448938498,4,0.037842635065317154,4.956050175947538,-0.08103448889677428,1.5177432587857536
2015-11-17,emerging_equity,-0.12085658025204316,-0.12085658025204316,4,0.03333065286278725,4.8781300578365245,0.9698448318662984,-0.8550105513967893
2015-11-17,korea_equity,-0.08979589627552831,-0.08979589627552831,4,-0.04656331241130829,-7.906672932417134,1.6471662635250928,-0.2847480340937472
2015-11-17,short_treasury,0.0037811615882015204,0.0037811615882015204,4,-0.003940028138458729,-1.1737288864328757,-0.8316101189496455,-2.6537302682757304
2015-11-17,treasury_7_10y,0.04097815303393593,0.04097815303393593,4,-0.0026355283334851265,-1.0844312555218458,-1.466576086001287,-0.6254208658878688
2015-11-18,alternative,-0.1332720550853489,-0.1332720550853489,4,0.03749953582882881,5.519352721644721,0.9650494544674384,-0.008489321124218848
2015-11-18,corp_bond_ig,-0.02072673176871742,-0.02072673176871742,4,-0.011616854928433895,-2.1573160432513205,-0.5222586620411568,-1.0840959161496935
2015-11-18,developed_equity,-0.09787472495188687,-0.09787472495188687,4,0.03473077714443207,4.6375180460260035,0.2053711714094645,0.9809163108073771
2015-11-18,emerging_equity,-0.11317468723577462,-0.11317468723577462,4,0.03351029381155968,4.938348956349395,1.089606224522336,-0.9105483400082045
2015-11-18,korea_equity,-0.08937147453925975,-0.08937147453925975,4,-0.05158543959259987,-8.6760618607898,1.9941593928708643,0.4496830493233431
2015-11-18,short_treasury,0.004373555003020613,0.004373555003020613,4,-0.003943278454244137,-1.0979130494584939,-0.8498828778540656,-2.812447420676395
2015-11-18,treasury_7_10y,0.03891935313458861,0.03891935313458861,4,-0.0013720998540520668,-0.871208872137289,-1.4813388497461195,-0.7680766306827255
2015-11-19,alternative,-0.13235295148869253,-0.13235295148869253,4,0.03805523365736008,5.64750807146742,1.157447274518044,0.03327308270968849
2015-11-19,corp_bond_ig,-0.01565071477827229,-0.01565071477827229,4,-0.011191231198608875,-2.0307533661264263,-0.5427006629138852,-1.5204118610478188
2015-11-19,developed_equity,-0.09839274095396966,-0.09839274095396966,4,0.0331304669380188,4.312056634305465,-0.20712025490456504,0.9429628081277532
2015-11-19,emerging_equity,-0.12625830426231244,-0.12625830426231244,4,0.032757509499788284,4.834552729601422,1.0937298243215403,-0.790421122102178
2015-11-19,korea_equity,-0.11365359332139435,-0.11365359332139435,4,-0.04951109364628792,-8.369262829468223,1.8772133182794646,0.629500194216039
2015-11-19,short_treasury,0.005438627033745869,0.005438627033745869,4,-0.0041011059656739235,-0.9795776639237933,-0.8074148910179471,-2.9444856286239505
2015-11-19,treasury_7_10y,0.04147423581640197,0.04147423581640197,4,-0.00019371788948774338,-0.6911914626741462,-1.4772689959396423,-1.0672024523942967
2015-11-20,alternative,-0.13523456633804343,-0.13523456633804343,4,0.03653007373213768,5.401225249969289,0.7915093225868567,-0.18050098323490432
2015-11-20,corp_bond_ig,-0.016172231787648816,-0.016172231787648816,4,-0.00946327019482851,-1.8545056128545803,-0.5735311243348301,-1.6945910575862386
2015-11-20,developed_equity,-0.10469168983384003,-0.10469168983384003,4,0.0343342088162899,4.413802222377574,-0.05456766151989901,1.2243865870424062
2015-11-20,emerging_equity,-0.138952144338938,-0.138952144338938,4,0.03135653957724571,4.538308196195967,1.5077999400172417,-0.8936628722290151
2015-11-20,korea_equity,-0.1226716890043561,-0.1226716890043561,4,-0.06124623492360115,-9.730183889209286,3.0936342354495356,0.6747783608458989
2015-11-20,short_treasury,0.004492755322670794,0.004492755322670794,4,-0.005302862264215946,-1.1509664062997562,-0.7893917795875359,-3.130540446377308
2015-11-20,treasury_7_10y,0.04285041100798859,0.04285041100798859,4,-0.00035588908940553665,-0.6614288388145186,-1.4133310171409161,-1.3604084113593828
2015-11-23,alternative,-0.12707178283848464,-0.12707178283848464,4,0.03627375513315201,5.328764222427773,0.710189263961902,-0.05679659485721072
2015-11-23,corp_bond_ig,-0.014524079984180815,-0.014524079984180815,4,-0.007522611878812313,-1.5765458399727,-0.7277553335861825,-1.8438064132105767
2015-11-23,developed_equity,-0.08936822115091747,-0.08936822115091747,4,0.03511836379766464,4.404600950685474,-0.1134532860864636,1.354167309132332
2015-11-23,emerging_equity,-0.10922681932765277,-0.10922681932765277,4,0.032275330275297165,4.557585407779135,1.5161249891801187,-0.6905030119150046
2015-11-23,korea_equity,-0.10220626614574446,-0.10220626614574446,4,-0.06073450669646263,-9.758855110713638,3.2153419677824195,0.7267116856975299
2015-11-23,short_treasury,0.004729827685022281,0.004729827685022281,4,-0.005591782741248608,-1.1729228606847308,-0.7618573382335193,-3.0808808194827084
2015-11-23,treasury_7_10y,0.04043737452741469,0.04043737452741469,4,-0.0016770632937550545,-0.8138894699905082,-1.360511521556507,-1.5619099718095795
2015-11-24,alternative,-0.13653139154453364,-0.13653139154453364,4,0.03695538267493248,5.483092144892489,0.8011219752935173,-0.03499141062914767
2015-11-24,corp_bond_ig,-0.012877001776499641,-0.012877001776499641,4,-0.006873308680951595,-1.5197592932502384,-0.745593525572381,-1.9037568871886679
2015-11-24,developed_equity,-0.10542459427015549,-0.10542459427015549,4,0.03349531441926956,4.2332143588739575,-0.29427308180581574,1.2392157055134516
2015-11-24,emerging_equity,-0.13268519116465105,-0.13268519116465105,4,0.03202114626765251,4.6073082124305484,1.6538844002052684,-0.7515663975291916
2015-11-24,korea_equity,-0.12879207571006224,-0.12879207571006224,4,-0.0641491636633873,-10.02774035415139,3.493630010246874,0.9862457197211435
2015-11-24,short_treasury,0.004848098185986638,0.004848098185986638,4,-0.006102600134909153,-1.2635545072551306,-0.7313188504151473,-3.0941820262672537
2015-11-24,treasury_7_10y,0.041529295897212215,0.041529295897212215,4,-0.0018410766497254372,-0.7569989288974986,-1.349111573152048,-1.7728342984025762
2015-11-25,alternative,-0.14128441766861377,-0.14128441766861377,4,0.03724060207605362,5.528120453783305,0.9496426061423496,0.10167073676027216
2015-11-25,corp_bond_ig,-0.012864771781173956,-0.012864771781173956,4,-0.0074796853587031364,-1.5692652537510634,-0.7164487854685699,-2.0263529481826534
2015-11-25,developed_equity,-0.1026642538667375,-0.1026642538667375,4,0.03383000195026398,4.190513839315674,-0.32035404142257984,1.2123218409540488
2015-11-25,emerging_equity,-0.12795390306733523,-0.12795390306733523,4,0.031187966465950012,4.4913343221847315,1.7474741154328082,-0.7336027045978244
2015-11-25,korea_equity,-0.12786151108161403,-0.12786151108161403,4,-0.06135811284184456,-9.603833676958578,3.4462661896977878,1.162819578116539
2015-11-25,short_treasury,0.004965691178208331,0.004965691178208331,4,-0.004845433868467808,-0.9959032268215647,-0.7750069146016981,-2.928595186496581
2015-11-25,treasury_7_10y,0.04094116210937493,0.04094116210937493,4,-0.001077328808605671,-0.5480039610565661,-1.3547672699610078,-1.7895794174739716
2015-11-27,alternative,-0.13394494012955127,-0.13394494012955127,4,0.03817424923181534,5.656781878964665,0.9608204581758143,0.1394894122506284
2015-11-27,corp_bond_ig,-0.007681679483513837,-0.007681679483513837,4,-0.006742897443473339,-1.5134996391278295,-0.728529723620802,-1.9944419343098094
2015-11-27,developed_equity,-0.08870860303621497,-0.08870860303621497,4,0.03424040228128433,4.158161327144305,-0.3560144873849794,1.2732140791533886
2015-11-27,emerging_equity,-0.10548020510348977,-0.10548020510348977,4,0.03191933408379555,4.384142370956389,2.132908565851091,-0.6353032172806756
2015-11-27,korea_equity,-0.11964050567129991,-0.11964050567129991,4,-0.06352539360523224,-9.818412637949987,3.7169728847974572,1.2907862848419758
2015-11-27,short_treasury,0.004964517452961781,0.004964517452961781,4,-0.004443530924618244,-0.8583439022017477,-0.8429989139263349,-2.9464134557776527
2015-11-27,treasury_7_10y,0.04296727781683973,0.04296727781683973,4,-0.0003250008448958397,-0.38799327991154464,-1.350800730817855,-1.854449931128648
2015-11-30,alternative,-0.1332116667644705,-0.1332116667644705,4,0.036775533109903336,5.566121127464053,2.148363447325718,-0.3505977268455573
2015-11-30,corp_bond_ig,-0.008454864342774204,-0.008454864342774204,4,-0.019747987389564514,-3.2050886934616436,0.2064407611238011,-2.2835921676315456
2015-11-30,developed_equity,-0.09131528434407188,-0.09131528434407188,4,0.03379606455564499,4.046507855826358,-0.44931179940873506,1.2903698758515745
2015-11-30,emerging_equity,-0.11562230121965933,-0.11562230121965933,4,0.030666545033454895,4.360121558268557,2.0666823560016376,-0.9446353029727065
2015-11-30,korea_equity,-0.12343810101162422,-0.12343810101162422,4,-0.058534566313028336,-9.239031478580907,3.3372106714867953,1.095657252309624
2015-11-30,short_treasury,0.004020385107154745,0.004020385107154745,4,-0.004074231721460819,-0.6494387348588099,-0.8454712966511453,-2.849372686266085
2015-11-30,treasury_7_10y,0.03749997938486005,0.03749997938486005,4,-0.0007420750334858894,-0.4236414157943037,-1.3515431663426796,-1.907825693000975
2015-12-01,alternative,-0.13843355332578366,-0.13843355332578366,4,0.035434454679489136,5.391539373764824,1.9724118695393604,-0.6056755137948358
2015-12-01,corp_bond_ig,-0.012365778014161277,-0.012365778014161277,4,-0.01934008300304413,-3.110883609083938,0.21011366937200493,-2.251941629480797
2015-12-01,developed_equity,-0.0983901828767837,-0.0983901828767837,4,0.0342121422290802,4.128786385495582,-0.5458530067189196,1.4388230989381556
2015-12-01,emerging_equity,-0.11474453445768706,-0.11474453445768706,4,0.030831661075353622,4.284060197884596,2.382763060468674,-0.8868097199886278
2015-12-01,korea_equity,-0.13304803317011904,-0.13304803317011904,4,-0.05167139694094658,-7.912891061149956,3.083226491822838,1.453740473926242
2015-12-01,short_treasury,0.004492755322670794,0.004492755322670794,4,-0.0027067121118307114,-0.46039417423540796,-0.8365671357413641,-2.765618281074156
2015-12-01,treasury_7_10y,0.035299593027533716,0.035299593027533716,4,0.0004639234393835068,-0.16129086234481674,-1.3564958547844823,-1.9071595707057094
2015-12-02,alternative,-0.11334553339056075,-0.11334553339056075,5,0.0052615925669670105,-2.071991757504213,2.7849320906622097,0.6733557427555056
2015-12-02,corp_bond_ig,-0.01824907592840308,-0.01824907592840308,5,-0.0028095245361328125,-2.263412186471143,0.21353008175229027,0.9299314934815919
2015-12-02,developed_equity,-0.07253458502650756,-0.07253458502650756,5,0.008912310004234314,1.4806604558060894,1.1621323285386371,-2.126698688992937
2015-12-02,emerging_equity,-0.07210403436924973,-0.07210403436924973,5,0.0003922209143638611,-4.686491198411611,2.321464303004291,0.18713335366389355
2015-12-02,korea_equity,-0.09177095181178219,-0.09177095181178219,5,-0.009390473365783691,-6.795391539552011,-1.1828262954603668,-1.5513219851026052
2015-12-02,short_treasury,0.003431557309155675,0.003431557309155675,5,0.004353486001491547,0.8327078446450865,1.7914038877785547,-0.49353106707608935
2015-12-02,treasury_7_10y,0.02863852630758501,0.02863852630758501,5,-0.00045721232891082764,0.3598787403795264,-0.8543523774471773,-0.14551321174581988
2015-12-03,alternative,-0.10119595500299494,-0.10119595500299494,5,0.011016696691513062,2.819780684789269,1.7076326285911159,0.5023558996272491
2015-12-03,corp_bond_ig,-0.0030532886897599587,-0.0030532886897599587,5,-0.0028743967413902283,-2.515172954264156,0.3922257942846157,1.4035211852019096
2015-12-03,developed_equity,-0.05942826494508735,-0.05942826494508735,5,0.009447410702705383,1.426106658988501,1.5852742158913211,-2.4640931524097436
2015-12-03,emerging_equity,-0.05438341004672187,-0.05438341004672187,5,6.418675184249878e-05,-4.6374928608127926,2.5890667518100665,-0.2073468678526692
2015-12-03,korea_equity,-0.07456391654550587,-0.07456391654550587,5,-0.008825317025184631,-6.513571204008095,-1.0617071007260022,-1.3730470333396478
2015-12-03,short_treasury,0.003313202842493368,0.003313202842493368,5,0.005795523524284363,0.9404813803272798,2.112776559233346,-0.5402150522696773
2015-12-03,treasury_7_10y,0.03776811027393068,0.03776811027393068,5,0.000609278678894043,0.456446528444359,-0.3124906197546229,0.018173932950024313
2015-12-04,alternative,-0.09633027522935778,-0.09633027522935778,5,0.009605765342712402,2.4786302432348184,1.8838277745685672,0.42267619989816796
2015-12-04,corp_bond_ig,-0.003731022170722631,-0.003731022170722631,5,-0.002781130373477936,-2.5246075498187097,0.3473352930173745,1.3631790056676156
2015-12-04,developed_equity,-0.0679894761568981,-0.0679894761568981,5,0.008161783218383789,0.9856516961067008,1.2123651290572923,-2.1272739027967646
2015-12-04,emerging_equity,-0.050177116568610125,-0.050177116568610125,5,0.0009435862302780151,-4.46515430848925,2.6156871794242798,0.20388226336413207
2015-12-04,korea_equity,-0.0642447544811936,-0.0642447544811936,5,-0.008151113986968994,-6.485343102769377,-0.7513029904344913,-0.7821407937637482
2015-12-04,short_treasury,0.003430745530761392,0.003430745530761392,5,0.006232820451259613,0.9651015927453198,1.9080582574007046,-0.6568090683558535
2015-12-04,treasury_7_10y,0.035170665961697045,0.035170665961697045,5,0.001387476921081543,0.6661634132290607,-0.4721596437695089,0.2558773841297249
2015-12-07,alternative,-0.07955595370503099,-0.07955595370503099,5,0.011614806950092316,2.6375112107933663,2.4599233026542997,0.3227800535434438
2015-12-07,corp_bond_ig,-0.005630090200658966,-0.005630090200658966,5,-0.0025602877140045166,-2.6549875078414096,0.5993351729371862,1.6315653705943836
2015-12-07,developed_equity,-0.05201333565315869,-0.05201333565315869,5,0.008242085576057434,0.9110773046633704,1.5770873039035094,-2.1620881432949264
2015-12-07,emerging_equity,-0.015006002538399454,-0.015006002538399454,5,0.0015064477920532227,-4.715309963078142,3.2753220990977403,0.13683938530753328
2015-12-07,korea_equity,-0.02661441949637322,-0.02661441949637322,5,-0.008289456367492676,-6.409734158314034,-0.6060653196938308,-0.7363329495163573
2015-12-07,short_treasury,0.0028396297053538966,0.0028396297053538966,5,0.007097557187080383,1.1150112875677454,2.409058283705776,0.021074587774005338
2015-12-07,treasury_7_10y,0.028366809150096595,0.028366809150096595,5,0.002812214195728302,0.9665282372207442,-0.068665564126968,0.310390246776454
2015-12-08,alternative,-0.06367043874017841,-0.06367043874017841,5,0.01084570586681366,2.2568828604481195,2.7515245832110837,0.19657219786192728
2015-12-08,corp_bond_ig,-0.0032090436842046044,-0.0032090436842046044,5,-0.0018186569213867188,-2.3903064122254745,0.8200769875737596,1.3303845018855982
2015-12-08,developed_equity,-0.04630150972413982,-0.04630150972413982,5,0.007800184190273285,1.1000815559391828,1.1099752841416632,-2.330907387637419
2015-12-08,emerging_equity,-0.005462831593565198,-0.005462831593565198,5,0.0013974010944366455,-4.452344375558427,3.085911182474348,0.35981945905083607
2015-12-08,korea_equity,-0.019188870833744875,-0.019188870833744875,5,-0.007570967078208923,-6.305658965658502,-0.537038823890662,-0.9959198617033593
2015-12-08,short_treasury,0.0022481931985451897,0.0022481931985451897,5,0.007045432925224304,1.15640010701737,2.048705324848217,-0.561630731963362
2015-12-08,treasury_7_10y,0.0257135104456665,0.0257135104456665,5,0.003100357949733734,1.132149023702459,-0.01313337257778085,0.2829943847502865
2015-12-09,alternative,-0.07424813357692894,-0.07424813357692894,5,0.011322379112243652,2.4899435253580515,2.797824489505907,0.4622544795696878
2015-12-09,corp_bond_ig,0.0023423638442274797,0.0023423638442274797,5,-0.0014616698026657104,-2.325584484158153,1.1005965230141233,1.8335023475953751
2015-12-09,developed_equity,-0.05168251276268898,-0.05168251276268898,5,0.008098810911178589,0.9425719640659713,1.317768730448907,-2.5123910485727015
2015-12-09,emerging_equity,-0.014381922163834493,-0.014381922163834493,5,0.001740783452987671,-4.5814027133602835,3.555776465672192,0.04693476573292102
2015-12-09,korea_equity,-0.0383164650804485,-0.0383164650804485,5,-0.007619395852088928,-6.2559697848108,-0.29582481305467134,-0.7379262228460818
2015-12-09,short_treasury,0.002602332840319521,0.002602332840319521,5,0.008267924189567566,1.4126711668231315,2.275890448983895,0.12102517306802557
2015-12-09,treasury_7_10y,0.030094958084611045,0.030094958084611045,5,0.0038601160049438477,1.3445822356301629,-0.029268617194294435,0.4117771455888718
2015-12-10,alternative,-0.07706771109060839,-0.07706771109060839,5,0.010684691369533539,2.563194303595606,2.8022600979004286,0.3783972917219879
2015-12-10,corp_bond_ig,0.0035652492357336474,0.0035652492357336474,5,-0.0007049441337585449,-2.194205426187266,1.0358807269043677,1.784680751092266
2015-12-10,developed_equity,-0.044983654236322224,-0.044983654236322224,5,0.00821995735168457,1.1476571665764246,0.9464071008584659,-2.2679893085150367
2015-12-10,emerging_equity,-0.0015403339023648543,-0.0015403339023648543,5,0.0012459605932235718,-4.393540526563008,3.16757360370082,0.3432341635785717
2015-12-10,korea_equity,-0.03636364047577856,-0.03636364047577856,5,-0.007105350494384766,-6.345165670407909,-0.040480328065524505,-0.5029855276256855
2015-12-10,short_treasury,0.0028406379362329037,0.0028406379362329037,5,0.008565321564674377,1.4965580741362572,2.233125074776884,-0.0570188132673789
2015-12-10,treasury_7_10y,0.028275212470730837,0.028275212470730837,5,0.004562273621559143,1.3754422366511265,0.01626821776815768,1.011444882067463
2015-12-11,alternative,-0.05491333728376213,-0.05491333728376213,5,0.010731562972068787,2.4603232529663313,2.450117289261912,-0.3047492154377513
2015-12-11,corp_bond_ig,0.005989604684766059,0.005989604684766059,5,8.253753185272217e-05,-1.8719920142934763,1.5267661135154993,2.1672264267832517
2015-12-11,developed_equity,-0.03023284277343563,-0.03023284277343563,5,0.008885398507118225,1.023821752905663,1.525521249899113,-2.5827347970397785
2015-12-11,emerging_equity,0.02884310204176388,0.02884310204176388,5,0.0023997873067855835,-4.197733720501584,3.7561190039890544,0.26695042894782867
2015-12-11,korea_equity,-0.001611315782397038,-0.001611315782397038,5,-0.007085844874382019,-6.146647140783294,0.02063130565080404,-0.4438210068968707
2015-12-11,short_treasury,0.0015368824735870756,0.0015368824735870756,5,0.009130969643592834,1.6010706740875549,2.3651953976388747,0.5150145688304925
2015-12-11,treasury_7_10y,0.016456308428715483,0.016456308428715483,5,0.0052646249532699585,1.5287850261596818,0.32768784594674405,1.1926191736496954
2015-12-14,alternative,-0.02148441938334089,-0.02148441938334089,5,0.010624013841152191,1.8363819426226589,3.0236411434529735,-0.5373820523412991
2015-12-14,corp_bond_ig,0.016353325505336525,0.016353325505336525,5,0.0015919208526611328,-2.03572147205575,1.9424002609146662,2.2056076168736487
2015-12-14,developed_equity,-0.010240863489413998,-0.010240863489413998,5,0.007480986416339874,0.5783722241214706,1.361612115798462,-2.7338471623003118
2015-12-14,emerging_equity,0.033686773864493924,0.033686773864493924,5,0.0014220476150512695,-4.241133507203016,3.5342703436197325,0.3491204418981223
2015-12-14,korea_equity,0.010373039032197662,0.010373039032197662,5,-0.006881028413772583,-6.260374912284091,-0.03403210542072246,-0.6562827373584824
2015-12-14,short_treasury,0.0017753761353003217,0.0017753761353003217,5,0.00914868712425232,1.7285292793779348,2.1378124313879447,-0.2990053429990631
2015-12-14,treasury_7_10y,0.02110020522323164,0.02110020522323164,5,0.0052639394998550415,1.4111437061071859,0.37739455502635705,0.9281430201148921
2015-12-15,alternative,-0.030769201425405623,-0.030769201425405623,5,0.011491596698760986,1.9719596183459533,3.3782121797784077,-1.0882378046293206
2015-12-15,corp_bond_ig,0.019237468839634397,0.019237468839634397,5,0.0017583966255187988,-2.2697361199592634,2.640041858519243,2.0677004257225864
2015-12-15,developed_equity,-0.022590817499304028,-0.022590817499304028,5,0.008784674108028412,0.9069762020060681,1.882390501374007,-2.761606872251737
2015-12-15,emerging_equity,0.011981548349911941,0.011981548349911941,5,0.0022616535425186157,-4.054506348608703,3.9382483190500484,0.3939260930563863
2015-12-15,korea_equity,-0.012384455801965677,-0.012384455801965677,5,-0.006661497056484222,-5.986269925895604,0.14447918970399753,-0.3774470893321966
2015-12-15,short_treasury,0.0018938923574476352,0.0018938923574476352,5,0.009700268507003784,1.7798844711391368,2.161364765145491,0.527734953019883
2015-12-15,treasury_7_10y,0.024459382209972347,0.024459382209972347,5,0.00595913827419281,1.5016293041970126,0.506365516219979,0.9987775835349001
2015-12-16,alternative,-0.054872238314286226,-0.054872238314286226,5,0.010777987539768219,1.6258320656759073,3.1730360024738267,-1.0880581368797668
2015-12-16,corp_bond_ig,0.01906594695642272,0.01906594695642272,5,0.0031075403094291687,-2.3760277442101416,2.8874262860557214,2.0774068408127606
2015-12-16,developed_equity,-0.03659220659167628,-0.03659220659167628,5,0.00802554190158844,0.47759605107292535,1.6664057729993755,-2.5292758432457525
2015-12-16,emerging_equity,-0.021693203850465248,-0.021693203850465248,5,0.0014971494674682617,-4.21085766406631,3.7882229369840865,0.8086579730490769
2015-12-16,korea_equity,-0.04290361813922561,-0.04290361813922561,5,-0.005606561899185181,-6.058203336929516,0.4233507485548813,-0.13860510483274924
2015-12-16,short_treasury,0.0030801385565233375,0.0030801385565233375,5,0.011155247688293457,1.8324965707837475,2.7222999294152315,-0.97560566485983
2015-12-16,treasury_7_10y,0.026986066259351515,0.026986066259351515,5,0.006143391132354736,1.4576327116814756,0.4291401324307903,1.2760320466640878
2015-12-17,alternative,-0.03428569975353424,-0.03428569975353424,5,0.013084188103675842,2.254731762336537,3.5702655199858415,-1.1877744061260562
2015-12-17,corp_bond_ig,0.022800738905552675,0.022800738905552675,5,0.0030461251735687256,-2.161648104166931,2.780295488945228,2.196308559412678
2015-12-17,developed_equity,-0.01899731167650409,-0.01899731167650409,5,0.01062975823879242,1.4291459744478034,2.235744330534364,-2.562655403265859
2015-12-17,emerging_equity,0.010989030183036874,0.010989030183036874,5,0.0033646821975708008,-3.7920154090827056,4.450226839087899,1.1691916524433534
2015-12-17,korea_equity,0.002751019676312305,0.002751019676312305,5,-0.005121096968650818,-6.062235582643902,0.8439133602972642,-0.14017482545082838
2015-12-17,short_treasury,0.005094096163086315,0.005094096163086315,5,0.012505143880844116,1.9497027124675144,3.043446998559026,-0.6345446379901414
2015-12-17,treasury_7_10y,0.028099911756576557,0.028099911756576557,5,0.007457360625267029,1.8957071707417494,0.7107614170470142,1.0948130295593803
2015-12-18,alternative,-0.0067698700900070685,-0.0067698700900070685,5,0.012107186019420624,1.8965347492873645,3.44608539933079,-1.2173886035005834
2015-12-18,corp_bond_ig,0.025945673006299907,0.025945673006299907,5,0.0030473023653030396,-2.0559234074148396,2.5610863454789543,2.063779717952833
2015-12-18,developed_equity,0.0,0.0,5,0.010173067450523376,1.3698103434916173,2.1036164239079924,-3.1610631432463876
2015-12-18,emerging_equity,0.03675335044903605,0.03675335044903605,5,0.0015931874513626099,-3.954890392373921,3.992710226577713,1.2091241020762875
2015-12-18,korea_equity,0.02290072745059568,0.02290072745059568,5,-0.003678441047668457,-6.015939658429359,1.2206936929173984,-0.02859886995782912
2015-12-18,short_treasury,0.003667832469249399,0.003667832469249399,5,0.01103510707616806,1.9136869771223293,2.3779724888258027,-1.0150732684424202
2015-12-18,treasury_7_10y,0.025556715333118873,0.025556715333118873,5,0.006884373724460602,1.6843499797261305,0.6036608063240372,0.9697126324264825
2015-12-21,alternative,-0.02109304423073688,-0.02109304423073688,5,0.01333695650100708,1.9505661856464778,3.7115247380001524,-1.7464254929189906
2015-12-21,corp_bond_ig,0.027586171527966385,0.027586171527966385,5,0.0030663982033729553,-1.9102822060280118,2.7257410740821415,2.270439091001807
2015-12-21,developed_equity,0.0069930559615649646,0.0069930559615649646,5,0.011916935443878174,1.5568629938695235,2.956621258376778,-2.8040060188918083
2015-12-21,emerging_equity,0.05030855483497554,0.05030855483497554,5,0.0027913525700569153,-3.4975653571463994,4.6908364864817536,1.3688794701539588
2015-12-21,korea_equity,0.029011274399533438,0.029011274399533438,5,-0.00420118123292923,-5.890311679738428,1.226923873483006,0.19560270447985684
2015-12-21,short_treasury,0.004023149086454181,0.004023149086454181,5,0.012707248330116272,2.268496795853797,2.866859023804047,-0.7869317567032122
2015-12-21,treasury_7_10y,0.0268594373665636,0.0268594373665636,5,0.007744342088699341,1.7635397007999465,0.8218832302487138,0.9378413652731773
2015-12-22,alternative,-0.021012387892711537,-0.021012387892711537,5,0.013153411448001862,1.8507756610870434,3.7610539007351944,-2.223506287420249
2015-12-22,corp_bond_ig,0.027709773834471596,0.027709773834471596,5,0.0034095346927642822,-2.0296920480486302,2.5334863980289404,2.033427306847594
2015-12-22,developed_equity,-0.0023084120379542883,-0.0023084120379542883,5,0.011177361011505127,1.246335468022657,2.8959931729112176,-2.8168972585727743
2015-12-22,emerging_equity,0.0440905888988572,0.0440905888988572,5,0.001799941062927246,-3.3242586012368758,4.395390586919731,1.5727600037648883
2015-12-22,korea_equity,0.01857647192564782,0.01857647192564782,5,-0.003036700189113617,-5.620316684070655,1.4443370420406236,0.3490317998491599
2015-12-22,short_treasury,0.0041424841161130654,0.0041424841161130654,5,0.011612825095653534,2.071214060563551,2.41204012451302,-0.7024056306833547
2015-12-22,treasury_7_10y,0.026841198586643467,0.026841198586643467,5,0.006981417536735535,1.4215835338700384,0.6188439841737235,1.2752697306836127
2015-12-23,alternative,-0.039325884434678327,-0.039325884434678327,5,0.015027180314064026,2.343328198720734,4.203823399307161,-2.3436926715040602
2015-12-23,corp_bond_ig,0.024890816367869828,0.024890816367869828,5,0.0028394460678100586,-1.6842003338972968,2.774486458369881,2.6931728285528433
2015-12-23,developed_equity,-0.016903443403602836,-0.016903443403602836,5,0.011248916387557983,1.0618531918597662,3.4914674341821073,-1.6047014860071012
2015-12-23,emerging_equity,0.02717395999105765,0.02717395999105765,5,0.003588847815990448,-2.751276666278223,4.919783729176416,2.0265894304022996
2015-12-23,korea_equity,0.01648561775565449,0.01648561775565449,5,-0.007029779255390167,-5.093888363345041,-0.4769340770853912,0.5459805524375001
2015-12-23,short_treasury,0.003907196715981831,0.003907196715981831,5,0.012546882033348083,2.147802782519506,2.686598099907877,-0.26760282441522903
2015-12-23,treasury_7_10y,0.026996418203155903,0.026996418203155903,5,0.00802689790725708,1.808891646746654,0.7960455380809466,1.3332027369547386
2015-12-24,alternative,-0.06156715169784621,-0.06156715169784621,5,0.012869946658611298,1.9666307597964126,3.740052096364317,-1.9125839715391824
2015-12-24,corp_bond_ig,0.029594057610951907,0.029594057610951907,5,0.0029621049761772156,-1.4812579253402542,2.57546869584327,2.1949550675337086
2015-12-24,developed_equity,-0.02328567504882817,-0.02328567504882817,5,0.010517165064811707,1.105807315165633,3.040159318012059,-1.7392677199394588
2015-12-24,emerging_equity,0.013333291718454099,0.013333291718454099,5,0.001748412847518921,-3.0191633491855323,4.336904957656057,1.9427713602008332
2015-12-24,korea_equity,0.007818638136668055,0.007818638136668055,5,-0.006775550544261932,-4.785696984674549,-0.6109235453673901,0.4555821537349457
2015-12-24,short_treasury,0.004618110168641776,0.004618110168641776,5,0.01164931058883667,2.1550792414369746,2.2445627268410973,-0.4998852985949679
2015-12-24,treasury_7_10y,0.03142400483811736,0.03142400483811736,5,0.006816372275352478,1.631651901102143,0.47661784576593497,1.385456262514672
2015-12-28,alternative,-0.05649717676474297,-0.05649717676474297,5,0.015365101397037506,2.626631269312403,4.424294609371237,-1.9916729199529886
2015-12-28,corp_bond_ig,0.030416883280736995,0.030416883280736995,5,0.0037090331315994263,-1.0172798573219104,2.803823494808921,2.6183193518173016
2015-12-28,developed_equity,-0.02297375240133226,-0.02297375240133226,5,0.012137487530708313,1.1857040469565974,3.7781637856044132,-1.3296547665423664
2015-12-28,emerging_equity,0.01800427660501036,0.01800427660501036,5,0.0032714009284973145,-2.475867289076944,4.763591902414785,2.06396467839412
2015-12-28,korea_equity,0.019576857513173396,0.019576857513173396,5,-0.005998134613037109,-4.393808485129228,-0.5595189584992326,0.5517690764882455
2015-12-28,short_treasury,0.0047393544863414405,0.0047393544863414405,5,0.013461500406265259,2.6659536925171965,2.573896237439104,0.12520027614214208
2015-12-28,treasury_7_10y,0.030191571300432818,0.030191571300432818,5,0.005853012204170227,0.42299291340037837,0.7963215102486763,1.9029386584332595
2015-12-29,alternative,-0.0562851790420672,-0.0562851790420672,5,0.014899872243404388,2.6255915409337356,4.219325352043528,-1.920629616942038
2015-12-29,corp_bond_ig,0.03637321561016216,0.03637321561016216,5,0.003177352249622345,-1.0573724935522941,2.375525662913558,2.3546527405186204
2015-12-29,developed_equity,-0.030084813432216584,-0.030084813432216584,5,0.006315335631370544,0.24112900318214112,2.3589745900003054,0.03194024383036026
2015-12-29,emerging_equity,0.020426890220337057,0.020426890220337057,5,0.0025162100791931152,-2.242238429441507,4.669521191129432,2.054691903208672
2015-12-29,korea_equity,0.017758514610486165,0.017758514610486165,5,-0.005449414253234863,-4.377403492007612,-0.15594706337303535,0.07821763398551018
2015-12-29,short_treasury,0.0052145349102679095,0.0052145349102679095,5,0.013061068952083588,2.481978480764159,2.4505766491686014,-0.47200409338860405
2015-12-29,treasury_7_10y,0.03718105053209286,0.03718105053209286,5,0.008390873670578003,0.4079657643244884,1.9665878565779011,2.358688226194218
2015-12-30,alternative,-0.0340908951338984,-0.0340908951338984,5,0.015601173043251038,2.6942817265158925,4.250193860070231,-2.169732045516162
2015-12-30,corp_bond_ig,0.041029680033970894,0.041029680033970894,5,0.0036099255084991455,-0.8698074477200455,2.9653438402422294,3.0710079689744054
2015-12-30,developed_equity,-0.009570143949375942,-0.009570143949375942,5,0.006346061825752258,0.02082717408430473,2.7752219959187,0.05526678505841849
2015-12-30,emerging_equity,0.050789697836763015,0.050789697836763015,5,0.0034869611263275146,-2.0691425356343824,4.751659376035208,2.2213925915852246
2015-12-30,korea_equity,0.05231627068871436,0.05231627068871436,5,-0.004145368933677673,-4.132853888137074,0.12446353503637211,0.791146333156573
2015-12-30,short_treasury,0.006872059485411919,0.006872059485411919,5,0.014293141663074493,2.7631207660324186,2.5382168352808208,0.08266068534311438
2015-12-30,treasury_7_10y,0.043803878484080405,0.043803878484080405,5,0.008728191256523132,0.7239439317840034,1.893573152893656,2.456056316819386
2015-12-31,alternative,-0.02091251912606573,-0.02091251912606573,5,0.014285832643508911,2.675070439517624,4.205890613128766,-1.8188508419930907
2015-12-31,corp_bond_ig,0.038066803408219885,0.038066803408219885,5,0.0031671151518821716,-0.8331604015022672,2.4391373328851116,2.6771819946389144
2015-12-31,developed_equity,0.0022989032416267374,0.0022989032416267374,5,0.007890284061431885,0.7488097540421927,2.7611031439797173,0.41076066875699613
2015-12-31,emerging_equity,0.06492700347162361,0.06492700347162361,5,0.0021322667598724365,-2.1928140570966783,4.111405680809867,2.1594673835312643
2015-12-31,korea_equity,0.0728810726803153,0.0728810726803153,5,-0.004243478178977966,-4.256969369953128,0.12852056772105055,0.4736614215695333
2015-12-31,short_treasury,0.007467961698196746,0.007467961698196746,5,0.01347319781780243,2.7107273657145208,2.242317868810989,-0.050836328513396103
2015-12-31,treasury_7_10y,0.041197142289838506,0.041197142289838506,5,0.008210167288780212,0.6069148715067134,1.5857786531121862,2.3799829655393907
2016-01-04,alternative,-0.009606148075483323,-0.009606148075483323,5,0.014784902334213257,2.5940517546391857,4.135512921076986,-2.5307149044972252
2016-01-04,corp_bond_ig,0.042738068249304595,0.042738068249304595,5,0.004626639187335968,-0.4355673421183267,2.6809406509431755,3.174845050893424
2016-01-04,developed_equity,0.011224552326359216,0.011224552326359216,5,0.010013729333877563,1.044808409373548,3.867316554741543,-0.2297177533605475
2016-01-04,emerging_equity,0.0938997312106511,0.0938997312106511,5,0.003555208444595337,-2.230822086650171,4.544431359909032,1.8119791355904962
2016-01-04,korea_equity,0.08884769165984152,0.08884769165984152,5,-0.0018337145447731018,-4.3486585080657285,1.154620132432525,1.4694141772156482
2016-01-04,short_treasury,0.006629543630887191,0.006629543630887191,5,0.01454077661037445,2.8566804748764425,2.430338138947747,0.39521046392970977
2016-01-04,treasury_7_10y,0.04055069205241435,0.04055069205241435,5,0.008556775748729706,0.7531786809663392,1.6122114161225893,2.455109244081064
2016-01-05,alternative,0.001936078822204701,0.001936078822204701,5,0.013436079025268555,2.4169326644130438,3.937788605895027,-2.0434067784152994
2016-01-05,corp_bond_ig,0.042627844217951516,0.042627844217951516,5,0.00359228253364563,-0.6753183512167884,2.346154458598542,2.724888401374696
2016-01-05,developed_equity,0.015854288874266764,0.015854288874266764,5,0.011145725846290588,0.9975765371116626,4.343563146168063,0.34036416738136177
2016-01-05,emerging_equity,0.08827286294435432,0.08827286294435432,5,0.002412647008895874,-2.4597848923503407,3.963429564485084,1.7662855124447978
2016-01-05,korea_equity,0.06855500962443717,0.06855500962443717,5,-0.0019982904195785522,-4.275293151237319,1.3536770077684848,1.3497742586809935
2016-01-05,short_treasury,0.006041247894957635,0.006041247894957635,5,0.013302117586135864,2.638659027149911,2.011277262011558,0.2714447736037341
2016-01-05,treasury_7_10y,0.0389585621186066,0.0389585621186066,5,0.006687857210636139,0.20320375579710603,1.3213619816572948,2.3346595402861228
2016-01-06,alternative,0.006862715178844736,0.006862715178844736,5,0.015192389488220215,2.5876205065652496,3.9713018623131155,-2.3015153178224397
2016-01-06,corp_bond_ig,0.03861609474313643,0.03861609474313643,5,0.0035354793071746826,-0.5555564773987127,2.4381637533260374,3.152510734573614
2016-01-06,developed_equity,0.02510017475199655,0.02510017475199655,5,0.012296020984649658,1.5336117356847607,4.875293039475013,-0.26968801560364974
2016-01-06,emerging_equity,0.09616637185799481,0.09616637185799481,5,0.004140675067901611,-2.451898458635332,4.310879906014281,1.401551751053852
2016-01-06,korea_equity,0.08251306024521421,0.08251306024521421,5,0.00013151764869689941,-3.917083195457161,1.9527584353460292,1.8556958925317562
2016-01-06,short_treasury,0.0061559918971441085,0.0061559918971441085,5,0.013368837535381317,2.6503344850508053,1.9772275891924227,0.8410067942946476
2016-01-06,treasury_7_10y,0.03394275729390506,0.03394275729390506,5,0.006705529987812042,0.27235313638865855,1.2861167934587294,2.5054649502464494
2016-01-07,alternative,0.017154435961779013,0.017154435961779013,5,0.013241380453109741,2.7671601125860037,3.5067035998780476,-3.493562552723614
2016-01-07,corp_bond_ig,0.04111740688775489,0.04111740688775489,5,0.00258481502532959,-0.5921231917560525,1.7693930223346008,2.610088273820819
2016-01-07,developed_equity,0.04481961781359933,0.04481961781359933,5,0.015532627701759338,3.875157834713368,3.247784504472425,-3.2356682523067444
2016-01-07,emerging_equity,0.10895078497019517,0.10895078497019517,5,0.0059899091720581055,-2.818803251998458,4.2523610778685645,-0.7842877958159782
2016-01-07,korea_equity,0.07937857861251363,0.07937857861251363,5,0.000991910696029663,-3.931571741556239,2.4096133912337665,1.4690301375676167
2016-01-07,short_treasury,0.0061538064268213954,0.0061538064268213954,5,0.012043431401252747,2.4460938843390276,1.6020022998762278,0.5660335110988578
2016-01-07,treasury_7_10y,0.035834598891068214,0.035834598891068214,5,0.005863621830940247,0.07599134931249885,0.984416773446732,2.486590880426891
2016-01-08,alternative,0.04196526337342332,0.04196526337342332,5,0.014182016253471375,2.8024105174668077,3.8526351398744065,-3.1419895909327638
2016-01-08,corp_bond_ig,0.039427811379324496,0.039427811379324496,5,0.0030082836747169495,-0.5902179786455296,1.8546058603245033,3.015618013766892
2016-01-08,developed_equity,0.06603917513540081,0.06603917513540081,5,0.015754207968711853,3.597397211886172,3.666981356057506,-3.404578293764312
2016-01-08,emerging_equity,0.1345306432586535,0.1345306432586535,5,0.0044860392808914185,-3.238983740309735,4.357953124914941,-0.9903050983801932
2016-01-08,korea_equity,0.10485772681102001,0.10485772681102001,5,0.0038482844829559326,-1.9687774257922979,2.7895128153185698,1.3118343759830327
2016-01-08,short_treasury,0.005085150397241112,0.005085150397241112,5,0.012940198183059692,2.3816040281967754,1.8833240453241304,0.983892808095831
2016-01-08,treasury_7_10y,0.030984597737242048,0.030984597737242048,5,0.006962418556213379,0.04607422192953675,1.430217432176955,2.767360285592374
2016-01-11,alternative,0.029866133588578814,0.029866133588578814,5,0.013527721166610718,2.787920523369557,3.4655280221927454,-3.5656691121667423
2016-01-11,corp_bond_ig,0.04559382923709321,0.04559382923709321,5,0.001910679042339325,-0.5887979747690975,1.194344461382921,2.333883650837283
2016-01-11,developed_equity,0.049607046828565204,0.049607046828565204,5,0.015668220818042755,3.52896284050825,3.7780758980163203,-4.340549583684109
2016-01-11,emerging_equity,0.11220343638274621,0.11220343638274621,5,0.005026906728744507,-2.946376090258325,4.209317746507154,-1.3015269079341407
2016-01-11,korea_equity,0.07576723451967582,0.07576723451967582,5,0.003972917795181274,-1.8636883282046934,2.74652043214679,1.5199814380603145
2016-01-11,short_treasury,0.0053198320973935065,0.0053198320973935065,5,0.01211579144001007,2.192361414069699,1.7109780605009388,0.44746737742550674
2016-01-11,treasury_7_10y,0.039603065758082145,0.039603065758082145,5,0.007347188889980316,-0.044944084737155304,1.8096968537000533,3.005601419305393
2016-01-12,alternative,0.03600823158321398,0.03600823158321398,5,0.013677224516868591,2.8168246439354725,3.4479986436703083,-3.521314761530678
2016-01-12,corp_bond_ig,0.04086265917276655,0.04086265917276655,5,0.0019389986991882324,-0.6624789039570611,1.3340353617633978,3.093668846568308
2016-01-12,developed_equity,0.056219335747126786,0.056219335747126786,5,0.015352204442024231,3.342385646186559,3.7943477017151643,-3.6405722735645547
2016-01-12,emerging_equity,0.1292287439508948,0.1292287439508948,5,0.005404159426689148,-2.965375325701332,4.383589635826162,-0.9321547931757335
2016-01-12,korea_equity,0.09212481630989955,0.09212481630989955,5,0.004643373191356659,-1.50319708846694,3.2194448370985116,1.8762345606208053
2016-01-12,short_treasury,0.005200974578514206,0.005200974578514206,5,0.01240837574005127,2.20664620723275,1.8611953951856843,0.7935000540795393
2016-01-12,treasury_7_10y,0.03336752540316734,0.03336752540316734,5,0.008652165532112122,0.9829096754586603,1.7434308194044585,3.1954317329594417
2016-01-13,alternative,0.06092440375718855,0.06092440375718855,5,0.01223776489496231,2.5575293156381242,3.1170385344979077,-3.867928661682
2016-01-13,corp_bond_ig,0.037604455067095754,0.037604455067095754,5,0.0001571550965309143,-1.1256183664998483,0.763149575156056,2.5081230172854605
2016-01-13,developed_equity,0.07416682349841586,0.07416682349841586,5,0.016377806663513184,3.61450325004155,3.7111294535043884,-4.076190207108893
2016-01-13,emerging_equity,0.1558974828475561,0.1558974828475561,5,0.0049129873514175415,-2.995864166629628,4.34647572500557,-0.839286716530094
2016-01-13,korea_equity,0.10621544757531654,0.10621544757531654,5,0.0040432363748550415,-1.8137072539395986,3.109616211970283,1.9040493318364262
2016-01-13,short_treasury,0.0044890401248463,0.0044890401248463,5,0.011627286672592163,2.213829676382997,1.430350627989011,0.8541244823629672
2016-01-13,treasury_7_10y,0.029152348123091754,0.029152348123091754,5,0.008013375103473663,0.7679216914393049,1.4951029902648683,3.0682937584701313
2016-01-14,alternative,0.06763787828519474,0.06763787828519474,5,0.012443646788597107,2.7870047276929477,2.9503952360160857,-3.9933836733282866
2016-01-14,corp_bond_ig,0.038666834859078625,0.038666834859078625,5,0.0004886165261268616,-1.33776101323716,0.9311242550240548,3.0187840030881725
2016-01-14,developed_equity,0.06767151265837712,0.06767151265837712,5,0.015776991844177246,3.7060717122197953,3.487670456191881,-3.9529533425581382
2016-01-14,emerging_equity,0.15862311182618627,0.15862311182618627,5,0.0045540183782577515,-3.10676541988073,4.208980164962955,-0.9688348295791142
2016-01-14,korea_equity,0.10465355296585277,0.10465355296585277,5,0.0027780085802078247,-1.8253002734855739,2.9746142217399028,2.003978158937136
2016-01-14,short_treasury,0.004015636880099205,0.004015636880099205,5,0.010633215308189392,2.0410616129695067,1.4273746883228657,0.897398277429606
2016-01-14,treasury_7_10y,0.027165372186913617,0.027165372186913617,5,0.008276626467704773,0.9484616564313928,1.4899147712368845,3.018676684035416
2016-01-15,alternative,0.11550805402949527,0.11550805402949527,5,0.011159747838973999,2.4118116672770733,2.4991623956098703,-4.352815078269978
2016-01-15,corp_bond_ig,0.043805852696136016,0.043805852696136016,5,-0.0010082870721817017,-1.5745778922573082,0.46377749482147784,2.4873674633592575
2016-01-15,developed_equity,0.11963779406246666,0.11963779406246666,5,0.016564689576625824,3.5942250554886916,3.35923763823046,-5.16125401796094
2016-01-15,emerging_equity,0.22768797437424082,0.22768797437424082,5,0.004789486527442932,-2.9770323644751477,4.000511752600728,-1.4752764053767207
2016-01-15,korea_equity,0.16641018719521306,0.16641018719521306,5,0.004417814314365387,-1.1651153562113186,3.525409212661389,0.7836038445740277
2016-01-15,short_treasury,0.0027142242474840206,0.0027142242474840206,5,0.01141783595085144,2.169069332780082,1.3499133061203363,1.160110518655002
2016-01-15,treasury_7_10y,0.02315029215162845,0.02315029215162845,5,0.007261171936988831,0.9162814620561485,0.9862816788159343,3.047399682364368
2016-01-19,alternative,0.11827956989247301,0.11827956989247301,5,0.01113840937614441,2.5978811747772057,2.357029928366359,-4.297374086172041
2016-01-19,corp_bond_ig,0.0477866798946216,0.0477866798946216,5,-0.0009176284074783325,-1.624064090731651,0.5489981635294442,2.660035406971372
2016-01-19,developed_equity,0.11355026020308023,0.11355026020308023,5,0.01692482829093933,3.368475106533271,3.542764694738209,-4.816456476316882
2016-01-19,emerging_equity,0.20394741925749837,0.20394741925749837,5,0.004951104521751404,-3.1945134948524125,4.355072410236868,-1.2229089975569805
2016-01-19,korea_equity,0.13143829003732166,0.13143829003732166,5,0.003964409232139587,-1.2136645810753433,3.6824518265830877,1.2577644473082557
2016-01-19,short_treasury,0.002832501525563691,0.002832501525563691,5,0.011696681380271912,2.292426727977657,1.4950694886809668,1.3337439634628312
2016-01-19,treasury_7_10y,0.022067732188087108,0.022067732188087108,5,0.008027486503124237,1.0672025521169912,1.1357023610132881,2.8052445549673894
2016-01-20,alternative,0.1353711979523904,0.1353711979523904,5,0.010819509625434875,2.340030066118518,2.3598162052259624,-4.2452284383753165
2016-01-20,corp_bond_ig,0.05061506460783005,0.05061506460783005,5,-0.0012900233268737793,-1.6141829547352848,0.3784793964877583,2.514106379334081
2016-01-20,developed_equity,0.12481995563377168,0.12481995563377168,5,0.0171537846326828,3.3075095257004867,3.604869959709033,-5.25895851052995
2016-01-20,emerging_equity,0.22371680335660948,0.22371680335660948,5,0.0033997371792793274,-3.4982077060163697,3.888076134588485,-1.6790774219324844
2016-01-20,korea_equity,0.16475520943016053,0.16475520943016053,5,0.0037140920758247375,-1.3080959732953656,3.3622180174863634,0.3794355305494501
2016-01-20,short_treasury,0.002830497242341412,0.002830497242341412,5,0.01169613003730774,2.1006942089267837,1.54159606425533,1.3076566701299621
2016-01-20,treasury_7_10y,0.02011441557872029,0.02011441557872029,5,0.0036629289388656616,0.31594810377862714,-0.17617023086537842,2.543667817595235
2016-01-21,alternative,0.13557484179763102,0.13557484179763102,5,0.012028202414512634,2.5029585542866797,2.703527460782981,-4.465621484093596
2016-01-21,corp_bond_ig,0.054816261159678525,0.054816261159678525,5,-0.0014782547950744629,-1.70800602802817,0.436924644429,2.6835433886163607
2016-01-21,developed_equity,0.12822961727270554,0.12822961727270554,5,0.016038715839385986,3.187487438923254,3.476758239136606,-4.947069685499734
2016-01-21,emerging_equity,0.22461208726348492,0.22461208726348492,5,0.0035251379013061523,-3.749874555121651,3.9483898979585472,-1.3661776246442505
2016-01-21,korea_equity,0.15799778456997737,0.15799778456997737,5,0.002265162765979767,-1.549172249237387,3.063638138512894,0.6964837731792275
2016-01-21,short_treasury,0.0028308311774609685,0.0028308311774609685,5,0.011478886008262634,2.0016289632233666,1.5731858292431529,1.6975205915422167
2016-01-21,treasury_7_10y,0.02164458722301199,0.02164458722301199,5,0.0027928128838539124,0.11878207410236108,-0.4868988327560909,2.519453011938925
2016-01-22,alternative,0.12025309630275349,0.12025309630275349,5,0.010736539959907532,2.1534119912534115,2.451454404111045,-4.4002311489379675
2016-01-22,corp_bond_ig,0.05610359957035094,0.05610359957035094,5,-0.0017556622624397278,-2.036893080725705,0.4846628003146555,2.6566980413144057
2016-01-22,developed_equity,0.1135691017021192,0.1135691017021192,5,0.016453877091407776,3.201788915841355,3.7793429816929325,-5.235460091580263
2016-01-22,emerging_equity,0.20218201204406472,0.20218201204406472,5,0.003706119954586029,-3.6368418427366596,4.08072173841847,-1.434896041102449
2016-01-22,korea_equity,0.14158919708683526,0.14158919708683526,5,0.002019822597503662,-1.6823018545565753,3.0778967445809515,0.4239812323735182
2016-01-22,short_treasury,0.002831833200820366,0.002831833200820366,5,0.011220157146453857,2.1963778607462285,1.3721064966095515,1.8027332649280974
2016-01-22,treasury_7_10y,0.022248946281411053,0.022248946281411053,5,0.003104493021965027,0.0375788634846613,-0.48419754566346984,2.5228430902915946
2016-01-25,alternative,0.13383297425896235,0.13383297425896235,5,0.011617839336395264,2.432432813604324,2.782620968467781,-4.647178534847094
2016-01-25,corp_bond_ig,0.054311442087432216,0.054311442087432216,5,0.001399993896484375,-1.6160052440442958,1.5828291489094015,2.5678009570139166
2016-01-25,developed_equity,0.13383956979918432,0.13383956979918432,5,0.015977591276168823,3.32953516270888,3.429607721542144,-4.99878020154081
2016-01-25,emerging_equity,0.21748174009738408,0.21748174009738408,5,0.002980954945087433,-3.691354800744699,3.590341761562513,-1.296785013911937
2016-01-25,korea_equity,0.15145671912175018,0.15145671912175018,5,0.001962915062904358,-1.4539906724085327,2.6218507997146565,0.7124412623283094
2016-01-25,short_treasury,0.0021238974062038896,0.0021238974062038896,5,0.012189120054244995,2.15595378875376,1.8741948496199916,1.8206407012815444
2016-01-25,treasury_7_10y,0.013674542009004309,0.013674542009004309,5,0.001199863851070404,-0.0869233658011089,-1.1218751221031842,2.5353372836884427
2016-01-26,alternative,0.10410096408753278,0.10410096408753278,5,0.009979426860809326,1.8639343824793582,2.558286361164909,-4.324694828860213
2016-01-26,corp_bond_ig,0.05090558312179905,0.05090558312179905,5,0.004683971405029297,-2.5009235833961214,3.7204719309513012,1.0287399545334006
2016-01-26,developed_equity,0.10506687163501471,0.10506687163501471,5,0.01658085733652115,3.3509921284143753,3.601899414005991,-5.149895369961349
2016-01-26,emerging_equity,0.18803418803418803,0.18803418803418803,5,0.001772463321685791,-3.9300539264861,3.633372939276097,-1.1288389762421376
2016-01-26,korea_equity,0.13433790268554846,0.13433790268554846,5,0.0016041696071624756,-1.6180159239439733,2.6098647216525674,0.3984701363102289
2016-01-26,short_treasury,0.0014152936111131442,0.0014152936111131442,5,0.012761622667312622,2.2425798948582325,1.7899494733372883,0.4420926127734215
2016-01-26,treasury_7_10y,0.011263976070566395,0.011263976070566395,5,0.001159965991973877,-0.08706615480794883,-1.299288239879776,2.2214692328936403
2016-01-27,alternative,0.11876984714512595,0.11876984714512595,5,0.010932326316833496,2.414131574620575,2.678693304617149,-4.5450160465418445
2016-01-27,corp_bond_ig,0.05492377096158152,0.05492377096158152,5,0.006457313895225525,-2.372088807540571,4.057659308227272,0.7707411388417219
2016-01-27,developed_equity,0.11896552105566416,0.11896552105566416,5,0.01587165892124176,3.4229723366558047,3.542680632964885,-4.587195954280973
2016-01-27,emerging_equity,0.18490570729101186,0.18490570729101186,5,0.0010046660900115967,-3.9517239641767383,3.484202116867158,-0.8807867340290088
2016-01-27,korea_equity,0.13063931046717192,0.13063931046717192,5,0.0006412416696548462,-1.607629630061041,2.25307032925825,0.7458300481204517
2016-01-27,short_treasury,0.0011791782383501204,0.0011791782383501204,5,0.012491099536418915,2.3612341652849307,1.656930029623849,0.6309588830315956
2016-01-27,treasury_7_10y,0.009410501690235717,0.009410501690235717,5,0.0010792836546897888,0.14246167169023677,-1.491077180768628,2.312510098450408
2016-01-28,alternative,0.10982050539624622,0.10982050539624622,5,0.01058293879032135,2.2965057156562105,2.4771908443461212,-4.143672147556656
2016-01-28,corp_bond_ig,0.051250438710349844,0.051250438710349844,5,0.006114453077316284,-2.151180200565563,3.765745396966592,1.0269842169915182
2016-01-28,developed_equity,0.10738250797859394,0.10738250797859394,5,0.01636616885662079,3.5187412237958706,3.6271516108734785,-4.6573372446527905
2016-01-28,emerging_equity,0.15906784827373688,0.15906784827373688,5,0.0018707364797592163,-3.6128834259309137,3.5317813715149233,-1.1240829628463227
2016-01-28,korea_equity,0.11555553617931547,0.11555553617931547,5,0.0014164894819259644,-1.500649063558715,2.534951237795382,0.47019756097338583
2016-01-28,short_treasury,0.0009433066072124241,0.0009433066072124241,5,0.013388052582740784,2.9211012326275423,1.4888496627210757,0.8454844505713833
2016-01-28,treasury_7_10y,0.007002691834319341,0.007002691834319341,5,0.001408308744430542,0.1616165397139118,-1.4293713888304194,2.345142055432769
2016-01-29,alternative,0.09875260188533286,0.09875260188533286,5,0.010996222496032715,2.673272989617297,2.4578832581562184,-4.4701218389034
2016-01-29,corp_bond_ig,0.04537888949569058,0.04537888949569058,5,0.006921164691448212,-2.0200150657051137,3.6878936021907798,1.0402653547929506
2016-01-29,developed_equity,0.0878347053985411,0.0878347053985411,5,0.014832034707069397,3.3884466849186174,3.2655213605608426,-4.588210944042639
2016-01-29,emerging_equity,0.13477261933314044,0.13477261933314044,5,0.0007400736212730408,-3.8749750326695054,3.2219567199820647,-0.9218599119153003
2016-01-29,korea_equity,0.11269369636081561,0.11269369636081561,5,0.0011409670114517212,-1.4825962831183672,2.1299507745014985,0.8440867996367387
2016-01-29,short_treasury,-0.00047109779533782703,-0.00047109779533782703,5,0.010795563459396362,0.6844786590426921,2.356848249034674,1.5500695212723008
2016-01-29,treasury_7_10y,-0.00045828110602219585,-0.00045828110602219585,5,-2.152472734451294e-05,0.16334379870314975,-1.9916209214276026,1.5248174068149425
2016-02-01,alternative,0.09513965737311203,0.09513965737311203,5,0.010133713483810425,2.381483316698084,1.9404984142414397,-4.344733405620047
2016-02-01,corp_bond_ig,0.058527982091332253,0.058527982091332253,5,0.00628700852394104,-1.8773187297557736,3.6249494188096674,0.8029898255169559
2016-02-01,developed_equity,0.08992196525924423,0.08992196525924423,5,0.015780262649059296,3.4347570183726246,3.3660933475540995,-4.39774496119506
2016-02-01,emerging_equity,0.15257598198374467,0.15257598198374467,5,0.0010853558778762817,-3.950103830899526,3.167537984090405,-0.6147382628145451
2016-02-01,korea_equity,0.11678213583943697,0.11678213583943697,5,0.0009561032056808472,-2.022197708218282,2.1662060231425984,-0.37426364413407726
2016-02-01,short_treasury,0.0012968711476932793,0.0012968711476932793,5,0.010900676250457764,0.6529349087710827,2.2952957726357166,1.417678795177508
2016-02-01,treasury_7_10y,0.008831708747188749,0.008831708747188749,5,0.00020662695169448853,-0.06132857435893602,-1.6058533152318673,1.324892191617243
2016-02-02,alternative,0.10615711596566668,0.10615711596566668,5,0.009949222207069397,2.4926537216261124,1.8320609341351297,-4.910700662105583
2016-02-02,corp_bond_ig,0.05753997074973749,0.05753997074973749,5,0.00652109831571579,-1.8799079673913859,3.2921823493978453,0.8170087020501202
2016-02-02,developed_equity,0.10181131402022747,0.10181131402022747,5,0.01577170193195343,3.9341870426614283,3.079349167363497,-4.324229970218279
2016-02-02,emerging_equity,0.17883965238602806,0.17883965238602806,5,0.0015363842248916626,-3.816701416713324,3.261598714940809,-1.265906947610274
2016-02-02,korea_equity,0.14245569372449274,0.14245569372449274,5,0.0013972371816635132,-1.9298585285416878,2.1645709606242365,-0.32944289270779903
2016-02-02,short_treasury,0.0005887560529629354,0.0005887560529629354,5,0.009693324565887451,0.5592102390142419,2.175961994342776,1.7164189100004565
2016-02-02,treasury_7_10y,0.005206903155824838,0.005206903155824838,5,-0.0006348490715026855,-0.23589681580060434,-1.9836251055031215,1.2977069162852266
2016-02-03,alternative,0.09714894270445384,0.09714894270445384,5,0.010081276297569275,2.1241209307088895,2.0660099487278574,-4.734038994806128
2016-02-03,corp_bond_ig,0.06129833079906177,0.06129833079906177,5,0.0056158751249313354,-2.1304112772644084,3.4317597155598607,0.674396278654241
2016-02-03,developed_equity,0.08714533931996526,0.08714533931996526,5,0.016211912035942078,3.886498505216224,3.1703958312353073,-4.365152965377657
2016-02-03,emerging_equity,0.14138733314101581,0.14138733314101581,5,0.0013762786984443665,-4.338181254117604,3.176556622196782,-2.1927632039246507
2016-02-03,korea_equity,0.1062883867545763,0.1062883867545763,5,0.004349365830421448,-2.16783532478619,2.833639384162797,-2.10539834439566
2016-02-03,short_treasury,0.0007063589187041863,0.0007063589187041863,5,0.00760246068239212,0.16333694172272756,1.1917774253838578,2.334847258222875
2016-02-03,treasury_7_10y,0.005944229857787642,0.005944229857787642,5,-0.002190232276916504,0.18818621336331215,-2.631989068591052,0.7850907140707849
2016-02-04,alternative,0.09884334044902077,0.09884334044902077,5,0.00987696647644043,2.232681219901188,1.8828782181264057,-4.8522038163926196
2016-02-04,corp_bond_ig,0.056598767095765945,0.056598767095765945,5,0.006119772791862488,-1.939186329263435,3.3078401399242097,0.9782368364718133
2016-02-04,developed_equity,0.10037180300467696,0.10037180300467696,5,0.015401110053062439,3.8956257629956377,2.859213836564513,-4.015264486987862
2016-02-04,emerging_equity,0.12977597323781365,0.12977597323781365,5,0.0012508705258369446,-4.237724159922769,3.08503077353834,-2.1310464704631435
2016-02-04,korea_equity,0.09245794024898646,0.09245794024898646,5,0.005598247051239014,-1.937930485522277,3.153440591603568,-2.1006674249353976
2016-02-04,short_treasury,-0.00047076515184985013,-0.00047076515184985013,5,0.00735810399055481,0.2563571500653368,1.3175682376571476,2.1865268804303764
2016-02-04,treasury_7_10y,-0.0008211291559527822,-0.0008211291559527822,5,-0.00205790251493454,-0.011595977399646575,-2.7057413679398983,0.8524453420903632
2016-02-05,alternative,0.08907734490606445,0.08907734490606445,5,0.008971162140369415,1.9069040194853402,1.72392850646571,-4.663535541522996
2016-02-05,corp_bond_ig,0.05863674880301728,0.05863674880301728,5,0.005603998899459839,-1.926264595274272,3.3878243823070733,0.9521267143769655
2016-02-05,developed_equity,0.10640987783754241,0.10640987783754241,5,0.015526339411735535,3.56016297812784,2.9148676439539942,-3.9265374674714204
2016-02-05,emerging_equity,0.11062984261418474,0.11062984261418474,5,0.0017218738794326782,-4.539176510338852,3.2842930466999736,-1.8505598915638117
2016-02-05,korea_equity,0.08350856814369956,0.08350856814369956,5,0.0053134486079216,-2.300625586713358,3.1185476444400217,-2.2814957149004726
2016-02-05,short_treasury,0.0008240105631418526,0.0008240105631418526,5,0.007380984723567963,0.25304782452331054,1.0336177675141158,2.5244876541394867
2016-02-05,treasury_7_10y,0.0038268625872011075,0.0038268625872011075,5,-0.003832601010799408,-0.022561376642817547,-3.51952771374932,0.3694571622049232
2016-02-08,alternative,0.1313465974205068,0.1313465974205068,5,0.009633272886276245,1.8981336421206352,1.8605515234953578,-4.523591946383113
2016-02-08,corp_bond_ig,0.05140351412589084,0.05140351412589084,5,0.005586519837379456,-1.753501359199631,2.7172612187844836,0.9192782778900782
2016-02-08,developed_equity,0.10975808853655056,0.10975808853655056,5,0.015482380986213684,3.771668841105634,2.829932783125929,-3.8389404208780804
2016-02-08,emerging_equity,0.10777028692386881,0.10777028692386881,5,0.0007991194725036621,-4.404967575014703,3.087070614680017,-1.5344298741059317
2016-02-08,korea_equity,0.07053594356348802,0.07053594356348802,5,0.005517110228538513,-1.9020341813901693,3.156770969935807,-1.6843849370609343
2016-02-08,short_treasury,-0.0004703223291244729,-0.0004703223291244729,5,0.0043602436780929565,0.10774282690940462,0.21223719752054263,2.373534346948134
2016-02-08,treasury_7_10y,-0.0018087813040984502,-0.0018087813040984502,5,-0.00546497106552124,-0.5957864747141501,-4.1740438124522825,0.3066428456753986
2016-02-09,alternative,0.1494382365366047,0.1494382365366047,5,0.00940115749835968,1.608258782404581,2.0010890600574633,-4.451110710219106
2016-02-09,corp_bond_ig,0.05712523394862301,0.05712523394862301,5,0.005775533616542816,-1.6077698708371828,2.9243690618208236,1.0272752892148684
2016-02-09,developed_equity,0.12166316600363603,0.12166316600363603,5,0.015355616807937622,3.486045254197873,2.68697337237521,-3.805352335511359
2016-02-09,emerging_equity,0.12298726206087607,0.12298726206087607,5,0.002170369029045105,-4.388352089173955,3.3333726690461405,-1.470531145754063
2016-02-09,korea_equity,0.07942622901283536,0.07942622901283536,5,0.005823254585266113,-1.9667082401350287,3.1704317171303478,-1.869610341707481
2016-02-09,short_treasury,0.0002352890290613363,0.0002352890290613363,5,0.0032945722341537476,0.044887422521454556,-0.2073099220012506,2.2055676661328665
2016-02-09,treasury_7_10y,0.0007234092929189195,0.0007234092929189195,5,-0.006441205739974976,-0.826087371390541,-4.409887435111599,-0.23883029047128312
2016-02-10,alternative,0.14285717934978304,0.14285717934978304,5,0.009214937686920166,1.4945569226916562,1.9678782144329705,-4.429593451003831
2016-02-10,corp_bond_ig,0.053538429344093474,0.053538429344093474,5,0.006247922778129578,-1.5227806828715695,2.92257889237073,1.2743320364328363
2016-02-10,developed_equity,0.11926310505378956,0.11926310505378956,5,0.015383556485176086,3.7665608538504465,2.7853996672543144,-3.1873712053394847
2016-02-10,emerging_equity,0.1200956134169322,0.1200956134169322,5,0.0015478283166885376,-4.18587509724466,3.3321010195595258,-1.2643518320309983
2016-02-10,korea_equity,0.07520244348677019,0.07520244348677019,5,0.005654647946357727,-1.792099708465776,3.0660152711539577,-1.3751968477696634
2016-02-10,short_treasury,0.0,0.0,5,0.003237426280975342,0.3340728526252117,-0.11226448948526146,1.8897032436403796
2016-02-10,treasury_7_10y,-0.004597858954695999,-0.004597858954695999,5,-0.005950674414634705,-0.9707051866455129,-4.265009995357879,-0.2858976710715706
2016-02-11,alternative,0.16419614625958712,0.16419614625958712,5,0.009573683142662048,1.4994496308661416,2.3885792180544567,-3.883047608528055
2016-02-11,corp_bond_ig,0.048979270146418674,0.048979270146418674,5,0.0060567110776901245,-1.4993225634309415,2.913221322433674,1.3779864892795444
2016-02-11,developed_equity,0.13688332385370905,0.13688332385370905,5,0.015240803360939026,3.558316742847414,2.7687402307335827,-3.0641187391434888
2016-02-11,emerging_equity,0.12456628003478487,0.12456628003478487,5,0.0023563802242279053,-4.173577303395131,3.5080841358486183,-0.9689463653611627
2016-02-11,korea_equity,0.09043477929156762,0.09043477929156762,5,0.005065418779850006,-2.2623245882341343,3.158828507215733,-1.3831947732795549
2016-02-11,short_treasury,-0.00047004601932520984,-0.00047004601932520984,5,-0.0010393410921096802,-0.41355306695020366,-1.531719758913926,1.8220344932282384
2016-02-11,treasury_7_10y,-0.007269115645475832,-0.007269115645475832,5,-0.00699017196893692,-1.00140985760736,-4.520679126109674,-0.11881583025983725
2016-02-12,alternative,0.14922041693875032,0.14922041693875032,5,0.010007806122303009,1.843374193653393,2.1450037126085695,-3.956492643999203
2016-02-12,corp_bond_ig,0.056656977938216446,0.056656977938216446,5,0.006315402686595917,-1.4554383889992062,2.615801187420286,1.3808567283116178
2016-02-12,developed_equity,0.13246417834780821,0.13246417834780821,5,0.014701999723911285,3.5948234706336906,2.507330480182723,-2.750683170823156
2016-02-12,emerging_equity,0.12653475863192365,0.12653475863192365,5,0.0012876465916633606,-4.085237493674823,3.2834438218517965,-0.5871858128539433
2016-02-12,korea_equity,0.09748221778136501,0.09748221778136501,5,0.00558973103761673,-1.8201504807336484,3.159479563904431,-0.8189869959554927
2016-02-12,short_treasury,0.0009411980124081065,0.0009411980124081065,5,-0.0004104524850845337,-0.127951168514706,-1.3085838664947231,1.3370874306209233
2016-02-12,treasury_7_10y,0.00018083417195979834,0.00018083417195979834,5,-0.006615698337554932,-0.8682329158268999,-4.520630432142408,-0.3740770363672884
2016-02-16,alternative,0.11605211422776218,0.11605211422776218,5,0.010220050811767578,1.6442131839524108,2.2250442004524054,-3.4639209462309646
2016-02-16,corp_bond_ig,0.0628597281571337,0.0628597281571337,5,0.00622297078371048,-1.3572915847070828,2.8857089100226307,1.1692710311636418
2016-02-16,developed_equity,0.09727688373873722,0.09727688373873722,5,0.015550084412097931,3.564250659820105,2.6248823200792604,-2.6955218438007296
2016-02-16,emerging_equity,0.09943281674541415,0.09943281674541415,5,0.0025631263852119446,-4.080453006114876,3.4349716126732774,-0.5841427180980984
2016-02-16,korea_equity,0.08392048551816189,0.08392048551816189,5,0.005350567400455475,-2.1094663716496576,3.0123468701304232,-0.9550294932110154
2016-02-16,short_treasury,0.0011772349277017202,0.0011772349277017202,5,-0.000559881329536438,-0.17626599271186594,-1.7921535440651672,1.6097051132568059
2016-02-16,treasury_7_10y,0.004716522839604664,0.004716522839604664,5,-0.00693918764591217,-0.8352237446940847,-4.569085345492187,-0.45548442200084105
2016-02-17,alternative,0.0943795716697855,0.0943795716697855,5,0.011384204030036926,1.7843586450509499,2.5814010150028026,-3.2896739862230753
2016-02-17,corp_bond_ig,0.06092813491299354,0.06092813491299354,5,0.007115542888641357,-1.5572538381133907,3.683353022529068,1.3569867719239654
2016-02-17,developed_equity,0.0829201237116084,0.0829201237116084,5,0.015075698494911194,3.501106001135119,2.5374098156877665,-2.113850344311791
2016-02-17,emerging_equity,0.07526181886790995,0.07526181886790995,5,0.0020320117473602295,-3.933455918152802,3.396701067005518,-0.2760659238157424
2016-02-17,korea_equity,0.0675390605909656,0.0675390605909656,5,0.00518462061882019,-1.7595903001204303,2.706590238321761,-0.7179166885457788
2016-02-17,short_treasury,0.00035305141656949424,0.00035305141656949424,5,-0.0007447600364685059,0.009928471912231172,-1.6464970815705298,1.283278996518446
2016-02-17,treasury_7_10y,0.004455335959385964,0.004455335959385964,5,-0.006361782550811768,-1.0059966663942401,-4.39134866629251,-0.41768557979252297
2016-02-18,alternative,0.07838984540535487,0.07838984540535487,5,0.011550940573215485,1.5108220990812702,2.663506879594351,-2.7987964880654883
2016-02-18,corp_bond_ig,0.05428672262807188,0.05428672262807188,5,0.006606057286262512,-1.505884867842563,3.235754086939149,1.6324271699212358
2016-02-18,developed_equity,0.07022164981068424,0.07022164981068424,5,0.0146537646651268,3.459383675703793,2.4234299040498866,-2.2709117153783653
2016-02-18,emerging_equity,0.06221202597786313,0.06221202597786313,5,0.002651304006576538,-4.112259836645421,3.6024688885427016,-0.2893646108140988
2016-02-18,korea_equity,0.05781956391994614,0.05781956391994614,5,0.004556417465209961,-2.2322010836302777,2.8224277195440273,-0.7675380478906975
2016-02-18,short_treasury,-0.0003527608063724763,-0.0003527608063724763,5,-0.00027324259281158447,-0.03755215599374706,-1.875743429426058,1.4747237587371649
2016-02-18,treasury_7_10y,0.0036202510056349,0.0036202510056349,5,-0.005222804844379425,-0.7501192525221605,-4.026258255376172,0.01412572837978826
2016-02-19,alternative,0.09148934546937326,0.09148934546937326,5,0.012198835611343384,1.761926339804881,2.530831257638814,-2.7647551208303303
2016-02-19,corp_bond_ig,0.05151195939091191,0.05151195939091191,5,0.006547555327415466,-1.574689743447076,3.0465965595044926,1.5409763268223222
2016-02-19,developed_equity,0.0904991434577731,0.0904991434577731,5,0.01484670490026474,3.577966413417911,2.2436392483061587,-2.0316051463319007
2016-02-19,emerging_equity,0.08002645815511067,0.08002645815511067,5,0.002568773925304413,-4.089136936572083,3.554099865799384,-0.3474192836325841
2016-02-19,korea_equity,0.07141320909457183,0.07141320909457183,5,0.004679135978221893,-2.1521627337003157,2.800354404986659,-0.2564952315208323
2016-02-19,short_treasury,0.00011772759343520178,0.00011772759343520178,5,-1.1816620826721191e-05,0.26015102443176447,-1.827074221786866,1.0634596561175111
2016-02-19,treasury_7_10y,0.0,0.0,5,-0.005712643265724182,-0.8556431826849693,-4.272151001092011,-0.23051608429962175
2016-02-22,alternative,0.08122359388573264,0.08122359388573264,5,0.012026302516460419,1.78837559502601,2.3383622112110873,-2.328728455765088
2016-02-22,corp_bond_ig,0.049039425142948234,0.049039425142948234,5,0.005731202661991119,-1.5409554198238131,2.7375662214264826,1.8694569029220136
2016-02-22,developed_equity,0.06460539625027173,0.06460539625027173,5,0.014705024659633636,3.4954113471299455,2.1684258878552956,-1.8657113406990298
2016-02-22,emerging_equity,0.049048033612173025,0.049048033612173025,5,0.004272252321243286,-3.8761251637608143,3.9267193442063535,-0.2289882959285759
2016-02-22,korea_equity,0.042848159827240107,0.042848159827240107,5,0.00428655743598938,-2.263247474548619,2.63059822310555,-0.37963066099531373
2016-02-22,short_treasury,-0.0003530514165693832,-0.0003530514165693832,5,-0.00016550719738006592,-0.1412510187064267,-2.1650322970267926,1.3251576358741917
2016-02-22,treasury_7_10y,-0.0003623927932838722,-0.0003623927932838722,5,-0.0065159872174263,-0.8265732892522043,-4.401614319972369,-0.3263295766754791
2016-02-23,alternative,0.09829064879932004,0.09829064879932004,5,0.012542001903057098,1.903442196127607,2.5018668869486462,-2.333364378186645
2016-02-23,corp_bond_ig,0.037996815719732124,0.037996815719732124,5,0.0057473331689834595,-1.5348316267589703,2.928393717061306,1.950582475653951
2016-02-23,developed_equity,0.08105996608814481,0.08105996608814481,5,0.01500500738620758,3.6053908791330485,2.0681590668240073,-1.4175778569680713
2016-02-23,emerging_equity,0.06132537776728286,0.06132537776728286,5,0.003716103732585907,-4.0002965532850805,3.6066389493387403,0.03107589731236482
2016-02-23,korea_equity,0.04336677461528882,0.04336677461528882,5,0.004665076732635498,-1.8306731375502574,2.5789917894837684,-0.06975195418936209
2016-02-23,short_treasury,-0.002235848833850973,-0.002235848833850973,5,-0.0008168593049049377,-0.09958708668818878,-2.0444361061765193,0.998353069023261
2016-02-23,treasury_7_10y,-0.010397843957909103,-0.010397843957909103,5,-0.005515754222869873,-0.8940362558331081,-4.2328144700952794,-0.4308191126663784
2016-02-24,alternative,0.09188032707606131,0.09188032707606131,5,0.0125206857919693,1.7426880509209417,2.580827402820878,-2.13041869386205
2016-02-24,corp_bond_ig,0.039447165526161454,0.039447165526161454,5,0.005861684679985046,-1.351587012682826,2.690871112247516,2.428346139375594
2016-02-24,developed_equity,0.07368253892200793,0.07368253892200793,5,0.015254884958267212,3.7428743003611564,2.021119881720118,-1.5044553347221852
2016-02-24,emerging_equity,0.05386646227486924,0.05386646227486924,5,0.002302899956703186,-4.549838155852727,3.162670512367801,-0.4430198336061064
2016-02-24,korea_equity,0.04268032381455389,0.04268032381455389,5,0.004407413303852081,-2.005979229148744,2.602467307811339,-0.08107950398997177
2016-02-24,short_treasury,-0.0022353228400735503,-0.0022353228400735503,5,-0.0005381256341934204,-0.1730925166768739,-2.223502809700419,0.8252760028969587
2016-02-24,treasury_7_10y,-0.009403263380430071,-0.009403263380430071,5,-0.00503898411989212,-0.678466911407136,-4.164795688415313,-0.5123773995392371
2016-02-25,alternative,0.08686437304764483,0.08686437304764483,5,0.013409219682216644,2.085634643770602,2.604739486141696,-2.2497159689149218
2016-02-25,corp_bond_ig,0.034356761818759685,0.034356761818759685,5,0.006288483738899231,-1.4203465309969479,2.8626745949364985,2.271369100505
2016-02-25,developed_equity,0.06648245069329328,0.06648245069329328,5,0.015506349503993988,3.7870052350084604,1.7839099412056734,-1.445573549590429
2016-02-25,emerging_equity,0.06093538988567482,0.06093538988567482,5,0.0005910620093345642,-4.670389184681688,2.9332920766875654,-0.21949426742194728
2016-02-25,korea_equity,0.043598452086405004,0.043598452086405004,5,0.005129411816596985,-1.7050604496150032,2.5211530883498994,0.7257453173246947
2016-02-25,short_treasury,-0.0021171525791922052,-0.0021171525791922052,5,-0.00014644861221313477,0.14298234396279885,-2.1015307104290426,0.4618355828420491
2016-02-25,treasury_7_10y,-0.011719129614905177,-0.011719129614905177,5,-0.0053606778383255005,-0.8204916355521835,-4.1472618845671665,-0.7175593642395395
2016-02-26,alternative,0.08315791079872525,0.08315791079872525,5,0.01360148936510086,2.1126345512635223,2.55118401486783,-1.8834544988143709
2016-02-26,corp_bond_ig,0.03471676545005509,0.03471676545005509,5,0.006370216608047485,-1.323213790448796,2.7555273236627045,2.819277652553467
2016-02-26,developed_equity,0.06668709612450674,0.06668709612450674,5,0.01523183286190033,3.7662586555871846,1.9701999315229108,-1.1968533156835641
2016-02-26,emerging_equity,0.06952768120653063,0.06952768120653063,5,0.0020454078912734985,-4.184116602605479,2.959350336412001,0.11633001499431117
2016-02-26,korea_equity,0.06371492033585491,0.06371492033585491,5,0.0044412314891815186,-1.5795233846955679,2.41200984763136,0.5152791221837576
2016-02-26,short_treasury,-0.000942195590675543,-0.000942195590675543,5,-0.0003698393702507019,-0.2091712030894714,-2.211802455303986,0.37498860115642707
2016-02-26,treasury_7_10y,-0.006250588325222295,-0.006250588325222295,5,-0.005434095859527588,-0.6991776846676678,-4.305099510406183,-0.6915499795245991
2016-02-29,alternative,0.10359411426881482,0.10359411426881482,5,0.013603173196315765,1.9020176240805977,2.6531017892610467,-1.7566065943060387
2016-02-29,corp_bond_ig,0.03225805595654285,0.03225805595654285,5,0.006445169448852539,-1.3665912940977203,3.126050591239272,3.0277332038568083
2016-02-29,developed_equity,0.08049862443087785,0.08049862443087785,5,0.016054145991802216,3.8580756875285145,1.8646959165144021,-0.8069121524919037
2016-02-29,emerging_equity,0.07124010122535829,0.07124010122535829,5,0.0017493367195129395,-4.207917335194557,3.052355893302945,0.34996159858283227
2016-02-29,korea_equity,0.05280101044034913,0.05280101044034913,5,0.006331220269203186,-1.4639765716522564,2.751023249201565,0.05944620286185809
2016-02-29,short_treasury,-0.002236375276055913,-0.002236375276055913,5,-0.00025576353073120117,0.09727802444960024,-1.9239325782785623,0.13570987863446926
2016-02-29,treasury_7_10y,-0.009496274347977285,-0.009496274347977285,5,-0.004886150360107422,-0.37206139530277094,-4.431381575136323,-0.7690097078724439
