date,shrinkage_alpha,cond_sample,cond_shrunk
2014-09-24,0.06781117614915325,1551.0187401152737,63.50441246837835
2014-09-25,0.06496782867105896,1673.9214670595784,67.79592291808812
2014-09-26,0.06587234525628967,1648.4188022564701,66.67609283594106
2014-09-29,0.06134589935332638,1695.4364118847036,72.17619456756039
2014-09-30,0.06273318540744094,1746.0173342799178,70.63331842902261
2014-10-01,0.06256015685188328,1927.578951153794,73.17415872992464
2014-10-02,0.0637691735482959,1888.4498678633827,71.00586491943956
2014-10-03,0.06532691391498731,1723.5282958524092,69.04006956055483
2014-10-06,0.0658227466760577,1665.1014591384203,68.30823535758567
2014-10-07,0.06381910184916725,1681.8466760697436,70.13130473679787
2014-10-08,0.0647489829190132,1696.7483596995182,69.45241710408892
2014-10-09,0.06795131432912947,1899.9110786223014,67.3492218742409
2014-10-10,0.0664303599872564,1969.918866147406,69.69897220077432
2014-10-13,0.07214562883277625,1939.3748167274082,61.838732946925106
2014-10-14,0.07221341197931372,1906.5869741095266,61.50409508277354
2014-10-15,0.0739063173897512,1853.3166365969423,59.43352800096279
2014-10-16,0.07391996882551279,1877.359815167645,59.300326981775065
2014-10-17,0.07198992192273956,1952.4836467813702,61.16034192780964
2014-10-20,0.06975068962533615,2003.1422837112125,63.54110414755945
2014-10-21,0.06869140049439888,2147.136365992866,65.08063535661022
2014-10-22,0.06685515846606338,2130.3555924511447,67.48524306299639
2014-10-23,0.06536872556891535,2262.111216706852,69.88028392959137
2014-10-24,0.07217369730375565,2202.254127866755,61.41542401444912
2014-10-27,0.07200354016831066,2238.936813968266,61.83718322279719
2014-10-28,0.06858808300273786,2361.109197426034,66.11985491489872
2014-10-29,0.07491738459086393,2084.20580941447,59.21836464653553
2014-10-30,0.07485489887198798,2091.931369914987,59.242939926392395
2014-10-31,0.07653580678394171,2098.6734218103634,57.0134415401557
2014-11-03,0.07576072251474066,2164.2985392793,57.20604371311059
2014-11-04,0.07903030771352879,2115.918709151188,54.25281855039853
2014-11-05,0.07749837292801065,2106.0062631870137,55.04303406322604
2014-11-06,0.07924112895326248,2068.7667731111083,53.24891760908581
2014-11-07,0.0793557501883116,2055.2775626706984,53.03332770567605
2014-11-10,0.0782055555825281,2125.7680956797344,53.928334278266895
2014-11-11,0.08099962012389776,2125.801118250824,51.611330221214516
2014-11-12,0.08239213678459306,2045.3325536275395,50.439596343404034
2014-11-13,0.08269002232515207,2078.28555815048,50.29763697833108
2014-11-14,0.08232369360243766,2098.4948679139907,50.91180724163639
2014-11-17,0.08195135872672615,2110.5669789038216,51.3337466199702
2014-11-18,0.08154812712784262,2137.566450470128,51.49724744664567
2014-11-19,0.0825875557813781,2160.0619894667157,50.485425344323296
2014-11-20,0.08333979771348397,2174.656627589619,49.94615951500515
2014-11-21,0.08256858594583938,2354.825714000161,51.04215133763345
2014-11-24,0.08289781167954956,2454.0991393124777,50.668489396822324
2014-11-25,0.08248164961072776,2447.753650512641,51.425505299436765
2014-11-26,0.08059291746380494,2481.9640622648685,52.910335612907694
2014-11-28,0.07609876601866397,2566.9402280613403,56.75934527439789
2014-12-01,0.07338446850998653,2613.2281694114467,59.34155454299524
2014-12-02,0.07661079561616367,2617.4644251045343,56.301511214118115
2014-12-03,0.07877033404761173,2493.3192758260498,54.50820985351447
2014-12-04,0.0785079663948014,2621.7216396042277,54.56104751790973
2014-12-05,0.07932735132367907,2293.1977900142147,53.561877399856506
2014-12-08,0.07727242703169511,2350.212764875558,55.25385335441355
2014-12-09,0.07839861671968532,2339.5422163699895,54.03367258559497
2014-12-10,0.07641556364542151,2511.5816997778625,55.84946114866145
2014-12-11,0.07585992750507012,2648.2514962139157,56.43719625488882
2014-12-12,0.06997193082555406,2781.201402953425,62.65935586248284
2014-12-15,0.07127801341004242,2788.161266381327,60.91186259865051
2014-12-16,0.07546088423330007,2819.077563215381,56.46653760957948
2014-12-17,0.07845830304634131,2793.003841851828,53.07842786340442
2014-12-18,0.07862516035166736,2838.671760151366,53.11489419199684
2014-12-19,0.08688182063427174,2257.8263441835747,46.1980047283825
2014-12-22,0.08456007233234268,2233.8501599848387,47.51581996786262
2014-12-23,0.08965171289620905,2166.173381591579,43.91507474431248
2014-12-24,0.08923470321923979,2142.270344526306,44.238764970190005
2014-12-26,0.0944020193315506,1936.2611273595628,41.02700445629241
2014-12-29,0.09295850688769206,1906.8496450256125,42.01872728044862
2014-12-30,0.09410676324252575,2033.6214844084589,41.39956781472486
2014-12-31,0.09455327478589966,2107.6902538923473,41.298180903340054
2015-01-02,0.09893578295407923,2015.9781791905136,38.91943213420765
2015-01-05,0.09890983668256952,1938.362388944885,38.938238320490804
2015-01-06,0.09606379545008421,1839.0116958785984,38.729159784908234
2015-01-07,0.09446690723403399,1714.1862754804285,38.95093981360472
2015-01-08,0.0864672165391626,1865.8170869024343,45.03090834106322
2015-01-09,0.08655676066132477,1922.4336862069306,44.84296810136881
2015-01-12,0.08674606378195943,1966.2764105765552,44.815287628007006
2015-01-13,0.08680656532454514,1868.2661215224157,44.4063112157228
2015-01-14,0.09234574110818583,1835.6415419288694,41.36254966466424
2015-01-15,0.09572141633855982,1768.045499006015,39.33729411311795
2015-01-16,0.09668125658063025,1727.0523267256867,38.85460262385968
2015-01-20,0.09851177195524248,1575.1036683132768,37.82683394249052
2015-01-21,0.09495775293558052,1536.231419508372,39.4986635836445
2015-01-22,0.08579067678574763,1637.892245918957,45.33032354991381
2015-01-23,0.08474047024493045,1635.6136896363505,46.054745456868616
2015-01-26,0.09222624365180312,1539.317586107656,40.95007942044526
2015-01-27,0.09224084361803424,1626.7203397933554,41.206737467436604
2015-01-28,0.08992756268943897,1675.831022227439,42.57685613933587
2015-01-29,0.09114822380627938,1662.664272172553,42.421414198812876
2015-01-30,0.08820273388321356,1786.9232328500213,45.555971737679435
2015-02-02,0.07912436234152016,1895.6051540625574,52.501472477677154
2015-02-03,0.07416886569809762,1996.1071198335715,57.297165310820446
2015-02-04,0.07358953639287517,2021.057897095058,57.906684147284594
2015-02-05,0.07209328940513987,2038.972864516147,59.137499660775426
2015-02-06,0.0730064465944965,1979.1223989553928,57.73316308478509
2015-02-09,0.07310844948035633,1981.8967291024087,57.77380619230555
2015-02-10,0.07288884640366776,2038.8349057148928,57.68874056710381
2015-02-11,0.07197120750374039,2029.2407430203239,58.39725522669543
2015-02-12,0.06608706870916946,2130.0823459906646,65.04735003309496
2015-02-13,0.06371987368334013,2126.640845672517,67.91387166730553
2015-02-17,0.06509265677563238,2067.227412395974,66.1881906738957
2015-02-18,0.06534335013784115,2011.014251108332,66.19535243978244
2015-02-19,0.0652573109576236,2005.2406818373452,66.23864189192295
2015-02-20,0.06619667953600553,1916.6162864870726,65.05916986610576
2015-02-23,0.06547230150106442,1925.4581262019447,65.92999268106006
2015-02-24,0.06331791004144592,1943.1819563308527,68.28078912919226
2015-02-25,0.06564577145314786,1919.6236797388412,65.71444491796966
2015-02-26,0.06945082151053732,1862.9336179055017,61.40674708940463
2015-02-27,0.07174374798249772,1885.5566239818927,59.41632675963264
2015-03-02,0.0719293366609635,1887.724710598129,58.89541832500151
2015-03-03,0.0718541197701881,1942.326897952887,58.95168495180894
2015-03-04,0.07020045316478131,1938.9231958968107,60.85042695746244
2015-03-05,0.07039649826499403,2268.132633358105,61.191018897869114
2015-03-06,0.07155055076696998,2251.9563529955176,59.63086870366312
2015-03-09,0.07134229855408794,2256.3631985062584,59.81796050623046
2015-03-10,0.0724168388345889,2437.4317000084297,60.02943759336741
2015-03-11,0.07329740831752976,2414.7032763681545,59.188452139449474
2015-03-12,0.07815793146649695,2305.947790281876,54.473668641860925
2015-03-13,0.07478317312955117,2278.710080578322,57.76858241317691
2015-03-16,0.07020650268819918,2287.289093597539,62.849010102205504
2015-03-17,0.06964535177518469,2284.4234021290777,63.52626778532445
2015-03-18,0.06954640177933807,2295.5971398427137,64.70069140200187
2015-03-19,0.06402630592510217,2672.6931185980447,72.25320741183306
2015-03-20,0.06357436430021766,2709.2058408746248,72.75742707006926
2015-03-23,0.06370378539942177,2699.3691632128434,73.20578767343841
2015-03-24,0.06401588674377631,2713.502512498447,72.63716637143494
2015-03-25,0.062019132133240326,2791.2148462250075,75.24111027050398
2015-03-26,0.060736336233731265,2900.9762192655744,76.95793154140611
2015-03-27,0.060856820971740354,2900.3049279336433,76.91248818980691
2015-03-30,0.05921547854680512,3022.794020577917,79.35484702222159
2015-03-31,0.0604453032436196,2980.463456877498,77.7100551036745
2015-04-01,0.0642559762987292,2843.0145819111654,71.86012592987527
2015-04-02,0.0636181079983644,2893.863123171004,73.27445618802298
2015-04-06,0.06480502521254228,2765.071538865743,71.56513342324875
2015-04-07,0.0672025219265703,2441.9392929269784,68.02253726688409
2015-04-08,0.0636340586868627,2510.1429811448447,72.95257547054652
2015-04-09,0.06482914085764425,2507.3322025344823,71.26872593261565
2015-04-10,0.06473510816643846,2569.1036654959616,71.27071372668227
2015-04-13,0.0652727249122674,2548.229255701441,70.51827341577429
2015-04-14,0.06499021859615288,2623.626228273932,71.2619592470033
2015-04-15,0.06471555503159034,2609.21753052085,72.11753057394365
2015-04-16,0.06381776460239454,2889.8297936663316,73.53217157354874
2015-04-17,0.059743570457212326,3142.525894213627,79.95704527478867
2015-04-20,0.06386596939548893,3042.9886476734932,73.4725739582545
2015-04-21,0.0651711406058126,3011.549453127534,71.82271330877695
2015-04-22,0.06462225657009489,3173.5034435931293,72.87682123417804
2015-04-23,0.06444394543787092,3241.2990467030386,72.96909062655291
2015-04-24,0.06762313618970478,3128.616132155503,69.43250697354019
2015-04-27,0.0676489896879816,3128.1750008118643,69.59507877746
2015-04-28,0.06890568162934631,2835.3809015191932,67.06477330563881
2015-04-29,0.0688204903826791,2872.0099270454475,66.78392993542714
2015-04-30,0.0649232791156483,2891.329332578252,71.9914128747889
2015-05-01,0.0658446240046036,2893.232893996831,70.95640404771515
2015-05-04,0.06453030049171686,2958.783947991608,73.29048666030064
2015-05-05,0.06341890270984105,3315.453443834821,75.09297372504338
2015-05-06,0.059895824938260345,3337.079701184322,80.2334445093342
2015-05-07,0.05943766438955792,2757.1959086114753,80.50090454952557
2015-05-08,0.059373707756596804,2590.347958483656,80.43024877743072
2015-05-11,0.06060288007067925,2522.03469833401,77.88302601132906
2015-05-12,0.061426204338033676,2520.0925756700212,76.74323086224186
2015-05-13,0.060583592861622265,2486.001476703936,78.3583232538012
2015-05-14,0.058073203844877436,2588.6563512853336,82.48506235075867
2015-05-15,0.059122368747488725,2323.184288866503,79.71713944771955
2015-05-18,0.05788689732441855,2350.277860547079,81.29400447118114
2015-05-19,0.05952781679394081,2331.850111735263,78.24941999386961
2015-05-20,0.062294579549572876,2280.9564112753455,74.06002953002132
2015-05-21,0.062310345222506995,2191.793846166924,73.5503704661664
2015-05-22,0.062455390275872,2141.0916581218057,73.45291261090814
2015-05-26,0.05828780904115136,2245.432729491943,79.65298431679321
2015-05-27,0.05791999018592303,2334.189774562395,80.25894660920432
2015-05-28,0.05727463260621302,2347.7246564799675,81.23595346437753
2015-05-29,0.0576211054910164,2345.450055202671,80.64701527982075
2015-06-01,0.05726450351053256,2270.1421741552053,80.64161485527916
2015-06-02,0.06049887600267247,2149.3744659634954,75.71414418092868
2015-06-03,0.06056710459495163,2139.9749536728214,75.556579874014
2015-06-04,0.05554755045059237,1987.6088244064558,80.0359151105755
2015-06-05,0.05470568203572264,2004.162044535388,81.42377576541809
2015-06-08,0.05655777539559574,1891.7423506841521,78.1823255644116
2015-06-09,0.05952132322802857,1890.7746986550342,73.43474572720741
2015-06-10,0.06047638536842293,1972.0168940168267,72.07484804350622
2015-06-11,0.05907738760371664,1894.2863482241062,74.50930408330481
2015-06-12,0.050755762723858795,1815.9264876332966,84.1783928929849
2015-06-15,0.05204331225935855,1783.9902462771856,81.0049536929109
2015-06-16,0.05408130100467428,1752.5479194947889,77.27128213107775
2015-06-17,0.05336647552490812,1687.1415353631926,78.32548729916225
2015-06-18,0.05171540206040371,1719.6168506236402,81.40828346441324
2015-06-19,0.07567517606116445,1657.2098890994512,51.88189124848017
2015-06-22,0.07682806273093462,1667.9026199606217,51.05528070272055
2015-06-23,0.07496538476157301,1699.5115118190674,52.69000040910976
2015-06-24,0.07340350857982939,1654.1307492747553,53.9914951933271
2015-06-25,0.07267795668027989,1802.8828384514445,54.55782171055892
2015-06-26,0.07250394153472685,1858.978407125706,54.78999839030468
2015-06-29,0.10011141586935139,1895.196194382018,40.23476237876351
2015-06-30,0.10428656321872869,1917.7511092610928,38.15362303611383
2015-07-01,0.10611376471965864,1863.6235771419913,37.29918331794025
2015-07-02,0.11244271818444714,1498.490747896567,34.38822290994566
2015-07-06,0.10378267064653228,1763.1017449427159,39.80998807437504
2015-07-07,0.102376051922898,1765.7966105894868,40.47872822068086
2015-07-08,0.0976978161882382,1975.6626722790634,45.113966108198476
2015-07-09,0.0918050596271981,2134.1677487955285,49.66717020751099
2015-07-10,0.08772261823743109,2330.458189349945,53.33911952229119
2015-07-13,0.0884678177960302,2295.459242828345,52.87824296950539
2015-07-14,0.09468533094796586,2342.9285406582794,48.72156338398138
2015-07-15,0.09406891569187135,2335.3204495420955,49.2270301233627
2015-07-16,0.0897150995512264,2343.084911012066,52.183854788029414
2015-07-17,0.0914554691873563,2359.7887748905287,51.0502316210228
2015-07-20,0.09214245659506841,2305.899488098854,50.902645294400614
2015-07-21,0.09222625557738137,2276.1532056785077,50.82529160369673
2015-07-22,0.0893832019301567,2295.4200714469775,52.6463079281345
2015-07-23,0.08904068982356922,2297.3028490015995,52.74223746371426
2015-07-24,0.08482449284490218,2381.067865012965,56.08710957054528
2015-07-27,0.08602397147939402,2380.918374177273,54.67621580557082
2015-07-28,0.08102025704588574,2491.7209154987654,58.87225040445741
2015-07-29,0.0811043564148444,2479.5665965780013,58.835260680847426
2015-07-30,0.08315753789676739,2448.397648372268,56.78144822378253
2015-07-31,0.08394894998868103,2448.26600439156,56.065407974432354
2015-08-03,0.08056222308880237,2595.1738439092346,58.92052218056463
2015-08-04,0.08287222945895675,2517.094026483574,57.004077429703024
2015-08-05,0.08322683200295537,2422.7076998773155,57.07953714691189
2015-08-06,0.08084253379949093,2446.380084099781,59.001417022002755
2015-08-07,0.08219414872578157,2342.6796406054314,57.73712398753501
2015-08-10,0.07921928349365417,2474.850966160758,60.592525384603796
2015-08-11,0.07339502426032289,2552.4947336645505,66.39379361889688
2015-08-12,0.07247634168656311,2561.906290595922,67.42967375848657
2015-08-13,0.07280994873918414,2454.67624107549,67.4701428066258
2015-08-14,0.07232042132420614,2452.2434089035573,68.2745842016964
2015-08-17,0.07099545903639111,2349.002672096313,69.63564850382879
2015-08-18,0.07112885906458746,2391.200432238029,69.48627647317062
2015-08-19,0.07359035207598624,2446.4929147669714,66.83887579169351
2015-08-20,0.06893397561601856,2469.7356277029535,72.48372459182707
2015-08-21,0.0637504225168073,2656.507013693974,79.87085795749032
2015-08-24,0.07277540266510711,3142.086387322393,71.54031495271589
2015-08-25,0.06905760641627069,3334.0360180399084,76.21414060388615
2015-08-26,0.06765310981288451,3910.451928834458,79.73246421453773
2015-08-27,0.06531052562489296,4721.942063302022,84.28699652703762
2015-08-28,0.06657383630733449,4724.2819181217255,82.46677616781886
2015-08-31,0.06655767250815353,4735.055025241882,82.49284455910126
2015-09-01,0.06064378803576993,5132.462254054566,91.96178193892143
2015-09-02,0.057497521546642984,5102.5538752606335,97.62722748182956
2015-09-03,0.06023073221226258,5026.567058881906,92.57712407321007
2015-09-04,0.05599327533522063,5407.579318876524,100.5050980258612
2015-09-08,0.0525042906280935,5911.705693714703,108.88438485800796
2015-09-09,0.052932591790844565,5880.84177581094,107.03437904822727
2015-09-10,0.05170630603535623,5816.844364621153,109.79003074400202
2015-09-11,0.05214533163652463,5915.537942248684,108.80888831549998
2015-09-14,0.05274840735410431,5817.088239604288,107.49052526904266
2015-09-15,0.051488021812448354,5770.469465321898,111.86130105307382
2015-09-16,0.05044449115239678,5967.163391672232,113.96422256281829
2015-09-17,0.05117524360221323,5393.362955265765,111.7648555832187
2015-09-18,0.04932796064772463,5486.974874693668,116.22633392208657
2015-09-21,0.049649498129237156,5425.372608868458,115.15426651311707
2015-09-22,0.04752820678493404,5590.733845879452,120.91940308591387
2015-09-23,0.05026406840041982,5372.87068976489,113.94598692666543
2015-09-24,0.05107946323950179,5326.137600521118,112.1509253317357
2015-09-25,0.051503160553616055,5327.321938037305,111.34255193976404
2015-09-28,0.0484919110258105,6372.547812299009,119.02386052493287
2015-09-29,0.051653365363509375,6439.993482095374,110.96308603612526
2015-09-30,0.04863539476673277,6915.330559809458,119.01751603172325
2015-10-01,0.05176657882275644,6510.126030796078,110.64442055416063
2015-10-02,0.052665935248111556,6324.771261771327,108.28960644817607
2015-10-05,0.05226274351999875,6308.2300515103525,109.40627960964221
2015-10-06,0.05266358144760772,6164.1670156573,108.52749923002644
2015-10-07,0.04917652153742348,6328.9151000043485,116.95497586583474
2015-10-08,0.048821025341342986,6373.2045139723205,117.8989363946313
2015-10-09,0.04999373545688882,6456.722800205238,114.83400369478356
2015-10-12,0.04989950984921852,6205.831966167911,115.04965401934656
2015-10-13,0.04867544922463893,6227.224189803968,118.25880932960618
2015-10-14,0.0482972505973157,6186.1405917025795,119.07292942146445
2015-10-15,0.04571349863943944,6388.727819590797,126.48317822546154
2015-10-16,0.045917733329268094,6529.479945526353,126.15194962548807
2015-10-19,0.04726407149888353,6242.427196875224,122.22935737644279
2015-10-20,0.047900387274623854,6211.822942411228,121.00365447956078
2015-10-21,0.04862744152777898,6172.008657245992,119.11441352588382
2015-10-22,0.047153634107741316,6248.1307218480715,123.059548532623
2015-10-23,0.04728086651995665,6538.785902288993,123.22019377813493
2015-10-26,0.04740738847880799,6415.503494204994,122.94327180102448
2015-10-27,0.0477809905843166,6524.833485055726,122.11021443656566
2015-10-28,0.048027904024647905,6875.087397244706,121.2368617308244
2015-10-29,0.048062504975863174,7342.774863714192,121.02603784781624
2015-10-30,0.04879484273144496,7364.67637034171,118.84366756473703
2015-11-02,0.04681473931494174,8140.310739921558,124.38637333041282
2015-11-03,0.047701307194318546,8102.70351229702,121.81505537994767
2015-11-04,0.049378432577005776,7284.211725191528,117.72510374838177
2015-11-05,0.05010440298315567,7225.562209204084,116.01914666961468
2015-11-06,0.04927995308341585,7381.48245483683,117.57950243274395
2015-11-09,0.04696775619649992,7563.305425137267,123.6548728895758
2015-11-10,0.04730956629966615,7690.039563002081,122.91769790664928
2015-11-11,0.047523475424187736,7663.580040142618,122.47151352352229
2015-11-12,0.04737041275650447,7527.711635842577,122.92977448796728
2015-11-13,0.04877531951224522,7511.285766997954,119.30610130394238
2015-11-16,0.050822851413981796,7333.938339514486,113.78299602044378
2015-11-17,0.044962170765757696,6789.73656065079,127.80891233763217
2015-11-18,0.045592887689628894,6769.072741919635,126.12976279659881
2015-11-19,0.048922197980360176,6098.800931158127,115.8418342118247
2015-11-20,0.051440484904434945,5595.982247223852,108.78570421824135
2015-11-23,0.05130756525345673,5661.464211368019,109.2783115496142
2015-11-24,0.05106133130603353,5652.494906779701,109.88944748384584
2015-11-25,0.04968739859620297,5052.489998252863,111.1734343362085
2015-11-27,0.05207447003535025,5230.264948726435,105.35670955977317
2015-11-30,0.052103037416041505,5181.742777198565,105.17098003255137
2015-12-01,0.05385049770498499,4730.10287609911,100.2308471805422
2015-12-02,0.05422224751499427,4304.173561149802,98.1805574661825
2015-12-03,0.05358657305691641,3218.0495483353643,99.17213702258523
2015-12-04,0.054642089982175845,3347.0712110702766,96.9187841439467
2015-12-07,0.05202320284133761,3349.6975237736765,102.38342868718576
2015-12-08,0.05069755566552409,3445.084881028774,105.47481695318137
2015-12-09,0.05194334924775393,3473.268427481219,103.17916179817105
2015-12-10,0.056265262457669205,3214.954655585552,94.13623921049607
2015-12-11,0.05338776696005577,4424.201294252869,101.44510933600914
2015-12-14,0.055895446466633934,4045.1874925643933,95.15545109138893
2015-12-15,0.05204536228923809,4095.8277305210013,103.57596657044377
2015-12-16,0.05028630517489318,4082.146305451992,107.62724948278004
2015-12-17,0.048949151339955387,4008.6742341619374,110.74763964762109
2015-12-18,0.04896499649476263,3913.237090351897,109.79741189452653
2015-12-21,0.048903851652688055,3919.55165140741,109.67328605545457
2015-12-22,0.046203197953187,3637.960946560322,115.753126041391
2015-12-23,0.04374387626476061,3697.5810275218314,122.80167308681393
2015-12-24,0.040950030765496415,3308.114014964868,128.03551496457965
2015-12-28,0.04137585367829756,3265.7308432906916,126.78324577323849
2015-12-29,0.04353691579820159,3387.481894727386,120.40421680109976
2015-12-30,0.043697536924246785,3221.6637386375473,119.38912310763607
2015-12-31,0.04339975629131601,3162.2578279219074,120.20086086858723
2016-01-04,0.042875409021630534,3000.999034198107,121.13392753531134
2016-01-05,0.04427291242800295,2889.9849026919055,116.572200453916
2016-01-06,0.042384329000582505,2991.978704080277,122.83550746996004
2016-01-07,0.04631761757103258,3360.6740936628703,113.3964589942724
2016-01-08,0.04748592338051777,3304.6845459231067,110.08359442925592
2016-01-11,0.048269181636817295,3370.675277239706,108.1108676385151
2016-01-12,0.05081798708547229,3042.056551745101,100.38652518851596
2016-01-13,0.04963196287244813,3098.37247448755,102.01496828799765
2016-01-14,0.04682059419878905,3270.8962438499484,108.983783955863
2016-01-15,0.05762761257652222,3872.451654717513,91.59824424453348
2016-01-19,0.05737896413151748,3884.7602337983303,91.46750724956533
2016-01-20,0.055774251673230246,4027.4535364442504,94.21009565073373
2016-01-21,0.05539471670061565,4033.747191653223,95.13823070202051
2016-01-22,0.056734050215664154,4550.2212426854685,95.07030724315057
2016-01-25,0.054667649692607664,4395.172019286834,98.96178625679121
2016-01-26,0.05172697727893611,4476.889613198597,105.3998664523632
2016-01-27,0.05122804456107547,4553.431710761549,106.93968841795287
2016-01-28,0.04965464350051502,4613.1534612459645,111.00468635165115
2016-01-29,0.0501171908389217,4673.55179848115,109.74671509309826
2016-02-01,0.05162628276882729,4286.50923597941,105.92277794814838
2016-02-02,0.0479747432399385,4914.48748310473,115.69160309248295
2016-02-03,0.04538433159485215,5103.988234081854,122.7273828253811
2016-02-04,0.044978137993970435,5114.130394880139,124.26004428555333
2016-02-05,0.046077744882903594,4986.071102848402,120.97228010159667
2016-02-08,0.045222260583463195,5184.5022300565015,121.95808205091079
2016-02-09,0.04406026879404375,4992.326142027455,125.17246937111007
2016-02-10,0.04453689562690262,4972.385667392541,123.71400311922048
2016-02-11,0.043698874704490645,5033.71345467538,126.32795165678586
2016-02-12,0.043894487698694785,5068.435064532523,125.5140926773041
2016-02-16,0.04188473186494541,5224.343830154013,131.91262133234605
2016-02-17,0.04083383886081302,5026.285130954287,135.3781491221228
2016-02-18,0.04138976124821047,4863.9030258625835,133.28057278533467
2016-02-19,0.041811365396865585,4457.04160007962,131.61843360921253
2016-02-22,0.03951442323879376,4568.445664189478,139.91336768633192
2016-02-23,0.03814756855189433,4646.78663726772,145.5147615150668
2016-02-24,0.03807796254778346,4614.645204358315,145.9670107531361
2016-02-25,0.03780571540449176,4638.699171450221,147.41764611077028
2016-02-26,0.03775926005204588,4637.613516509967,147.23557233897913
2016-02-29,0.03838691692739851,4618.362915543877,144.8185594821388
2016-03-01,0.037612909371499734,4716.018139499177,149.60333666349902
2016-03-02,0.036950307792077426,6074.611408262426,154.36096217057496
2016-03-03,0.036417278188838574,6215.22290389825,157.11778854765265
2016-03-04,0.03630268077244742,6378.8986032632465,158.1061462048717
2016-03-07,0.0373428786015567,6313.996526253012,153.3232028451799
2016-03-08,0.035533811168079604,6454.986954093662,161.5003463362271
2016-03-09,0.035359233644074034,6507.541387364129,162.4133846585108
2016-03-10,0.03838065089977836,6141.358613032981,147.9955753448823
2016-03-11,0.036151513663443165,6075.583794543098,159.1125257111341
2016-03-14,0.03724483290590759,6061.012854372127,153.85417045647816
2016-03-15,0.03871333725139538,6057.068571624904,147.51176100927646
2016-03-16,0.03874966655591319,5601.794913004928,147.28463011757003
2016-03-17,0.03763382451955338,5778.556856171754,152.48101151647404
2016-03-18,0.03780190835535971,5772.244701459214,152.13617815052348
2016-03-21,0.03815657804143102,5619.661742121675,150.52422327784876
2016-03-22,0.039433021421178556,5463.199514693526,145.3978768841246
2016-03-23,0.037328844319478804,5576.9258996433755,154.2594264767966
2016-03-24,0.037796474569516236,5702.254749406856,152.54928414573513
2016-03-28,0.03781993052161722,5958.035411803088,152.9225905148464
2016-03-29,0.03811564665455011,5963.2895403697175,151.476548514756
2016-03-30,0.038038793624687206,6125.028538176321,151.99924026864906
2016-03-31,0.04077698796747288,6273.567313027644,141.32789268029657
2016-04-01,0.040555499207364405,6273.089471388489,141.87800836694453
2016-04-04,0.042408438591001116,6032.563421771463,135.1989696442109
2016-04-05,0.041898561387434245,5803.31647266787,136.7428241830791
2016-04-06,0.04215542059537717,5842.5369367090725,135.98754450221287
2016-04-07,0.039000763512227164,6531.538848788427,148.45950652076806
2016-04-08,0.03820888885737224,7098.553850870156,152.11275356783548
2016-04-11,0.0400034074524643,6981.856469554509,145.38378641687405
2016-04-12,0.03988422977140424,6971.835811696162,145.92536861495932
2016-04-13,0.03322194240278648,5970.234200764036,172.38045853274144
2016-04-14,0.03298969915556292,5754.655169990617,175.14241192216838
2016-04-15,0.034862554042505024,5468.500684365843,164.8805247037329
2016-04-18,0.034872690191916,5500.617109641244,165.09684825385042
2016-04-19,0.03487947228434998,5204.417502630452,163.5458039567747
2016-04-20,0.03742489176213095,5087.4763574008475,151.48665503122618
2016-04-21,0.037109907700063186,5085.620096176922,152.95402899975
2016-04-22,0.03791172094777847,4991.630373814131,149.07826062296996
2016-04-25,0.03766564040789652,5052.1807396194135,150.19633982483003
2016-04-26,0.03886121639022226,4888.025820264393,145.74945049250118
2016-04-27,0.039000226782835976,4940.619682697907,145.6488487073909
2016-04-28,0.03592248341233401,4562.708784821604,155.65587190385546
2016-04-29,0.03662770908333389,4292.990140350118,152.79261100431137
2016-05-02,0.037063244429439875,4354.189481721128,150.92653842490034
2016-05-03,0.03671132555550691,4615.825560541524,153.77656804168964
2016-05-04,0.033862629011944395,4457.782621481468,168.3682082771656
2016-05-05,0.035641368971264624,4422.486397034637,159.7948885881697
2016-05-06,0.03572043079805914,4682.963513854849,159.76325124461127
2016-05-09,0.037449066642531156,4550.96172002206,151.17107058253012
2016-05-10,0.03734606269063372,4537.440078124009,152.14371134561176
2016-05-11,0.038383749229750644,4150.636218627958,148.0976553394959
2016-05-12,0.04090773526113364,4342.085568903792,138.86662976535672
2016-05-13,0.03856074439517931,4487.218359182313,148.71675518890208
2016-05-16,0.03776606290766357,5157.504716740854,152.26980924488024
2016-05-17,0.03980677015299218,5022.921079485873,143.6493791110085
2016-05-18,0.042516116578526504,4850.339673919136,132.16262327122556
2016-05-19,0.042041154606472425,4897.72461663811,133.5958318700695
2016-05-20,0.041913934989654074,4885.198941031978,134.44667850591955
2016-05-23,0.0423381645334243,4740.225530322012,133.78995038780042
2016-05-24,0.041908525194339345,4778.647535403035,134.78096374062412
2016-05-25,0.03550723902797353,4361.316427735749,156.89130305832677
2016-05-26,0.03637442729876953,4357.102050564678,152.769531673241
2016-05-27,0.03764502124077894,4278.723406730674,147.3333877856702
2016-05-31,0.04001805755431858,4122.893586573593,137.8075854930626
2016-06-01,0.04002334915289051,3407.21228924626,136.9536752469983
2016-06-02,0.04245203210660516,3228.5489190969174,127.71422574192164
2016-06-03,0.04136941179753873,3271.685754261421,130.7062084805074
2016-06-06,0.040314478748852973,3371.144011800544,135.52396165399264
2016-06-07,0.04037550833700787,3270.3294529824034,133.9340221238544
2016-06-08,0.04043984030230921,3275.3769481889876,134.1546793640376
2016-06-09,0.04039346206697602,3344.682172634871,134.58579606207738
2016-06-10,0.04053101565744195,3943.2929515100286,135.93094871845582
2016-06-13,0.038877791962072736,4056.706868765675,141.741446213746
2016-06-14,0.03754401988048569,4086.7774120468503,146.7427759549299
2016-06-15,0.03676514531481018,4100.9210905548925,149.87103807598
2016-06-16,0.03641727900813497,3828.5266360092205,151.09064977416168
2016-06-17,0.039560644226442655,3299.351691126796,137.16150854476075
2016-06-20,0.038314946208520495,3569.7235878955794,143.3343545005985
2016-06-21,0.03804262524631442,3506.7156194935524,144.29375713319556
2016-06-22,0.039886257776036445,3447.292586383846,136.0109925872001
2016-06-23,0.040600287582073964,3620.155776569343,134.89792737464143
2016-06-24,0.22919905172673816,6278.803950363444,22.06139806317878
2016-06-27,0.20310302909296032,6345.590379576871,25.480669412037933
2016-06-28,0.18746661257011774,7057.6273917445205,28.195985734528914
2016-06-29,0.18916403803776252,7176.75035868457,27.93364991893371
2016-06-30,0.19181351102202357,7128.0767861964705,27.463309369587538
2016-07-01,0.2051085847655042,6679.997700903953,25.270196213494778
2016-07-05,0.1891811825695063,6816.411395938849,27.86222227289154
2016-07-06,0.1885126276681867,6703.859900852035,27.968383744628515
2016-07-07,0.19283854270641493,6646.342849443264,27.16870948732305
2016-07-08,0.19298543723425696,6904.910471262966,27.105473079195463
2016-07-11,0.1920950915440528,7146.794342482089,27.249368403725
2016-07-12,0.18861289590709904,7005.577392197014,27.882281089945327
2016-07-13,0.18893285008337715,6968.291861471198,27.80843265212033
2016-07-14,0.19038824018612613,6955.896304441654,27.49212741260332
2016-07-15,0.19032324302704848,7012.882768483371,27.524511915768137
2016-07-18,0.19396966418401626,6717.672031430556,26.901917053393703
2016-07-19,0.19136725650525782,6934.227091561935,27.409404557743887
2016-07-20,0.19330016529119104,6932.677734182304,27.069109596983736
2016-07-21,0.19324754095784746,6803.551809559157,27.07454934240857
2016-07-22,0.19275376765458893,6729.750994992288,27.191782817598252
2016-07-25,0.19798739779855942,6537.957553200692,26.24312779115011
2016-07-26,0.2006727542906562,6928.579235963374,25.82709095840568
2016-07-27,0.20061727843887148,6940.047087693218,25.88968917037922
2016-07-28,0.22177883418773184,6647.592757998653,22.86088322276135
2016-07-29,0.23108393045394035,6521.331917041105,21.752322324627137
2016-08-01,0.23130680753700228,6395.194131868639,21.633056444536127
2016-08-02,0.2261674573942146,6475.380015985324,22.210187178967924
2016-08-03,0.22831274993230705,6473.963785088069,21.982947194007547
2016-08-04,0.2337564488520706,6296.3684875638,21.31991632062408
2016-08-05,0.23476779251517563,6631.631951982159,21.200197783996863
2016-08-08,0.23506005528705926,6554.177028487637,21.195113718387184
2016-08-09,0.2538158004944603,6482.0795575981565,19.181808835563125
2016-08-10,0.2550752163519212,6473.943956482544,19.074762037275505
2016-08-11,0.25811793896589874,6486.501326095393,18.817741740152705
2016-08-12,0.2580616257802722,6420.720252744957,18.982054554144646
2016-08-15,0.2617226406309743,6499.260632502565,18.64673130816491
2016-08-16,0.25868514608290777,6532.514060063169,18.928051701903943
2016-08-17,0.2539163488659305,6662.063792499307,19.35529074033515
2016-08-18,0.2526238505466846,7070.645053912257,19.574420179610613
2016-08-19,0.2519484540898207,7681.0705189094215,19.62457620275686
2016-08-22,0.24672338897195922,7778.917396690613,20.098262312032375
2016-08-23,0.24725369262610253,7505.888777246194,20.026598427121222
2016-08-24,0.24735432431159907,7572.413839294738,20.008605590075945
2016-08-25,0.24631399653487976,9002.308279980896,20.119925416004232
2016-08-26,0.2411169959832079,9059.654144849002,20.656983853150155
2016-08-29,0.24261807258865453,9285.615050209992,20.589075962464012
2016-08-30,0.24306157392341612,9243.26947266714,20.54056299936406
2016-08-31,0.24070874372645676,9113.763281702268,20.776699166458346
2016-09-01,0.24059242811053827,8449.888146698393,20.79097475738893
2016-09-02,0.24461377364963363,8158.96356438132,20.34552825481122
2016-09-06,0.26452595871611523,7661.771686594033,18.275991986092283
2016-09-07,0.28079330694695087,7440.53193845675,16.89621772759656
2016-09-08,0.2882182307108492,7496.228067722776,16.26241054839471
2016-09-09,0.24346324489308407,8318.141664690027,20.258912586394846
2016-09-12,0.24584263878351786,8832.680948116262,19.99357134176041
2016-09-13,0.21961124973390514,9608.46269899289,23.016423404500856
2016-09-14,0.22972111624658986,9270.27648004774,21.700128781498417
2016-09-15,0.22654933049273557,8831.219003267994,22.087856155363994
2016-09-16,0.21837675810238583,9012.714601356107,23.10456664258255
2016-09-19,0.23092607144032473,9047.041633439341,21.50817913002191
2016-09-20,0.09033320090689162,5371.262210564517,58.35287703363283
2016-09-21,0.08029215141120517,5210.110317569561,67.79439520413288
2016-09-22,0.08589590942792846,4398.70132873367,61.992769431971084
2016-09-23,0.08575940458633892,4027.156978535474,61.72110811321514
2016-09-26,0.08071477448426043,4091.5334977555863,66.04949650217091
2016-09-27,0.0798056883085918,4313.122990177045,66.68056470790863
2016-09-28,0.08421638142318433,4001.696159605745,63.339254176292656
2016-09-29,0.07918920406843356,4197.417220232575,68.15020276816318
2016-09-30,0.07902230113706704,4166.3997854702275,68.38103521313192
2016-10-03,0.08342763905844411,3906.901805887232,64.03386169863154
2016-10-04,0.07831836793901578,4018.9939838582527,68.86863925691166
2016-10-05,0.07871821798665501,4223.672274346716,68.8562362153662
2016-10-06,0.07871226807060236,4032.4091627880334,68.58933694016642
2016-10-07,0.08041660245167907,3930.83417741487,66.86332118859646
2016-10-10,0.079802636386607,3992.0193467302574,67.55034583555916
2016-10-11,0.07270994971707664,4768.576629338521,75.90876995335233
2016-10-12,0.07536944750380317,4812.4147360744255,73.0815305708539
2016-10-13,0.07227324256138598,4868.801864964018,76.54047877815546
2016-10-14,0.07231339581245323,4834.013659284763,76.35101839514894
2016-10-17,0.07306059197490626,4632.7935182512965,75.23873447489939
2016-10-18,0.07143876268810766,5149.588736679458,77.71472812554876
2016-10-19,0.07168801869053244,5125.321708981483,77.41508166401853
2016-10-20,0.07009617071333527,5138.460453552187,79.40732744292478
2016-10-21,0.06978581989607599,5160.573998687994,79.79282609649542
2016-10-24,0.07103238300692272,5483.182757753708,78.29766085877499
2016-10-25,0.0708337936217456,5502.322405225426,79.23540134165349
2016-10-26,0.06992427058848903,5531.930497015481,80.41259474945458
2016-10-27,0.0684354661211648,4796.051494753593,82.26101892406696
2016-10-28,0.06862902258412959,4866.340484143099,82.04928766126244
2016-10-31,0.0706689656403763,4586.056783053504,79.35832994284632
2016-11-01,0.06939743420816807,4510.953346552832,80.8790070871338
2016-11-02,0.06858997227392073,4502.279546985837,81.85161968877622
2016-11-03,0.06845484466941007,4494.553152987526,82.07381065017304
2016-11-04,0.06953529111951953,4437.81228659224,80.6092310905068
2016-11-07,0.06828718943614386,4832.351688963222,83.10897337192145
2016-11-08,0.06887926533362396,4536.816225786457,82.21213380443768
2016-11-09,0.07698742653637852,4412.102999117389,71.35270003778751
2016-11-10,0.07588581463360752,4489.611929946101,71.67756816836395
2016-11-11,0.07650622045621082,4564.609335304663,70.80564536991619
2016-11-14,0.07606601815920844,4296.499930720155,71.13043011801068
2016-11-15,0.0744734536826551,4382.535565365668,72.98790945154144
2016-11-16,0.07322654756468958,4333.932695842555,74.45386227353711
2016-11-17,0.07302304302855518,4297.037744890476,74.30599753805983
2016-11-18,0.07234828225100771,4296.823524253485,74.99931766471573
2016-11-21,0.07325089200796119,4404.60187549311,73.99883398298039
2016-11-22,0.07106995965069228,4440.718835788071,76.50257867699874
2016-11-23,0.06930676511019201,4458.128912043095,78.6108839795636
2016-11-25,0.06976434578793062,4438.574879878566,77.88811897751222
2016-11-28,0.07057106934063605,4455.349772456485,76.6480332474472
2016-11-29,0.07244162183719062,4528.414926171039,74.47437053798382
2016-11-30,0.07831083877302415,4059.6428290969097,67.79765056644351
2016-12-01,0.07845708251902563,3974.877399018872,67.1307235201532
2016-12-02,0.07935074753857838,3910.8239535226176,66.35062384916348
2016-12-05,0.0838002270598544,3482.6348424782364,61.27390991800185
2016-12-06,0.08397027324939814,3449.1640862310046,61.314855742055144
2016-12-07,0.08659037141831832,3304.0588589546282,58.808326134541254
2016-12-08,0.08609180428744738,3260.8219281362435,59.15967064902415
2016-12-09,0.08945665023361225,3384.5043968364353,56.597895701245065
2016-12-12,0.0890526213840682,3428.317628064734,58.07981516881821
2016-12-13,0.08800723073676026,3423.7128360795546,58.83165998754436
2016-12-14,0.07965152295282708,3370.9608592819577,66.28755988603612
2016-12-15,0.086864582474389,3064.4391731239007,59.47330063303787
2016-12-16,0.08851332951110327,3165.1210076356806,58.06247018224486
2016-12-19,0.09234202990489628,3214.757052261772,55.219090820028256
2016-12-20,0.09616518138239644,3125.138137684175,52.8563443836563
2016-12-21,0.09597075368047261,3095.3673681814307,52.80794177974073
2016-12-22,0.09511669498744027,3079.2618425383394,53.358406760783026
2016-12-23,0.09932865701579444,3035.952266215159,50.84567758841849
2016-12-27,0.10042720609762179,3098.487862310262,50.27043985812127
2016-12-28,0.10074923031142956,3109.9067581721565,49.94542649144432
2016-12-29,0.10223562178571673,2992.7557014022,49.17657793474208
2016-12-30,0.10650822364223159,2960.2572591909066,46.7220867119329
2017-01-03,0.10128226751528932,2899.86680973114,49.73556323365329
2017-01-04,0.0997971616100123,2928.361611649702,50.32360248727278
2017-01-05,0.09963223588000931,2918.847877094264,50.36080379385501
2017-01-06,0.1095329662811469,2614.295126523698,44.580504599031336
2017-01-09,0.109580475260002,2579.8706434812693,44.435982821220655
2017-01-10,0.11246452166155332,2548.5059033979132,43.25000559107459
2017-01-11,0.10638973456787443,2583.238492627948,46.12242120164302
2017-01-12,0.10483453547824279,2696.570807344539,47.0330280242067
2017-01-13,0.11223128733579145,2582.8946669965953,43.30663243473964
2017-01-17,0.11405884779446308,2565.3130316833463,42.293318912821945
2017-01-18,0.1117711084531494,2647.8800822322614,43.26579058059887
2017-01-19,0.11137986625383266,2634.563161141569,43.44358140303126
2017-01-20,0.11212384564132474,2607.2217310466026,43.15092267853983
2017-01-23,0.10732716563145817,2658.470507590735,45.406207397143966
2017-01-24,0.11339860957489775,2591.6439703145847,42.45619868786754
2017-01-25,0.11337700216761216,2755.887029854198,42.4131022516988
2017-01-26,0.11294957980288249,2747.043286362213,42.58319195145305
2017-01-27,0.1125739284945024,2888.2623773941677,42.86181376660348
2017-01-30,0.11502307589629321,2913.353607494546,41.67272759139255
2017-01-31,0.1184859633836081,2888.5988961827375,40.29033130450162
2017-02-01,0.1186591696343065,2750.533411166616,40.19804845257806
2017-02-02,0.12067415379349469,2663.164798961919,39.534322470559104
2017-02-03,0.12591330284748609,2300.185467681657,37.26830648843512
2017-02-06,0.1266599411187943,2334.2355238510304,36.9280064769598
2017-02-07,0.08709259188652671,1924.0989399302878,53.2829703361044
2017-02-08,0.09061845485957722,1900.9738733318957,51.238152549839754
2017-02-09,0.09711683409952608,1918.551587880879,47.40228426627086
2017-02-10,0.10335093904546712,2005.403768259498,44.121587929746205
2017-02-13,0.11002267081914723,1923.9707031886664,40.84982451208659
2017-02-14,0.11726728381537015,1880.799308019647,37.84439669646452
2017-02-15,0.11417421533043447,1999.202400855001,39.56616506580867
2017-02-16,0.11449760091277085,2005.6547431861434,39.42320957225819
2017-02-17,0.1126845182237444,1952.6560946532377,40.1007989158477
2017-02-21,0.11507730588577775,2029.7570218098292,39.10251574875555
2017-02-22,0.12555161744080717,1959.4194527234877,35.201272760760396
2017-02-23,0.1262669071016737,1950.5127472504298,35.0677167340382
2017-02-24,0.11857528148669666,2020.0418148668653,37.91710135175688
2017-02-27,0.11542205488568984,2008.9149079880015,39.118665885569165
2017-02-28,0.11196654140145801,2073.6027698866756,40.65418472178254
2017-03-01,0.10978803659651604,2116.507650145277,41.75066067536896
2017-03-02,0.09715190403094033,2233.566390900556,48.53205690692789
2017-03-03,0.0991430411802255,2212.4360954955337,47.128503492294584
2017-03-06,0.09930067054625129,2223.5338235194204,46.981923871609155
2017-03-07,0.10856533292384327,1991.032278522089,41.57801409913422
2017-03-08,0.10480201816585913,2082.0015525360445,43.37863250328059
2017-03-09,0.10355069069609339,2297.799614830669,44.16254487023886
2017-03-10,0.09844482510780249,2382.0063007361114,47.17863655135007
2017-03-13,0.09565822674207551,2414.3782084490126,48.86699092555647
2017-03-14,0.0630170590855922,1896.0010824725334,70.22404573798178
2017-03-15,0.07896954453637267,2243.5069233787863,58.68177930939187
2017-03-16,0.07981388930825097,2239.4539667227796,58.02791520792234
2017-03-17,0.07967418109560459,2235.1083855609168,58.213677293284476
2017-03-20,0.07516799810343291,2421.366472654901,62.27597389787539
2017-03-21,0.07590777240443412,2400.811967049958,60.80173259984895
2017-03-22,0.08034886987571309,2303.172955644017,56.36690888740499
2017-03-23,0.08088063642933681,2301.167384972218,55.87722768245959
2017-03-24,0.08049279812301512,2353.7254467792513,56.205865014272696
2017-03-27,0.07934143613694507,2485.4797449633998,57.73532272546849
2017-03-28,0.08484910509248264,2461.833617867504,53.30663636265789
2017-03-29,0.08605782693166794,2424.9585287381415,52.40207906873397
2017-03-30,0.09220905596599582,2720.366921970054,48.275257425275846
2017-03-31,0.09335439595322169,2709.3198028096926,48.29423443421799
2017-04-03,0.09869930171448324,2659.224724982252,45.233993070743324
2017-04-04,0.10084786126643246,2609.327352593602,43.95866065376839
2017-04-05,0.09884106791674978,2629.7437094507773,45.02752882901008
2017-04-06,0.09938711045699572,2598.245263023084,44.72046437207712
2017-04-07,0.10954561751759685,2089.881908686547,39.6314902576981
2017-04-10,0.1118364666683971,2096.8688545292657,38.6145356596292
2017-04-11,0.11169917257466863,2089.4202915879346,38.49863908236638
2017-04-12,0.10944212597906551,2098.1542567152674,39.5294397957099
2017-04-13,0.11356429061686754,2109.924981014924,37.59988859885356
2017-04-17,0.10551404045326009,2264.839146992849,41.032978256666986
2017-04-18,0.09867685541956753,2580.520122064393,44.84760348412319
2017-04-19,0.10631299454108195,2510.6334353196726,41.211246766105496
2017-04-20,0.09490248562356186,2665.6235926180548,47.64142990564443
2017-04-21,0.10189020337965239,2673.587748975636,43.86132968156657
2017-04-24,0.09687062172682313,2410.292451975805,45.7941872593547
2017-04-25,0.08919457523832003,2551.090122773757,50.3469365121785
2017-04-26,0.09043473425571234,2530.0523946213757,49.56790092562304
2017-04-27,0.09317396597751301,2599.0766143597752,48.02071890013462
2017-04-28,0.09324078480200865,2600.9473867836527,48.1773143287308
2017-05-01,0.09326168483260631,2289.132251583772,48.03464646507993
2017-05-02,0.09109406120130543,2454.218533346713,49.22244508020787
2017-05-03,0.08897539352373263,2518.4577513692175,50.71134285215638
2017-05-04,0.09088826761669026,2555.8133117588377,49.20440114466389
2017-05-05,0.08718579177498827,2568.591788376351,51.88264150392243
2017-05-08,0.08796093065677553,2718.406615678622,50.21313486596204
2017-05-09,0.08517609807460236,2727.1774591232374,52.12917887374936
2017-05-10,0.08583592078244419,2582.342116302799,51.294675948987745
2017-05-11,0.08368532597760216,2601.835192036389,52.48422052504787
2017-05-12,0.08788208338846039,2527.285792727178,49.38435054755151
2017-05-15,0.08523106986301511,2552.8256213586005,51.2247383020542
2017-05-16,0.08637573667630413,2544.546922954357,50.378368387574334
2017-05-17,0.09414922365709186,2795.2338521759675,46.86309054895887
2017-05-18,0.0933915964329621,2769.0697607054944,46.9321200728714
2017-05-19,0.08303048125696232,2977.2691444977772,54.483070972693845
2017-05-22,0.08620107939703194,2906.7821180352094,51.991749809024974
2017-05-23,0.08728463722104218,2871.5972709300486,51.179227944664625
2017-05-24,0.08858044869157457,2859.825505149947,50.30360273235107
2017-05-25,0.08995799091118702,2795.226364686168,49.85219136216886
2017-05-26,0.09775771517399028,2684.621583089702,44.746518976157375
2017-05-30,0.09412339408408932,2743.9803359538178,47.01505019849472
2017-05-31,0.09371666236435666,2845.953650007303,47.159419684374235
2017-06-01,0.09237229638495276,2636.0434817918326,47.50643571293928
2017-06-02,0.09265104551855487,2607.871198550027,47.19999773027349
2017-06-05,0.093746125269595,3032.488002543116,46.75936482219781
2017-06-06,0.09970568409638904,2939.92593036695,43.3380715228672
2017-06-07,0.10646791755225027,2872.6685019508154,39.81832525504013
2017-06-08,0.10854592415496556,2848.0070050349864,38.96617329810726
2017-06-09,0.09565272812380443,2420.4293957592254,42.83554802872984
2017-06-12,0.09086897637497564,2518.6962258812578,45.8172605804396
2017-06-13,0.08761666645957401,2560.1445163549956,48.0700983676843
2017-06-14,0.09191232915625885,2150.8771488688776,45.1590121753384
2017-06-15,0.09040524952822875,2170.187321488938,46.4129876361111
2017-06-16,0.09219662246942127,2015.9094822587642,44.758172477931886
2017-06-19,0.08984494981479874,2053.781667358096,46.24223295099697
2017-06-20,0.08499240989059542,2208.21682157587,49.88754016335305
2017-06-21,0.08551521138412532,2191.172253483881,49.505835103877686
2017-06-22,0.08400381530752311,2212.231301390593,50.74963708042982
2017-06-23,0.0826119032469733,2082.907459293354,51.9521080460657
2017-06-26,0.08253697820799553,2145.6323937263205,52.24870453040027
2017-06-27,0.08029765451456865,2090.409305012733,53.802770238748266
2017-06-28,0.07799244361952107,2030.578103629863,55.80948407655946
2017-06-29,0.07301016150638483,2102.418797690204,60.60867797831008
2017-06-30,0.07566081120724497,2054.4403443382084,58.33430035646778
2017-07-03,0.0762547089347351,1973.3209702575425,57.619811871862815
2017-07-05,0.07604011725196859,2163.2055599757527,58.05724762186633
2017-07-06,0.07187963986962363,2022.2405015407232,62.34315733912951
2017-07-07,0.07222722895669219,2025.5571381843508,62.35616343125972
2017-07-10,0.07153455596636131,2021.8371070851358,63.31494298555872
2017-07-11,0.07273606386436336,1995.4900697418595,62.36402721744277
2017-07-12,0.0714072160244314,2067.353467972941,63.87689097461285
2017-07-13,0.07754483805394946,1974.0721090867835,58.100848694967766
2017-07-14,0.07504219813547389,2029.2276253153932,60.673279206304855
2017-07-17,0.0777721838900798,1985.841290458228,57.86111499828383
2017-07-18,0.07785562808303051,1992.8272435127608,57.71043703815327
2017-07-19,0.07858351625076404,2139.74135568114,57.53407444779529
2017-07-20,0.08208659852568562,2069.7976489369375,54.63503947824427
2017-07-21,0.08282083375571096,2049.188807308608,54.044027455354666
2017-07-24,0.08278174328678013,2070.886522974778,54.26388521291497
2017-07-25,0.08232502207653886,2040.073223235163,54.132987531613004
2017-07-26,0.08166970604556996,2194.141207927658,54.84316374143116
2017-07-27,0.07994896259594562,2178.4619329451243,56.26750438864302
2017-07-28,0.08228580426289582,2279.8687547472236,53.78235067706339
2017-07-31,0.08270666927704733,2297.5199747246093,53.96515179890633
2017-08-01,0.08359672153612706,2148.318392887456,53.19923992345497
2017-08-02,0.080438602169405,2101.2614529051702,56.9424514212469
2017-08-03,0.07723608822775443,2234.017315022953,59.40622619529247
2017-08-04,0.07736768854019774,2195.4748803399307,59.73785559527024
2017-08-07,0.07778166195224684,2149.586402760217,59.859834655197524
2017-08-08,0.07530510378606543,2161.291788695865,62.10615319399218
2017-08-09,0.07195498311796081,2177.717842436687,65.12771758446453
2017-08-10,0.07539197416517211,2587.9446592769373,64.74427584941398
2017-08-11,0.0781531130219293,1891.5853009576495,61.225134660462594
2017-08-14,0.07406291151283796,1916.3068486044422,66.24215668041303
2017-08-15,0.07934335927043419,1768.4092030063607,60.28845460735042
2017-08-16,0.07932135365696215,1757.9128875995211,60.362098086726256
2017-08-17,0.07151136859784217,1861.7258552826618,67.9939528605172
2017-08-18,0.07123438883725186,1906.0340956996959,68.18207772938955
2017-08-21,0.07253986179433658,1881.4327086702788,66.78714142147287
2017-08-22,0.0689447763369318,1970.489244891929,71.14619896582487
2017-08-23,0.0715300823241479,1918.0500467713011,68.51925547544347
2017-08-24,0.07203805849088363,1788.7267206166712,68.05747694601142
2017-08-25,0.07104161075227303,1858.6655768946082,70.05526145732239
2017-08-28,0.07202087715551468,1785.232031385894,68.97883411133296
2017-08-29,0.07079304112273435,1862.9874448458677,70.32379518280462
2017-08-30,0.07118652773643501,1849.9651135274157,70.0555307187709
2017-08-31,0.07265239990125612,1832.3048251361183,68.45361459384046
2017-09-01,0.07293661129456032,1821.9442229570316,68.01200640068056
2017-09-05,0.07009848612769913,1986.3229431836635,71.88926136149202
2017-09-06,0.07372290066599642,1946.4243705714803,67.98011096656136
2017-09-07,0.07422457679532929,1937.5388925524544,67.3505429757103
2017-09-08,0.07206548498684481,2001.00558222346,69.87450934665293
2017-09-11,0.07640920592993941,2015.075566478865,65.73745925875754
2017-09-12,0.07623167702129187,2011.2421766688283,66.73336383780354
2017-09-13,0.07502879486466814,2039.3763342008908,67.83447032740956
2017-09-14,0.08142982766653024,1960.4009058608017,62.29201114740952
2017-09-15,0.08127551783592202,1951.0606212849987,62.456226128701594
2017-09-18,0.09709816323429021,1915.5892622530691,47.87185997412263
2017-09-19,0.0983897768602296,2014.3573531422549,47.08916516339392
2017-09-20,0.097840531328202,1961.263601386385,47.288075647057134
2017-09-21,0.10315156096694279,1924.1508737657084,44.63575744075889
2017-09-22,0.1040300335341032,2003.8663739222113,44.09929818963004
2017-09-25,0.10551349090828749,1972.5117627081524,43.18375126382096
2017-09-26,0.10440768774202483,1995.1996413163267,43.62813026772701
2017-09-27,0.10323754460702565,2101.8560473877537,44.101411110240804
2017-09-28,0.10555879550379514,2093.9100228053894,42.883374966286496
2017-09-29,0.10919455946875567,2218.2724596522003,41.457741691224584
2017-10-02,0.1098004835046338,2184.0418484834504,41.15936615046086
2017-10-03,0.10807028830381656,1865.0140790377225,41.6957571254102
2017-10-04,0.10832913732124251,1094.6319639720368,40.972730960947445
2017-10-05,0.11509774161825102,759.8346458597697,37.489894475164355
2017-10-06,0.11475327106129724,755.8890199705579,37.48731455217607
2017-10-09,0.12378183131544847,721.480780328897,34.05354922483145
2017-10-10,0.12096085056349386,731.3649251353715,35.13321307634077
2017-10-11,0.11909795215229947,743.224289503467,35.97155884473939
2017-10-12,0.12012610298682348,738.3024788609097,35.56764389578676
2017-10-13,0.11814786116247027,746.0538579578774,36.23883238516355
2017-10-16,0.11660127077683244,721.5724395181013,36.812051388056595
2017-10-17,0.11499525327219122,722.9038574663268,37.30042197585041
2017-10-18,0.11553882199799703,727.9557374989424,37.36859536156526
2017-10-19,0.11101973015378863,732.2840823444371,39.06838570953956
2017-10-20,0.11434051909758328,728.7290601213159,37.81036665728931
2017-10-23,0.1154161516843154,720.2417439284918,37.77085455521103
2017-10-24,0.11515568558693264,716.8643179566175,37.77729574522735
2017-10-25,0.11597941078930366,728.9045875677808,37.39822172241575
2017-10-26,0.11272292159338082,737.3375576378936,38.67205889007091
2017-10-27,0.11460739921636767,733.9433651316226,38.22429425839052
2017-10-30,0.11193771835060443,739.3113512559447,39.23078813370722
2017-10-31,0.10505093550108385,776.6217827054746,42.35361638423257
2017-11-01,0.10525840980134335,776.587287442186,42.06865351601339
2017-11-02,0.114414547455559,753.6930535731763,38.15836146567765
2017-11-03,0.11110707591176114,581.8123674268599,36.48615752857093
2017-11-06,0.11133280654851783,633.1210919369149,36.509418608819004
2017-11-07,0.11187399431782044,616.7969506459348,36.07892366324341
2017-11-08,0.10943685004070226,621.0386932031358,37.09783222448703
2017-11-09,0.09967955850623468,653.3928362608264,41.54623993165719
2017-11-10,0.10761504412847366,592.3644668185265,37.530850599753265
2017-11-13,0.1070310878510281,593.3120951167008,37.34051274333292
2017-11-14,0.10726060105800532,592.0172724659143,37.044793983801505
2017-11-15,0.11602258075936318,544.5624250177003,33.13486023898727
2017-11-16,0.10494425092025451,625.5549855316953,38.87342722507228
2017-11-17,0.10554554143934985,617.8454009404612,38.49449368965619
2017-11-20,0.1072154160857229,615.0769437797574,37.805098260050904
2017-11-21,0.10248841568780391,633.5957553226233,39.821130190303194
2017-11-22,0.10604175332604984,613.9592656000725,38.15253378402513
2017-11-24,0.10608336381813718,621.6085901004296,38.10571686956362
2017-11-27,0.09476085738370371,708.9594728255869,44.74232876618828
2017-11-28,0.09028266606412014,726.9472369757838,47.53001563400478
2017-11-29,0.08344083696150893,651.8585790039381,49.78389499403624
2017-11-30,0.07985118958292711,660.2278089570715,52.35702657668621
2017-12-01,0.082701132572688,615.3274138592216,50.1999014058088
2017-12-04,0.08456975658910533,604.5344049921958,48.890704799594985
2017-12-05,0.09045849969844186,572.0389330464017,44.77571868252787
2017-12-06,0.08290640763109408,609.7324623708134,50.10218593034054
2017-12-07,0.08509331620421676,598.0710964305312,48.47000810720647
2017-12-08,0.08406907387459504,603.38341898117,48.98247406668901
2017-12-11,0.08527020065177718,596.6596958251845,48.23309771159453
2017-12-12,0.06392764459098108,603.3209272519591,69.13922368935914
2017-12-13,0.05971721334269277,605.2950554554448,74.2793075752832
2017-12-14,0.05858992167535395,626.6460615803798,76.18554064243438
2017-12-15,0.058556455746269435,628.4298623579858,76.2308057322495
2017-12-18,0.06144449028832172,631.5430877499908,71.14507686351838
2017-12-19,0.08240261250370638,738.4683963281585,56.112165281449535
2017-12-20,0.08337306045956357,715.8564195202036,55.29427241819347
2017-12-21,0.08638841277024667,674.1850878635834,51.919255342692054
2017-12-22,0.08497273258744414,689.1003171913511,53.09824875244002
2017-12-26,0.08926286653924949,669.163365517627,50.12792235287967
2017-12-27,0.08714627777699008,682.472222979499,51.35124170296438
2017-12-28,0.08633720552025427,686.2223648481955,51.96555372709205
2017-12-29,0.08632356462260198,888.3071396003775,52.879058293720206
2018-01-02,0.08447199872366824,1369.476805705162,54.89435118712043
2018-01-03,0.0834869611577038,1381.01229436237,55.7454159042951
2018-01-04,0.08362337588834381,1362.6016849104203,55.113194656253235
2018-01-05,0.08355750856389017,1370.3116049487614,55.09586554620666
2018-01-08,0.08491065549830486,1369.1338086102976,54.05640186345768
2018-01-09,0.08416707689918144,1362.759979193308,54.49769696093515
2018-01-10,0.08401011641042408,1319.867737254962,54.562155145447996
2018-01-11,0.08293172562193285,1377.3869033472827,55.4803997622886
2018-01-12,0.0807315522440873,1411.503064625117,57.09872706140245
2018-01-16,0.07918894158727034,1421.1612043049229,58.41533470072947
2018-01-17,0.08096315528409813,1467.8491482086192,56.95781443511304
2018-01-18,0.0800964123261293,1464.5257845883032,57.54443278014016
2018-01-19,0.08113661719643372,1400.1091064921602,56.66168909552404
2018-01-22,0.0810571141780442,1378.7907387841744,55.9893145906789
2018-01-23,0.08133089479925718,1338.6294909612573,55.76606136222107
2018-01-24,0.08175909026324393,1353.8739520614035,55.53212000872494
2018-01-25,0.0865092820118931,1331.150040339369,51.75315049305988
2018-01-26,0.08569488245062641,1351.0619618620613,52.403436098281496
2018-01-29,0.0852232729531337,1419.4591378996122,52.37562023089592
2018-01-30,0.07886066783724477,1741.9960709793493,58.132376380898
2018-01-31,0.07832281614829463,1749.6166034046817,58.80522981369331
2018-02-01,0.07449061530322226,1805.5719182838957,62.01288765517551
2018-02-02,0.10111617209835604,2242.684518172087,47.84214692507292
2018-02-05,0.1777640465621803,3076.6178859807137,25.748219029782497
2018-02-06,0.1584858326403725,3460.2061917159986,30.039973424925797
2018-02-07,0.147469972780239,3838.0323684855734,32.5582264830246
2018-02-08,0.12701263428363221,4244.552967848744,39.33395489702062
2018-02-09,0.12358521221281318,4150.763892440615,40.73199479990276
2018-02-12,0.1198079525745215,4152.68351752661,42.39800327163545
2018-02-13,0.12019798644608168,4478.496430693321,42.47135445139255
2018-02-14,0.11703225702573025,4494.350949594282,43.93776630645345
2018-02-15,0.11283893912860594,4841.3327617308805,45.915048612235765
2018-02-16,0.11276059741196721,4841.168312065244,45.89699500642746
2018-02-20,0.10346626526667817,5017.488737036565,50.39845591338449
2018-02-21,0.10289215140784193,5268.811460845934,50.71922948277406
2018-02-22,0.10291175974109747,5271.027473840543,50.72201020337657
2018-02-23,0.10571713296437367,5275.006078950579,49.330542334726836
2018-02-26,0.10570910066859465,5289.725202966196,49.37096340759796
2018-02-27,0.0951821986972542,5408.926251201831,55.87900174111607
2018-02-28,0.09221646472202581,5464.9224044349685,58.06322251012835
2018-03-01,0.09091872376373845,6429.9249988649,58.90947946991106
2018-03-02,0.09088633877010885,6531.962695819114,58.936746740245965
2018-03-05,0.09153541597890273,6470.3255118313,58.407275299215414
2018-03-06,0.0926811588949003,6486.340787509172,57.36309576135805
2018-03-07,0.09236499007173031,6669.919767232435,57.612703257307835
2018-03-08,0.09237627493631365,6691.113298869512,57.59581360089987
2018-03-09,0.08760844070045472,6852.1063133557145,61.314086839770184
2018-03-12,0.08818103246227282,6829.417056419606,60.908862510703756
2018-03-13,0.08661564439161078,7354.710176718055,62.18100752871475
2018-03-14,0.08789297309135499,7278.624350841072,61.147047844543096
2018-03-15,0.08732065737411543,7392.20415605668,61.61996134726693
2018-03-16,0.08680018395536401,7502.353337467368,62.564643295433655
2018-03-19,0.08863920121612158,7201.334671733542,60.923762666885956
2018-03-20,0.08804284950350923,7761.237948666047,61.41689348532123
2018-03-21,0.08775556159010357,7753.779498746084,62.238401674073955
2018-03-22,0.07648364809729816,8662.705592518378,72.82642469474673
2018-03-23,0.06837325407670763,9041.734991868814,82.49509025793924
2018-03-26,0.06453303510705957,9655.304755677504,88.6866328094733
2018-03-27,0.06046112113260962,9956.73648271174,95.31837919024754
2018-03-28,0.06049836289040617,9797.746132741477,95.01237527030824
2018-03-29,0.0597157647435487,9853.612087815509,96.4676651581038
2018-04-02,0.056136263856077485,9257.49812958984,102.87293786423811
2018-04-03,0.05501584364898978,9439.624774207163,105.43699833576937
2018-04-04,0.05551992800480991,8696.623349591682,103.87043236118063
2018-04-05,0.05553481156100737,7870.443680037311,103.58300030142765
2018-04-06,0.05206252914337881,7965.329004885438,111.03037233896802
2018-04-09,0.05225138881783982,8311.650055281027,110.64536224614463
2018-04-10,0.05128188235008081,8528.049050193644,112.87472378260735
2018-04-11,0.05170478992698327,8484.654488303755,111.8302653672291
2018-04-12,0.052032747380016904,8505.733279686969,110.97860511047867
2018-04-13,0.051996077859367475,8266.85041700823,110.93696339021979
2018-04-16,0.05218190448391766,8310.322205941182,110.60976986459558
2018-04-17,0.052270488190056315,9153.725897386306,110.45508143696831
2018-04-18,0.051767061549584235,9190.53535122219,112.11079956433313
2018-04-19,0.051270823659420435,9136.834762281691,113.27888808891397
2018-04-20,0.05050318207585131,9218.72594403191,115.04270645761237
2018-04-23,0.050205111546060666,9452.784909499662,115.87693576269935
2018-04-24,0.0501953817888523,9150.328174137898,115.76566780820305
2018-04-25,0.050973350794707696,9120.239296969503,113.90958921295079
2018-04-26,0.05061056436339609,9621.3628904322,114.94350898940172
2018-04-27,0.050555933399449075,9585.940181834092,115.02632310504555
2018-04-30,0.05061945167334581,9432.84356523716,115.4953176803612
2018-05-01,0.055780506578520204,6935.9064818455645,103.30492381315901
2018-05-02,0.04761222152365323,6141.5448605224865,122.42587409112768
2018-05-03,0.05004293023378633,5609.555573571907,115.28347790881858
2018-05-04,0.05058995291035809,5189.4907134499,114.71390629117987
2018-05-07,0.04704584884399695,4577.046635142694,121.75526504302086
2018-05-08,0.04922210648732553,5283.798036287911,116.66576569976448
2018-05-09,0.051398145722109434,5299.4486010356695,111.35843843734136
2018-05-10,0.049084608143073784,5462.974464122784,116.90220492668222
2018-05-11,0.05238147142926119,5348.958535529862,108.56499581310742
2018-05-14,0.055488852977919605,5150.86630745077,101.90392481463499
2018-05-15,0.0522777200027085,5274.4805660275615,108.50517272557146
2018-05-16,0.05389340788648378,5050.118357364702,105.35128078180591
2018-05-17,0.053328325440181054,5141.873660475944,106.35778525890618
2018-05-18,0.05305552768243369,5153.251872899348,106.80374232030992
2018-05-21,0.055829984763738606,5024.480900094751,100.9332234382335
2018-05-22,0.057421216568878726,4958.785811156293,97.85880513296394
2018-05-23,0.06255806566052374,4573.90379488995,87.99581412002345
2018-05-24,0.0645108358712425,4490.128449576984,84.92625830801298
2018-05-25,0.06530810677542408,4388.146419400357,83.89953082243665
2018-05-29,0.061320674164597536,3913.433684745824,89.49719376034443
2018-05-30,0.06081745014181648,3826.90367356774,90.1053625002833
2018-05-31,0.06328909930639165,3636.4046250414817,86.82500407712774
2018-06-01,0.05955135440138921,3175.62973117485,92.39290991495652
2018-06-04,0.058846571584258635,3202.6264547036017,93.58801745935271
2018-06-05,0.06319566418934286,3009.4641248722814,86.11378212103152
2018-06-06,0.05983921674933355,3008.218876282203,91.42462011116191
2018-06-07,0.060028324508144965,3007.005670847356,90.9312680549743
2018-06-08,0.06021787513724166,3068.745607963791,90.67102883358669
2018-06-11,0.06023013506890273,3084.783817047719,90.63398659680348
2018-06-12,0.05981407459534673,3060.744050745306,91.22229645887408
2018-06-13,0.06228784529700123,2935.4256351635454,88.05321909962213
2018-06-14,0.06342113885129808,2898.8041000939475,86.14014647291263
2018-06-15,0.062095667327887114,3035.5133646984723,88.03408067068186
2018-06-18,0.061007674039567146,2787.9734291253208,88.06456685838336
2018-06-19,0.059840863073137615,2674.540399584335,89.20059797982799
2018-06-20,0.049465530649596294,2284.365098292292,104.09435697315686
2018-06-21,0.05026593144564102,2277.603110125212,101.97562730133686
2018-06-22,0.04794815941862119,2337.136591219337,107.96144916978322
2018-06-25,0.04912293801912283,2225.2921562527786,103.51233860125872
2018-06-26,0.05185845334637847,2299.806235142929,97.65214985969112
2018-06-27,0.052142569759584693,2299.814167132976,96.9348951771744
2018-06-28,0.05123696410564232,2404.8601946811696,99.41674253396832
2018-06-29,0.048882696722382546,2880.2770447720723,105.58425292886054
2018-07-02,0.05098829180813926,2240.5639813625658,98.67219394274045
2018-07-03,0.05263063948891089,2215.4813509833107,94.95422785573892
2018-07-05,0.05664383926026945,2074.8985857906587,86.49613021823612
2018-07-06,0.05320211502529187,2144.3076175968904,92.92801893389483
2018-07-09,0.049391068367585396,2267.4834957639905,101.50117778017598
2018-07-10,0.049759172644852745,2311.792830686084,101.03211194948074
2018-07-11,0.046561862402184274,2441.513127561865,109.39735149657666
2018-07-12,0.04543696488884696,2463.6683398918276,112.36620584218986
2018-07-13,0.046822329159715396,2429.4707537287686,108.9689073358562
2018-07-16,0.047303837080959685,2499.0172112166483,107.91563479489561
2018-07-17,0.04796154748289916,2533.9332085455294,106.54983029162257
2018-07-18,0.04858299285155006,2524.081912178158,104.8520983011866
2018-07-19,0.047304776454257055,2598.445376133502,108.37608779078833
2018-07-20,0.044825460915692436,2494.667954413121,115.04936483949889
2018-07-23,0.04536949007751225,2340.2988148613417,112.0221965519176
2018-07-24,0.04405480413478896,2387.2687792189868,115.96001883452148
2018-07-25,0.04201183500411222,2612.4454780979495,122.79516883941125
2018-07-26,0.04105209549478398,3364.5995660165354,127.2709281403641
2018-07-27,0.042258167232504626,3385.3653892448374,123.16514601805149
2018-07-30,0.04216878031363937,3363.3381212924305,123.3846322157186
2018-07-31,0.04151208391802667,3384.424796364299,125.57815557313971
2018-08-01,0.04122660541054484,3035.328174329261,126.04373582653808
2018-08-02,0.03895573288988026,3220.253446431714,133.95939489904828
2018-08-03,0.03807080481447299,3194.599180413236,137.28737932683143
2018-08-06,0.03902356014189884,3086.103635051116,132.96907662063774
2018-08-07,0.03719454505982866,3190.604668719996,140.10107833339467
2018-08-08,0.03729263701760871,3244.0179566375723,139.74924736938806
2018-08-09,0.03905950338440204,3395.288316110402,133.473103038708
2018-08-10,0.03852785502636902,3745.3819050090447,137.32062411761933
2018-08-13,0.036729150605183974,4076.935633182516,145.5519027111415
2018-08-14,0.03578111271437366,4098.513064562796,149.76880807031299
2018-08-15,0.035441262175649954,4390.0938806315,153.17433707344748
2018-08-16,0.03462676592824502,4447.825303914133,157.09564308370202
2018-08-17,0.03318545728642061,4519.612040960719,166.0270605132966
2018-08-20,0.034016779477190014,4493.799420358862,161.82232498327363
2018-08-21,0.032566356748487645,4700.240221451197,170.7439991590956
2018-08-22,0.03205400763689124,4345.7620607991885,172.6848706985324
2018-08-23,0.030217538897889033,4394.250188820395,184.9718443997125
2018-08-24,0.02933163969045848,4702.645005776161,192.51746974573868
2018-08-27,0.02923429343444957,6051.745127024301,194.80674330564437
2018-08-28,0.029617636717944713,6032.284161387028,192.13205143171453
2018-08-29,0.030027752033659694,5953.847667065013,189.26888375456485
2018-08-30,0.029725732458943173,6013.729651010825,190.100262049351
2018-08-31,0.030586510246266938,6030.247342016737,184.3709400051583
2018-09-04,0.029112556579350236,5039.606567531112,192.1742038664812
2018-09-05,0.02735251548943709,5135.386267485213,205.04866822041404
2018-09-06,0.027618672707375263,5254.141540118964,203.22523550623808
2018-09-07,0.0272770317707521,5273.152907436743,205.6146668240857
2018-09-10,0.027795617856983337,5162.4350898321545,201.29967305582588
2018-09-11,0.02890581523608553,5161.853809354302,194.08816574923873
2018-09-12,0.03056218961063684,5066.960292098555,183.27738976644446
2018-09-13,0.03182141542320825,4887.250446086934,175.7771605460383
2018-09-14,0.03191349856464309,4888.881954475154,175.48568081760885
2018-09-17,0.03295761201717533,4857.930078974749,169.49679801247524
2018-09-18,0.033015161318884684,4367.73676537352,168.4687693550589
2018-09-19,0.03444697431082627,4304.768359434607,162.07772659329254
2018-09-20,0.03368492364526526,4343.700661838127,166.20441830961835
2018-09-21,0.036912697570827616,4114.463548337685,151.17097145379168
2018-09-24,0.0357426970089596,4193.964420535907,154.57383574148218
2018-09-25,0.036993621241824606,4052.211380243373,148.36035113219245
2018-09-26,0.03916399581450485,4460.374936876319,141.095008323175
2018-09-27,0.03927126939714609,4451.401107976792,140.92703187322337
2018-09-28,0.037680255266670716,4399.288301896512,147.87875413983954
2018-10-01,0.03871859179012654,3533.3180307397797,142.0117657224491
2018-10-02,0.03727547403531217,3503.0455571464818,147.17173063518922
2018-10-03,0.03675504090721669,2884.858748607481,147.0119821008944
2018-10-04,0.03930481608582979,2980.4552713243775,138.90552673482105
2018-10-05,0.039678884365671525,2902.3381290847738,137.30120659105987
2018-10-08,0.03945888539790545,2831.9437625970277,136.93004120230023
2018-10-09,0.03903751382323355,2842.6349465583794,138.5589648050192
2018-10-10,0.052214739314054265,3278.5703546570603,105.15897783860112
2018-10-11,0.0486652414758271,3362.54423290161,112.79675865236828
2018-10-12,0.049748069991990454,3567.425652327126,111.35781136141506
2018-10-15,0.049849954898031915,3668.7153810442833,111.12891316739538
2018-10-16,0.05030452727900834,3912.054969785967,111.61130808597775
2018-10-17,0.05092141629288117,3740.349906947982,109.88426875571228
2018-10-18,0.0485167646016816,3879.3861673898928,116.2220691138607
2018-10-19,0.048795034279530504,3790.334951802173,115.24965716408181
2018-10-22,0.04863002021435977,3783.910410440006,115.57108028404512
2018-10-23,0.045838821509603486,3894.506665146227,122.93714109606618
2018-10-24,0.04936901282765999,4286.672592238274,115.58066934270187
2018-10-25,0.04714783616031485,4922.619574773957,122.2818565193367
2018-10-26,0.0460957634539343,5131.146637555061,125.27300232677652
2018-10-29,0.04453717312396819,5191.062363936811,129.8580698444785
2018-10-30,0.042131046880758236,5464.828704651059,138.44172428519875
2018-10-31,0.04225623511860133,5483.942584393876,137.76897711037083
2018-11-01,0.041038205584057595,5475.270849484089,142.83382350582113
2018-11-02,0.04078509155595877,5470.176100018916,142.78023782749023
2018-11-05,0.0443723406090822,5184.31406222852,130.37250179402972
2018-11-06,0.046179328164863254,5166.166734622641,124.996654618882
2018-11-07,0.044633234781206364,5274.592864606924,129.83857696593014
2018-11-08,0.04535436339574175,5216.339916100495,127.37924213771937
2018-11-09,0.04315076160329397,5204.162564177854,134.014177403276
2018-11-12,0.04145412861781162,5415.212806821334,139.28993646452045
2018-11-13,0.04052522741359644,5477.864102028255,142.79428454029824
2018-11-14,0.04206487023785755,5277.1187005208785,136.93510637111555
2018-11-15,0.040886871774969635,5408.275601660071,140.5208493152983
2018-11-16,0.04189798822683173,5383.403925493458,137.11697576434216
2018-11-19,0.04186642324745285,5193.8940295395105,137.04010017449957
2018-11-20,0.04050610466053652,5196.1773199816225,141.8290483552416
2018-11-21,0.03837014260242175,5282.167628561062,150.13352849300017
2018-11-23,0.03797634309720419,5284.250345355301,151.14273347537696
2018-11-26,0.037432262850252564,5372.351615475766,153.94592955591423
2018-11-27,0.037438078656329775,5339.753703760644,153.90138440546164
2018-11-28,0.03636224285943723,6923.011771219867,160.62064825381972
2018-11-29,0.03714386581307089,6647.20256279971,156.90714657878286
2018-11-30,0.036953428072175845,6659.4900751702,157.58406220440935
2018-12-03,0.03521206937520574,3596.588438433382,162.82634758468646
2018-12-04,0.033601973953494464,3830.064511413072,171.87239426836248
2018-12-06,0.03319767734084177,3794.605188118472,173.8755750475658
2018-12-07,0.03124693666207818,3782.4852704329737,185.0093413593542
2018-12-10,0.032132793182476055,3758.452256940613,179.38124001051497
2018-12-11,0.03216603231087038,3716.7752497675947,179.05526193606775
2018-12-12,0.030741002029651805,3677.972940272946,187.88419008751515
2018-12-13,0.03151903266044773,3564.7617266564403,182.99902095859807
2018-12-14,0.03027036149477143,3600.9960296571676,190.95154090988046
2018-12-17,0.03099491079112538,3639.1727719738833,185.76539589625082
2018-12-18,0.03133456051288943,3563.8789871177237,182.99078970875644
2018-12-19,0.030870097164533778,3581.581915048679,186.54876418455584
2018-12-20,0.031109156418059433,3570.9469205977543,183.85963357377506
2018-12-21,0.0310441300488326,3406.4634087325917,183.41311586229344
2018-12-24,0.031011457502291173,3330.4223745357167,183.2572863360533
2018-12-26,0.03031605790237488,3552.4170600811904,188.01885791546462
2018-12-27,0.030156288020124593,3910.870549695553,189.93291228309283
2018-12-28,0.02991661793463821,3751.7802915900265,191.00017414852337
2018-12-31,0.029885217081524067,3848.7611563980377,191.92242384353193
2019-01-02,0.03147819523731086,3719.594006200463,181.4569021297716
2019-01-03,0.029903295641340883,3795.7387008705164,191.52657999282692
2019-01-04,0.03175109700483667,4276.997673973497,183.2591160089077
2019-01-07,0.03122667946140633,4287.090767839056,186.00263150557586
2019-01-08,0.032328860363839064,4046.8370411812252,177.10929076390968
2019-01-09,0.031709622071252816,3975.6716778272294,180.41080049394998
2019-01-10,0.03350946529101228,3886.356787094827,170.55792742464573
2019-01-11,0.03390050145989803,3880.4397290009774,168.5689810079118
2019-01-14,0.036237112862722964,3749.5984402681106,156.93250665808856
2019-01-15,0.03534498117116907,3717.4647911555994,161.09003286887236
2019-01-16,0.03653433928676459,3605.5021931812666,155.10166416819678
2019-01-17,0.03667809279570627,3638.823875258808,154.85791027871355
2019-01-18,0.03617445669731553,3664.155186374684,157.13285579097246
2019-01-22,0.03577568898254821,3689.3489116716646,158.93965003498107
2019-01-23,0.034343936354929785,3375.539958724727,162.74993252437073
2019-01-24,0.03614416331491849,3308.0804840972896,154.08124087548353
2019-01-25,0.03573509995341236,3310.374194757616,155.94829219564176
2019-01-28,0.03651995080560174,3286.1945285664165,152.5073050867089
2019-01-29,0.039103803968267084,3192.5971611531936,141.80678982696742
2019-01-30,0.03764126420711163,3128.0240545101815,147.52827444049618
2019-01-31,0.04002377266179649,3137.686084657753,137.9020966054736
2019-02-01,0.0402855758279318,2889.8618671020995,136.7918590771294
2019-02-04,0.04007835188718234,2821.3829207766835,137.43080968558505
2019-02-05,0.03893953492590553,2801.393625121018,141.55827013962084
2019-02-06,0.04105242227940369,2736.6396521712622,133.69809872661878
2019-02-07,0.04143948561258272,2728.15914184078,132.7107832375827
2019-02-08,0.04276637914810325,2704.8229720336744,128.46244931911747
2019-02-11,0.04525507535368314,2602.52687928217,120.80744412156017
2019-02-12,0.04484752449704345,2604.094814627383,122.02459620058097
2019-02-13,0.04479995090295103,2618.6404349307777,122.14951419782945
2019-02-14,0.04651660781185233,2567.2716838175506,118.20758513043492
2019-02-15,0.0463598992538424,2566.9920923701484,118.167404527378
2019-02-19,0.04824054770652991,2527.002898715354,113.08233064968752
2019-02-20,0.051305582564688486,2414.5285065021017,105.4844083973663
2019-02-21,0.05411840977663208,2339.831847735995,99.69050158946547
2019-02-22,0.054202242253856156,2328.6879822850688,99.86141049043574
2019-02-25,0.057298279553198,2276.5394899838157,94.16611522766769
2019-02-26,0.05728832955727823,2287.8679901715923,94.39731422036944
2019-02-27,0.06257906793502013,2125.531613071005,85.36690177492429
2019-02-28,0.062247055186754226,2125.325659262281,85.29968023689652
2019-03-01,0.062471441275617365,1927.258519092062,84.61575315272079
2019-03-04,0.06846281317344038,3074.832795811446,77.60099881899592
2019-03-05,0.06948174776609353,2787.204922972571,74.72072038162334
2019-03-06,0.07043912749422572,2792.1758900256823,73.65225968927707
2019-03-07,0.07137056490233856,2803.3836895099284,72.33282105759375
2019-03-08,0.07125782428200347,2809.5836021824257,72.75146236682231
2019-03-11,0.06685284354118198,2908.4849476100367,78.15028056383578
2019-03-12,0.07209327461858334,2864.0231868137935,71.81798022074544
2019-03-13,0.07213630058134404,3061.0071021606195,71.64845326956821
2019-03-14,0.07726193184347062,2785.981571602549,65.88029840481688
2019-03-15,0.07501598802144896,2673.30505445964,68.35327828549173
2019-03-18,0.07421221647266123,2946.474080380867,69.50589674350971
2019-03-19,0.07888353285863682,3027.204319232928,64.84731818256682
2019-03-20,0.0779244358295983,2985.676803211226,66.65765056106302
2019-03-21,0.07980896050154962,3009.221958278111,65.10124839727095
2019-03-22,0.07933701988831027,3320.604347316598,66.98844159315179
2019-03-25,0.08467389478534496,3011.421617743014,62.14723833581626
2019-03-26,0.08458821701239953,3041.950602805631,62.276620653914286
2019-03-27,0.08369956835799232,3049.0780844433907,63.014894206168705
2019-03-28,0.08372688961736957,3250.5568619150154,63.20483502357077
2019-03-29,0.0834384529929191,3269.964589512416,63.664060966659804
2019-04-01,0.08560786005285716,2948.9622647373835,61.267337413129766
2019-04-02,0.06508834229562162,2437.022197760944,79.62187726239749
2019-04-03,0.06310534713671569,2441.850058786672,82.57150917967722
2019-04-04,0.0623926731569604,2465.457871647583,84.62963567954355
2019-04-05,0.06668338245897497,2389.779823241736,78.3841256677878
2019-04-08,0.06627600041061539,2383.792366975006,78.83314004664703
2019-04-09,0.06623702860329739,2364.302595920569,78.59869997264192
2019-04-10,0.06995819078737388,2278.8344319024386,73.9909568473443
2019-04-11,0.06970615675226224,2366.249694206683,74.22055204240195
2019-04-12,0.07038446345117229,2200.7078666059438,73.32250778035532
2019-04-15,0.06984835064450572,2216.388147157645,73.93845333603065
2019-04-16,0.07045850347652934,2017.2984358176236,73.13384440682451
2019-04-17,0.07897506598072394,1839.344904233193,63.89377695300065
2019-04-18,0.08022737828877415,1820.25778250944,62.2071891522295
2019-04-22,0.08046819781405053,1773.4600947302974,62.00446964602694
2019-04-23,0.08661239532431822,1671.4976894260833,56.80803522742911
2019-04-24,0.08404645080311844,1729.7202561945537,58.62573827452352
2019-04-25,0.08326624053950987,1741.0559456999058,59.25813271082168
2019-04-26,0.08793493354520064,1580.6765911870052,54.57153648158389
2019-04-29,0.08572949592593108,1602.506247144522,56.57873090862683
2019-04-30,0.08625737907137249,1919.534645356124,56.89280689700619
2019-05-01,0.08283354345085853,1190.4035870530756,58.23370828519825
2019-05-02,0.08757502921925824,1158.4229038018425,54.44860646750422
2019-05-03,0.09086144034111343,1162.0727115832801,51.9891196999075
2019-05-06,0.08888824584975344,1188.21360643325,53.513039706099974
2019-05-07,0.08253550089393108,1284.825951979501,58.76245512880941
2019-05-08,0.0828880468712663,1262.5426943198372,58.41523194096066
2019-05-09,0.07845980186441388,1325.996303084814,62.06668313740529
2019-05-10,0.07863943698811054,1315.1105412214501,62.13222292573968
2019-05-13,0.08872138837524382,1643.0698950583303,57.9636149091714
2019-05-14,0.08414028691450892,1729.4533829141192,62.15637173811363
2019-05-15,0.08462265411033397,1737.1233812739079,61.72572291700018
2019-05-16,0.08499412990014439,1721.3962097960552,60.761390976814134
2019-05-17,0.08020551180465867,1787.18784914386,64.82786956603509
2019-05-20,0.08122522042653696,1756.9143293837465,63.72912089348696
2019-05-21,0.0791990202303758,1795.497254816265,65.65893860184956
2019-05-22,0.07906402033784175,1796.3311499411109,65.67726903130732
2019-05-23,0.07473334451368276,1899.4125214827773,69.66760233795887
2019-05-24,0.07911308762179606,1909.9086491823216,65.89462582702731
2019-05-28,0.07900502804772656,2254.1480794287777,65.98349836558182
2019-05-29,0.07911995889618721,2198.1667694376542,65.54084787213834
2019-05-30,0.07777921506118764,2222.5766507091216,67.0031093437947
2019-05-31,0.07863674699866398,2176.1561959240285,65.34458453961054
2019-06-03,0.0871038478501449,1953.0463011980696,57.75032727436915
2019-06-04,0.08806519568322771,1985.5121023077195,56.51132937024658
2019-06-05,0.09101972376276461,1902.9023854648774,54.016765091173845
2019-06-06,0.09151375383046435,1840.6669882173637,53.607490127582686
2019-06-07,0.08912033192932246,1876.1429511464546,55.427079750875116
2019-06-10,0.08867471107702186,1965.6533012539958,55.900038847767114
2019-06-11,0.09220170375906236,1948.4283836847928,53.29100583530796
2019-06-12,0.08907475839238958,1953.1695248646029,55.35703235907443
2019-06-13,0.08889211347160625,1922.2221002212634,55.41072012349636
2019-06-14,0.08568849338502085,1903.5059789256034,57.873490833216344
2019-06-17,0.08601485629322103,1892.673280919869,57.144225914034365
2019-06-18,0.09036222193129889,1769.5949813134787,53.447955745685135
2019-06-19,0.08897590969076341,1527.8150789292229,54.3137532223625
2019-06-20,0.08460707941152311,1578.8527093259079,57.77594743305465
2019-06-21,0.08636892293250845,1494.0609948892513,56.43023853628538
2019-06-24,0.08641338604657954,1489.6364660746806,55.78905473234117
2019-06-25,0.0839432311181257,1503.465334132082,57.43144391326816
2019-06-26,0.08775601953946997,1512.8382601856697,54.47384905839436
2019-06-27,0.0873923377508863,1522.206231333063,54.729537780210016
2019-06-28,0.09066150580319739,1482.7483832595635,52.24581148286959
2019-07-01,0.09046096840135659,1193.824507523039,51.71808414795117
2019-07-02,0.0907573106903764,1176.8194061183556,51.30905170298228
2019-07-03,0.09041312997626477,1182.0167926888225,50.94753408616143
2019-07-05,0.08991908196399058,1186.6616612751732,51.18077383310203
2019-07-08,0.08589521525617186,1201.5450449884197,53.780931516877864
2019-07-09,0.08711982997303412,1195.1126778212852,53.00866984992205
2019-07-10,0.08723678752445473,1057.1574505495228,52.66621956773969
2019-07-11,0.0877142736225197,1028.2277765575393,52.12661483549908
2019-07-12,0.08821761262714053,1063.8942975228838,51.93043867465273
2019-07-15,0.08829729750217238,1066.476897709619,51.845558407711174
2019-07-16,0.08870319730038119,1062.6537347601097,51.85618548016334
2019-07-17,0.08837272192095541,1082.757134667168,52.052852007395266
2019-07-18,0.08735985252720789,1080.7739847220248,52.67440618831239
2019-07-19,0.09348044365786529,1038.5477005261755,49.028511661130956
2019-07-22,0.09387930787102607,1063.7116211427906,48.86672639085852
2019-07-23,0.09379254136364522,1066.942757471535,48.92045127323148
2019-07-24,0.09517205807838763,1053.573585185194,48.06654673392635
2019-07-25,0.09107487379580914,1073.3327996529372,50.58575433023793
2019-07-26,0.09413114981357217,1352.6317646283733,49.28015376250639
2019-07-29,0.0920792000527143,1363.199139005745,50.55640082464481
2019-07-30,0.09248905695710044,1345.5755039511746,50.397519598372654
2019-07-31,0.09435455697255218,1299.1014106570578,49.17301912526669
2019-08-01,0.09837307273779627,1092.717637765516,46.23701871102011
2019-08-02,0.0909521534055338,1129.3528632473542,50.68686806815209
2019-08-05,0.11447546701000914,1377.6301439362721,42.27490149998218
2019-08-06,0.11106362261200273,1422.7098775770562,43.78119237681235
2019-08-07,0.12207577937025788,1190.3106455588243,37.699145350753
2019-08-08,0.12399763688309552,1167.0537168179583,36.88988435155354
2019-08-09,0.12099760948457679,1174.0828055066136,37.84774346266214
2019-08-12,0.11231088247459954,1206.752380394182,41.68087193195166
2019-08-13,0.1126006199292654,1223.0486725850014,41.76447583869189
2019-08-14,0.10059537285374062,1401.258147392356,48.49310267904081
2019-08-15,0.1037635267790437,1353.0593014984872,46.59811773982304
2019-08-16,0.098016036730466,1407.8934526533346,49.9762008422643
2019-08-19,0.10590037101847478,1392.8710727243056,45.7611757224235
2019-08-20,0.10603266383343395,1382.243564284064,45.3821098305586
2019-08-21,0.10299554288943791,1410.102652032382,47.30298399721007
2019-08-22,0.09919796074190582,1462.6040804500099,49.22207572678774
2019-08-23,0.09080120880226276,1509.3262912597481,54.2686192480792
2019-08-26,0.09093816542475701,1561.4167583081887,54.78971239309697
2019-08-27,0.09159444953001625,1655.962485914243,54.86568290721847
2019-08-28,0.09300967830967231,1624.8089973513686,54.26043041717807
2019-08-29,0.09140894540313935,1668.1208977669826,55.67960949099519
2019-08-30,0.09055326602499848,1687.5545851070679,56.29245084747306
2019-09-03,0.0914223430746115,1496.921533843107,55.423089882519534
2019-09-04,0.0867618131180169,1586.851005140429,59.10578655886453
2019-09-05,0.08443611709327177,1614.2094553618,60.90549884031225
2019-09-06,0.08719086938838354,1616.9218079167365,58.86924673714001
2019-09-09,0.08757147928913146,1635.0886059725217,58.46050220326474
2019-09-10,0.09094350831834791,1631.612151651601,55.6603241598468
2019-09-11,0.09087396505713749,1666.1849595311974,56.159671598194386
2019-09-12,0.0945941669692902,1619.2016661590128,53.69782381003999
2019-09-13,0.09541094244354284,1869.672739849038,53.188413183876406
2019-09-16,0.09340786193921057,1838.148606478075,54.21263034781881
2019-09-17,0.0944604238133734,1911.4688357942377,53.63775065926638
2019-09-18,0.09404738161477134,1892.9474296119229,54.2666369680483
2019-09-19,0.09803895277333993,1870.3275101663326,51.832747092141496
2019-09-20,0.09888315413936158,1849.5091943530558,51.15893598946448
2019-09-23,0.09914639027304523,1830.0931923333908,50.455173498293775
2019-09-24,0.09526594593589717,1851.2596540883217,52.87258958737934
2019-09-25,0.09510372603711256,2405.024366036536,53.25215958342283
2019-09-26,0.09531937372836496,2407.990404188179,53.28978438582839
2019-09-27,0.08832787578341832,2367.735927605161,58.687542070996
2019-09-30,0.08886453916523648,2428.5370982224713,58.39342399914032
2019-10-01,0.08965726789235368,2288.901329314829,57.69932655035051
2019-10-02,0.08175722157894749,2395.96270623326,63.7730225147513
2019-10-03,0.08157436121478807,3024.0865500352056,64.13719715203217
2019-10-04,0.08035402472401978,3204.9364310775095,65.42235421487239
2019-10-07,0.07910873739076779,3212.0582792925006,66.34230501206804
2019-10-08,0.07784566662572949,3306.419107591104,67.0829750459034
2019-10-09,0.07706707723053659,3364.781429555775,68.03194610122674
2019-10-10,0.07652104487806963,3415.424474193571,68.73859144483718
2019-10-11,0.07303285276260477,3565.2748995268767,72.75962706358004
2019-10-14,0.0723468546792064,3626.9431620164123,73.56603366519572
2019-10-15,0.07028417687951945,3428.722111595051,75.95031778165661
2019-10-16,0.07032825958463833,3440.1212906097935,75.98098424461928
2019-10-17,0.0698986184798968,3455.0089629123304,76.79308331099644
2019-10-18,0.0705466898145395,3444.2111192626776,76.04546532978901
2019-10-21,0.06886607279617447,3533.683941446847,78.17609841069718
2019-10-22,0.07037417290337165,3561.015719399456,76.34804047427724
2019-10-23,0.07200668767400158,3566.254197218907,74.47300254771379
2019-10-24,0.0778437586325292,3527.3734722609966,68.40846853684258
2019-10-25,0.08552172175670901,3609.967916267227,61.7816228326213
2019-10-28,0.09245364825684028,3470.410553925173,56.6540228313083
2019-10-29,0.06745376859259779,2772.467096102303,75.01353705858386
2019-10-30,0.06882153037097781,2604.071728179396,73.23529144041366
2019-10-31,0.0661255227710696,2529.641278626273,76.32969586778887
2019-11-01,0.06441063898302729,1910.416034158957,78.09494583826225
2019-11-04,0.06714777719061403,1882.7332015976435,74.69861500737491
2019-11-05,0.07492535042430581,1768.7694024819098,65.79017367035252
2019-11-06,0.07513933181511649,1751.0938148713833,65.25667000220109
2019-11-07,0.059378016154632424,1409.895756623614,78.12674228306689
2019-11-08,0.0573172326085747,1424.2308558052166,81.34778621135004
2019-11-11,0.05834548119296744,1404.5347865499575,79.00148920337666
2019-11-12,0.058328946643512486,1400.2340850261792,79.07135753447571
2019-11-13,0.05534644440395136,1430.331603978958,84.44604710640131
2019-11-14,0.058081026067167016,1415.037245754674,79.51933205134699
2019-11-15,0.05702055048228231,1404.2245081212334,81.97957714418293
2019-11-18,0.057199896338088044,1285.108348270902,79.93666440722562
2019-11-19,0.057191566434111496,1245.0362911810823,79.75998666416862
2019-11-20,0.05409811568286377,1304.1419738484838,85.14176697679997
2019-11-21,0.05259287563997544,1335.2737897660436,87.38445794728187
2019-11-22,0.05458462962067001,1314.1030856688724,84.04302145800672
2019-11-25,0.05239334331166972,1351.1653972766344,88.06138047002281
2019-11-26,0.05375701423846199,1549.1366098109206,86.32716555397565
2019-11-27,0.05417453906840793,1422.0140355691635,83.53301389186379
2019-11-29,0.054712179992838214,1496.5658266497423,83.11657647694055
2019-12-02,0.05403396199914091,1339.9294131943504,83.17571163869844
2019-12-03,0.05188867043509925,1354.2034646342813,87.03719896104637
2019-12-04,0.05073723455016609,1358.2101767042884,89.88589475070583
2019-12-05,0.05223488294388434,1345.7295178259237,86.83665507239996
2019-12-06,0.05239235384444999,1336.021530790037,86.41601029726729
2019-12-09,0.052571610075271454,1318.4445047021816,86.58308933545932
2019-12-10,0.055566896841499284,1264.6496205782792,81.11597720737643
2019-12-11,0.05364020398841794,1294.5747475745811,84.1991136185898
2019-12-12,0.058075122906782774,1444.1898200264566,79.4740008702122
2019-12-13,0.05818741565480961,1444.0436598643294,79.14201479965216
2019-12-16,0.05917873718166357,1455.2425174288978,76.762930046091
2019-12-17,0.0572662356055872,1490.0191686794983,80.22013731571025
2019-12-18,0.0596416433263861,1399.9759842146339,76.63912487903228
2019-12-19,0.060214585595662104,1189.2169913345592,75.5877966507807
2019-12-20,0.05986733481109946,1191.565270082761,76.09567086215596
2019-12-23,0.0685014062730685,1153.5969126273733,63.40877215159247
2019-12-24,0.06915251151157346,1149.9832401084914,63.04805331361694
2019-12-26,0.07145766160679604,1174.0137572918907,61.33652264511663
2019-12-27,0.06785771730747746,1078.4744848308555,63.78800435694019
2019-12-30,0.06699263011495184,1380.0043790973546,65.87545820378776
2019-12-31,0.06746053350618933,1328.409603699751,65.4673382844088
2020-01-02,0.07038444469953542,1325.1167559870087,61.67629198583764
2020-01-03,0.06519245421188062,1427.0135786436679,69.95128221807876
2020-01-06,0.06614870343794722,1426.0837347481208,68.76487988168672
2020-01-07,0.06929745842142136,1391.0968515195566,64.96299313732673
2020-01-08,0.07304662659570274,1319.4504832809298,61.1308749227785
2020-01-09,0.07340589549720614,1342.4489917514811,60.85342086560851
2020-01-10,0.07591291312478078,1369.3529755423388,58.5059257578551
2020-01-13,0.06902481942997864,1442.9903417359942,65.69510804581995
2020-01-14,0.0681555626589522,1435.8205427409337,66.7525596491145
2020-01-15,0.06956387901230633,1424.2436179583638,65.10240686166503
2020-01-16,0.07189667344124466,1393.9244927195216,62.37927834069048
2020-01-17,0.07183595975773054,1345.2118892960436,62.69668512810197
2020-01-21,0.06920880828670013,1417.8110877365266,66.64889486990964
2020-01-22,0.06542546365874434,1459.7862906761793,71.01064149805653
2020-01-23,0.06218863093087792,1496.437680219797,75.19337997933762
2020-01-24,0.06114668809624834,1508.4478671338406,76.4608059849691
2020-01-27,0.08152673113932811,1884.1891079648842,60.12324211520007
2020-01-28,0.08146971365520486,1885.7445816387713,59.97179416203941
2020-01-29,0.08450557282206136,1941.3913425075195,57.663661572927836
2020-01-30,0.08240071553269261,2976.5406885112498,59.69875842007263
2020-01-31,0.07526586109348198,3101.9468396132065,66.73130341494284
2020-02-03,0.0733437266848563,2380.146028725183,68.49693860153806
2020-02-04,0.07192820952764947,2632.98798055013,71.31980581400681
2020-02-05,0.07193047449990891,2659.0994912536653,71.59616826912605
2020-02-06,0.07250668475730408,2698.6746171092414,70.86955728378393
2020-02-07,0.06860024842606098,2765.0716925153374,75.53447070245217
2020-02-10,0.06781882829069504,2779.3732011851775,76.69127750926195
2020-02-11,0.06750053493562713,2811.67330329112,77.25499733541318
2020-02-12,0.06532676269960572,2859.723963719005,80.46796055910349
2020-02-13,0.06339559212574487,2855.4495302886394,83.0695433050639
2020-02-14,0.064057575881588,2871.390700821751,82.14872946516202
2020-02-18,0.06110808015336035,2991.7680152286434,86.61372953140393
2020-02-19,0.0632094179260763,2924.401595449596,83.41710672065798
2020-02-20,0.05921303776320217,3019.6149800183925,90.06662469089918
2020-02-21,0.05651748729193671,3076.921186738819,94.60582580603605
2020-02-24,0.10573642486685543,3835.721007713346,50.14405134348216
2020-02-25,0.10385297020958388,3889.9121841604106,49.74164088387427
2020-02-26,0.1030271085624939,3551.706819043934,50.06726805715638
2020-02-27,0.10293502741041735,3926.6927282555844,49.3608862519164
2020-02-28,0.10229398405850075,3886.056117449071,49.29985864804495
2020-03-02,0.10086461948915654,4252.860091416164,50.253931763561546
2020-03-03,0.09660447469425215,4087.2222241298846,52.394984150876105
2020-03-04,0.09080001168645482,3816.227134050157,56.65930021627192
2020-03-05,0.08260246093875502,4008.3544813786993,62.94925006107665
2020-03-06,0.07719096027059741,3791.1283500094437,67.66982205474802
2020-03-09,0.20991818981351998,4047.021980685124,23.043856504613988
2020-03-10,0.1854218440552156,4552.813581218394,26.985703126024067
2020-03-11,0.16111838175357746,4953.239759984159,31.99504324992711
2020-03-12,0.22928105151016062,6827.863241704069,22.096082064471506
2020-03-13,0.19541237593197197,6716.479273182637,27.175136109616048
2020-03-16,0.19623316789147066,8473.30230181477,27.528792920026046
2020-03-17,0.19471575951727618,8468.051022734684,26.74913050790769
2020-03-18,0.16196827256566784,10156.667990982001,33.16096886167545
2020-03-19,0.1642007043700626,6456.877161679708,31.88248203611385
2020-03-20,0.165641297749082,5578.987664175149,31.155249016826442
2020-03-23,0.16280729247287948,5496.115971200291,31.0843660877312
2020-03-24,0.14433646495389488,6372.712434048813,36.39625172365906
2020-03-25,0.13809444178978325,6473.993502322839,38.18323876887126
2020-03-26,0.13122926388383874,6563.826246087238,40.528621829475256
2020-03-27,0.12538257003278572,6579.837457886645,42.62276300406579
2020-03-30,0.12500636910291857,6659.992462253108,42.71855970882136
2020-03-31,0.12562881749329205,6530.903391497876,42.46817709671083
2020-04-01,0.11704286147430012,6545.6022815984725,46.057843609518486
2020-04-02,0.11512783827604874,6597.131419153336,46.856523800938675
2020-04-03,0.11402793457976194,6595.0296456517935,47.3609311815056
2020-04-06,0.10535312072257318,6969.361122979803,52.00605239367043
2020-04-07,0.10506273424250977,6990.01651798663,52.13841243703839
2020-04-08,0.10462428131387393,6921.2551092144395,52.313040452831444
2020-04-09,0.10454291187430352,6943.949666634924,52.03708822938509
2020-04-13,0.10450010475168295,6944.902941941314,52.059188346014366
2020-04-14,0.1038500184409725,6949.487533218863,52.40864412774339
2020-04-15,0.10144673374610312,6858.5439973237835,53.769338972569514
2020-04-16,0.10179405492865522,6860.8710051303215,53.63538711353354
2020-04-17,0.1002632472414245,6919.959487649775,54.60064535601715
2020-04-20,0.09973342926288646,6893.860573564636,54.91673520242567
2020-04-21,0.09775382057328152,6933.761800985324,56.166217402207415
2020-04-22,0.09854762614353212,6954.376542205342,55.72680251952704
2020-04-23,0.09860445648104864,6944.975629318687,55.68114860809636
2020-04-24,0.09853479831295776,6950.835617771579,55.69538712769224
2020-04-27,0.09797886250798335,6966.683651669576,56.10315754207781
2020-04-28,0.09905480826804934,6973.362821754877,55.47401732201607
2020-04-29,0.09718581812736948,7541.125719274643,56.72238685881815
2020-04-30,0.09670565047481192,7028.110799964559,56.97772917744963
2020-05-01,0.09378344620902397,6454.266664023992,58.909005269654116
2020-05-04,0.09378617245185696,6434.694141979556,58.91033714431587
2020-05-05,0.09418928499177917,6432.499476307496,58.66092790895421
2020-05-06,0.09423447592786009,6382.7146460575495,58.57468333020186
2020-05-07,0.09402448505120199,6422.979470109377,58.728922787836595
2020-05-08,0.09364894036658993,6474.714488910726,59.0019510560655
2020-05-11,0.09371327649982522,6477.320840202088,58.94769956688605
2020-05-12,0.09327320126654165,6420.003575088739,59.20666039467548
2020-05-13,0.09320853680818218,6358.693586124393,59.21239059736772
2020-05-14,0.09319299576771882,6324.044132246113,59.223106613442944
2020-05-15,0.09357739354820693,6241.761550913056,58.95924586913614
2020-05-18,0.09107330435077587,6348.376972406386,60.85450424871701
2020-05-19,0.09558101812114644,6279.9274843890635,57.65849488907349
2020-05-20,0.09609818677460359,6291.617664241263,57.38956215502165
2020-05-21,0.09562079272173918,6292.301029469769,57.71701753762148
2020-05-22,0.09797763341632193,6248.748896896913,56.14165505575059
2020-05-26,0.09703488847301048,6699.409158544955,56.852903482262946
2020-05-27,0.09802693809241521,6939.06111352583,56.21208624905787
2020-05-28,0.09848242337855675,7637.423907035471,56.02007528259304
2020-05-29,0.09976415180027293,7532.909778826536,55.17488595838344
2020-06-01,0.10177341550423011,7522.465542717101,53.98525055918304
2020-06-02,0.10291335793554342,7527.450826522375,53.358082266449884
2020-06-03,0.11682081207761795,12541.224534511177,46.3089008865464
2020-06-04,0.11882374759204921,17382.507789499537,45.53255809186229
2020-06-05,0.12749076170028242,16984.612023235382,42.03505023630964
2020-06-08,0.1484443454295446,14328.005922994926,34.61753284138897
2020-06-09,0.1594915058315678,14488.15192870376,31.73398399896566
2020-06-10,0.13273768537510033,10437.407196427926,36.860290411552235
2020-06-11,0.1124182633197986,10970.1286142781,47.02352821279264
2020-06-12,0.09462435811591798,9197.014593222908,55.19614239034519
2020-06-15,0.09110903020540831,9363.893345304512,59.06317050671587
2020-06-16,0.0891930494852815,9666.215367162386,61.705468545770174
2020-06-17,0.08814108564420325,9233.765175809169,64.36790605850669
2020-06-18,0.06609361889293598,7844.3716013900585,84.72070495769958
2020-06-19,0.06787334149514429,7924.649760082382,82.99283014386538
2020-06-22,0.07244056750779547,7622.65326650998,77.09142085656141
2020-06-23,0.07973556211522047,7108.8673304414515,69.26852421368308
2020-06-24,0.0768799866628265,7169.337570134565,72.48390517731335
2020-06-25,0.07680360298886009,7193.939214672596,72.64916681608979
2020-06-26,0.0786719293734863,6563.688885991727,69.66472874333174
2020-06-29,0.08056230893749303,6487.552292462833,68.6346190270909
2020-06-30,0.0850976861608136,6347.478184356441,64.46152689885278
2020-07-01,0.07807555464958049,5053.058837557538,68.45417286616487
2020-07-02,0.07822631239748566,4994.257665392156,68.22468386078765
2020-07-06,0.07640790909481306,5152.057167373207,70.36159952200808
2020-07-07,0.06874899216853021,5297.819806026876,81.54206960017898
2020-07-08,0.06913359154517071,5338.8439712818035,81.03650448473299
2020-07-09,0.06939283594923738,5306.666939996927,80.82152134875676
2020-07-10,0.07759312163455144,4977.987247361528,71.13002410452641
2020-07-13,0.07633798086864245,5002.168151290553,72.3919478563055
2020-07-14,0.08036035113351547,4850.386284079322,68.22635661456978
2020-07-15,0.08465811700582013,4776.906395422426,64.38505320179776
2020-07-16,0.09270327379064845,4550.371054719074,57.9512155138549
2020-07-17,0.09556421368221428,4448.776500795087,56.105980284410734
2020-07-20,0.0954291428729008,4431.47839539099,56.264117969384
2020-07-21,0.09537253990498627,4420.8882374243585,56.4543969803989
2020-07-22,0.09856131302190743,4352.1604759808915,54.37625319292924
2020-07-23,0.09582078313587875,4393.236386219017,56.09720868475251
2020-07-24,0.10243377002807094,4136.89103248623,51.828046108692575
2020-07-27,0.11020836150044654,5815.121910206455,47.802594129017194
2020-07-28,0.12703382663205484,9758.037264798471,40.3394251995214
2020-07-29,0.12481402555456597,9824.556071966923,41.247365381495854
2020-07-30,0.12133555334838314,9834.261216078821,42.60485419134313
2020-07-31,0.11941388749012923,10846.85440469405,43.59839039915363
2020-08-03,0.11995174419253156,10441.264822836529,43.36782341021535
2020-08-04,0.12215216694465941,10301.568426006444,42.48482984079344
2020-08-05,0.123085895829781,10298.636772645214,42.23924978170748
2020-08-06,0.1291301778859703,10100.985524783648,40.058101401725274
2020-08-07,0.13102966257784032,10047.980218457044,39.480535344024595
2020-08-10,0.1305769152860726,10388.13202639116,39.569677670816056
2020-08-11,0.13233517264103709,11030.316897553754,39.05749443809451
2020-08-12,0.14667226693283542,10222.319233671726,34.240791575880756
2020-08-13,0.14704798329254867,10772.920537706632,34.14455680804212
2020-08-14,0.1473171634557402,10643.672674385372,34.06757579954831
2020-08-17,0.15342912721105276,10624.085739536624,32.424347652001664
2020-08-18,0.15402293281043836,10656.773440722503,32.09263391566449
2020-08-19,0.16322300094827527,10489.352394878271,29.82395415000884
2020-08-20,0.15726286014292262,10599.487142560763,31.05891756481889
2020-08-21,0.16003221905590093,11024.16410506105,30.435934416473454
2020-08-24,0.1590909320741169,11183.342370851868,30.770219284591533
2020-08-25,0.1665074189973375,12336.102869088267,28.990783307784426
2020-08-26,0.1738400354609484,12084.612421715357,27.455966364430587
2020-08-27,0.18340519986277903,12024.610389889456,25.564360553968246
2020-08-28,0.19121994065532733,13063.57793960152,24.322594149970016
2020-08-31,0.20115519968284948,11894.8936419197,22.521523508349272
2020-09-01,0.19996853913093363,9181.24771439698,22.670935580984853
2020-09-02,0.21256672407077787,9052.361655357798,20.945265935462583
2020-09-03,0.18814364767828454,9568.695253007803,24.52912262795475
2020-09-04,0.06621375025953015,6729.472793771729,69.00945033790505
2020-09-08,0.06669636827688523,7521.608093834944,67.79785175088239
2020-09-09,0.05995218069217259,7486.834206301758,78.8477453565483
2020-09-10,0.057008374200772136,7498.827263468826,83.79374477714866
2020-09-11,0.05673732697207032,7587.263418066013,84.47860020393118
2020-09-14,0.05396684569902663,8003.627718765598,89.75731883791772
2020-09-15,0.05447021848463744,8061.558516853975,89.03453002797387
2020-09-16,0.05467929861334073,7966.2126437386705,89.11474014074359
2020-09-17,0.053793033494315065,8046.0665490378915,90.8659972624864
2020-09-18,0.05463184387679297,7657.423909969567,89.62916434420595
2020-09-21,0.05448942364546001,7948.9094386801125,90.05485942584143
2020-09-22,0.058090731290428216,7691.02284822635,83.18328419514822
2020-09-23,0.05368477189130915,8149.697663864257,91.63051119773115
2020-09-24,0.052913625106400713,8067.64288529871,93.43075726205433
2020-09-25,0.053226020274342194,10265.3643736012,92.63376802270685
2020-09-28,0.051744844925316454,11586.183799977804,96.51317342068918
2020-09-29,0.04741889935733367,10482.68635134304,103.74828443613272
2020-09-30,0.05124993111223666,9698.98872526896,94.13589478775785
2020-10-01,0.05111912984898091,8097.64234458872,94.54492458283696
2020-10-02,0.049996114834275594,8161.630737645114,97.08855219179763
2020-10-05,0.047354999848035734,8887.28258295721,104.88621613448655
2020-10-06,0.046599144456588956,8965.130677352503,106.63679419826288
2020-10-07,0.04519060450217429,9154.409017462953,110.74518760554466
2020-10-08,0.04550901165213676,9161.966878494035,110.11412094685312
2020-10-09,0.04756322817951505,9108.014260967078,105.10125847049979
2020-10-12,0.047945632352609145,9264.49057935304,103.46933409531582
2020-10-13,0.046799114971640604,9337.959878601752,106.29400265461524
2020-10-14,0.045823119516087495,9644.140066417227,108.73899235122111
2020-10-15,0.04471861199339494,9679.461667693786,111.94112733146588
2020-10-16,0.04726965572959196,9496.678004751673,105.31181972973624
2020-10-19,0.04694412182649402,9602.07092878428,106.0497889599483
2020-10-20,0.04770936270354391,9595.741043906793,104.24078439696109
2020-10-21,0.04824056197715294,9766.62794894137,102.65256002911985
2020-10-22,0.05080322699353664,9383.882695340377,96.20622620771115
2020-10-23,0.05238684552060699,9626.818167221854,93.08790740480659
2020-10-26,0.04910811254944023,10070.191095283117,100.69412933606301
2020-10-27,0.05020945955106579,10901.47672839817,97.95821431562858
2020-10-28,0.0515123675134187,12096.62681329816,97.24642226121523
2020-10-29,0.05311525660871476,11349.298154572916,93.87796420934832
2020-10-30,0.05097154513213172,11510.639756468492,97.85376362564732
2020-11-02,0.049100715854836434,11225.186874701903,103.31190206590134
2020-11-03,0.04802783600767587,11398.461878964921,106.57683079461131
2020-11-04,0.048862749751450704,12141.251969024803,106.0565931776085
2020-11-05,0.0483363700893796,12543.232769058224,108.07484609308469
2020-11-06,0.04877579484262959,12377.211783335946,107.0959330758618
2020-11-09,0.04809391855345829,12830.802028394393,108.5061124371184
2020-11-10,0.04875304579907079,12882.681280439978,106.44531102227475
2020-11-11,0.04828096653260385,12635.453129887783,109.40868464451098
2020-11-12,0.047106610376608245,12746.177011568458,112.45662527021646
2020-11-13,0.045205116081738606,13140.253624860688,119.72098445761641
2020-11-16,0.04361971960662272,13094.763788406572,124.65798199206334
2020-11-17,0.044596793925555954,12845.248624501317,121.47514258229255
2020-11-18,0.04429411883799075,13356.682972045737,122.81504852036075
2020-11-19,0.04458580288522445,13316.500143449932,121.64767628352709
2020-11-20,0.045500719409118644,12915.907452489932,119.61741736798524
2020-11-23,0.0456829131045936,13767.454317172036,118.95939953892488
2020-11-24,0.04509339300791084,13137.544963639433,122.25826987427921
2020-11-25,0.04506987386105293,18424.753049559753,122.89925903369372
2020-11-27,0.044874212246397066,18443.50807115547,123.42117627931424
2020-11-30,0.04497477391638977,17918.855674055485,121.80576211536206
2020-12-01,0.04304896038406967,15310.37430570925,128.27434027222344
2020-12-02,0.04570371486180658,13479.649232274383,120.13798964644485
2020-12-03,0.047264473714718334,13042.048007497837,115.29497528511577
2020-12-04,0.05078745868194834,12945.986036858147,105.67079852840955
2020-12-07,0.050295389735130626,13140.800096264424,106.84623201992802
2020-12-08,0.052246609165197355,12763.525141117523,101.0151001494081
2020-12-09,0.052328716093942934,12873.898107661687,100.23729853786277
2020-12-10,0.052470887103819766,12793.10062171396,99.66534299418103
2020-12-11,0.05201382389306478,11768.219251782883,100.52149014935983
2020-12-14,0.05227840567599754,11810.226514753018,99.3676489242853
2020-12-15,0.05140792334340273,12205.942518807016,101.75894161053776
2020-12-16,0.051753242603446374,12370.499106667508,101.73515455288474
2020-12-17,0.05677500775016287,11286.254535805605,90.88160326799226
2020-12-18,0.056624944654999315,11220.787736069262,91.34723544208265
2020-12-21,0.05262790894843467,11938.865048881835,99.56390160132437
2020-12-22,0.05398079871620497,11799.058627379536,96.21924394368259
2020-12-23,0.05326665995372472,11479.944160705661,97.62556424209582
2020-12-24,0.053681308824200996,10831.757771986047,96.52730867839136
2020-12-28,0.05462021340673204,12232.996145711624,94.78894679709651
2020-12-29,0.05618817339608741,12177.56507330087,91.69740504600502
2020-12-30,0.059065475254152365,11906.289811986122,86.11669902002573
2020-12-31,0.06179516374148014,11620.899988425963,82.09309036201236
2021-01-04,0.06490619905532216,11281.837800298727,76.3675893806214
2021-01-05,0.06193736150936276,11607.47140637906,80.56020769342258
2021-01-06,0.06218981776358382,11076.586748646969,79.62394197804902
2021-01-07,0.06078544661887616,11082.247222925194,82.1920714121231
2021-01-08,0.06252673954770133,11419.962077358745,79.40722168083892
2021-01-11,0.06002793098278808,11612.619272227286,83.301985257405
2021-01-12,0.06253205789319152,11731.90338517518,78.86020512528982
2021-01-13,0.062230861245513705,11098.829460472485,79.12066596205469
2021-01-14,0.0644880667483713,10714.841106295979,76.02495341200151
2021-01-15,0.06005777983776887,11446.42395843349,82.88373779825852
2021-01-19,0.0601383794457405,10967.533445250647,82.9092543021704
2021-01-20,0.05916423054803931,11239.908807103351,84.72463965226794
2021-01-21,0.05915392373884312,11032.463325098684,84.30297200207217
2021-01-22,0.06006745361314656,10847.625086566724,82.51387249770193
2021-01-25,0.06095914724658593,11010.488489729889,80.89296691847198
2021-01-26,0.051993702169441214,10089.944253349795,94.20273122605965
2021-01-27,0.060270558745410166,12221.645692194383,84.25757072699308
2021-01-28,0.06480498678025383,11838.680402864533,77.68242816024254
2021-01-29,0.0645065985687692,13786.521651235671,80.11183454089726
2021-02-01,0.0617163776726179,14461.74342649542,85.49980225173898
2021-02-02,0.062414156455649496,13892.609138975797,84.42279768428753
2021-02-03,0.06502373777651671,13303.92197678859,80.72058777055089
2021-02-04,0.0643102621919926,13521.351744808382,81.23105692794255
2021-02-05,0.06399956110550943,12889.96110619054,82.52198140533667
2021-02-08,0.06320713020867151,12830.324340310577,83.64124563106617
2021-02-09,0.06334436228404465,13038.300529337672,83.47659397872077
2021-02-10,0.06693654263769468,12875.463175034969,78.66440276951786
2021-02-11,0.06935223935878543,12577.682154501124,75.53334913601623
2021-02-12,0.07100969296632324,12448.353232591939,73.4497486973089
2021-02-16,0.07131625188290662,12656.562980843128,72.83191738203419
2021-02-17,0.07050800373773351,12775.337240243358,73.78053802945853
2021-02-18,0.06612316220960539,13240.444101125879,79.51671381902705
2021-02-19,0.06598557358920491,12957.445500170707,79.68967619787932
2021-02-22,0.060095307731225296,13729.932646935811,88.78623921959888
2021-02-23,0.0617426771427655,14289.7006886858,86.23586976997328
2021-02-24,0.062015826665807086,14334.609897508735,85.52052154300719
2021-02-25,0.06102010219219611,10315.632616548368,85.54885981210008
2021-02-26,0.06427160000113308,9383.731946062131,80.17510742960437
2021-03-01,0.06349960852383392,10461.722903139222,81.81368078520295
2021-03-02,0.062213360671131,10771.71984003094,83.85855285426555
2021-03-03,0.06260088960649451,10415.744575855853,82.88697171479146
2021-03-04,0.059940816625753894,10248.499195785778,87.02433874936958
2021-03-05,0.05884249774711458,10298.573815630161,88.77165266534567
2021-03-08,0.05533062434522973,10872.205932210432,95.63939936316955
2021-03-09,0.05420783130919349,10695.417032819145,97.72082716120995
2021-03-10,0.054181295596748204,10564.424216750736,97.37447562449296
2021-03-11,0.051649180134816855,11689.962629474338,103.29059632502513
2021-03-12,0.05218039705553449,11115.37138166124,101.76346497136609
2021-03-15,0.05331595744699462,10986.943692897985,99.20439373656332
2021-03-16,0.05339055407071155,11003.146747608267,99.23465975443419
2021-03-17,0.05338312576712322,10993.09172868889,99.49660031758141
2021-03-18,0.04959398993687698,11333.28576397102,107.97864283216427
2021-03-19,0.051409704559587044,11213.444510085732,104.03305650403676
2021-03-22,0.052969882719783125,10780.049461356555,100.68896039989963
2021-03-23,0.04957247783378873,11239.765006812824,108.44817262017031
2021-03-24,0.04795938036539221,12092.014493954903,112.48137962805805
2021-03-25,0.04758585716100351,12077.794100647363,113.42985609055614
2021-03-26,0.046515849320509034,12179.026351941122,116.50247571496159
2021-03-29,0.04638955501895735,12121.354550560167,116.94590718379735
2021-03-30,0.046401010153631246,12195.629578510825,116.85293527758621
2021-03-31,0.04642693466230959,11631.242212706578,117.75460336241659
2021-04-01,0.04798059808675333,10750.778721247543,112.90128831748257
2021-04-05,0.04736751358234766,10975.071891984067,114.68594033177176
2021-04-06,0.0484275368869033,11302.80416931344,111.90409838180133
2021-04-07,0.048896398638508635,10647.09977579196,110.47334061841127
2021-04-08,0.050485469634129476,10504.271912424121,106.75169808072162
2021-04-09,0.05019169833881575,10350.960632569442,107.74477884711281
2021-04-12,0.04964422814965271,10726.430796744151,109.33508845410154
2021-04-13,0.04890697973897832,11098.081070832246,111.0875249181432
2021-04-14,0.052946382750836775,10696.469868988237,101.68264131591312
2021-04-15,0.05323002441925362,11041.308069316518,101.10636621321625
2021-04-16,0.054944702880293905,10765.555790796467,97.35024699917204
2021-04-19,0.05523178600993078,10812.059807763275,97.16913997496796
2021-04-20,0.05680598394245413,10723.413980460087,93.65125785255994
2021-04-21,0.05723431891219002,10645.829843409612,93.31717559696071
2021-04-22,0.05653237096798445,10610.809257190296,94.87473267140719
2021-04-23,0.05698667281029331,9727.667092915686,92.662506077645
2021-04-26,0.0582083973972149,9534.458065271616,90.47941078357009
2021-04-27,0.05905204421047161,8920.063206138233,87.62153817368136
2021-04-28,0.06048133783996256,8064.5088494979955,83.53555490206726
2021-04-29,0.06247845203051748,7670.057090454623,80.83284019999081
2021-04-30,0.057711318670055044,8161.577515388313,88.704081528818
2021-05-03,0.0575547491203695,7938.884467489303,89.53760705668044
2021-05-04,0.05775394962144084,8249.110234991695,88.45823117387697
2021-05-05,0.05713262220772128,8312.678377407774,90.15613620284981
2021-05-06,0.056163758914282005,8533.090708178463,91.7504850351147
2021-05-07,0.053942932029109845,8406.266318212089,96.20031656864505
2021-05-10,0.053024059837431886,8346.756476541868,97.70640558934255
2021-05-11,0.05149210631630316,8732.132792407703,100.66288360526963
2021-05-12,0.052952695414000515,9861.33486195894,100.45143499861418
2021-05-13,0.052481572202833025,9963.710056487656,101.47573878179657
2021-05-14,0.051510334345589104,10136.32016292316,103.89909211466393
2021-05-17,0.05106939135366372,10912.027328767303,104.92750437856206
2021-05-18,0.05482192594478985,10360.247722642674,96.39768869441822
2021-05-19,0.05423829643287685,10288.955390069841,97.58331126162327
2021-05-20,0.05334458467426572,10517.07627128163,99.59463434587464
2021-05-21,0.05417202304370479,11548.54665703275,98.46273632246674
2021-05-24,0.054527413039033926,14339.742977774336,98.83688872863598
2021-05-25,0.056853864753690586,13600.520115235184,92.85599974802967
2021-05-26,0.05826557726161339,13268.570444469584,90.46335417762535
2021-05-27,0.05886627747591225,13888.500439802989,89.77685895450037
2021-05-28,0.06506647305455478,13418.01311433077,79.97727952202165
2021-06-01,0.06421978211201189,12881.3849254484,81.27084015131766
2021-06-02,0.06965583977741083,12341.557857363514,74.23950004480129
2021-06-03,0.07014155697702687,12040.479723862209,73.76370517868024
2021-06-04,0.06968974835004947,12310.320518621043,74.92255143829978
2021-06-07,0.0721218879648498,11278.911495172551,71.31647986599778
2021-06-08,0.07406625402509116,11447.67712052343,69.7092110293155
2021-06-09,0.0714412027399409,10690.938579434205,72.56671264186238
2021-06-10,0.07146459213184396,10536.636522082252,72.22996740005695
2021-06-11,0.07142835253047207,10758.357165617355,72.17752835413556
2021-06-14,0.08101708277352057,9999.995985411351,62.09588463936934
2021-06-15,0.08077683956829279,9887.736173280913,62.36426056604527
2021-06-16,0.07637545610958456,9291.190132263702,66.36509673546135
2021-06-17,0.08554668329649408,8474.004552004357,57.53045608452832
2021-06-18,0.0851942458975162,6093.734494043496,57.544917335580735
2021-06-21,0.08940790029333512,6032.651108775827,53.092040513983186
2021-06-22,0.09578997647642953,5205.10572326368,48.531327726521845
2021-06-23,0.10056985792422951,4774.394747919142,45.75737315150776
2021-06-24,0.09829389735194918,4935.857311026436,47.11079815869417
2021-06-25,0.09857471206336961,4941.165051216816,47.01028487460878
2021-06-28,0.10280565645596743,5056.992630342256,44.6893472671468
2021-06-29,0.10522951246872515,5099.446817224649,43.57066225160404
2021-06-30,0.10366408341472477,5083.337819684875,44.36814499432505
2021-07-01,0.10623212933724922,4799.621436040707,43.11798024735895
2021-07-02,0.10806844984276794,4721.440550373507,42.22313303102318
2021-07-06,0.1046381122294883,4886.456697262385,43.77583626099393
2021-07-07,0.10632631796951193,4890.887973647586,42.79387567756863
2021-07-08,0.09587363482652388,4998.240605574348,48.7596776972772
2021-07-09,0.09174518273218249,5222.557276784443,51.46929284389524
2021-07-12,0.09302815458125341,5284.818098910442,50.63616880408254
2021-07-13,0.09167945207002912,4994.892149912992,51.55647837132331
2021-07-14,0.09272847253551082,4730.445060243978,50.745945000907945
2021-07-15,0.09724132634222221,4688.796104685784,48.28817184662682
2021-07-16,0.09370613333080285,4766.844125640275,50.51242716983276
2021-07-19,0.08680617124957807,5106.1094239352415,55.66788846955109
2021-07-20,0.08871251450249706,4889.877557165273,53.98145596415679
2021-07-21,0.0902732418154043,4931.506300056932,51.86156492373025
2021-07-22,0.08941749104923163,5006.094741504864,52.414902616709064
2021-07-23,0.09003965736657926,5025.763981409612,51.429734386849184
2021-07-26,0.08879798561209061,5068.5882907058785,51.86864927757364
2021-07-27,0.09456056588418417,4982.623162182477,47.807579049534446
2021-07-28,0.09194624361273489,5361.852590455009,49.2602873216792
2021-07-29,0.09489801168280486,5298.662650029243,47.89736649082748
2021-07-30,0.08779806875222297,5469.194388213311,52.40227167505088
2021-08-02,0.09023306167048525,5313.036452790519,50.74331302504087
2021-08-03,0.09343074198577346,5281.19775413626,48.458305890028406
2021-08-04,0.09757401757932586,5227.67346177686,46.2370121854728
2021-08-05,0.10338898941146353,5006.422595110999,43.2624574061168
2021-08-06,0.07592550466589001,4503.161010450877,56.113207279526144
2021-08-09,0.07714918645993508,4479.591440736448,55.151702698459
2021-08-10,0.0825768870989616,4289.692126271096,49.64603184624102
2021-08-11,0.08549538659694204,4133.6980151182715,47.80392302684174
2021-08-12,0.08501651905454326,4153.2724984341485,48.30818080633272
2021-08-13,0.08620268260494236,3994.7968686828817,47.21317392145959
2021-08-16,0.08592492694861625,3950.124656158555,47.496807513251085
2021-08-17,0.07979114258987177,4301.945493829826,52.733953842353436
2021-08-18,0.08374293207406105,3955.4061781186138,49.319884251903844
2021-08-19,0.07661828210341046,4205.312894228789,55.59660021543109
2021-08-20,0.0777327767556532,4438.023736134211,54.35142076950609
2021-08-23,0.07200074576985528,4682.022307316724,60.16152596691051
2021-08-24,0.06997933319873068,4783.23018865228,62.58549245793673
2021-08-25,0.07471691979576586,4453.430266782786,57.62844856746977
2021-08-26,0.07112302143336996,4496.753667626759,61.16096362814659
2021-08-27,0.06785303385529279,4471.627222124866,65.03778617220983
2021-08-30,0.07043741838765605,4465.117785738423,62.179674309991796
2021-08-31,0.06723817107879222,4595.111739169408,65.59351666439098
2021-09-01,0.06473973957530658,4618.40532789642,68.72948391343125
2021-09-02,0.06680312525370061,4760.530053236979,65.91682154809874
2021-09-03,0.06615767880661544,4826.931904805974,66.83424713525736
2021-09-07,0.065771332906028,4843.321581274445,66.65368511686385
2021-09-08,0.06112275868668408,4998.191978345824,72.74326341224771
2021-09-09,0.060458027614105216,4939.308126338497,73.37619090809511
2021-09-10,0.0626232443777585,4846.569073222346,70.50268305337073
2021-09-13,0.062167528198703734,4918.065784916259,71.46613059419023
2021-09-14,0.06387430099897,6712.218728111362,69.96892012118748
2021-09-15,0.05951899219183193,6768.526109608863,77.72503378831271
2021-09-16,0.05736469831593571,7364.949968781286,80.7021435302242
2021-09-17,0.05635327307973398,8241.098917821433,82.18491811819334
2021-09-20,0.11048522003342014,10013.52206320254,40.96604020541598
2021-09-21,0.11049669541262801,9570.649229424202,40.966553527435806
2021-09-22,0.10680419278759395,7531.3370539768675,42.70677988421826
2021-09-23,0.10081107561387792,7994.904652877218,45.79450158565023
2021-09-24,0.09534719057738049,8212.317553144705,48.9540903144564
2021-09-27,0.09502683656517012,8395.372017445414,49.044963685235025
2021-09-28,0.08718750648658803,8130.670675332566,54.1778478011617
2021-09-29,0.08727212640978824,7943.335547615743,54.33349965873015
2021-09-30,0.08692463198662738,7967.754412456208,54.42850500581043
2021-10-01,0.09822972117846451,7803.273064470282,46.86593717086081
2021-10-04,0.09538451610732829,7594.656605289452,48.425561263037196
2021-10-05,0.09671236100079451,7714.3323840848,47.42964993650974
2021-10-06,0.09440726586148529,8756.388561201216,48.73990231714187
2021-10-07,0.08833926688118593,9628.297634871014,53.21375296686293
2021-10-08,0.08868696211495987,9506.963981254554,53.078649237118626
2021-10-11,0.08930031809447335,8341.018416386669,52.52647192918266
2021-10-12,0.09942354179873326,7750.158375569237,45.79595073940661
2021-10-13,0.09608420701611242,8055.916788718597,47.944540581101535
2021-10-14,0.09294267704477796,8078.485677466116,50.400987254196195
2021-10-15,0.09168070517440903,8016.967929423959,51.30382273366178
2021-10-18,0.09020361343825148,7405.78532577642,52.80943182333074
2021-10-19,0.08560548591500265,7105.2482439846835,56.775512301656065
2021-10-20,0.0896956508830324,6840.908601761636,53.979543338933254
2021-10-21,0.0927435358572937,5273.793906875806,51.85539977023768
2021-10-22,0.09454766807024602,5185.522981993782,50.589225980163256
2021-10-25,0.09932001963217814,4963.978812699582,47.754316695797655
2021-10-26,0.09948048263721573,5030.438154490352,47.557963379856915
2021-10-27,0.0967745765243855,4731.8420443329105,49.08363772264006
2021-10-28,0.09746370087262793,4672.214822318636,48.54210475570346
2021-10-29,0.09184392587461171,4830.673936907753,52.01779169761459
2021-11-01,0.09335425613568284,4302.33083140576,51.14628491790088
2021-11-02,0.0937838688329284,3736.2097407169745,50.58199178662082
2021-11-03,0.09431041104706588,3753.4062292820454,50.145581392825285
2021-11-04,0.09414682712894372,3727.1203656922135,50.18436590811347
2021-11-05,0.09622239201992636,3742.8771762469532,48.895498448975346
2021-11-08,0.09592455640767526,3627.2672343886393,49.239724045197576
2021-11-09,0.09732418622847407,3615.7124978438633,48.45669438261252
2021-11-10,0.10181283718421459,3077.1666657036626,45.49584019164635
2021-11-11,0.0987631934558497,3121.782310289784,47.33187480118788
2021-11-12,0.10722793493556079,3029.5872500272617,42.97426440943079
2021-11-15,0.10639510863919002,3033.5903558930713,43.41347816723386
2021-11-16,0.11111397038719362,2952.3046577732607,41.185960926412854
2021-11-17,0.1139827166941434,2916.4514317423423,39.99052782454937
2021-11-18,0.11235918203111939,3001.09349792021,40.5507963663509
2021-11-19,0.11682848739376092,2925.774115504195,38.54866800339149
2021-11-22,0.12406347397702307,2843.821416945442,34.89699006447319
2021-11-23,0.12202737570511289,2822.1879592699793,35.51742863298221
2021-11-24,0.12679195441276747,2727.50036237438,33.97935664389018
2021-11-26,0.1243267835249121,3202.1379953389205,36.11368465720268
2021-11-29,0.1210986637103911,2968.725092017555,37.525851007163155
2021-11-30,0.11829297353383246,2475.6320566242953,38.30417455590683
2021-12-01,0.12102981432903283,2503.1422097522013,36.60334549813957
2021-12-02,0.11891692421708686,2425.0672512020983,37.661628288634326
2021-12-03,0.11525727940349385,2487.3797054664133,39.04859991411933
2021-12-06,0.11262923028697577,2517.8713831969762,40.20037617232154
2021-12-07,0.10466640341688299,2571.5484281428535,44.13042885072658
2021-12-08,0.10556142487341638,2558.348974128103,43.736950537634186
2021-12-09,0.10369851145442542,2451.317932810418,44.56787893425403
2021-12-10,0.1057826409374147,2391.0806035235355,43.873367307160954
2021-12-13,0.09473725780235223,2727.5568089080157,50.40490147133579
2021-12-14,0.08533645163523666,2326.1155752330887,55.22790184959468
2021-12-15,0.08413822494598423,2421.219638364192,56.07930459421688
2021-12-16,0.08536991092595661,2396.493285276307,55.03547190637122
2021-12-17,0.09027902424797667,2344.394073638953,51.15162506652162
2021-12-20,0.09004259640536026,2487.198558585219,51.3084093838093
2021-12-21,0.08534053108353014,2773.51538321791,54.95734682703124
2021-12-22,0.0916198095383876,2720.264507044629,50.470893067934654
2021-12-23,0.09290180761386349,2716.4480394521597,49.7581591860878
2021-12-27,0.09143753122740937,2756.808915582158,50.9404614109776
2021-12-28,0.09057704556913777,2763.3900418750877,51.627258923890906
2021-12-29,0.0974369932450736,2619.463475480288,47.20738141525576
2021-12-30,0.09783662207931063,2407.9052339628056,46.77530629489556
2021-12-31,0.1016186451368793,2377.026915771293,44.95240286818137
2022-01-03,0.10774004949067119,2311.030119752562,41.59316337768159
2022-01-04,0.10761610446348018,2126.6736135894366,41.65123921456886
2022-01-05,0.09652787503229375,2275.3477073772005,47.578977509851555
2022-01-06,0.09693538264865419,2283.3606115515927,47.67635696186266
2022-01-07,0.10219660338090883,2143.385407946,44.0989461112997
2022-01-10,0.10100832232439295,2212.9378405919974,44.58377361019917
2022-01-11,0.09539706637012688,2369.467378369454,48.172654573295624
2022-01-12,0.09163200930446602,2465.4806404116616,50.6515066288592
2022-01-13,0.08771502345451175,2509.799850690013,53.20116451413658
2022-01-14,0.08611637211887016,2491.2163083223118,54.10924903236384
2022-01-18,0.07768341644780494,2846.572508432003,61.47534854979157
2022-01-19,0.07793852744703836,2761.1020086021235,60.97852258398737
2022-01-20,0.07903839551984325,2756.7807145850256,59.795653600139765
2022-01-21,0.07332153145430524,2702.0995918253857,65.081435140383
2022-01-24,0.07054488641493917,2911.784681971317,68.05479093570166
2022-01-25,0.07082392844209125,2903.4104814361776,67.84074282096897
2022-01-26,0.07239301599694971,2771.4220678074594,66.0606098045856
2022-01-27,0.07016556434696561,2442.1955754037285,67.71841561631437
2022-01-28,0.06695784987668456,2466.4067347481277,71.63748457358533
2022-01-31,0.06682138780488266,2808.744223384807,74.36332603502628
2022-02-01,0.06479453834543268,2845.6814563287257,77.10521630429456
2022-02-02,0.06411982316866097,2814.2722797337233,78.08486007904388
2022-02-03,0.059885069596459416,2910.7803615037415,84.32054763231244
2022-02-04,0.05971806109998912,2664.613027995172,84.17942641482948
2022-02-07,0.061482884498646695,2618.425245650175,81.7939664059398
2022-02-08,0.06324485539903775,2520.7711945925353,79.10879486887296
2022-02-09,0.06023833087921108,2621.2161376418408,83.82698299685826
2022-02-10,0.058467617844126,1559.0648052313213,84.32934842953453
2022-02-11,0.05590377179578738,1459.951199974048,87.75647240770365
2022-02-14,0.05576375556411576,1443.3973913153854,87.9992483827454
2022-02-15,0.052645329021715724,1470.1456617637355,93.75909789115187
2022-02-16,0.052286705970535204,1447.6870671010638,94.28501701191495
2022-02-17,0.0489760415091754,1497.5276917533322,102.01294125289789
2022-02-18,0.048889253835758255,1520.9151361652532,102.3199703299119
2022-02-22,0.0474464612316231,1548.9164994685807,105.50239822681549
2022-02-23,0.04305091983069933,1391.431078443474,114.96201915461981
2022-02-24,0.04467485994374896,1440.265272723089,110.03078297447219
2022-02-25,0.04228800371398617,1719.8907584469816,119.35893688892111
2022-02-28,0.041587237788952465,1709.2325729210536,122.27819095732812
2022-03-01,0.04294977300821174,1736.4743010678483,118.35724818320202
2022-03-02,0.04280472491210749,1765.290025460726,117.77144383172056
2022-03-03,0.044235555939172014,1714.5531016811192,112.56044838330176
2022-03-04,0.04608566266096285,1649.7248339245625,107.79994234821194
2022-03-07,0.0499990143938307,1932.5222873612604,102.45441493848305
2022-03-08,0.04932337633579667,1959.1321242868062,103.7894336251127
2022-03-09,0.05355173250316713,2251.005212652733,98.6582686816307
2022-03-10,0.05462522895108695,2198.101298189035,96.28642695792061
2022-03-11,0.0542667699526409,2208.3963968966796,96.56982813941025
2022-03-14,0.05614688871721917,2205.356273935769,92.59564038612581
2022-03-15,0.054585845625345464,2238.739268997126,95.13118638783189
2022-03-16,0.07688826508357113,2740.5481288241526,68.75300545701234
2022-03-17,0.07918924056643699,2699.7341618534547,66.36723426546287
2022-03-18,0.08003820481105066,2610.042790630488,65.49950670973303
2022-03-21,0.08151950476315548,2608.8699164817494,64.06645977117641
2022-03-22,0.0787785761097132,2629.511066497002,66.53515610477383
2022-03-23,0.07988361686985246,2651.9611673649115,65.53298353675707
2022-03-24,0.07887149845340119,2587.552117613058,66.29097409892927
2022-03-25,0.078927382816886,2665.614863859988,66.14917477578338
2022-03-28,0.07860544792125881,2477.629093624623,66.43139766016364
2022-03-29,0.0713188087159828,2556.7501376009727,73.91367340011566
2022-03-30,0.07146475784141007,2651.7604605845295,73.94604225840898
2022-03-31,0.07162984829203108,2743.8329570748415,73.75382206874558
2022-04-01,0.07249728461645355,2672.4487405562013,72.38326495781226
2022-04-04,0.07001619461104615,2603.308531443761,75.09288954096715
2022-04-05,0.06958425965597864,2567.9549819313706,75.87935494664589
2022-04-06,0.06860180462961764,2331.7873346299843,76.98058454994698
2022-04-07,0.07482580494121131,2152.586324292105,69.82833713776401
2022-04-08,0.0786566341816984,2123.7856284217323,66.11500415987493
2022-04-11,0.07948377114196199,1976.7920474352024,65.14502253244657
2022-04-12,0.0795189008152928,1849.7188450193507,65.02748799900066
2022-04-13,0.0767697558825322,1866.0137959944298,67.52800025785693
2022-04-14,0.07646580776060007,1871.831630826607,67.80797556391313
2022-04-18,0.07651072802434371,1866.2142703454242,67.86480364986684
2022-04-19,0.07711041765667294,1764.6039016094564,67.03746906057455
2022-04-20,0.0782825284228791,1742.93676573213,65.68865027578593
2022-04-21,0.07533525596010217,1779.0306223312916,68.74663627382809
2022-04-22,0.07370783911294343,1802.162144666409,70.38307696035085
2022-04-25,0.07417158313604147,1878.9887694554675,70.11395844925353
2022-04-26,0.07229174880832662,1965.7193042899992,72.61842521672497
2022-04-27,0.0808962862551432,1834.1746995925198,63.76044705463007
2022-04-28,0.07777010040784019,1853.5928096261705,66.57669330185765
2022-04-29,0.07918364908170225,1857.311258239627,64.64756932141437
2022-05-02,0.08124280956991453,1756.080487907553,62.64444653814445
2022-05-03,0.08076414596944188,1767.7327267868561,63.14080063513377
2022-05-04,0.0760290127586333,1787.2873636830664,67.28247622299189
2022-05-05,0.07153347586753711,1880.2333866782,72.59328012254062
2022-05-06,0.07705768940347228,1813.2360701955267,66.71085970930027
2022-05-09,0.07250181974489997,2378.621193568496,72.33847703888438
2022-05-10,0.07214931641410667,2368.120062134168,72.8300341934511
2022-05-11,0.0719628723106226,2382.2351861016923,72.9929641302186
2022-05-12,0.07675435592058133,2313.6045137227297,67.96164305914263
2022-05-13,0.06957113767517488,2555.2300811986634,76.38364970558798
2022-05-16,0.07117561974383468,2538.758900072025,74.58671749768023
2022-05-17,0.06503674785243486,2588.7578353513522,82.35170017201301
2022-05-18,0.061770368795077225,2782.027941079662,87.42313979027848
2022-05-19,0.06143281598986666,2769.7080735894992,87.56853583851745
2022-05-20,0.06075963547570719,2789.182667039938,88.93830755556444
2022-05-23,0.0634102683718177,2699.4325659278315,84.7015786192035
2022-05-24,0.0627565926446817,2651.208882241486,85.60604564994455
2022-05-25,0.06381329090529096,2582.0765706691654,83.93120002163599
2022-05-26,0.061715277937994854,2619.3633644103293,87.64862206535066
2022-05-27,0.059578813231806645,2841.0078750048933,91.91163037694061
2022-05-31,0.06265657072388897,2881.0377832155878,86.89784077187511
2022-06-01,0.0668966864670872,2472.618876224508,79.8814600487279
2022-06-02,0.06338568345079727,2529.7877613058536,84.83692788124347
2022-06-03,0.06738736955894713,2419.1703742744344,78.81683483918275
2022-06-06,0.06880529437861918,2369.640426017969,77.14378798569226
2022-06-07,0.06983174734812063,2291.5401360070628,75.88653782054452
2022-06-08,0.0702104590450853,2288.730185738177,75.76336598508765
2022-06-09,0.06628818681489403,2363.4247787714353,80.99487720265085
2022-06-10,0.045515298259616095,1924.6712036437905,116.28989922140696
2022-06-13,0.04840303017158125,2104.7160725914405,111.57378293249619
2022-06-14,0.04993532067536327,2149.5749943246456,107.42746828428722
2022-06-15,0.05017380980770826,2180.1104399758315,106.85787177438482
2022-06-16,0.04733692649566718,2278.887241450089,113.98402988990703
2022-06-17,0.047900821537891984,2330.3668757707705,112.90413872300309
2022-06-21,0.04781245252709839,2395.5898636120314,112.82117368925276
2022-06-22,0.047256820786383456,2403.4323162441565,113.50478217084243
2022-06-23,0.04736626669365509,2572.29109380819,113.38834076470215
2022-06-24,0.04759230885168607,2657.5821004025534,113.55935318605738
2022-06-27,0.04810420870911084,2655.09713068958,112.34459355705219
2022-06-28,0.04775131711375208,2673.008101008276,113.38130224149987
2022-06-29,0.04782881273340734,2603.827416671866,112.94727765180232
2022-06-30,0.04890276625046006,2659.9300344743765,110.37243280737923
2022-07-01,0.050534861462127406,2649.1538627773043,106.38344680154445
2022-07-05,0.05172987275051883,2641.1663952740414,103.81272815762449
2022-07-06,0.051745489553935764,2694.6536696899475,103.76283375607265
2022-07-07,0.049368792400593546,2706.428333689947,109.237797003916
2022-07-08,0.050188912652939725,2829.848931094922,107.61197891463746
2022-07-11,0.04757096097036575,2860.3587754407044,113.68944129729077
2022-07-12,0.049741022678821446,2792.177813079235,108.20502588100885
2022-07-13,0.05057248103156663,2497.698551362553,106.05488858639448
2022-07-14,0.04962226953656308,2436.2087635372286,108.01677120889232
2022-07-15,0.048428862644532514,2602.559825664797,111.40305166608913
2022-07-18,0.04815687766043415,2679.9397599922845,112.34492808925901
2022-07-19,0.04776829626512414,2766.016199799773,113.88606322232283
2022-07-20,0.04991353643526276,2734.4350161743505,108.67783100164051
2022-07-21,0.04884997218640712,2787.6538543794236,111.32237190718538
2022-07-22,0.05292195077265904,2667.2999139639765,101.73404056210809
2022-07-25,0.05284458136887841,2668.5953592899896,102.05523900120173
2022-07-26,0.05364364974486551,2659.376095336089,100.12831504463553
2022-07-27,0.051229756709947886,2685.3865029790068,106.52763889951117
2022-07-28,0.0502122027057424,2847.3029739358994,109.01501044948193
2022-07-29,0.05006145824599596,2857.421823627662,109.13962303433374
2022-08-01,0.05119501617881612,2505.365275135252,106.05112905684335
2022-08-02,0.05431409508260666,2458.6303666078566,98.69284777917402
2022-08-03,0.05368772555500793,2657.469924363768,100.61114975052291
2022-08-04,0.058796142978176404,2825.6242374873764,90.95602084444158
2022-08-05,0.05866654962856705,3023.5499751008324,90.78281358604806
2022-08-08,0.05994898300427581,3111.7606246097052,88.80442072809163
2022-08-09,0.05960025848457676,3235.3113082198543,89.49426445155147
2022-08-10,0.05913327592265101,3037.5602483616362,89.41750649805009
2022-08-11,0.05951523315592683,2873.0654952934856,88.55809911221591
2022-08-12,0.061692571915258246,2896.7420062035626,85.06300432901028
2022-08-15,0.06801001585091519,2676.1894796030865,75.8763803080405
2022-08-16,0.06773735811750782,2725.895763857883,76.69063269340066
2022-08-17,0.06501377028212854,2636.320352566316,80.0185049417007
2022-08-18,0.06652988302444283,2482.880714058501,77.86876775113527
2022-08-19,0.06373429896093222,2388.6579589723083,81.92517429630269
2022-08-22,0.059853675096694425,2475.4087379194934,87.8632138561625
2022-08-23,0.06251238688922557,2296.7449645140546,83.5682353158684
2022-08-24,0.06520238939784324,2235.1318790362866,79.59728304664543
2022-08-25,0.06291892116801728,2267.6510828034775,83.06371775695551
2022-08-26,0.05836671511000919,2404.1708763834713,90.67321456158749
2022-08-29,0.0612540257848109,2360.3132584280183,85.7761087628222
2022-08-30,0.06428920655982413,2331.6592197069917,81.28337486696535
2022-08-31,0.0646045294241517,2299.310671019152,80.60784189577207
2022-09-01,0.0620922629604303,2345.1445609794605,84.05805170577435
2022-09-02,0.06179433543069723,2284.9674336477365,84.42417121186202
2022-09-06,0.06674343453881952,2192.1850967388727,77.10935830200977
2022-09-07,0.07077290132247682,2462.0012840354957,72.48199592426411
2022-09-08,0.05720205484540873,2095.0009941561802,86.45818889745722
2022-09-09,0.05245282114668968,2075.838005814498,96.28701312536404
2022-09-12,0.052545069665947144,2057.4399276732915,96.69413543870401
2022-09-13,0.057292263010710935,2104.2795068179666,89.51772501179562
2022-09-14,0.05752479003853566,2099.6091879073215,88.86325603892587
2022-09-15,0.05572864217154315,2112.1871517501895,92.67613396030181
2022-09-16,0.05635521704572486,1961.1252411749108,91.95284259629264
2022-09-19,0.05625965335383949,1979.8571440789335,92.53126545294428
2022-09-20,0.05428268757423348,1773.5697676240468,94.13565523977317
2022-09-21,0.052468013197148,1768.3267833659013,97.43944768642267
2022-09-22,0.05166921367640526,1644.7816783993107,98.19757603886667
2022-09-23,0.048652524783158166,1701.721727058854,105.66904708378928
2022-09-26,0.04634579678663111,1691.63707533462,110.94657532313138
2022-09-27,0.04617195098775436,1687.2880551765963,111.93559868855914
2022-09-28,0.04590581350728082,1762.5927528761408,112.09427980993698
2022-09-29,0.04239979577003524,1887.902963546291,122.6732026541445
2022-09-30,0.04458792993877078,1808.402147875034,115.66022753143783
2022-10-03,0.04158653559994364,1875.7157512649644,125.27895619488271
2022-10-04,0.05015550539310788,2081.6336223775866,107.22094583632335
2022-10-05,0.049523592966023704,2085.481757996016,108.57924031679828
2022-10-06,0.04937713175615937,2104.055054299178,108.89789182069482
2022-10-07,0.04738556413319519,2201.972920521867,114.11119538684994
2022-10-10,0.04965675656086884,2138.846693887866,108.37222167082211
2022-10-11,0.049620000919671566,2148.015441045467,108.40695541519271
2022-10-12,0.054090727246450344,2045.4753712422441,98.52742028357677
2022-10-13,0.051693016921989854,1849.4262144733002,102.29230257457513
2022-10-14,0.05361527436799562,1835.7041691192212,98.53800637167258
2022-10-17,0.04880621321415797,1975.6975696962845,110.01145151337292
2022-10-18,0.04767911676217891,2023.4314814217546,112.79203796762879
2022-10-19,0.04650634009994786,2050.8489050001454,115.88553837335394
2022-10-20,0.05124234591204662,2034.1890789345714,104.33000530362243
2022-10-21,0.05081285284910531,1873.919727899892,104.92885918567725
2022-10-24,0.053454661842845086,1791.6383202822299,97.73694474439378
2022-10-25,0.049116252269009696,2086.873274878905,107.70672323390238
2022-10-26,0.047881572864331624,2135.9998415660507,110.49610477864198
2022-10-27,0.05068031800101544,2043.84919770744,103.76239895436423
2022-10-28,0.05087615825745639,2042.7711725714232,103.06880660203538
2022-10-31,0.050643610520487346,2194.4649352898505,104.23868736690638
2022-11-01,0.04908557800214765,2099.450782441633,107.216352850542
2022-11-02,0.04813075445139342,2145.1894912763278,109.47206093432584
2022-11-03,0.05282095418493263,2250.001077947493,98.95553700545211
2022-11-04,0.04976155401292637,2326.5753712345213,106.12445581014796
2022-11-07,0.050044309455412314,2335.668726705111,105.4869246458315
2022-11-08,0.048718085058608265,2321.6895843398597,108.14634193066499
2022-11-09,0.04843204343821017,2377.358992731925,108.68448398620863
2022-11-10,0.07089886801271866,2590.3938397457982,76.24449957596
2022-11-11,0.06448468775614052,2810.199036844137,84.48547424242622
2022-11-14,0.06487117184585921,2797.989792571537,83.80127135757711
2022-11-15,0.06529761756830131,2763.801847892723,82.58979020789978
2022-11-16,0.0648501483090769,2992.034928254901,82.99182083471642
2022-11-17,0.06536468391573645,3010.804325847147,82.2664211124618
2022-11-18,0.06806524422874419,2989.9543541319204,78.89793506769135
2022-11-21,0.07127476146044404,2893.8385952444974,74.53235203008165
2022-11-22,0.07003121014503048,2902.1771453581014,75.86753658816777
2022-11-23,0.0678717281631393,2921.4760096893683,78.45597361846367
2022-11-25,0.0675923658904202,2906.9725509353916,78.99936655994851
2022-11-28,0.06706221071108087,2869.9846115638934,79.70136427085298
2022-11-29,0.06607862521673194,2967.846223512041,80.57078485441156
2022-11-30,0.061142894933644554,3036.027031156226,87.67934280976075
2022-12-01,0.0628083243328933,3055.672563887714,85.04222609730859
2022-12-02,0.06277296321282001,3069.914884352085,84.9955779471695
2022-12-05,0.06516129080184316,3251.6799961104307,81.82848669730242
2022-12-06,0.06661826500194819,3262.9867458709223,79.88898896153908
2022-12-07,0.07012860625461981,2876.3944374489065,74.50641764000342
2022-12-08,0.06957148335973803,2906.124750754476,75.18073425963674
2022-12-09,0.07031274382207035,2803.6312869683256,74.10075059657593
2022-12-12,0.069669156029412,2763.3369213524015,74.86085693990262
2022-12-13,0.06902405615859616,2556.139353230415,75.14633453871869
2022-12-14,0.07093168591678353,2496.4304540518488,72.8704405763393
2022-12-15,0.06809846971059832,2579.0261380166594,76.52561846093654
2022-12-16,0.06969895571271932,2558.3170943928435,74.20482619873768
2022-12-19,0.07361804056113799,2504.1749482021573,69.45801555878101
2022-12-20,0.07579863300888412,2551.7969427534745,67.10028602766536
2022-12-21,0.07429650481460982,2402.3968889955822,68.42504169234887
2022-12-22,0.07736049486641923,2394.7454991907543,66.09981091562368
2022-12-23,0.08126985926286472,2298.9865288810647,62.24700371185794
2022-12-27,0.08152600564508637,2251.6939964274734,61.9196580524061
2022-12-28,0.08631794107455185,2243.218221749747,58.212185785609336
2022-12-29,0.09384096774049033,2156.2078912538595,52.36818077990923
2022-12-30,0.0935983359613409,2280.217990328186,52.68994168985961
2023-01-03,0.09381854185239882,2285.7683439530565,52.215252052685464
2023-01-04,0.09158876147837844,2130.6784057582786,53.131708724142975
2023-01-05,0.09143974955839011,2149.1197754937716,53.34529460942719
2023-01-06,0.08554960847385105,2232.182228251972,57.26164221398055
2023-01-09,0.08370667779584182,2253.0790706295597,58.67912860101742
2023-01-10,0.08578449788483282,2499.3991225895415,57.70780228999868
2023-01-11,0.0870389299112204,2505.778223384609,56.47216576629124
2023-01-12,0.09518924959497832,2372.3097612094643,50.82746131303817
2023-01-13,0.09606236237519172,2331.7363634167536,50.370519915625735
2023-01-17,0.10118261933165679,2148.797361428725,47.22378470571813
2023-01-18,0.09950811798940622,2176.776822900525,48.0570607791074
2023-01-19,0.1040149935613498,2265.0007815323515,45.43804234612172
2023-01-20,0.10024530581374817,2277.051916398664,48.11718170568219
2023-01-23,0.10695982638057311,2511.3644820389063,44.93646204223357
2023-01-24,0.10920945188527034,2460.8898095237682,43.942602716105355
2023-01-25,0.10932822891842364,2474.891806786806,43.96025128840921
2023-01-26,0.1057079180357808,2516.4172083001445,45.87837825791514
2023-01-27,0.10694613635154217,2518.6328142986486,45.24565694575302
2023-01-30,0.10428260760673955,2912.056917386727,46.927974836701395
2023-01-31,0.10844889054765273,2743.8535862564395,44.58946416557175
2023-02-01,0.10441328747616659,2555.8628938120055,46.69052394117797
2023-02-02,0.11602610023417682,2558.214180063241,40.85249251947074
2023-02-03,0.11235472897213332,2541.3125774133437,42.55066613856826
2023-02-06,0.10807660818453348,2775.9705896698097,44.81304028575428
2023-02-07,0.10799974310464117,2787.5942007590697,44.89128135174499
2023-02-08,0.055862048472896976,2153.6201601491966,85.1635908625936
2023-02-09,0.059652593544703904,1985.8373101520071,77.84769813616491
2023-02-10,0.06293070193322796,1924.540606645666,73.17075429696294
2023-02-13,0.06282831497994419,1920.9769665612473,73.71811864958123
2023-02-14,0.0666397675416315,1777.2838725368795,68.9611023750611
2023-02-15,0.06683373583985208,1737.9294908254515,68.26514566094322
2023-02-16,0.06659983917080432,1747.5820541019875,68.09757788454097
2023-02-17,0.0693134016393991,1699.168568234369,65.01287043415573
2023-02-21,0.06572017898167964,1793.201576433273,69.29503645834643
2023-02-22,0.0680654584592536,1748.3885850508882,66.54079819593957
2023-02-23,0.06616220004743065,1771.1291353356323,68.74610694312828
2023-02-24,0.06479480321907827,1792.7408707582929,70.9013199097462
2023-02-27,0.0655074301066584,1781.8703837985245,70.49220332943636
2023-02-28,0.06850864392493602,1608.8709958273705,66.01505120728112
2023-03-01,0.06824511089314558,1661.1171344323184,65.99115804854702
2023-03-02,0.0692395116229526,1457.6458799124175,64.79612902138342
2023-03-03,0.07087442883474666,1342.6719716496384,62.77431196059154
2023-03-06,0.07390340610519773,1313.2911182319178,60.05403013041932
2023-03-07,0.06698072253175336,1281.8187459189162,67.59620283815075
2023-03-08,0.06705779876671195,1280.4535951282912,67.59983622311657
2023-03-09,0.06162103062733493,1352.1944399708232,74.92499553440355
2023-03-10,0.06606225533542769,1420.5948964277457,67.90969266329734
2023-03-13,0.06638237033658463,1144.5425442598712,66.41476643848763
2023-03-14,0.06718022096736831,1155.061803938459,64.76558056294283
2023-03-15,0.06699016988260062,1060.003216224082,62.89698280832372
2023-03-16,0.06392762870223004,1141.948850384409,67.42356041135494
2023-03-17,0.0612353949712208,1171.4622887237113,70.9254674645869
2023-03-20,0.06026675337388261,1173.547516062739,72.49687298860316
2023-03-21,0.059097601577450705,1088.2547402792666,73.66682925664938
2023-03-22,0.06054194314748658,1079.777260340401,71.06417046583364
2023-03-23,0.05978894983286314,1083.9143952753773,71.79119701261759
2023-03-24,0.058803633826249924,1064.395143633345,73.51882181741922
2023-03-27,0.06248866004647482,1021.7322828293779,68.08484161012032
2023-03-28,0.06568463761767071,978.5322378729103,63.89844896007642
2023-03-29,0.06731630492351624,960.9403102852252,61.963705943042285
2023-03-30,0.06536305418247602,962.827660738107,64.73606567137507
2023-03-31,0.0679072463979744,917.4836284142227,61.13725495328864
2023-04-03,0.07043599301623157,856.3252859540042,58.44342246040544
2023-04-04,0.06498474048673548,782.1207848175936,62.45778891936806
2023-04-05,0.06522116515779532,784.9231169113816,62.10181301676075
2023-04-06,0.06564217544336352,814.5291590425322,61.621668067369825
2023-04-10,0.06697386235656849,802.531062384645,60.00347827847244
2023-04-11,0.06687452106853263,802.0827933072094,60.27527491354492
2023-04-12,0.06737761386762599,765.7045245755127,59.501261545949646
2023-04-13,0.06414698023952758,775.6008166183415,63.18877923195814
2023-04-14,0.0669202448201563,766.518690989707,60.42147665826954
2023-04-17,0.06661463330528776,770.0723972071175,61.354041163302966
2023-04-18,0.06937609964913369,748.4412263408834,58.40978645324033
2023-04-19,0.07118595723643795,724.2686795092823,56.33667081827734
2023-04-20,0.07103588738450953,735.5424940105443,56.549897331148095
2023-04-21,0.07054691980617986,731.1218882074119,56.813931942810896
2023-04-24,0.07488268766440803,718.6324983690589,52.75527712846946
2023-04-25,0.06814185467227485,758.0998137548514,59.06744766483178
2023-04-26,0.07459493233183288,724.3285777671297,53.09707968052474
2023-04-27,0.07073604745785911,747.9729356189434,56.89762540332373
2023-04-28,0.07385038526641834,751.4779949198518,54.06266112059658
2023-05-01,0.07484422330869972,693.1665447814086,52.8017886083619
2023-05-02,0.07667001537406104,674.7325222921822,50.98160137333107
2023-05-03,0.08276692196677367,645.5272023636822,46.68909375646364
2023-05-04,0.0841485100886367,626.4937154932097,45.21679054551898
2023-05-05,0.07910828730176493,648.4175319049963,49.170155019784225
2023-05-08,0.07909885942676968,650.512945263114,49.26581472278363
2023-05-09,0.07752766215402894,653.9374492490585,50.50256812986978
2023-05-10,0.07952112119294644,642.8117804979815,48.92099791686577
2023-05-11,0.07888911714560069,645.0439030165409,49.15024268672026
2023-05-12,0.07799832316494866,664.9636847847952,50.40355313546498
2023-05-15,0.07499371412918775,684.6226096961424,53.27708985221433
2023-05-16,0.0717257173824582,700.0636531418996,56.177498984319605
2023-05-17,0.07284483605248049,708.4588046982406,55.65608267479083
2023-05-18,0.07366026786773806,710.2141111717091,54.889816574816635
2023-05-19,0.07438997567525799,692.0141375258694,54.2635027982784
2023-05-22,0.07786743275429948,654.253242079474,51.382095884351905
2023-05-23,0.07418118667105887,667.339588595037,54.28198775727906
2023-05-24,0.0729602388202672,676.453953302157,55.23111465352148
2023-05-25,0.07290666419320606,669.7652359510096,55.7111424120945
2023-05-26,0.06902173815513235,796.8327245955198,60.16049405830081
2023-05-30,0.07174646420310683,858.8130876821851,57.806666428571525
2023-05-31,0.0700828853220979,862.6964396187981,59.22486406457289
2023-06-01,0.07385780966559023,820.2948117948433,55.36476327957291
2023-06-02,0.06977317068806603,857.141652823793,59.37920277413584
2023-06-05,0.07632025548882225,776.202373373002,52.41863566332937
2023-06-06,0.06637709735322113,743.5950106553215,60.06534135444452
2023-06-07,0.0650859219357428,1066.730361128172,63.44412578767971
2023-06-08,0.06270042642678447,1067.7266234776212,67.0563941725128
2023-06-09,0.06455919183523909,988.9328538018043,63.19815444848965
2023-06-12,0.06884958015980283,937.6931708012822,58.13596695858577
2023-06-13,0.07089335041053725,921.1550260469537,55.923278767055486
2023-06-14,0.07253563436735477,896.7162136715726,54.205566422626134
2023-06-15,0.07332697319505437,856.6242113871642,53.09802285154257
2023-06-16,0.07056861483819267,859.5352527410251,56.30971687351986
2023-06-20,0.0701675351257967,988.0214137116825,59.27137866655789
2023-06-21,0.06971833552044567,1023.7936087526817,59.97550088659769
2023-06-22,0.06824488015968933,1026.1038751936126,62.05964719987839
2023-06-23,0.062081141821981246,1129.5515147851572,70.19508016890488
2023-06-26,0.06275554653228566,1192.7337901992485,69.93828583933868
2023-06-27,0.06255983625609439,1197.6348971493774,70.20065605643771
2023-06-28,0.06251139886474873,1183.1808348766322,69.95686584898291
2023-06-29,0.06263753320003959,1262.586914047524,69.69737675081463
2023-06-30,0.061744650231491886,1266.4189510704384,70.88220618087936
2023-07-03,0.061785771530078026,1076.5389550252792,69.93038911207753
2023-07-05,0.05861025922423783,1064.8029972861684,74.32847708998086
2023-07-06,0.05651645157045861,1016.085166229948,77.33246513625556
2023-07-07,0.05683261302614036,926.1668705191865,76.24715537806469
2023-07-10,0.05675887613278153,927.9466392608988,76.35829667877547
2023-07-11,0.05755286688596548,1104.778654534526,75.79202671277726
2023-07-12,0.056146526350792834,1212.1356507990233,79.15682240248508
2023-07-13,0.05389531289522725,1245.0245034928691,83.26100763988691
2023-07-14,0.05401759132876266,1137.2697013766883,82.41522880119544
2023-07-17,0.054761601229913165,1149.666322914576,81.53973910125494
2023-07-18,0.05559761888964702,1163.7282857293458,80.0752532907414
2023-07-19,0.0568050419593704,1158.5388665076125,77.79583637837013
2023-07-20,0.05394254528406225,1148.1390060328706,82.25136909969662
2023-07-21,0.055225951294685195,1050.9626987000531,78.30592331009389
2023-07-24,0.054260742970102964,1060.1160243443924,79.57041192753525
2023-07-25,0.05654347425546945,1023.9727185703721,75.90629116696562
2023-07-26,0.05719734830524996,1057.6587101343544,75.23617460934818
2023-07-27,0.05335622536530191,1172.569347193193,82.88005616033067
2023-07-28,0.049739877603038045,1135.0031531100058,90.49943680908021
2023-07-31,0.04983096002179776,1136.5653695705844,90.68328875541619
2023-08-01,0.047889799671378776,1125.8508604101983,95.34395243076834
2023-08-02,0.04888454262176573,1236.6963704762213,96.19440333589438
2023-08-03,0.04891859657440948,1077.0069922012633,94.8659623740657
2023-08-04,0.05157859869327604,1011.3240766420912,88.4138532196928
2023-08-07,0.05173341523790248,1011.4163275384682,88.18712124341614
2023-08-08,0.049713809573338374,1034.4374408002163,92.36816298453375
2023-08-09,0.0523683094485504,1018.2903919420737,87.2179606043526
2023-08-10,0.05436318272965254,958.9410858076849,83.17905801850273
2023-08-11,0.054848014145053324,953.2166012835428,82.45480475678416
2023-08-14,0.056397744668562726,928.5518609402185,79.83783837277005
2023-08-15,0.0530121386130597,953.0306542950127,85.68957301763668
2023-08-16,0.05056461165833267,1010.7376137326074,90.59738735599517
2023-08-17,0.05194073118555122,963.3246124378031,87.2965352344927
2023-08-18,0.05511122613215232,936.77835607404,81.77875848109052
2023-08-21,0.05629345577653202,926.0002054887603,79.93191219275313
2023-08-22,0.05598866252948587,930.2416922950935,80.47571905805769
2023-08-23,0.05777756643582259,920.7248611709961,77.17018632723578
2023-08-24,0.05637695867466496,961.789929899918,79.80933345187766
2023-08-25,0.05737331634236615,957.1465554786231,78.49225853786328
2023-08-28,0.05881562794599525,1038.2794957501012,76.91009784557738
2023-08-29,0.05795682225038888,1024.8913128776785,78.10456210729936
2023-08-30,0.05810616583026722,1008.1866039569508,77.48141640010773
2023-08-31,0.0588665101556137,981.2909974241452,76.06278853427435
2023-09-01,0.06030817206010201,869.8443203039141,73.27516656068632
2023-09-05,0.06173205877440327,859.1638826236319,71.28524997090756
2023-09-06,0.06125748963620118,855.6880102625038,72.0701354869918
2023-09-07,0.06094971396416847,786.2930407351613,71.76435069510707
2023-09-08,0.0632809285143378,764.0938065240696,69.01065143875549
2023-09-11,0.06009431102689899,841.313672350361,73.75649716138018
2023-09-12,0.06085910387815761,765.8149946347517,72.36937196348461
2023-09-13,0.061901461892874064,746.1595969900108,70.9502904696758
2023-09-14,0.058613084128983084,696.9726276755235,74.1268296959321
2023-09-15,0.06010748350067072,680.7574584764712,71.68816946452881
2023-09-18,0.06080223103317922,685.0123464173231,70.11766068808352
2023-09-19,0.06406373948226386,666.3191875365707,66.09228320997322
2023-09-20,0.06359761859217977,666.1167938268455,66.6891291869778
2023-09-21,0.06178433119076466,683.1631559816772,70.03071747839962
2023-09-22,0.061595749057743336,694.5562947175383,70.76562812950785
2023-09-25,0.06173208465680506,684.237861390422,70.62887324685339
2023-09-26,0.06065892755002974,698.3636945006018,72.45954737788978
2023-09-27,0.06197462241054826,742.9385835851097,71.92632099658785
2023-09-28,0.06246892034179832,725.045025297967,71.23206700968707
2023-09-29,0.06739935445596738,695.52231201518,65.41276997417216
2023-10-02,0.0665569743331077,663.4709062472675,65.6416950278945
2023-10-03,0.0627250568809558,676.0402790885145,69.98578690979525
2023-10-04,0.06717448287917799,634.532854547404,64.25368750924329
2023-10-05,0.06931542814705115,569.7394351385943,60.086753462954135
2023-10-06,0.0700866357481309,549.7693678824734,58.665876477923064
2023-10-09,0.07068106357995974,604.4380382085182,58.12987156935677
2023-10-10,0.0686949771363784,614.551054132256,59.87871294197584
2023-10-11,0.06561061966917622,603.3637529687695,63.08993449440189
2023-10-12,0.06250346469521696,604.3049918676458,66.87057384870761
2023-10-13,0.06548593616486495,586.0047866908905,62.98724588025883
2023-10-16,0.06392206853457723,596.4664051404055,64.4334854562967
2023-10-17,0.06593233345592733,584.9099931947738,62.27811965291903
2023-10-18,0.0627097761794008,596.2447122751951,65.78994311235078
2023-10-19,0.0599402990375991,564.6010255926652,68.63277347031328
2023-10-20,0.061264870359635876,558.187897886438,66.73888683903395
2023-10-23,0.06419440135308574,536.3954553213081,62.64959452385587
2023-10-24,0.0604827988191504,556.9981311019911,67.16326120832021
2023-10-25,0.05583832857340655,752.0585916839908,76.47682769177777
2023-10-26,0.05862642453140775,684.0025755469667,69.31854741116496
2023-10-27,0.05762619096953836,722.9621393892128,71.15287482591953
2023-10-30,0.05457104261400781,789.6022848431379,77.9064208617728
2023-10-31,0.05530356067149284,788.8323183028896,76.52432957935021
2023-11-01,0.05365140618890464,748.5490340710527,79.50389445458994
2023-11-02,0.05854245027681375,873.6203215674792,77.25788714147203
2023-11-03,0.054166811682404455,986.1809304830489,85.84530895332688
2023-11-06,0.06497563229653743,1008.6669778803506,68.79341452912523
2023-11-07,0.06519136890436877,1016.1270990148035,68.12052528780102
2023-11-08,0.06780879956252159,956.450267835498,64.30902444019839
2023-11-09,0.06946780894141018,941.1678099857252,62.33415411196599
2023-11-10,0.06732268224184407,971.414775444145,64.87038842255328
2023-11-13,0.06708258636558474,970.567344465648,65.20717441190469
2023-11-14,0.0723174731735366,1131.3244184638927,63.63007965150323
2023-11-15,0.07182708215620778,1124.063693667055,63.866297971451495
2023-11-16,0.07620669690117118,1104.3533654734445,59.620874224055854
2023-11-17,0.07679892501546082,1087.8245798080811,58.813406539180484
2023-11-20,0.07357927904707963,1106.6050632516215,61.65323025169846
2023-11-21,0.07516534915690211,1102.5809820592638,60.279613293366445
2023-11-22,0.08104559379721088,1048.5539460346004,55.298968557425
2023-11-24,0.08118142605533475,1071.8830141603678,55.23887986948447
2023-11-27,0.0816070365857652,1062.1550422714997,54.74777309692714
2023-11-28,0.07977908361539729,1157.33231236076,56.803552764831714
2023-11-29,0.08036623383865099,1121.4017018819238,55.896261207067134
2023-11-30,0.08154833353084265,1117.543657954253,54.83729041674309
2023-12-01,0.07948276044179405,1084.7550259269692,56.30193872690804
2023-12-04,0.07558880532943223,1103.3491472278417,59.73652671835523
2023-12-05,0.07877917009780688,1093.439284975539,56.99804527948019
2023-12-06,0.07920177578999417,1096.2714092502517,56.64737200048812
2023-12-07,0.07685076857059647,1089.4509181271405,58.49908605381031
2023-12-08,0.07861279668912445,1056.0998101771231,56.93219650919052
2023-12-11,0.077609659547316,1059.4142158462264,57.91103960884136
2023-12-12,0.07733241786257736,1048.7363188069644,58.58309139964135
2023-12-13,0.07326523880103719,957.0465516489671,61.556415316650664
2023-12-14,0.0701236733905293,892.2376280363122,63.83139364181374
2023-12-15,0.07467823086424363,856.2067349022271,58.91707284119868
2023-12-18,0.07469395981959673,864.8164836315274,59.05836724200136
2023-12-19,0.07253259385823126,865.7071409889381,61.14269349819165
2023-12-20,0.07792905657081106,886.6347028935704,56.63242172810372
2023-12-21,0.0744399164788453,873.9746755532915,59.41378164615448
2023-12-22,0.07564405101493192,871.0993210466893,58.32263782644575
2023-12-26,0.07531227666360357,878.689365810959,58.619589993040734
2023-12-27,0.0772507165441603,967.314313632864,57.513372449702885
2023-12-28,0.08178466638927669,905.6912121244201,53.4077693255258
2023-12-29,0.08070290960145166,944.7774687584085,54.47211662874881
2024-01-02,0.07578599819290394,936.3435081991352,58.40334827322576
2024-01-03,0.0740742914524843,898.1911569751041,60.004732805049485
2024-01-04,0.07333716905041136,894.1384282691887,60.97404345085267
2024-01-05,0.07453321634664321,887.5873680986098,60.03251982216351
2024-01-08,0.07543929482174579,913.1557510431683,59.355963541662106
2024-01-09,0.07432152147503503,913.7040974156247,60.46842990804053
2024-01-10,0.0754123397953291,926.9696697176295,59.804197518266925
2024-01-11,0.07626498444456006,890.152955722692,59.11601551425926
2024-01-12,0.07643018621116543,867.4809214078765,59.084212750897514
2024-01-16,0.07554784409684959,905.4757816593266,60.81190047212915
2024-01-17,0.07433027225896188,951.8364964492132,62.23268634660098
2024-01-18,0.07476216440783522,932.2972454375147,61.796622341646774
2024-01-19,0.07270471987628012,921.4618346701985,63.72864310485358
2024-01-22,0.07413400953465199,910.8530511396161,62.25261844543437
2024-01-23,0.08013695594926601,881.3111184390708,56.69800137148235
2024-01-24,0.0819069693029349,884.8597926214879,55.631146425764285
2024-01-25,0.08376426475943131,846.7009934554685,54.09834697723887
2024-01-26,0.08839933626088836,819.5895219167973,50.88943578147956
2024-01-29,0.08979905721015947,776.4915411205563,49.87370566561137
2024-01-30,0.09490255805160815,873.1320277048465,47.21743929909577
2024-01-31,0.10422996398603913,817.605086015382,41.703387701535476
2024-02-01,0.10934163221098822,648.6944647026526,38.61403676671456
2024-02-02,0.10279777834944068,627.4828325142541,41.8916128870729
2024-02-05,0.1021324543262492,632.6594985072525,42.170911053698596
2024-02-06,0.10276889969095444,649.4663985729396,41.97335697231039
2024-02-07,0.10456878781871615,658.9826412173478,41.20245251752513
2024-02-08,0.1067307563959737,648.8263287158865,40.06702049487494
2024-02-09,0.10772932311401695,648.7275791778983,39.663516632918544
2024-02-12,0.09980890372870721,545.467759370479,40.63809899862884
2024-02-13,0.09127442164553502,612.8957786438024,46.23355241640161
2024-02-14,0.08600861959591581,633.7894689359371,50.16062082575606
2024-02-15,0.08549423373414185,645.1393158989017,50.72168272743025
2024-02-16,0.088654047961372,629.7093453567319,48.3945997156895
2024-02-20,0.0916635466608501,617.7185426965087,46.58186212484143
2024-02-21,0.09161489608860587,628.2127933784342,46.69699396822918
2024-02-22,0.09036776993963411,630.1512708305571,47.54680208901561
2024-02-23,0.09016381431478741,619.5106815923431,47.78807374994405
2024-02-26,0.08828993620457622,626.7181394638377,48.83220970216733
2024-02-27,0.08771750961532075,665.7482338064023,49.698489732237405
2024-02-28,0.08768438320321048,667.4922971708836,49.41093741848886
2024-02-29,0.08885956167508773,703.0246631804479,48.99896699756115
2024-03-01,0.09589419979529175,641.2693222060767,44.79173169749018
2024-03-04,0.09760843336402436,638.0018502493087,43.87254657138745
2024-03-05,0.09109747812670703,672.1012561708317,47.44560862178608
2024-03-06,0.0888900598250467,710.3132989694135,48.970041773862036
2024-03-07,0.0870720686779937,714.6693811264033,50.35124598543247
2024-03-08,0.08702252264175453,700.7134903574331,50.19481883791076
2024-03-11,0.08664387197018879,700.0094280258752,50.432874445977426
2024-03-12,0.08654256890847918,752.9462331754047,51.11009428901945
2024-03-13,0.0837965471765351,907.0618673976478,54.09137793757216
2024-03-14,0.08441857017882598,903.4631428129552,53.126800253215066
2024-03-15,0.08136216459590803,912.4359161775221,54.956109491528736
2024-03-18,0.08284932861070174,889.5090875176961,53.05455725074958
2024-03-19,0.08218862473863281,803.9351328190965,51.9974001558575
2024-03-20,0.08100781739388527,815.9964993900645,53.07142364033777
2024-03-21,0.08021022480159846,829.7733361417517,53.78226386878348
2024-03-22,0.0779306037099557,850.3239469421395,55.364666942292665
2024-03-25,0.07849353659887327,845.8268142686381,54.96495376323415
2024-03-26,0.078543188174832,865.4580494952772,55.35209380885419
2024-03-27,0.08032220091573891,883.77954480925,53.934339226572895
2024-03-28,0.08827690262463446,832.8992650045808,48.52465890450136
2024-04-01,0.09580929625164879,601.6702563591115,42.90264735798112
2024-04-02,0.09750199999996981,587.4495446495192,41.918583667073015
2024-04-03,0.09789841765018698,594.6636115337101,41.762159778234
2024-04-04,0.09466119129997833,599.2198015425861,43.258853770718005
2024-04-05,0.105550153984086,576.5110550807849,37.992906487829785
2024-04-08,0.10627784709188447,577.9583216386836,37.76475317856024
2024-04-09,0.10614349660683518,601.4324749280105,37.83661357197122
2024-04-10,0.09826824334223827,744.7739090189089,43.10643479838773
2024-04-11,0.10266365823514609,632.9413883400638,39.582589761437966
2024-04-12,0.10562244906169564,713.6533887291133,39.80454041401342
2024-04-15,0.10440344522011777,702.1335262492341,39.95515149896142
2024-04-16,0.10037246392155956,711.4633384902169,41.62238814770868
2024-04-17,0.10096899144995886,698.2370256463445,41.437706114328606
2024-04-18,0.10119965421216692,696.1164533036526,41.01360238615349
2024-04-19,0.09888352309897923,699.497340440658,42.124459046474065
2024-04-22,0.09269197079090107,748.6560105682873,46.06577017144499
2024-04-23,0.09112363500361732,758.3843559309022,46.855384715277275
2024-04-24,0.09130988587152697,759.2666687057853,46.67414115375619
2024-04-25,0.09041533694545761,770.7350665071057,47.25226280769582
2024-04-26,0.09138278809024829,778.337189293713,47.03247532912484
2024-04-29,0.09434784561445571,1006.9736517798343,46.007307372606924
2024-04-30,0.08271840194277627,1057.3815549433898,54.68841749568424
2024-05-01,0.0856284499322122,959.1244880443423,52.66829299647141
2024-05-02,0.08273000917700264,1017.1040143475924,55.30811243570101
2024-05-03,0.08179370509150553,1038.3221190062811,56.171248981358964
2024-05-06,0.08009686226970941,1035.133972641865,57.73401575402675
2024-05-07,0.08001228545022582,1007.1678219144362,57.601170874889235
2024-05-08,0.08111160305156963,990.1531872018576,56.5938268743675
2024-05-09,0.0874549340891631,860.3673526008912,50.25506078464473
2024-05-10,0.09386129370744258,824.0677642944474,45.97377977410076
2024-05-13,0.09473079966134884,825.9910860436669,45.81366572567762
2024-05-14,0.09305665796639487,834.8596888012031,47.00806796464834
2024-05-15,0.08671972356293453,888.2017426288219,51.35724014840036
2024-05-16,0.0839595726837316,898.1120858253113,53.09435989446208
2024-05-17,0.0851247362655282,874.8040257072208,52.05307622666982
2024-05-20,0.08468402385591833,897.4890176435014,52.453028467402184
2024-05-21,0.08682223669780681,888.6287894702474,51.03523936999434
2024-05-22,0.08512239143560485,919.5863993150551,52.411091428774924
2024-05-23,0.08040275856590408,955.0771920798728,56.53824084262601
2024-05-24,0.07932115201532122,962.421964125888,57.318229624512945
2024-05-28,0.08241371845706667,1074.974008904267,54.913073951701115
2024-05-29,0.07277982240918396,1148.95004587528,64.10374945489365
2024-05-30,0.07779139205356743,1124.5757120648607,59.1934307478837
2024-05-31,0.08239722786550321,1085.3948395194195,54.87513664767129
2024-06-03,0.08349147269699247,701.9740221181944,52.44507100916791
2024-06-04,0.08268393429392777,689.4477332454418,52.71246151715608
2024-06-05,0.07737259599968345,722.1108686274392,57.07733624706316
2024-06-06,0.08022149663438094,707.9166839346084,54.38405841177579
2024-06-07,0.07430854597374015,734.9214097770115,59.172975351638385
2024-06-10,0.07496776566100669,742.2900601661158,59.12562668571065
2024-06-11,0.07456620069743959,747.0353079109118,59.91571756309489
2024-06-12,0.06950073718152494,785.7657301602562,65.91343132955177
2024-06-13,0.06819318509016925,791.9191657416808,67.15300598491865
2024-06-14,0.07232507748916099,762.7455559725367,62.54750944302128
2024-06-17,0.07311947860770096,757.7447763308529,61.78332681872252
2024-06-18,0.0737568472925385,762.2455819324456,61.45024803145437
2024-06-20,0.07360052374789715,760.2366952323039,61.580763700664484
2024-06-21,0.07238523763808931,762.6775827595493,62.55464732405478
2024-06-24,0.07808389361184297,791.585221379797,56.21811861602972
2024-06-25,0.0775902891552153,788.1851637807858,56.47408748895827
2024-06-26,0.07827020768320266,1096.6238660796796,57.45367585022381
2024-06-27,0.07823274800731916,1193.2400104974186,57.89355418507609
2024-06-28,0.07841768216177022,1158.1689963649853,57.62789474439226
2024-07-01,0.08117727879847454,992.2831233290352,54.859349027248605
2024-07-02,0.0805382708129721,972.9037204470508,55.416198653409744
2024-07-03,0.07876612849014311,985.8633809630117,56.78055565921042
2024-07-05,0.07541691681606551,1045.8027614229618,59.87624603341797
2024-07-08,0.07398171067073638,959.4531997621955,59.29572857227282
2024-07-09,0.07720699858749792,959.6541150243565,56.5644573315271
2024-07-10,0.06805729068979761,855.0512188066436,61.97572498410906
2024-07-11,0.07094482278748453,814.203833752688,58.830386045690695
2024-07-12,0.07481207967887563,760.0433091877082,54.999425506008684
2024-07-15,0.07261890864595331,786.3572404341479,56.88496832926529
2024-07-16,0.0701478915263609,830.2779426967592,60.0147948342596
2024-07-17,0.06736007054806048,858.6789494108518,62.91042711481822
2024-07-18,0.06847067782574427,886.0849507830114,61.59930920708922
2024-07-19,0.06840030583473118,879.8304361879024,61.68924843635222
2024-07-22,0.06602284269404375,898.5411589120558,64.4052416625044
2024-07-23,0.06573503139359953,917.9021236301436,64.90649914848925
2024-07-24,0.06412445535488966,965.3565894440908,67.36610154149822
2024-07-25,0.06615190485733095,946.0856872348098,64.82857971907966
2024-07-26,0.06661663838931302,935.7605284391241,64.23656267070132
2024-07-29,0.0664974661372211,1032.2300036658178,64.79317094828907
2024-07-30,0.06872075200507859,987.5855616652001,62.26788492809816
2024-07-31,0.07040234598579326,1066.7178834121992,61.5030031739698
2024-08-01,0.06911095070932471,1051.0740130989793,63.8041340946735
2024-08-02,0.07679892943828705,1254.0302528707966,58.337240625946166
2024-08-05,0.09948047171325951,1581.774086102041,47.72383319390237
2024-08-06,0.1001690071511781,1592.0126143925045,47.082448835777534
2024-08-07,0.09977117145443838,1610.5871664522465,47.26176025838907
2024-08-08,0.09312168940979067,1686.9127712941395,51.39692720262724
2024-08-09,0.09239370928029472,1691.8032278935889,51.8563956913549
2024-08-12,0.098442616331768,1621.4142446935534,48.03936373620886
2024-08-13,0.09350597569590437,1646.4409622220562,51.295363180677974
2024-08-14,0.0942050695626813,1591.255778306961,50.91096508926402
2024-08-15,0.09188308145773946,1620.7199625421076,52.340087837712986
2024-08-16,0.08998772887408721,1607.9323464164572,53.64951691105064
2024-08-19,0.0897058938366469,1602.6057540004224,53.930547123161276
2024-08-20,0.09209696622694638,1590.783720477285,52.31294404897331
2024-08-21,0.09253156224827412,1584.711158840886,52.08524714123382
2024-08-22,0.0880840891931852,1615.170858603483,55.0159523462647
2024-08-23,0.09116773020884412,1650.189359934602,53.266589368826246
2024-08-26,0.08820795204365607,1667.9601557140115,55.52144678501981
2024-08-27,0.08823125539425411,1682.459277818284,55.81234983935671
2024-08-28,0.0864089379519627,2334.3978608459247,57.76500189286276
2024-08-29,0.08742443739045595,2409.897459157605,57.280193469508106
2024-08-30,0.09112210980939822,2381.2756383728083,54.50094335932457
2024-09-03,0.07986236942243272,1730.5033164712786,63.58745224054458
2024-09-04,0.08397795157609422,1714.468793842195,60.360348494118924
2024-09-05,0.0845258489488577,1617.044169966348,59.713968358131616
2024-09-06,0.07719274349509271,1620.5018793852555,66.13987460702019
2024-09-09,0.07793824971791471,1593.8768518195704,65.44359718748983
2024-09-10,0.07939297225807342,1575.6433727748233,64.22360079520962
2024-09-11,0.07946811111393706,1588.3026789394764,64.25989510681406
2024-09-12,0.07775782807584769,1619.6630848316188,65.92828498332551
2024-09-13,0.07713164302349722,1592.230264697962,66.54925016919206
2024-09-16,0.07694443109212906,1607.7745323904198,66.73834562257767
2024-09-17,0.07848296049233312,1628.0396346260557,65.37396601926827
2024-09-18,0.07838272833028165,1828.553437515939,67.66818351944609
2024-09-19,0.07617568350739895,1877.987150534107,69.96536334795259
2024-09-20,0.07442643796944325,1810.664111608749,71.80632989781871
2024-09-23,0.07446145305657867,1809.5336554820456,71.59945067383553
2024-09-24,0.07365923251906337,1855.015115713101,71.75073808558889
2024-09-25,0.06830969290235324,1931.388627487595,78.16228196830963
2024-09-26,0.07037003451451067,2089.218533115392,76.32423117134927
2024-09-27,0.07028205698273798,2075.2408747632885,76.52438291399544
2024-09-30,0.06839005217405812,2057.4656257074207,78.65544247774245
2024-10-01,0.06857404263963626,1964.6794265185808,78.01164448819097
2024-10-02,0.0688136605865508,1954.3079240257907,77.36638176385742
2024-10-03,0.06880369951425087,1947.9860671184097,77.32696219879536
2024-10-04,0.06853210213881779,1998.8866423419433,77.55386043935734
2024-10-07,0.06851339886173215,2002.3230078074052,77.14801460428731
2024-10-08,0.07046881441452794,1919.192927580861,73.8719292606273
2024-10-09,0.07145306072154313,1887.1757223239042,72.6590991016257
2024-10-10,0.07463748274476668,1858.8999468618963,69.29580184871136
2024-10-11,0.07667107550426609,1823.751761875327,67.26074471797985
2024-10-14,0.07846768014119908,1777.5598741188826,65.513985477
2024-10-15,0.07515460818307691,1837.6045206768915,68.58416324624744
2024-10-16,0.07496508352672308,1838.6106518868655,68.84836372398145
2024-10-17,0.08020182762108027,1620.4137643937054,63.558115133844716
2024-10-18,0.0807305887181425,1566.6676593600396,62.99234783962429
2024-10-21,0.08183439624428528,1564.5228848737722,61.846551649583986
2024-10-22,0.08081462423420308,1548.1243751427835,62.694323304484854
2024-10-23,0.08053520297902111,1577.3042778776355,62.60139637449923
2024-10-24,0.08557450104292295,1603.4767039262526,58.60452616890684
2024-10-25,0.09308154024033684,1536.2163028208486,53.384226344044684
2024-10-28,0.09883108829544254,1467.2467309708952,50.27464327095814
2024-10-29,0.09144777061483601,1170.987383356767,51.801025642589245
2024-10-30,0.08865616770871908,1252.567063860302,54.15376711850874
2024-10-31,0.08461218837519048,1255.099765767985,57.03013502816614
2024-11-01,0.09313051445252664,1174.7372939687757,50.723704724228625
2024-11-04,0.09463486411951345,1193.7308466711731,49.56359063091472
2024-11-05,0.09296133884086155,1180.3726256552866,50.44945487401901
2024-11-06,0.1105667377423326,1129.4005836912272,39.28581275049109
2024-11-07,0.10354354870496167,1168.5967705644348,42.408181585536234
2024-11-08,0.10184451777888459,1161.9344653398798,43.12309510135115
2024-11-11,0.10593112843071659,1148.6551231630665,40.93228083381459
2024-11-12,0.10123394429494932,1217.9426430512995,43.37625863820333
2024-11-13,0.09810603564004494,1233.414050685583,45.021195812506555
2024-11-14,0.09911881772721422,1163.0506908560328,44.329007835024235
2024-11-15,0.10234916859009525,1102.9459819313543,42.361057078299154
2024-11-18,0.10671920508669062,1047.0091980911866,39.96780951854225
2024-11-19,0.109075504178104,1007.9811671490615,38.84567706930647
2024-11-20,0.10928920741685264,1000.4248393664095,38.74581075420497
2024-11-21,0.10929008359341352,973.769246629818,38.602227174263355
2024-11-22,0.10880936400685512,967.4424469205658,38.7623521992118
2024-11-25,0.10824499757393535,967.6755700519813,38.79939994325499
2024-11-26,0.1147044480394919,1239.2163890898184,35.98810600244258
2024-11-27,0.1145856483391623,1219.4341579096442,36.047494384778794
2024-11-29,0.11467244313394985,1249.4373459932433,35.8947294865362
2024-12-02,0.12619557640411985,1101.138137630358,31.3256224138999
2024-12-03,0.13404732160790317,1088.2038894977907,29.078875111057958
2024-12-04,0.1325851303275272,1122.498379906309,29.466337570014797
2024-12-05,0.13602911122808797,1135.2082336858468,28.518259456946492
2024-12-06,0.14398759461518282,1096.8630455522964,26.666191784662814
2024-12-09,0.15314340066576804,1047.0934862277059,24.199016863083735
2024-12-10,0.15688397598664025,1021.8394025766879,23.378284905008638
2024-12-11,0.14392890600575733,1091.8569431259682,26.01590239058135
2024-12-12,0.14356050106670323,1138.9301006073424,26.010107748125648
2024-12-13,0.1540024296346127,1094.1849169869515,23.95027548889302
2024-12-16,0.15464467850474897,1142.720253616539,23.868630791430938
2024-12-17,0.14005931136850033,1221.20595382971,27.47419549271123
2024-12-18,0.15198507269547729,1168.0798858644205,24.960749333165285
2024-12-19,0.1599478943239101,1048.9077397918386,23.242906591071034
2024-12-20,0.14620173227469696,785.2990399745636,23.01853669600009
2024-12-23,0.14720154205043537,780.6432777146964,22.563042377860548
2024-12-24,0.16061869721383668,727.524628211605,20.110740844874133
2024-12-26,0.16057095264979782,782.4364960308458,20.202299656069464
2024-12-27,0.15685675868428542,777.7323749724942,20.963586063229844
2024-12-30,0.15967044384567564,770.7122418917727,20.3963092336147
2024-12-31,0.16188117044897493,779.0585769030855,20.185368777106884
2025-01-02,0.16218691252556489,779.7838937391573,20.43711378382766
2025-01-03,0.14369188389508222,834.3949985865318,24.624695733520273
2025-01-06,0.1337360595031097,880.7157597579998,27.057058200451255
2025-01-07,0.12730687520311088,859.3864815200164,28.645081784621265
2025-01-08,0.12823385557353928,857.8621054509912,28.389536510202976
2025-01-10,0.11857335331161144,791.1161382179798,31.079915379256363
2025-01-13,0.12584618497111094,763.5814259299756,28.92584570300049
2025-01-14,0.12661688146993505,766.5510593914746,28.657846769845808
2025-01-15,0.11723455362273519,797.9122373845589,31.914525601152462
2025-01-16,0.11697069506895878,833.3532887871995,32.011868616707815
2025-01-17,0.11750568974570787,817.2630654677259,31.914345142928838
2025-01-21,0.11065680020169083,860.8716784573669,34.53884487223034
2025-01-22,0.11142906670605372,860.6721304333919,34.60615571977612
2025-01-23,0.11140253010708097,847.4274582712903,34.32086216354632
2025-01-24,0.11185532219740378,847.0979098371906,34.146140949751256
2025-01-27,0.1062552673409399,879.7895875688611,36.32265841304006
2025-01-28,0.10599552234132086,857.4091057918116,36.30142202597836
2025-01-29,0.10853442690915083,849.2146426537714,35.267090586109816
2025-01-30,0.1104098771102863,844.8329111101078,34.711006765556654
2025-01-31,0.10416277505596988,908.0983566379862,37.391912980267975
2025-02-03,0.1012910902603144,831.3187930306221,38.613232222072334
2025-02-04,0.09961076773758609,873.8857668044861,39.401590942458505
2025-02-05,0.08464267065155318,885.4432651935972,49.6464812400574
2025-02-06,0.08896847668402054,871.0760377747915,46.77114126549549
2025-02-07,0.08677358833137622,866.6127281145558,48.630019206457156
2025-02-10,0.08400728471469418,886.0500766353892,50.89064997737834
2025-02-11,0.09363087944760001,831.2158171805704,44.610619747037475
2025-02-12,0.10001030911768917,790.0210989693213,41.23521576188982
2025-02-13,0.09514505935810758,804.3345983811452,43.906462967131496
2025-02-14,0.09418037788084871,867.074531296554,44.81329405205096
2025-02-18,0.0983925785088554,804.5676427606037,42.368124751489525
2025-02-19,0.09825827205529754,811.571260892232,42.111511362888514
2025-02-20,0.09873299165107721,818.3276700773501,41.78503439967868
2025-02-21,0.09523692298886273,839.4111980234107,43.48094524895341
2025-02-24,0.09320798970111427,834.1582332853501,44.257834900915306
2025-02-25,0.0943400026627654,832.1693974591667,43.731988461120274
2025-02-26,0.0945447984116956,830.348651907499,43.651666406934275
2025-02-27,0.08326236725725979,904.1712967558635,51.442913083126726
2025-02-28,0.08387283677954536,867.0698704378725,50.23816595360874
2025-03-03,0.08323508176870822,839.3541943111957,50.61784931504879
2025-03-04,0.08480471147104685,814.8133702383961,48.827577701029945
2025-03-05,0.08132989898095165,874.570521761224,51.77482109297662
2025-03-06,0.07456223000764994,915.4373730479792,57.45492152084388
2025-03-07,0.07295973537151997,931.0787286779513,59.09208864645876
2025-03-10,0.07144941986104728,1063.8332915530104,63.52532324479946
2025-03-11,0.07137856302847824,1068.7122839322496,63.76899609069863
2025-03-12,0.07199213027810795,1060.3805212955158,63.15537724090836
2025-03-13,0.06970444091883472,1073.3986733220158,65.50008285629444
2025-03-14,0.06618586407809195,1128.4273830560908,69.96306982669232
2025-03-17,0.06257571297860325,1192.4367952240548,75.10202638420431
2025-03-18,0.06650411692449049,1108.8820070942693,69.80915560287087
2025-03-19,0.06517274848838212,1213.0157758183207,70.22295469174425
2025-03-20,0.06361105586080795,1266.665744435419,72.347427577216
2025-03-21,0.0631600145217542,1303.0147102755002,73.18055965406526
2025-03-24,0.06172109999817042,1318.0787048967964,75.65656989779801
2025-03-25,0.06184934863962262,1353.0547420723294,75.72435778105522
2025-03-26,0.059747167931389344,1369.656686282333,78.96370255304494
2025-03-27,0.06137343845211052,1359.8817993234263,76.65520137989388
2025-03-28,0.05752789248184987,1453.5644063491686,83.20864532287301
2025-03-31,0.05639339587017068,1486.435920103375,84.96426544233815
2025-04-01,0.05556307881315737,1156.3779909026837,84.92617458926472
2025-04-02,0.05824082226368536,1092.2122930553166,80.02485299743478
2025-04-03,0.08885354696314696,1281.0853912227544,53.97619232744459
2025-04-04,0.14109622012044262,1743.1901753145378,34.826223065566154
2025-04-07,0.13301895039907324,1805.7057338732045,36.75362034168252
2025-04-08,0.13331302634105305,1732.2593011928006,36.27180632064908
2025-04-09,0.22293390341422112,2563.0724890021725,21.819528923256414
2025-04-10,0.20988210071629068,2716.3415545268604,23.5424497228309
2025-04-11,0.19887727932946048,2811.6820470218618,25.11466849469969
2025-04-14,0.19752183984810323,2825.15991437986,25.341267513160755
2025-04-15,0.1982251116465716,2865.878149522289,25.18920241435648
2025-04-16,0.20301758400952913,2744.069609890613,24.442826900647344
2025-04-17,0.20185208229980547,2615.249769521531,24.608934597492247
2025-04-21,0.2020333323492649,2678.598682103834,24.576231568324694
2025-04-22,0.19324995525024757,2720.6273552564176,25.92768585411743
2025-04-23,0.1918502175224717,2694.766981972075,26.21213002169046
2025-04-24,0.18596466303091796,2712.099009793342,27.195701921397184
2025-04-25,0.18588039082659222,2715.36839574069,27.190105669004396
2025-04-28,0.1887476550718853,2690.9398566366717,26.678648677327832
2025-04-29,0.18872066125668957,2664.6327978359604,26.787997613413005
2025-04-30,0.18993312737104223,3756.806030848662,26.64708147131782
2025-05-01,0.19242891685200197,2371.64466051935,26.138804728070042
2025-05-02,0.1813719539615989,2452.122172651405,28.070534331786416
2025-05-05,0.18132628971134201,2447.9094108320382,28.045346889461214
2025-05-06,0.18265665631803643,2424.6971979212008,27.827240358140564
2025-05-07,0.18433802706939786,2408.5663301634268,27.515737558981687
2025-05-08,0.18442374526258462,2393.818878566973,27.412292743693683
2025-05-09,0.18384297310535846,2421.47608197117,27.537181463127084
2025-05-12,0.17837347871444353,2512.7711542526263,28.571596670806244
2025-05-13,0.17883334285123867,2533.575093549275,28.499947969586717
2025-05-14,0.17959871620895618,2552.9358578130546,28.356809448756202
2025-05-15,0.17949712859285516,2558.621561232828,28.42436346016218
2025-05-16,0.1792057491953485,2561.302955842185,28.495262896230248
2025-05-19,0.18028908208368621,2559.2182961881463,28.31997376951332
2025-05-20,0.18100745258887527,2553.359137020556,28.21227426556422
2025-05-21,0.18055043125698741,2562.311983734021,28.15336306899285
2025-05-22,0.18118608151196777,2568.3702368218287,27.999876532804088
2025-05-23,0.1878207114579629,2534.8317767495987,26.79840089880739
2025-05-27,0.18286422018206785,2552.4906981492504,27.87541609143146
2025-05-28,0.183249717453229,2844.63021350668,27.799480095886278
2025-05-29,0.18261150707815432,2902.6883870065226,28.006782327958796
2025-05-30,0.18863497407474836,2854.3733495694655,26.95479786909919
2025-06-02,0.1927359470956582,2420.3669168590104,26.14373519250861
2025-06-03,0.1947633515892223,2407.821083065717,25.81600093487219
2025-06-04,0.2088266957058825,2306.351537290641,23.478828843032634
2025-06-05,0.20845728074597356,2305.820015504727,23.494953045572007
2025-06-06,0.20992995305098355,2286.2939805607753,23.29384538763215
2025-06-09,0.21237213046221828,2254.6248499150443,22.939393557477665
2025-06-10,0.22117666975194902,2215.6625901919524,21.772218306069036
2025-06-11,0.2287554106821901,2211.2012286479985,20.874389578909355
2025-06-12,0.22979161851575164,2215.2248077024874,20.76122820653249
2025-06-13,0.22274251014237165,2298.066021646528,21.629590529164226
2025-06-16,0.2214190995908079,2316.4270522301854,21.72902186649341
2025-06-17,0.21659932869943097,2359.8716047543508,22.315334862768168
2025-06-18,0.21809130910623034,2353.188461741662,22.110120589258635
2025-06-20,0.2180367294538941,2344.9056773320594,22.11670352313083
2025-06-23,0.2206924988944314,2344.0289052596895,21.671490380661105
2025-06-24,0.20622900291774102,2455.209400095942,23.51788219104675
2025-06-25,0.21614840574014496,2392.159415940277,22.209455942090447
2025-06-26,0.21580168871283273,2390.696780685375,22.172070656631277
2025-06-27,0.21712939982858737,3388.732944041714,21.958052819819287
2025-06-30,0.2169561726039742,3385.6302783319643,22.004370112516696
2025-07-01,0.25084944442771695,2830.540522029043,18.212791661051433
2025-07-02,0.30882424159016353,2207.5282773071517,13.485254427916257
2025-07-03,0.32699459798630776,2156.9824373606384,12.54864614078856
2025-07-07,0.32848185508769107,2146.1035262337587,12.475582788184054
2025-07-08,0.1051449416717247,1166.2962900003397,40.21038847886923
2025-07-09,0.09990599844160558,970.695506404414,40.33460280773539
2025-07-10,0.10485761482138466,862.0973591178235,36.58507021629406
2025-07-11,0.10142275876509704,875.7993937355886,38.304985109728655
2025-07-14,0.10141900541584152,881.6063636141879,38.51751230795355
2025-07-15,0.10547515269930856,847.395596519786,36.53588699396294
2025-07-16,0.1051235867508756,886.0976305100794,36.371149055455625
2025-07-17,0.10785924806328392,858.2818478474574,35.60057961421668
2025-07-18,0.11006207621128525,843.5014410024751,35.20588294590857
2025-07-21,0.11296799059765715,836.0793703951226,33.971371430040264
2025-07-22,0.11369529928414805,830.6747757388536,34.27913001584239
2025-07-23,0.1096123581197161,844.2233121396173,35.77108933135955
2025-07-24,0.10613796586868528,864.8349785314506,37.39307958421176
2025-07-25,0.105577290880513,877.7965052705351,37.697829643836506
2025-07-28,0.10126037668344019,941.0580022190906,39.72179712184875
2025-07-29,0.10353358653232182,1301.1869288664368,39.03016248489701
2025-07-30,0.1110746610541368,1164.6458167656235,34.73280956212486
2025-07-31,0.10597202141077829,1228.3872164197112,37.04781892866073
2025-08-01,0.09809735545757237,1301.7476024363646,41.18975162939726
2025-08-04,0.09534545521960254,1319.5334287450696,42.779164264312726
2025-08-05,0.09592746128859606,1313.2182590881796,42.89510383127719
2025-08-06,0.09529815385246815,1316.0015691216793,43.09894284332311
2025-08-07,0.09377732365062653,1351.4867088653052,44.83676321044297
2025-08-08,0.09404910529579007,1327.2484278409288,44.65682928960766
2025-08-11,0.09231239372888073,1311.919590671445,45.75015644361459
2025-08-12,0.0885900757311762,1314.3687687447264,48.11756300509668
2025-08-13,0.08783841956511468,1248.8674653112348,48.4881487842419
2025-08-14,0.0837436530971015,1292.1492868911507,51.19694887662085
2025-08-15,0.08492316273572928,1269.9811172062102,50.338861523987504
2025-08-18,0.08195464545115419,1272.37243902297,53.864983146792476
2025-08-19,0.0784483236921812,1304.762349598105,56.91174175405081
2025-08-20,0.07788625755960914,1346.1839195422801,57.56524824869396
2025-08-21,0.07889645187397316,1317.3626469194471,57.261376974350384
2025-08-22,0.0728595473832393,1422.441841637472,64.08957250145131
2025-08-25,0.07140234959623576,1435.5761708185182,65.64940253797548
2025-08-26,0.07507833316239938,1376.1331068204124,61.91980805837636
2025-08-27,0.0763561819198688,2065.954160433135,61.988805650305366
2025-08-28,0.07486481544539697,1845.2869649465974,63.07682985941287
2025-08-29,0.07664288894255722,1796.704804377456,61.46966181504847
2025-09-02,0.07672717637670651,1516.9190448839565,61.07729358375764
2025-09-03,0.07651521880487193,1480.6966124346295,61.31838403575549
2025-09-04,0.0780855971554059,1500.1199285042844,59.706850847519625
2025-09-05,0.07756752122208103,1448.1725705538872,59.93110726566468
2025-09-08,0.07688205684622079,1448.800702853038,60.696931910146745
2025-09-09,0.07790438574047558,1442.4824076140633,59.40991776142283
2025-09-10,0.07814133908077597,1350.3284962793643,58.72962769755373
2025-09-11,0.07628478097112017,1411.074621447828,60.56045655594937
2025-09-12,0.08270993424104932,1246.438840925412,54.34135506530512
2025-09-15,0.08441825269028981,1239.1713973986648,53.22566447026976
2025-09-16,0.08295307200315637,1315.7327979195013,54.24930450031632
2025-09-17,0.08109177265040218,1330.667693573646,56.536703601190446
2025-09-18,0.07433759614076535,1107.849482076101,58.129530975101574
2025-09-19,0.0728360441055515,1128.3823166983784,59.457458881768304
2025-09-22,0.07230165175277856,1134.1357344134024,60.56200178901921
2025-09-23,0.07327427193359513,1122.5940267586388,60.336922202293366
2025-09-24,0.07033782361542258,1185.739126678952,63.54622384169372
2025-09-25,0.06961501191723192,1640.4579359265092,65.29550340822254
2025-09-26,0.06930212506978459,1611.0576790697721,65.00079720578525
2025-09-29,0.06784644337550051,1628.9061735590722,66.63308992191628
2025-09-30,0.06763795904721007,1439.9266151649808,64.60259124755535
2025-10-01,0.07023264409466437,1101.4005544406446,60.50847386348556
2025-10-02,0.06680271338142857,1145.3635659855008,64.40068133660215
2025-10-03,0.06908849191019864,1128.8864940466894,61.974674966290216
2025-10-06,0.07072247620742977,1156.9467971168685,60.34200850759146
2025-10-07,0.06613734062675364,1216.0898673171876,65.47969820996641
2025-10-08,0.06561233204948298,1205.9647635773533,66.56014851510581
2025-10-09,0.06307620967657526,1218.989919856704,70.89591504134629
2025-10-10,0.09526435304270743,1471.1444384349463,48.90750535344164
2025-10-13,0.08970660544903408,1346.301840828454,53.176056655971955
2025-10-14,0.09089298728887085,1201.896565125377,51.83191150304056
2025-10-15,0.08656823331201302,1251.3585559255241,54.960184100351796
2025-10-16,0.09184764195070272,1224.83688343085,50.01465805511562
2025-10-17,0.0942441545343368,1215.3108069124403,48.537966985597826
2025-10-20,0.0894262678225397,1249.0578061186657,51.719586797953404
2025-10-21,0.08874774911971108,1290.8103937662756,51.97655930468407
2025-10-22,0.08880594546278124,1296.9785105745632,52.11899629882021
2025-10-23,0.08944394211219653,1289.6293777467984,51.73106039565471
2025-10-24,0.09041862446926961,1286.8063434819994,51.11146698358484
2025-10-27,0.09492393379825481,1286.6986964031655,48.37791017241827
2025-10-28,0.09911964690019948,1265.6282839272149,45.87129538896192
2025-10-29,0.09788386613807987,1274.4771296878432,46.114711310664
2025-10-30,0.09003227258846125,1326.401295583905,51.12656940883973
2025-10-31,0.0897234429138275,1336.0407245925664,51.06815417391313
2025-11-03,0.08591426312149242,1136.7453950688146,53.14230399272937
2025-11-04,0.08579956638277321,1327.810729693261,55.3408077470674
2025-11-05,0.08749896518216173,1296.6563805050441,54.11335957779777
2025-11-06,0.07943156030742955,1359.5211633873075,60.50179036854643
2025-11-07,0.08019640926548038,1343.867395628206,59.680216838397946
2025-11-10,0.07459937532744404,1433.9484344243406,65.3573536962692
2025-11-11,0.07494303088563709,1433.266966321905,65.06258539364046
2025-11-12,0.08025885315780625,1386.5859499061846,60.24821287548046
2025-11-13,0.07420868883112848,1436.0171506087593,65.62081925336574
2025-11-14,0.07478740382348426,1407.0863225993185,65.04371749060286
2025-11-17,0.0736506008889745,1372.9863741112943,65.60332051055816
2025-11-18,0.07327913376434206,1377.8838063681894,65.95650621425135
2025-11-19,0.0723208149305681,1388.7137835932308,66.90725735239896
2025-11-20,0.06596134663111153,1440.0636470502436,74.1865760521416
2025-11-21,0.06664677994555493,1497.5078592469556,72.80785797078686
2025-11-24,0.06924737975427611,1491.8754676831327,69.93361327348784
2025-11-25,0.07112041733557042,1753.3337268312055,68.03025446772423
2025-11-26,0.06977528435795732,1778.5472213018202,69.74610011766043
2025-11-28,0.06942110228038223,1778.3883774488625,70.0978778094325
2025-12-01,0.06852814851873944,1547.6230030724741,70.48904608804988
2025-12-02,0.06839963937220649,1538.5852068405995,70.63270213347114
2025-12-03,0.06824066603394914,1544.0038865443828,70.78762469657694
2025-12-04,0.06913659180691152,1545.3739527645903,69.45748080725335
2025-12-05,0.06843788939624089,1534.2778016108098,70.64225695892462
2025-12-08,0.06844198775789065,1601.10121233101,70.82019175286798
2025-12-09,0.06868369004656395,1600.391145181456,70.2623707505868
2025-12-10,0.06849774091420956,1593.4513172627956,70.4694468209642
2025-12-11,0.0667998080715967,1608.2956079664632,72.4366794156433
2025-12-12,0.06161302266503592,1720.5455891341874,79.78070189173695
2025-12-15,0.06252254233630411,1702.670037629747,78.60483015523256
2025-12-16,0.05806753124562654,1790.051075824184,85.70795739370115
2025-12-17,0.05648056546813672,1867.3187567240843,88.41958867899538
2025-12-18,0.05746531764502265,1856.274994304814,87.70641593841846
2025-12-19,0.057408816057816746,1638.8902749423844,87.22149600706847
2025-12-22,0.05820319445545333,1707.161406821692,86.07443222600199
2025-12-23,0.05892042202045598,1749.9602928448833,85.05965451110882
2025-12-24,0.058245711199241795,1781.2694403447856,86.34363048234555
2025-12-26,0.05893549237756182,2073.407961574295,86.01397694781656
2025-12-29,0.059062915603380964,2065.33446394264,85.26806320054375
2025-12-30,0.058852181866432554,2060.1782402494996,85.66738594596046
2025-12-31,0.0570609227600027,2116.4544472359357,88.54347591855839
2026-01-02,0.05820605984609249,2274.461036056281,88.0301499582439
2026-01-05,0.05626638450620377,2247.22418699001,91.16094316178624
2026-01-06,0.05645326226855268,2242.819425447266,90.97172724840746
2026-01-07,0.05160935041845231,2019.6390615111102,98.65566881041508
2026-01-08,0.053527799837906426,1984.0604715037957,94.46627824998606
2026-01-09,0.05338673445322372,2181.020825849366,95.59549505384055
2026-01-12,0.05613946247722174,2123.667332876132,90.00609242749726
2026-01-13,0.053228611064255645,2130.2430347994705,96.8906513384085
2026-01-14,0.052537484975494,2167.3461335710467,98.20106405103562
2026-01-15,0.05406638865873423,2152.7542892971687,94.45936200159937
2026-01-16,0.05692620392652062,1921.0875080142555,89.07889703246035
2026-01-20,0.057264919312692966,1832.7697906055382,86.5318553617828
2026-01-21,0.05360045869965341,1976.6399519580266,94.1371840515438
2026-01-22,0.05522596431807638,1954.2691118010387,90.8479351899604
2026-01-23,0.05697959022288185,1912.3121022735636,87.46101810698958
2026-01-26,0.056799202873612946,1915.9377661536778,87.7474083477223
2026-01-27,0.05425261248574395,2001.5214814455253,93.29578420878937
2026-01-28,0.05670716535988525,1969.7837704044025,88.6340901238889
2026-01-29,0.055972259589088316,1976.6082535453615,90.18392679797907
2026-01-30,0.05505061053676447,2492.714223028519,92.79676496814831
2026-02-02,0.05394481553459473,1978.967576776999,91.25732540802113
2026-02-03,0.06486477287007962,2140.4955415349273,70.80281872137436
2026-02-04,0.06547595164831217,2120.5884279786233,69.82638196608224
2026-02-05,0.06576631660292223,2093.644681428988,68.59636567818036
2026-02-06,0.06762113728371492,2162.972651583941,66.88798964187018
2026-02-09,0.06664437991672338,2174.5195543382047,67.987466851884
2026-02-10,0.06613372726900227,2032.1269175222571,68.14881077766799
2026-02-11,0.06867558040531703,2023.7197172834362,64.42304973340282
2026-02-12,0.06763969324921804,1873.865176996625,64.83159986002572
2026-02-13,0.06952309616749779,1841.5907647998715,62.98017376758104
2026-02-17,0.06928512889893337,1851.35243451315,63.05141626251894
2026-02-18,0.06959076624457529,1857.3767352019577,62.8127371476606
2026-02-19,0.07444859298878395,1758.7952902093434,56.70274284857689
2026-02-20,0.06838537694745479,1864.5196293874867,63.66194846808445
2026-02-23,0.06550387644231079,1941.8057900561246,66.7618338087858
2026-02-24,0.06101711192040951,2007.1030939178074,73.34950362612211
2026-02-25,0.059188636017723194,2046.815862939846,75.99251727478718
2026-02-26,0.05967546379682789,1938.1753861578609,75.32541902145041
2026-02-27,0.05965878239752857,2179.801110553717,75.24514082787377
2026-03-02,0.05647417703256626,2097.9819479353832,80.09497904614328
2026-03-03,0.1502994278172323,2969.296521764436,31.546521847807654
2026-03-04,0.1517079100582382,2966.5902961494676,31.15377710400762
2026-03-05,0.1286272107408885,3298.6318337550306,38.268292742906894
2026-03-06,0.12827951415186714,3320.2186764653043,38.22714667336123
2026-03-09,0.12013841093776452,3483.71796680154,41.54224346332223
