date,alternative,corp_bond_ig,developed_equity,emerging_equity,korea_equity,short_treasury,treasury_7_10y
2014-09-24,-0.0017698849597309,-0.0023698595575592,0.0041453068450115,0.0142308898518406,0.010553341595497,-0.000354994149304,-0.0028088634722863
2014-09-25,-0.0106858059167942,0.0029614479489759,-0.0094209665788536,-0.0220149090463274,-0.0182990564154765,0.0007099525577812,0.0048379388738968
2014-09-26,0.0026821925409589,-0.0021991224056586,-0.0013929306912938,0.0044890478655664,0.0021037481333571,-0.0004732156044751,-0.0021258218967566
2014-09-29,-0.0071685169224782,-0.0004234209001668,-0.0037706440149142,-0.0204817066970421,-0.0128530348856869,0.0002365906655393,0.0031870405738144
2014-09-30,-0.001800153060282,0.0014390163389919,-0.0012601187281248,0.0,-0.0092121293423343,-0.0002365906655392,-0.0008681458809449
2014-10-01,-0.0126928407206718,0.003209167975953,-0.0075939183645706,-0.0206644592487186,-0.0264583088671248,0.0007096943513394,0.0065410033732146
2014-10-02,-0.0054894783625185,-8.433860158666719e-05,-0.0095029180494838,0.0053895579344697,-0.0037402495464039,-0.0001182774954716,-0.0029766711366609
2014-10-03,-0.0009178382784851,0.0028629522088854,0.0079490153394932,0.0085147936416573,0.0025516986928411,-0.0009464529957204,-0.0002885191627333
2014-10-06,0.005494505305897,0.0005043507088708,-0.0043925707841451,0.0129965951011127,-0.0015302247612446,0.0009464529957205,0.0016338911985773
2014-10-07,-0.0193643529743527,0.0036072377719117,-0.0130066298798923,-0.0088867867155598,-0.0090590957053711,0.0005911574600135,0.0058409762904538
2014-10-08,0.0138698476684558,0.0050950255813214,0.0223353712018257,0.0148469903608661,0.0054794603958052,0.0010630954776952,0.0035263581862657
2014-10-09,-0.0251059638787699,-0.0041743256899053,-0.0285407492621569,-0.0158124964757613,-0.0163557187652299,0.0,-0.0017139625638571
2014-10-10,-0.0180526888057393,0.0008362475464742,-0.0082855285886685,-0.0219735780914639,-0.0199866290372455,0.0004721543613695,0.0038997152123872
2014-10-13,-0.0096339855978868,0.0025880148717543,-0.0101226189983992,0.0100700805550385,0.0089907757344135,0.0003539470306437,0.0052076343877661
2014-10-14,-0.0009685821920973,0.0022485676045033,-0.0069542519972894,0.0058480109224173,0.0031540293561777,0.0005896934286995,0.0019812175600727
2014-10-15,-0.004856736256919,0.0007484426484315,0.0011871470718938,-0.0127141190069268,-0.0014005257048005,0.0012960309366582,0.0056390984679949
2014-10-16,0.0019455704495128,-0.0022469469812583,-0.0031191868155268,-0.0091460020210083,-0.0035100204139963,-0.0005889294378654,-0.0027215378376895
2014-10-17,0.016385879374311,-0.0004166111632133,0.0176943123306982,0.0111126159895165,-0.0014074919783095,-0.0005891865426819,-0.0029175606303054
2014-10-20,0.0104613269612405,0.0018319065080504,0.0055386365087639,0.0029425948124597,0.0138126318730634,0.0005891865426819,0.0014127765661054
2014-10-21,0.0215263631199091,-0.0005825298422384,0.0178627311929017,0.0041539014430338,0.0034668220038645,-0.0002356149806831,-0.0027331520409682
2014-10-22,-0.0074350069554087,-0.0016662250816229,-0.0071643807439502,-0.0066054464775965,-0.0041616442610936,-0.0002357604350422,-0.000283154274234
2014-10-23,0.0046533356578042,-0.001919654719371,0.0110118617424191,-0.0002455415767977,0.0013891620716817,-0.0004715077460227,-0.0041623600461564
2014-10-24,0.0119983264025284,0.00041764922215,-0.0028485555631085,0.0070948533824177,-0.0008679669983739,0.0002357816629553,0.00085283529512
2014-10-27,-0.0055197791472242,0.0012518384687065,0.000712954335964,-0.0078316526097681,0.0053693305633996,0.0,0.0010413273826582
2014-10-28,0.0110092575097429,-0.0033417033881658,0.0151357248578797,0.0199471386887793,0.0094559158357221,-0.0002357816629553,-0.0024630756375053
2014-10-29,0.0,-0.001842711149012,-0.002952644870847,0.0014440765840053,0.0098758138875338,-0.0012980190244972,-0.0033252462407618
2014-10-30,0.0018231962775545,0.0006704813464326,0.0002816313239046,0.009335779963859,0.0059126530208893,0.0003541559407585,0.0010462797179938
2014-10-31,0.0108696444431173,-0.0001676101614035,0.0132840792358167,0.0042796142183897,-0.0125425010977402,-0.0002361500740184,-0.0016174857156671
2014-11-03,-0.0072333322864226,-0.0047877098855879,0.0020814762075171,-0.0083383993704536,-0.0168562560109741,-0.0004722872783665,-0.0020969752382374
2014-11-04,0.0045269431208579,0.0014303632828212,-0.0043064254365257,0.0009565021250351,-0.0046944440150613,-0.0001181517445587,-9.544478313585088e-05
2014-11-05,-0.0009037368549085,-0.0018513951035425,0.0047221801345577,-0.008882519709504,-0.0159862838663957,-0.0002363453768704,0.0002862342389612
2014-11-06,-0.0027161213646092,-0.0030369570125258,0.0002771442574729,-0.0123743453145912,0.0042410005803289,-0.0002363110778996,-0.0030575190577274
2014-11-07,0.0063262473850825,0.0063166083283302,-0.0001385625276191,0.0063276466971429,0.005802246274743,0.0007088558782925,0.0063909997166435
2014-11-10,0.0071813867052457,-0.0050500777909801,0.0024906655193997,0.0026650677502698,0.008553737499993,-0.0007088558782925,-0.0040970026657233
2014-11-11,0.0008940409363934,-8.44026509114872e-05,0.0045501881210678,-0.0009683107558233,-0.0082031598038086,-0.0001182215743305,9.549034646114417e-05
2014-11-12,-0.0026845926795129,-8.440977532035006e-05,-0.002341517486206,-0.0019394389365191,0.0034989005040471,0.0003545326522301,-0.000381943246333
2014-11-13,0.0017905517431195,-0.0010977181111182,-0.0033148907613912,-0.0026728387583999,-0.0034989005040471,0.0002363453768704,0.0016221977116768
2014-11-14,0.0026797284487688,0.0012665305373501,0.0044174519776392,0.0082384804357842,-0.0080944116026987,0.000472433156185,0.0020954500969615
2014-11-17,-0.0017856875123753,-0.0023654549578288,0.0024762745983713,-0.0106744981076571,-0.0010605897921413,-0.0001181098905343,-0.0011423755635121
2014-11-18,0.0177152548958172,0.0008454386023361,0.0026072390948582,0.0053515383723454,0.0077519525779976,-0.0001181238421283,0.0011423755635121
2014-11-19,-0.0026373909947722,-0.0053383585326475,-0.0064618526457349,-0.0004853302032248,-0.0148517609742205,-0.0001180476789637,-0.002667672901959
2014-11-20,-0.0008806559335609,0.0038160282097197,0.0026172952224633,-0.0017004666618465,-0.0024968693266319,0.0002361715210921,0.0018110135984234
2014-11-21,0.0017605369945944,0.004307275145026,0.0093113130774837,0.0313534731757875,0.0140085792754692,0.0002361157572742,0.0019978038430808
2014-11-24,0.0052632235842563,0.0015998892748049,0.0,-0.0082810949796136,0.000704117518272,0.0001180820078664,0.0011397713864845
2014-11-25,-0.0035057136505175,0.0042819606014782,0.0005450458478143,-0.0064354997046327,-0.0015849285664654,0.0001180680661519,0.0024651775319683
2014-11-26,0.0061269071160238,0.0034290673622619,0.0010890974640737,0.0125936983647409,0.0136532624087056,0.0001180541277294,0.0017030972752653
2014-11-28,-0.0061269071160239,0.0026682222466366,-0.0028616097646563,-0.0202749578312114,-0.0111889170977479,0.0003539887738257,0.0038685113088625
2014-12-01,-0.0105914898826567,-0.0062648997703021,-0.002049061982477,-0.0172564514622888,-0.0075885001623979,-0.0003539887738259,-0.0041521474802907
2014-12-02,-0.0008876918128662,-0.006726067324528,-0.0016421943979141,-0.0002452405619225,-0.0015956062509883,-0.0005903199590223,-0.0044543619442049
2014-12-03,0.0026607825166624,0.0010118276096486,0.0057361282921117,0.0026937842374391,-0.0003549327034293,-0.0004724889716939,0.0003798757483208
2014-12-04,0.0,0.0015998892748049,-0.0043674109659036,0.00171043892963,0.0102419758961684,0.0005905988622283,0.0035069723904422
2014-12-05,0.0053003522505275,-0.0041313482787605,0.0038225135867969,-0.0019549863559981,-0.0058144472019272,-0.0018910732612971,-0.0055980407563933
2014-12-08,-0.0079611347671898,0.0047201500437843,-0.0062875970597775,-0.0147859344785908,0.0005299669683175,-0.0001183334695413,0.0033246146199009
2014-12-09,0.0,0.0008405352793884,-0.0024711751290424,-0.0094786754065251,0.0066890070154246,0.0003549584084772,0.0036916072218177
2014-12-10,-0.0080250234001318,-0.0003360780378928,-0.0138410514118713,-0.0148973877697253,-0.0153808198511312,0.000827566311048,0.0045249263283674
2014-12-11,-0.0044863243815193,-0.0010091049004665,0.0006966639180378,-0.0084302920328085,-0.0085883428426577,-0.0004728240566237,-0.001694439885328
2014-12-12,-0.0163194504370306,0.0015972634935637,-0.0155803638381081,-0.0165549407385023,-0.0139331022603903,0.0009454246563104,0.0081633363525046
2014-12-15,-0.0082607309550712,0.0023491811589022,-0.0075257544591919,-0.0144492000092533,0.0101523272305151,-0.0007090297736593,-0.0036511708467232
2014-12-16,0.0009212204688704,-0.0003352687573681,-0.0087324380124,-0.0015890197445054,0.0143269472362386,0.0005908780291006,0.0050519416955356
2014-12-17,0.015532560477867,0.0002514461202647,0.0037312687620848,0.0084455424131222,-0.0177599369492622,-0.0009455364193118,-0.0069295668883302
2014-12-18,0.0152949173678429,0.0010052165824523,0.0282464771139353,0.0135737000511552,-0.0023557330704569,-0.0005914371553414,-0.0056539773702252
2014-12-19,-0.016202002269183,-0.0005025139379253,0.0031978248922642,0.006975883043873,0.0030794695810786,-0.0007101143642079,0.0036787231214034
2014-12-22,-0.0009078391563045,0.0031780982155185,0.0041556428840237,0.0138074529825194,0.0115088373814005,0.0002368210283572,0.0
2014-12-23,0.0009078391563046,-0.0076275769814608,0.0027609705753801,-0.009183753407792,-0.011328019557969,-0.0010659557570157,-0.0083199614810441
2014-12-24,0.0027186519318959,0.0005047542792996,0.004538922897967,0.0023038574469667,0.005590157443129,0.0001185157436806,-0.0007598236699401
2014-12-26,0.0036133871575661,0.0007565578647219,0.0012342638440061,0.0078950509012368,0.004843501328162,-0.0003554989494979,0.0013292765919932
2014-12-29,-0.0072398782457667,0.0019309358616192,-0.0028824271661277,-0.0061068349692173,-0.0037651841990193,0.0009476863854012,0.0034100687719033
2014-12-30,0.0,0.0008383507528776,-0.0059281941874786,0.0020397257902561,-0.0081161406960017,0.0003552525774317,0.0011341343718689
2014-12-31,-0.0027284730003899,0.0006702004876306,-0.0091679488833623,0.0007639107764372,0.0012668483002983,-0.0003552525774317,0.0011327775858879
2015-01-02,-0.0027360076126613,0.0035111067612042,-0.000139587410294,-0.0133232933821587,-0.010545585566936,0.0010651988512118,0.0050818942801886
2015-01-05,-0.0100964461746361,0.0040807706903005,-0.0237265793665686,-0.017957505482417,-0.0125070660786354,0.0,0.0060830427496915
2015-01-06,-0.0158069733755038,0.0040641856576667,-0.013380536167901,-0.0042106289080699,-0.0037084586745412,0.000473047724972,0.0066952194916668
2015-01-07,0.0074697178613019,0.0013235477398855,0.0100879505801558,0.0213940722057893,0.0125531736959116,0.0004728240566235,-0.0001854135937661
2015-01-08,0.0111009184843967,-0.003229142816062,0.0219820673556809,0.0168931537264763,0.0192593415158105,-0.0001182075996419,-0.0040868978735047
2015-01-09,0.0,0.0026503219950947,-0.0095842917995964,-0.0033049747850312,0.0091357935770016,0.0008269797204208,0.0049208471265758
2015-01-12,-0.0055350555223903,0.0019005561122996,-0.001842756914723,-0.0081820883423275,0.0001782708635619,0.0005903199590223,0.0035132918345022
2015-01-13,0.0009246276778709,0.0009077082157067,-0.0071194943480735,0.0086912649677389,0.0086980519949883,0.0005898816964535,0.0009224952336169
2015-01-14,-0.0018501110833752,0.0017305957507391,-0.0005717683670589,-0.0056151556161796,-0.0063830110442907,0.0005896238786217,0.0045998242468863
2015-01-15,-0.012110097417804,0.0051739522144639,-0.0068867324070951,0.0023009125098065,0.0015995764632208,0.0015312713130147,0.0084998028508748
2015-01-16,0.0046750904623954,-0.0055856913405395,0.0133001648137554,0.0083917040363625,-0.0014217494913805,-0.0009420847703327,-0.0073989610882059
2015-01-20,0.0037244133778422,0.0023037592646398,0.0051013375743049,-0.001520562172927,-0.0005336436881145,-0.0004713754157253,0.0022894831256142
2015-01-21,0.0027842528590381,-0.0004110234101642,-0.0018391071306969,0.0218244943919162,0.0093863927942314,0.0,-0.0047679957971986
2015-01-22,0.0165444530563696,-0.0004934009914784,0.0123840203073118,0.0189264705167049,0.011392665898672,-0.0003536549447546,-0.0024847412607729
2015-01-23,-0.0036529163586369,0.0058232609823678,-0.0064543381285567,-0.0075767533625826,0.0,0.0004715421101486,0.0065206558398035
2015-01-26,0.0127273890433454,-0.0002453586848004,0.0124503165505368,0.0004905680371817,0.0017412240789628,-0.0005893949114167,-0.0022911617491399
2015-01-27,0.0018050959686042,0.0007358955255693,-0.0029237623646096,-0.0054093420712542,-0.0040094108125977,0.0005893949114167,0.0013753408647359
2015-01-28,-0.013618004179788,0.0067614762067653,-0.014041230166871,-0.0109074566704643,-0.0034995794994363,0.0007069414435937,0.0076671054370829
2015-01-29,0.008193049991666,-0.0023572530396961,-0.002406714034973,0.0,-0.002105614611378,-0.0003534531932622,-0.0035524655439513
2015-01-30,-0.0100229185629476,0.0081858231534673,-0.0096853096812396,-0.0278005895442436,-0.0227403431827736,0.0011775122419808,0.0087218388498368
2015-02-02,0.0127390399275567,-0.0017773572530944,0.0174509034739208,0.0177805229831993,0.0165734930948844,-0.0007063589163543,-0.0028988124795561
2015-02-03,0.0196962908266877,-0.0081189048300026,0.0082639865716568,0.0187061191412562,0.0073956695989045,-0.000824641575958,-0.0084726993257015
2015-02-04,-0.009799687364413,0.0013848576426043,-0.0065776069303025,-0.0049542028202098,0.0047256665642954,0.0001178732696484,0.0016454917315823
2015-02-05,0.0133394600559551,-0.0031799072848988,0.0110313329369986,0.0059420295504794,-0.0041995106349769,-0.0003535715619988,-0.0036603400712719
2015-02-06,-0.0088731729207628,-0.0105082553437166,-0.0026420433777611,-0.017179524809036,-0.0155507154043695,-0.002360494176619,-0.0112474791959144
2015-02-09,0.0,0.0006600266856137,-0.0072666143268595,-0.0015079513987554,-0.000534472157941,-0.0001181034782576,-0.0004636996622459
2015-02-10,0.0017809851456978,-0.0027253750490303,0.0096308205853203,-0.0025182203291629,-0.0073325886026402,-0.0002364291739725,-0.0025075160106761
2015-02-11,-0.002672634568677,0.0006613908281789,0.0,-0.0073390414187851,-0.0120994373399753,0.0001182215743306,-0.0003720323271801
2015-02-12,0.0150512320427339,0.0025586870607365,0.0096766662758705,0.0211116203150696,0.0097632469999035,0.000354490748727,0.0003720323271802
2015-02-13,0.0061322744852117,-0.0039646184642869,0.0042555840652985,0.0113749767563532,0.0080637825317483,0.0,-0.0033532129808732
2015-02-17,0.0043573053689556,-0.0046454267823112,0.0088647224782235,-0.002215295377123,-0.0017863255007097,-0.0004727123230575,-0.0071161549517276
2015-02-18,0.0026053253797405,0.00356891540878,0.0042002305136269,-0.0002465098236117,0.000893561620151,0.0011813170520257,0.0047809056602456
2015-02-19,0.0034631540801678,-0.0001656859999974,-0.0028433989203125,-0.0041990469597691,-0.0046553050906218,-0.0005904390229251,-0.0025281781156655
2015-02-20,0.0034512677378887,0.0014904391638212,0.006217904425132,0.0066608521605041,0.0080436031264813,-0.000118165706043,-0.0005627420891937
2015-02-23,-0.0043159325224146,0.0033865810037325,0.0022881519255104,-0.0101322963759235,-0.003031083210746,0.0004724889716939,0.0045860707985423
2015-02-24,0.0094705701034246,0.0064932701274432,0.0064326590589514,0.014303618511737,0.007117494823454,0.0008262963900243,0.0066081185681127
2015-02-25,0.0008565833801324,0.0009007953135489,-0.0009355121846399,-0.0019608298574418,0.0056577181868327,0.0,0.0009271996213533
2015-02-26,-0.0025718235164345,-0.0054169209269909,-0.0033482921114077,0.0002453608838564,0.0014094085496369,-0.0009444202321528,-0.0059490729345365
2015-02-27,-0.0025784548509209,0.0023837988300619,0.0,-0.0007360760609772,-0.0029974133080627,0.0003542395994026,0.0035365067172458
2015-03-02,0.0034364426751175,-0.0113947635005468,0.0022780333998193,-0.0014738733159163,0.007564470865834,-0.0011813170520258,-0.0090523807166105
2015-03-03,-0.0034364426751175,-0.0005814652803294,-0.0055029469361257,-0.007649670275516,0.0031496141587247,-0.000236394882651,-0.0021584704253775
2015-03-04,-0.0069084508583143,-0.0006649641395233,-0.0029653777419845,-0.0109589796888067,-0.003500191854909,0.000236394882651,0.0007512603847333
2015-03-05,0.0051858238098447,0.0013294863955602,-0.0012156949896062,-0.0015037941145842,0.0007010325307188,0.0003545326522301,0.0005631646175865
2015-03-06,-0.0086580627431145,-0.0106854574553192,-0.0131965898108848,-0.0154179885075939,-0.0050935546767603,-0.0010639752598534,-0.0102797526055648
2015-03-09,-0.002612130834358,0.0040204068727182,0.0051906261543173,-0.0038279417222754,-0.00777805660343,0.000473047724972,0.0046342872966093
2015-03-10,-0.0149321788165514,0.0015869908849881,-0.0203695917052496,-0.0224960722972859,-0.0247946093279046,0.000236394882651,0.004237066180561
2015-03-11,-0.0008853340414107,0.0050780596976128,0.0011117543122943,0.0075549948800186,0.0027250032481213,0.0,0.0017836422347535
2015-03-12,0.0070608892451219,-0.000996949053636,0.0107750563954503,0.0062096365338212,0.008490724382853,0.0002364291739724,0.0009374564505945
2015-03-13,-0.0052910042853908,-0.0028300030508971,-0.0053730155378904,-0.0121968872234897,-0.0144956194501815,0.0001181034782577,-0.0015004097247019
2015-03-16,0.0088028738641971,0.0009997094759778,0.0118100880235613,0.0119388674519577,0.0144956194501815,0.0001181796708272,0.0034662337415582
2015-03-17,-0.0061538387454841,0.001664070439098,-0.0027340679241814,0.0115430492364393,0.025223329891611,-0.000236283149085,0.0020553185376306
2015-03-18,0.0192145382892585,0.0122284903341118,0.0173704833983339,0.0241886098336417,0.0165264400547642,0.0023606826987658,0.0114138086356463
2015-03-19,-0.0130606995437744,-0.0051045320936038,-0.0086475254616543,-0.017072884986401,-0.0130244093791213,-0.0012977128128462,-0.0047167209465181
2015-03-20,-0.0017543596450674,0.0028024774255688,0.0150843953398801,0.0148299846594575,0.0097409254395613,0.0007080193841468,0.0040706394574316
2015-03-23,0.0078706266189314,0.0023020546680348,0.0037358120926348,0.0029895121419631,0.0025930987468736,0.0003539117657439,0.0012917458263823
2015-03-24,-0.0052402399697356,0.0014771076861703,-0.0037358120926348,0.0039721960045245,0.0027586855790165,0.0003536966190661,0.0030382736399386
2015-03-25,-0.0061484335775289,-0.0032853737681166,-0.0080526336044936,-0.0159843406984145,-0.0048326395642766,-0.0002358438177981,-0.0043300194663209
2015-03-26,-0.0070734429543236,-0.0061894151055381,-0.0117927869351983,-0.0093589338233676,-0.0079902993623561,-0.0004717645670121,-0.0056479074801175
2015-03-27,0.0026584247452068,0.0039656010652873,0.0006815655305589,0.0027915413067558,-0.0003488654804314,0.0005896934286995,0.0038921909847207
2015-03-30,0.0044150182091166,0.0017300254541623,0.002857326762358,0.0190769373020885,0.0045257193483153,-0.0001179288616873,-9.251386100295817e-05
2015-03-31,-0.0044150182091168,0.0018092210812028,-0.0017678287556066,-0.0022402037999523,-0.0059223329726458,0.00082503036048,0.0025865952462563
2015-04-01,0.0079330651374499,0.0001643466341221,-0.0040917003758993,0.012382525393264,0.0026170774735468,0.0,0.0031319476871009
2015-04-02,0.0078706266189314,-0.0016443691601348,0.0066744848620351,0.0149019635602623,0.0107453190587627,-0.0001177556035049,-0.0028552189400308
2015-04-06,0.0060790194931262,0.0013157115729637,0.0125464401372422,0.012769689619504,0.0131862596795716,0.00082444728403,0.0012904360939502
2015-04-07,-0.0017330762188577,0.0036091812827794,-0.0063209623975101,-0.0050401901936312,-0.0114638636330534,-0.0007066916805252,0.0008287277088132
2015-04-08,0.0086356320220216,-0.0003275810083917,0.002829224898288,0.0207174671320844,0.0109533764338716,0.0,-0.0009207963082781
2015-04-09,0.0042900107571775,-0.0050911189240011,-0.0009421858554892,0.0098499430273254,-0.0028977803673463,-0.0003534882503314,-0.0040616914878115
2015-04-10,0.0,0.0013985290298758,0.0088483756199154,0.0006999322379382,0.0172621758123864,-0.0002356982923504,-0.0002775223567293
2015-04-13,0.0051238238690711,-0.0003289008077556,-0.0056217277502416,-0.0058472858393484,-0.0030247092503083,0.0005891865426819,0.0020334715920829
2015-04-14,0.0,0.0022999745986545,0.0038850730593692,0.0044470202019903,0.0173511349896166,0.0004711533256265,0.0029503957071659
2015-04-15,0.0059447898918277,0.0006561830308954,0.0006682540284902,0.0069816257953881,0.0059367030229138,0.0,0.0005522094733157
2015-04-16,0.0059097223336526,-0.0005741209529217,0.002002290353053,0.0078540519323267,0.0114436554067499,0.0004709314447062,0.0007358520397937
2015-04-17,-0.0110030990325276,0.0027037157941735,-0.0107253397175082,-0.0176420156602935,-0.008160645847894,-0.0004709314447061,0.0020207705521972
2015-04-20,0.0008506889051519,-0.0023755973794716,0.0108587104273922,-0.0009372286356462,0.0118922887177002,-0.0001177001323643,-0.0018369271851056
2015-04-21,0.0059347742917444,-0.0002460630703601,-0.00374030327869,0.0058431859810679,-0.005032909020412,0.0001177001323642,-0.0021165583349092
2015-04-22,0.0033754791246734,-0.0065018204320846,0.003340239539905,0.0106630377718655,0.0077821332225,-0.000824641575958,-0.0058207295054224
2015-04-23,0.0008421567109578,0.002556366049344,0.004392125536314,0.0073512783114268,0.0160208493785877,0.0004713198629817,0.0030531719498769
2015-04-24,0.0016820604947881,0.0018924871507705,0.0042406594497882,0.0036554724897692,-0.0044600071500137,0.0003533217129763,0.0035042202792336
2015-04-27,0.0041928782600359,-0.0007401338080886,-0.0010585053795479,0.0038694024768117,0.0003192411501247,-0.0001177001323643,-0.0015661541900703
2015-04-28,0.0033417033881658,-0.0059406217516009,0.0017194271044556,0.0015889163333654,0.0028685327267438,-0.0004712087967672,-0.0046206533022046
2015-04-29,-0.0016694876908569,-0.0083098370024444,-0.0071618466851937,-0.0125529259970025,-0.0141028150430525,0.0001177556035049,-0.0037119709669813
2015-04-30,-0.0050251235193656,0.0008341488850067,-0.0046694565982991,-0.0152745351617213,-0.0128321574519593,-0.0001177556035049,-0.0002789416523516
2015-05-01,0.0041893652088377,-0.00828842700243,0.0036041455174233,0.0060450851409014,-0.0001634647546406,-0.0008251275582431,-0.0069992354101302
2015-05-04,0.0041718876225213,-0.0031997101969866,0.0103394181172156,0.0057783589307665,0.008466355636836,0.0,-0.0020624477591106
2015-05-05,-0.0100418998508356,-0.0016881657270118,-0.0128743062301582,-0.0108911106431595,-0.0114138001494757,-0.0002359272595557,-0.0016906203854071
2015-05-06,-0.0059047373766288,-0.0043178505807823,-0.0046863373935012,-0.0124254041343926,-0.010385011793611,-0.0003539052654514,-0.0049000913000869
2015-05-07,0.0016906561839925,0.0039798622822223,0.0037508252088612,-0.001416373176568,-0.010661427033711,-0.0003540305587315,0.0042418591400508
2015-05-08,0.011754975817724,0.0057301942737517,0.0135459794190517,0.0126761579051735,0.0045116704629215,0.0014153708297613,0.0038492622701451
2015-05-11,-0.0025073397835546,-0.0101344046095801,-0.0017162490878625,-0.0096098209816749,-0.0120766518672788,-0.0009433279282061,-0.0098875804807933
2015-05-12,-0.0008371576335083,-0.0014440280372817,-0.0055651152261089,-0.0033026543741002,0.0001687697014631,0.0001179084164392,0.0007568048014944
2015-05-13,0.0066777829740497,-0.0009354987390429,0.0062256139034255,0.0018886178867254,0.006223196139499,0.0004717645670121,-0.0013247483887072
2015-05-14,0.0091098443966592,0.0033976209311973,0.0073674526493693,0.0098568778089703,0.0115030431407115,0.0009428619731303,0.0034029771683917
2015-05-15,0.0057542036244905,0.0069292122251014,0.0024874325333466,0.0076771768570439,-0.0093256523084036,0.0,0.0071462656723785
2015-05-18,0.0016379770307698,-0.0076927018373397,-0.008403502976647,-0.0102493894741621,-0.0057047159813006,-0.0005892070283756,-0.0067688629422277
2015-05-19,-0.0016379770307697,-0.0053605511533222,0.0180326969847533,0.0016376117023508,0.002352932004003,-0.0005894644180916,-0.0044434127840057
2015-05-20,0.004089985251525,0.001193719370141,-0.0080614498177562,-0.0007014797370551,0.0056913470312632,0.0003537383350242,0.0021768569496935
2015-05-21,0.0056979963438758,0.0047607433528658,0.0027377513991297,-0.0035149779261989,-0.0056913470312632,0.0003536132484613,0.0059386976466004
2015-05-22,0.0008114085923124,-0.0006787293820458,-0.0018243345370657,0.003281071705998,0.0050234405790669,-0.0007073515834855,-0.0022581667284276
2015-05-26,-0.0105993901877134,0.0044033998020078,-0.0145834633660399,-0.0160380862372539,-0.016843922200141,0.0001179566720689,0.0061977475346246
2015-05-27,0.0032733378112999,0.001013451203511,0.0072526599761557,0.0002376874231151,-0.0150609940641224,0.0001178528012681,-0.0005618275087325
2015-05-28,0.0032626580199332,-0.0021124685486546,-0.0056657415225624,-0.0131596404656597,-0.0027629069995825,0.0004715421101486,0.0009362276953432
2015-05-29,-0.004079972918315,0.0004228121574671,-0.0076933903239449,-0.0096806547114254,-0.000518941354152,0.0002357326468264,0.0005613019039347
2015-06-01,0.0,-0.0084058901494905,0.0045171322352991,-0.0038986367918339,-0.0097357784671181,-0.0010610548177988,-0.0060037647393684
2015-06-02,0.0073319586824827,-0.0051290801148761,0.0034404494421341,0.003898636791834,-0.0029744048103464,-0.0001179845061882,-0.006987072753668
2015-06-03,0.0064725392763793,-0.0064485843002898,-0.0018511098070815,-0.0051200669598804,-0.0065043550117939,-0.0003539470306436,-0.0085641547761989
2015-06-04,-0.0080972102326193,0.0051621767950067,-0.0099754770729241,-0.0152712062847695,-0.0069020605348531,0.0001180262713805,0.00486203478414
2015-06-05,-0.0057072877262427,-0.0050759031406471,-0.0010698703865276,-0.0044776269277904,-0.0083817024678672,-0.0009444202321528,-0.0072540370867904
2015-06-08,-0.0032760186414845,-0.0006902660325964,-0.0067132365101644,-0.0002493987382243,0.0007160923164984,0.0005903896734212,0.001435902469083
2015-06-09,-0.00906473824108,-0.0044983144997795,0.0010770729621713,-0.0060029661636486,-0.0028673826837928,-0.0004722658312927,-0.0032576820106875
2015-06-10,0.0147907002925066,-0.0026913031408304,0.0150921713723924,0.0144460300965096,0.0092891065277105,-0.0002361715210921,-0.0038460998996112
2015-06-11,0.0008153157890468,0.0088282057214903,0.0010598066988962,-0.0049577926906561,-0.0046338014370887,0.0002361715210921,0.0078687640632475
2015-06-12,-0.0008153157890469,-0.0017249213101427,-0.0069093638500122,0.0,-0.0102343957845743,-0.0002361715210921,-0.0005737182287661
2015-06-15,-0.0073680361387062,-0.0001726229548491,-0.0054817126657591,-0.0112459200550666,-0.0048846855989358,0.0004722872783664,0.0023881179218138
2015-06-16,-0.0032921338086442,0.002500548057016,0.0024102892444737,0.0002512456732411,-0.0065502529753306,0.000354204201748,0.0038091802298448
2015-06-17,0.001647421671837,-8.61399138102821e-05,0.0032047763457951,0.006012084191279,0.0087241475700831,0.0007078522839404,0.0005701022561443
2015-06-18,0.0049261058390949,-0.0018102593843973,-0.0016011043495186,0.0091982980020512,0.009724566593237,0.000235809473337,-0.0007601844137642
2015-06-19,-0.0350035481342278,0.0053351397701147,0.0065215892912048,-0.0086989107958632,-0.0019732827725003,0.000235843817798,0.005309555965715
2015-06-22,0.0092866726260592,-0.0079269602426662,0.0011932910689507,0.0143744237332074,0.013023100177835,-0.0007076083848102,-0.0084516849613677
2015-06-23,0.0041928782600359,-0.0022516866019245,0.0015887083856183,0.0097944349189519,0.0068887176225885,-0.000235920759263,-0.0030563509225688
2015-06-24,-0.0075598976736983,0.0027706279560766,-0.008369325140454,-0.0070913834838132,-0.0086626843112552,0.0004718758529383,0.0029609607525081
2015-06-25,0.0025263428321652,-0.001644117857416,-0.0134302315763798,-0.0108562284895513,-0.0042704310540875,-0.0002359550936751,-0.0024828330427358
2015-06-26,-0.0016835406242485,-0.0046004922150717,0.0036440322126211,-0.009471682479421,-0.0053639150619964,-0.0005899513179947,-0.0047920354069905
2015-06-29,-0.0299295541349463,0.008662562648787,-0.0273129078144945,-0.022541143722,-0.0166308636800208,0.0016511312648038,0.0115575737762525
2015-06-30,0.0060580417403469,-0.0018993463123842,-0.0004155149077024,0.0147472293155139,0.0045467023352166,0.0,-0.0027578440604683
2015-07-01,0.0043047848950785,-0.006067493556743,0.0081385920771532,-0.0007574493391711,0.010828448628623,-0.0012971007060721,-0.0067842127948674
2015-07-02,-0.003442357299898,0.0038181446034412,0.0020586231441464,0.0047876777672308,0.0010764510106075,0.0015327156867551,0.0035411351070472
2015-07-06,-0.0209066982513463,0.0039761405131814,-0.0129710998359102,-0.0283001844710488,-0.0305867699051897,0.0002356493426474,0.0070450166354753
2015-07-07,-0.0052956741426776,0.0041322661896836,0.0034662079764863,-0.0151122737719283,-0.0079814865504633,-0.0001178177299971,0.0026527611122738
2015-07-08,-0.025090949686429,0.0013735925351972,-0.0275027727797263,-0.0349975985096392,-0.0237612217070497,0.0010596806293305,0.0039659935166177
2015-07-09,0.021544833128356,-0.006627927410487,0.0194426702446002,0.0191200895320167,0.0128936235133155,-0.0007063589163543,-0.0069983059600551
2015-07-10,0.0288860613569164,-0.0064113705241066,0.0185242228700013,0.025024272857645,0.0093756543305434,-0.0009425287413519,-0.0069521098014901
2015-07-13,0.008591118019695,-0.0021753325381443,0.0009583092378715,0.0067410713734153,0.0014919438631905,-0.0004715077460227,-0.0026794157589702
2015-07-14,0.0042680388603819,0.0008706876660482,0.0085837062152421,0.0018071437400661,-0.0086094314653064,0.0004715077460227,0.0031571595345539
2015-07-15,-0.0017050692872383,0.0026075236360673,0.0001356865797341,-0.0114138363267391,-0.0067899281467067,0.0003536198122204,0.0038134653785397
2015-07-16,0.0110311094711633,0.0015612832532424,0.0078368434369042,0.0124450536025322,0.0114781692030857,-0.0004714309391769,-0.0003806346886062
2015-07-17,0.0,0.0006931366793178,-0.0002692727464703,-0.0012892370473252,-0.0093985652888523,-0.0002358438177981,9.51359460708686e-05
2015-07-20,-0.0008442252377898,-0.0023411815703806,-0.0025611990499839,-0.0064708394768704,-0.0087253792149975,-0.0005896729834514,-0.0020008494926473
2015-07-21,0.0008442252377898,0.0020813281376206,-0.0021618173038042,0.0002596945721196,0.0038029509165002,0.0001179084164392,0.0027620467912112
2015-07-22,-0.004228336109521,0.0012986584613082,-0.0052892153744054,-0.014381192420859,-0.0122208777544359,-0.0001179084164394,0.0012356567882665
2015-07-23,-0.003395601976299,0.002937335484633,0.0035292846356527,-0.0097923965788958,-0.0106229727334688,0.0001179084164392,0.0040764176298741
2015-07-24,-0.0111159367243534,-0.0004313855036121,-0.0124073259376343,-0.0144657519008661,-0.0180255302267117,0.0002359550936751,0.0009456842644794
2015-07-27,-0.0112409574017622,8.62524862317399e-05,-0.0097884435778983,-0.0190689718174712,0.0065030874740572,0.0007073515834854,0.003302654255217
2015-07-28,0.0146743847788072,-0.0007769356682259,0.0177141728045482,0.0101245612730144,0.0148179419445748,-0.0002356982923504,-0.0028302193586166
2015-07-29,0.0051282685340629,-0.000863992387174,0.0051588120683478,0.0097535482468505,0.0063664117198166,-0.0002358438177981,-0.0014181191610799
2015-07-30,-0.0025608468783639,0.0005184718225446,0.0013531595734326,-0.0100257966196511,-0.0223636260943104,-0.0004717645670121,0.0011346705877608
2015-07-31,0.0034129855935049,0.0051701836673983,0.0020263638209291,0.0108342801475049,0.0064687442073195,0.001061179946809,0.005841934454341
2015-08-03,-0.0051238238690711,-0.000515797455995,-0.0032440940218379,-0.0168436185548974,-0.0151592716268338,-0.0001178732696482,0.0015020283712704
2015-08-04,0.0051238238690711,-0.0050864713545883,-0.0008126447298872,0.0035553453618518,0.0090837727701132,-0.0015332579951554,-0.0051727876303979
2015-08-05,-0.0025586628181522,-0.0038969259464007,0.0037868420970267,0.0002729171975651,-0.005717060394737,0.0001180541277294,-0.0038736281360094
2015-08-06,-0.0051369845673535,0.0019070846586106,-0.0107214286255805,-0.0087719778171871,-0.0109334763422881,0.000235976431002,0.0034963677849471
2015-08-07,-0.0043010818993905,0.0034581301775983,0.0016360295787865,-0.0005508250774865,-0.0001998664996049,-0.0004720986248836,0.003954045484115
2015-08-10,0.0162466293791055,-0.0039778595493535,0.0077346157721477,0.0166647926546652,0.011330996718926,0.0,-0.0041427650361937
2015-08-11,-0.0128042720792075,0.0041504229160406,-0.0056934652337366,-0.0221896898371339,-0.0337720598885147,0.0012977128128462,0.0065827262024033
2015-08-12,-0.0068966053676302,-0.0015544071036656,-0.0083271334115624,-0.0156339745837387,0.0012260192102991,0.0,-0.0003749968618376
2015-08-13,0.0051768751162017,-0.0034629203655092,-0.0008227861147156,-0.001689703947623,0.0022437665084666,-0.0008256141879625,-0.0026288511401151
2015-08-14,0.0042936949872228,0.0009535008080657,0.0009598861972061,0.001408231136607,0.0022386657388916,-0.0004720986248836,-0.001034666957991
2015-08-17,-0.0051546375810101,0.0032005801124279,0.0024640711585293,-0.0110373102861542,-0.0145389905704154,0.0005901109677073,0.0017864215444222
2015-08-18,-0.0043159325224146,-0.0038072421394624,0.0012298145376797,-0.0108728132799285,-0.0064149496889558,-0.0001180123428237,-0.0015982532651407
2015-08-19,-0.008688152072818,0.0048430881035641,-0.0112607569385747,-0.0124475913034154,-0.0066652966196168,0.0009435291440732,0.0060973082166572
2015-08-20,-0.0337209891096908,0.0006037318972926,-0.0240403072557038,-0.0158547329856454,-0.0230429853016541,-0.0003536966190662,0.0027083921618811
2015-08-21,-0.0182154393850371,0.0002586213091407,-0.0305949160399124,-0.0312619657395613,-0.0235865136047668,0.0010607147743983,0.0040024282003924
2015-08-24,-0.0451204633297138,-0.002762191557709,-0.0388124057902357,-0.0446461007024575,-0.0214680684162254,0.0004710978252152,0.001670691890104
2015-08-25,0.0133717514429186,-0.0051129186729463,0.0064989320256656,0.0126905137407593,0.01971487888479,-0.0004710978252152,-0.0054866364272519
2015-08-26,0.0280654524976281,-0.0006083491749749,0.0254345407963303,0.0325661015601463,0.0285424715152773,-0.0005892070283756,-0.0061733993989356
2015-08-27,0.0209957090648499,0.0009558206508345,0.0256629424039594,0.0432968274565504,0.0258825505886606,0.0001178871653939,-0.0005631646175864
2015-08-28,0.0009029897093541,0.0018221974447982,0.0002861978461227,-0.0129414288934661,-0.0031207288307494,-0.0004715421101485,0.0001877806509803
2015-08-31,-0.0063377719865167,-0.0025172611749119,-0.0093451027820776,0.0017746640043274,-0.0031305780135758,-0.0003537800608237,-0.0016909379687631
2015-09-01,-0.0304310747690014,0.0031239232019464,-0.0302076511607468,-0.0394808362873188,-0.0211245708447652,-0.0001179845061882,0.0029103673584268
2015-09-02,0.0139472270850816,-0.0014739515417869,0.0156577080088232,0.0143448585066781,0.0171451201356957,0.0002359550936751,-0.0027223759762131
2015-09-03,0.0064427000434567,0.0047609096158308,-0.0016135039133424,0.0039316870854454,-0.0054714390226884,0.0,0.0024411066513993
2015-09-04,-0.0129272486824904,0.0022426862341482,-0.0182214261086355,-0.0303379072329627,-0.0258644125654179,0.0001179566720689,0.0030897625827028
2015-09-08,0.0293061683094704,-0.0046636316415495,0.0298969150862898,0.0312429843465662,0.0245975720703878,-0.0003539117657441,-0.0044034475801995
2015-09-09,-0.0136303787526995,0.0021617891358732,-0.013438679915794,-0.0051397895469927,0.0128058177550664,-0.000235920759263,0.0003755249326466
2015-09-10,0.0100137245609378,-0.0019886369440417,0.002056698099397,0.0102534111382445,0.0116135975832367,0.0003539052654515,-0.0022551960253083
2015-09-11,-0.0036297818719455,0.0006921771325611,-0.0007340975639957,0.0038927209400511,0.0016481633221215,0.0003537800608237,0.0026305799919144
2015-09-14,-0.0072993304281121,-8.651244294872701e-05,-0.0019110223793387,-0.0014954163952994,-0.0084755786357758,-0.0002358094733369,0.0009378081257463
2015-09-15,0.0018298685712815,-0.0075537824109167,0.0096647941241031,0.0095323837006155,0.0115584648317537,-0.001416296085091,-0.0079052169682079
2015-09-16,0.0118129082111838,0.0018285441049082,0.0101493829887125,0.0240198926293463,0.0382494596167695,-0.0001180476789637,-0.0002834753636933
2015-09-17,0.0045065422258468,0.0082305388505609,0.0001442789201261,-0.0023181121892277,-0.0013835300780946,0.0022416953475404,0.0082824462439698
2015-09-18,-0.0209003104219577,0.0030152809562817,-0.0170198031159216,-0.0187413790244758,-0.0113377579986822,0.0004713198629817,0.0046755273933169
2015-09-21,0.0082305129185583,-0.0050881600746811,-0.0008807455001679,-0.0017751889649796,-0.0136960909153427,-0.0005892070283756,-0.0057070894311319
2015-09-22,-0.0174556704635255,0.0043136982101245,-0.0165830732645169,-0.0188318543717624,-0.0132695938666074,0.0005892070283757,0.0049604554261679
2015-09-23,-0.0074419231992237,-0.0006028617983987,0.0002985019064615,-0.0161219850631221,-0.008876109629963,-0.0003534465933334,-0.0011209972910222
2015-09-24,-0.0056179780569877,0.000172302091071,0.0001492744733915,-0.0043023848083738,-0.0054053836284243,0.0005890681739453,0.0014943839762948
2015-09-25,0.0028129699511257,-0.0030189221183925,0.0081741619383812,-0.0021581538162423,0.0010417593646865,-0.0004712087967672,-0.0026165679231523
2015-09-28,-0.0246458550688424,0.0017261953810662,-0.0349433107941088,-0.0215264102149359,-0.0204067505099935,0.0007066850413705,0.0056916467433694
2015-09-29,-0.0135267173243386,0.0012927267373263,-0.0033778817621183,0.004719263960827,-0.00319314182892,0.000470875996553,0.0034365437066165
2015-09-30,0.021174967450099,-0.0001723020910709,0.0265589643471885,0.0284672124372156,0.039302659776145,0.0002353099937208,0.0001854651622945
2015-10-01,0.0075901981112669,-0.0031057999379263,0.0008982813279717,0.0054761411879313,0.0162671957752509,-0.0004707651816788,-0.0007419255621437
2015-10-02,0.0159402992989269,0.0043970800176861,0.0080477468195173,0.0263488619827722,0.0098344567085101,0.0014116312066684,0.0048125650195755
2015-10-05,0.0147740312852497,-0.0026704375695459,0.027812007831744,0.0213427058586487,0.0197752144370448,-0.0007055216420099,-0.005555041443983
2015-10-06,0.0027460250826183,0.0019820192881848,-0.002167699340704,-0.0017371566329726,-0.002352460040904,-0.0001176652681174,0.0020404498020393
2015-10-07,0.015419778975715,0.0035233657108703,0.0086430739282415,0.0263098390180688,0.0297779325980833,-0.0002352823010205,-0.0025047245164726
2015-10-08,0.0017986027894057,-0.003953925418198,0.0015765049190779,0.0106682948688468,0.0079696467910315,-0.0002354274716482,-0.0026042277320462
2015-10-09,-0.0045024838445828,0.0004305597073278,0.0027171245044733,0.0036236207850424,0.0090310970480231,0.0,0.0005586555221501
2015-10-12,-0.0027112808983161,0.0040379245505159,-0.0004285234045127,-0.0075408951071407,-0.0037530681445177,-0.0002353930898074,0.0033451118459175
2015-10-13,-0.0118344855935034,-0.0007719375825905,-0.0096188837345244,-0.0163937540940184,-0.0122955812528984,0.0003531137538934,0.0009271996213533
2015-10-14,-0.0009161565113367,0.0039393652269215,0.0033125018030829,0.0076650610869201,0.01060209782921,0.0014112094416615,0.0054530967380926
2015-10-15,0.0136551964388936,-0.0004274678621199,0.0162581924715922,0.0240302311272112,0.0276738190768849,-0.0005877320238589,-0.003416236332448
2015-10-16,-0.0009045543340533,0.0003419758639329,0.0,0.0008278951429563,-0.0051423212559207,-0.0004704883092196,-0.0008327917821104
2015-10-19,-0.0054446456639834,-8.543408804426933e-05,-0.0018407776215535,-0.0102593143409909,-0.005724350768633,0.0003528645512382,-0.0004628991506095
2015-10-20,0.0009094904985921,-0.0018824444297007,0.0012747536301495,-0.0002788051928991,0.0048032297327328,-0.0005881468522587,-0.00343246999443
2015-10-21,-0.0082154869394489,0.0049551080065031,-0.0091000112259311,-0.014602912589104,-0.0075849010303373,0.0003529475691381,0.0034324699944299
2015-10-22,0.0082154869394489,0.0021282944039627,0.0148864367335861,0.0204403967665848,0.0147468672768087,0.0003528230411022,0.0010181236693082
2015-10-23,0.0126469753980645,-0.0036634134754225,0.0068719924186488,0.0058035005087931,0.0018281261531315,-0.0008234774178025,-0.0056593645675342
2015-10-26,-0.0044984330751071,0.0017908082962217,-0.0008389987573282,-0.0091350623092518,-0.00091364532097,0.0,0.0026017369456835
2015-10-27,-0.0099683512461567,0.0002555588781716,-0.0015398703135316,-0.0114670493555913,-0.0073395104862009,0.0003529891085829,0.002502403103152
2015-10-28,0.0045433970580346,-0.0039259167663103,0.0025185449399055,-0.0116000693984128,-0.0083218376227693,-0.0012949629303512,-0.005197204817616
2015-10-29,-0.0036330786334275,-0.0070368408155588,0.0072404141795661,-0.0094353241154157,-0.0003714086782985,-0.0007070181553321,-0.0061602179674744
2015-10-30,-0.0009103184246071,0.0025801633061896,-0.0091987221747117,0.0017220887818117,0.0101654922576455,0.0,0.0019641692716747
2015-11-02,0.0153640340309565,-0.0071549104912935,0.0082271113980625,0.0195946192084779,0.0171380424339863,-0.0010615554154538,-0.0044013143296281
2015-11-03,-0.0008972497096927,8.652741434451946e-05,0.0030504906118458,0.0131304416151292,0.0138230449606539,-0.0001179501596215,-0.0026313933903015
2015-11-04,-0.00269665827918,-0.0011251765032639,-0.0038841276199723,-0.0080813341852772,-0.0143654693321732,-0.0010628089307162,-0.0010355692757968
2015-11-05,-0.002703881055177,0.0002597634264797,0.0037456418334789,0.0016773154009587,-0.0007237365106217,0.0,-0.0006596685677971
2015-11-06,0.0,-0.0065146810211936,-0.0061111640385871,-0.0140649297692613,-0.019371976161988,-0.0009456482087403,-0.0068097642747781
2015-11-09,-0.0099774623940627,-0.0016571670394771,-0.0105035628893093,-0.0252452047402484,-0.0206961202757359,-0.0002365067219403,-0.0017097297168359
2015-11-10,-0.0027384355264753,0.0025282339480881,0.0019690497593005,-0.0043673883419067,-0.0088940166159861,0.000473047724972,0.0018994871938116
2015-11-11,-0.0009144808321615,-8.709248519925382e-05,-0.0011247271555946,0.002040510668694,0.0051189883981294,-0.0002365410030317,-0.0004745698639022
2015-11-12,-0.010115084895829,-0.0003483128953445,-0.0124558904383693,-0.0096563102458264,-0.0114113503355934,0.0003547003333591,0.0005694712937095
2015-11-13,-0.0130233831069895,0.0029572634779901,-0.0070034998288441,-0.0139157659753038,-0.0197031772149462,0.0008272653259829,0.0037878976844989
2015-11-16,0.0176338109515089,0.0001737235974482,0.0150892195104051,0.0191943797931124,0.0095137439537365,0.0,0.0013223708927689
2015-11-17,-0.0092422102254991,0.0010414435580785,0.0011296503799353,-0.0029290728589138,-0.0058139550366648,-0.0003544971214291,-0.0002832077284219
2015-11-18,0.0101618066444713,0.0002601915082402,0.0092709758774555,0.0107951139061129,0.0112099747318737,-0.0003545326522301,-0.0004722392376471
2015-11-19,0.0,0.0029442692609068,0.0004194647262932,0.0089557546532925,0.0162047639015941,-0.000236394882651,0.0021702837567963
2015-11-20,-0.000919596418972,-0.0001729874837117,0.0039056929236535,0.0100157791683634,0.0050929177545914,0.0,-0.0013205000417333
2015-11-23,-0.0009203726027297,0.000345879089648,-0.0061444466133828,-0.0094407228739421,-0.0022603653669391,-0.0001182635075601,0.0013205000417332
2015-11-24,-0.0018432903674652,0.000345759498666,0.0044724001625724,0.0051605705027671,0.0131137280910927,0.0,0.0009422094543916
2015-11-25,0.0055197791472242,0.000950206186741,-0.0002788932075765,-0.0077508770428953,0.0,0.00011826350756,0.0005648423978481
2015-11-27,0.0,0.0003453117737581,-0.0030735036080016,-0.0221454895957778,-0.0059735047262637,0.000236394882651,0.001034764308837
2015-11-30,0.0054894783625185,0.0004314885585871,0.0020966046078333,0.0014721937454547,-0.0111080904034325,-0.0003546583902111,0.0003760191351477
2015-12-01,0.0018231962775545,0.0046479106286818,0.0061246685201019,0.0076201516190164,0.0172677333291143,0.00011826350756,0.0037523638520942
2015-12-02,-0.0036496529336313,-0.0024073503602278,-0.0051477695199336,-0.0120430254611133,-0.0187834216699955,-0.0008279578588995,-0.0028129699511254
2015-12-03,-0.0064191378834712,-0.0133450935970226,-0.0095305596423085,-0.0056304378108009,-0.0108666308139955,0.0,-0.0105721464319392
2015-12-04,0.0027561161770294,0.0053941557102519,0.0148171224243962,0.0068117998739568,0.002488774546671,0.0002365906655393,0.00369405488437
2015-12-07,-0.0082911716994197,0.0017338274901574,-0.0076607807736473,-0.0166670931705719,-0.0232118891341103,-0.0001183334695413,0.0032094040356528
2015-12-08,-0.0120987554291185,-0.0013000556239249,-0.0095533227091374,-0.0111665240367291,-0.0108215369753025,-0.0001182571959979,0.0005652681414768
2015-12-09,-0.0037523638520943,-0.0002602802524223,-0.0058044481287735,-0.0082280047728695,-0.0035671918215375,0.0003549101339274,0.001505917104444
2015-12-10,0.0,-0.0023450451273179,0.0005677915708844,-0.0067547454484472,0.0045558075855356,-0.0005916470872334,-0.0021654516450635
2015-12-11,-0.0247395911163589,0.0017375934075873,-0.019198354434749,-0.0284349690763532,-0.0189531249138214,0.001182854142533,0.0079793757555587
2015-12-14,-0.0135792726255836,-0.0074058146459818,0.0028889891386199,0.0160356252111288,0.0096212313584303,-0.001182854142533,-0.0074139824738959
2015-12-15,0.0155041716348041,8.746566636240588e-05,0.0087600271772707,0.0151681551991432,0.0146536852553972,-0.0001182991865466,-0.0025466108417355
2015-12-16,0.0162139648629378,-0.0001749389836369,0.0119386911284939,0.0194712391396544,0.0260006920492663,-0.0008289383139716,-0.0026477441406678
2015-12-17,-0.0066445138467871,0.0011363567867605,-0.0109383381685508,-0.0130403766056151,-0.0256076012797869,0.0,0.0041576402496049
2015-12-18,-0.0153553733261453,0.0,-0.0132281700065348,-0.0033633052927553,0.0039223577221603,0.0013022316498222,0.0035767851330528
2015-12-21,0.0086664144347712,0.0006986449464353,-0.0065345032081515,-0.0076864325635512,-0.0082548029783975,-0.0001182571959979,0.0004697106929415
2015-12-22,0.0038276974627022,-0.0013103432569771,0.0097137144178095,0.0079926129769972,0.0092329745771673,-0.000236736953306,-0.0028214355836177
2015-12-23,0.0198588663717538,0.0008737307104945,0.0156041241329645,0.0139862143968945,0.008179246777675,-0.0003551202149038,-0.0022628508681025
2015-12-24,0.0037382650682055,0.0004366125464826,-0.0056980427890537,-0.0036297358007221,-0.0077882309777208,-0.0001184315490744,0.0002831275445128
2015-12-28,-0.0093721400969223,-0.0012229158192773,0.00114223070684,-0.006994084786771,-0.0115994646709077,-0.0005921874359033,0.0001886831780722
2015-12-29,0.0037594173457943,-0.0051702692277358,0.0102215710473979,0.0009150154500394,0.0021728524173879,-0.0002370455350076,-0.0052975014007038
2015-12-30,-0.0094251405951329,0.0,-0.0112209243012721,-0.0156708790062871,-0.0119095981201237,0.0002370455350076,0.0003793353790193
2015-12-31,-0.0037950855280459,0.0016679320890846,-0.0058735740854986,-0.0031018104747839,-0.0082206710995763,-0.0004740568353888,0.0011370712736123
2016-01-04,-0.0105113103313996,-0.0005264536727071,-0.0144720329281196,-0.0277182843674574,-0.0236311645981638,0.0013030933450703,0.0042527549185451
2016-01-05,-0.0077145552948421,0.0005264536727071,-0.0070216163744601,0.0022332022794532,0.0043197208004281,-0.0005921375261952,-0.0002829406183943
2016-01-06,-0.0126645923839913,0.0039392263994414,-0.0116649663618294,-0.0193055698417693,-0.0201105815303848,0.0005921375261951,0.0060190097884869
2016-01-07,-0.0288433873456942,0.000786026558487,-0.0329136027605515,-0.0313505547498717,-0.0160442180923561,0.0003550781724016,0.0021542248658145
2016-01-08,-0.0142278981258466,0.0007853426550677,-0.0052324522224505,-0.0107853992581071,-0.0055485019179754,0.0007097783269727,0.0025230520696486
2016-01-11,-0.0061601682299609,-0.0032327384144312,0.0015418766942226,-0.000338933365151,0.0110663070233441,0.0003547003333591,-0.0031782039160379
2016-01-12,0.0010293204869382,0.0022727469698411,0.0056839404927175,0.002031814667325,-0.0029673482719208,0.0001182355523238,0.0044839249377227
2016-01-13,-0.020790770328668,0.0030512946403892,-0.0212098506817078,-0.0105425043352335,-0.002763336180863,0.0005908780291006,0.0039069646808921
2016-01-14,0.0094093903571749,-0.0049740467117231,0.0172190219718644,0.0129077595838348,0.0107972284176458,0.0002361994235225,-0.0020446217515381
2016-01-15,-0.027427863803573,-0.0014882749187529,-0.0325129934293013,-0.0402877727689103,-0.0430266394252121,0.0008263939607722,0.0046408103517128
2016-01-19,-0.0053619431413853,-0.004478228002526,0.0060193603760213,0.0146497244725067,0.0281769659654542,-0.0001179501596215,-0.0012972517759179
2016-01-20,-0.0151682381312381,0.0014950167504407,-0.0131946593924754,-0.0220558273728469,-0.0314798760000583,0.0007078522839404,0.0049021861088128
2016-01-21,0.0065288424412042,-0.0029040529482474,0.003354889006212,0.0038862655930407,0.0133642169605862,-0.0001179705874867,-0.0024943118454863
2016-01-22,0.0278093439892918,0.0006167102452234,0.0234860135507768,0.0336311572026434,0.02937916725561,-0.0003539052654514,-0.0022224091010318
2016-01-25,-0.0148780798806836,-0.0010574793641961,-0.0153849713574382,-0.017194371384162,-0.0136172187050252,0.0,0.0033317994744176
2016-01-26,0.0180375919345206,0.0028173966550915,0.0177189628924901,0.0144630646738935,0.0093817027193822,0.0004718758529383,0.000738839983014
2016-01-27,-0.0084477315047145,-0.0027292138355702,-0.0084282865003515,-0.003424673967804,-0.0074555351500067,0.000235809473337,0.0007383648898566
2016-01-28,0.0042327459648642,0.0011454008445642,0.0042230524953227,0.0156572630164595,0.0102106724144077,0.0,0.0012907930137237
2016-01-29,0.0157153579821053,0.0051820762371703,0.0197811858331295,0.0319069631933703,0.0103170021294318,0.0011784835537422,0.0053299320506042
2016-02-01,0.0051840449516159,-0.006151202016852,0.0006119155182668,-0.0095316746741075,-0.0027268200429376,-0.0010605546920549,-0.0037647872088031
2016-02-02,-0.026193221714485,0.0018493837625693,-0.0208614298144711,-0.0328999612616516,-0.0287652155062823,0.0012960309366582,0.00705878421538
2016-02-03,0.0052938187807636,-0.0024665834172509,0.0070022374726042,0.0279338353043303,0.0207516536958397,0.0002354208085951,-0.0010968170988002
2016-02-04,0.00421498553985,0.0004409245897991,0.0010848462483132,0.0076046473427727,0.0188764312915111,0.0002354551879581,0.0023748836273307
2016-02-05,-0.0084477315047145,-0.0001763061432594,-0.019077942626088,-0.0115953055521071,-0.012334224317224,-0.0002354551879581,0.0012764351592557
2016-02-08,-0.0400270257946332,0.0051888452763708,-0.014791527018498,-0.0137562928616226,-0.0069657660245522,0.0011765425300207,0.0074437498390064
2016-02-09,-0.0178178264748631,-0.0034269124403421,-0.0096603306119006,-0.013948171055572,-0.0106474602517644,-0.0003528712771989,0.0001808341786906
2016-02-10,0.0067189332188464,0.0012315218769065,0.0011318570768147,0.0041025333398638,0.004911906252797,0.0,0.0029795682667138
2016-02-11,-0.021433438370544,0.0033350676690665,-0.0107230895090593,-0.016859156519449,-0.0202287646774756,0.000940534202309,0.004587389557993
2016-02-12,0.0236631447116512,-0.0056234170101513,0.0147550278103408,0.0172002866276516,0.0101655728764192,-0.0011757611585899,-0.0076573363292552
2016-02-16,0.0263750881711285,-0.0047694925946244,0.0222832347966279,0.0219269918074769,0.0077170929299714,-0.000588444296541,-0.0029887431414737
2016-02-17,0.0225211245384143,-0.0002656287255657,0.0154629851638095,0.0194950884051353,0.0116761589787422,0.0002354551879581,-0.0024519527241594
2016-02-18,0.0010598673137901,0.0081143344428959,-0.0001549175687899,-0.0059074772795215,-0.0108224321285025,0.0008234774178026,0.0046264381881353
2016-02-19,-0.0042463070454224,-0.0007029367793526,-0.0031051814751858,-0.0046189258006021,-0.0051336554193147,-0.0009411980818884,0.0
2016-02-22,0.0084746591825099,0.0020197216748512,0.0108260348927235,0.0244990206715008,0.0207987022998353,0.0001177206640859,-0.0009960666625446
2016-02-23,-0.0127390742710925,0.002015717415835,-0.0133170222286512,-0.0215272452289611,-0.0169459513767107,0.0001177068075622,0.0019911421634741
2016-02-24,0.0,0.0009625956453864,0.0028019990386189,-0.002310603260977,0.0010675614551157,0.0002352823010204,0.0
2016-02-25,0.0085107221340052,0.0055822158138276,0.0123591165011693,0.0032992567071841,0.0034086067427824,0.0002352269562808,0.0029792992097735
2016-02-26,0.0063358022851144,-0.0003479853472423,-0.000767919901262,-0.0099306060727947,-0.0154311082334188,-0.0012945683060201,-0.0048798300004217
2016-02-29,-0.0042194316725065,0.0006958496428058,-0.0016916668051213,0.0086121841505661,0.0062439844898121,0.0005886315770705,0.0016292572930743
2016-03-01,0.0250535185753485,-0.008382124190326,0.0231258846046061,0.0350003300564838,0.0277296071685521,-0.0018849679320808,-0.0092677078955979
2016-03-02,0.0071905493093473,0.0020145911924199,0.0045018541593305,0.0132871325534595,0.0079018346731258,-0.0001179566720689,-0.0017358959018724
2016-03-03,0.0081550203653129,0.0047141154007423,0.0056733095736698,0.0112501377286861,0.0135776590083133,0.0003537383350242,0.0011880033777806
2016-03-04,0.0101010959865039,-0.0001741716129063,0.0093355479387605,0.0196929253158387,0.0162144421662491,-0.0007076018451388,-0.0033849821091556
2016-03-07,0.0050125418235441,0.0011317395672642,-0.0035461841547871,-0.0015245996837658,-0.0032219085817064,-0.0007081929755738,-0.0020181753147831
2016-03-08,-0.0151136378100481,0.0052935482410329,-0.0114626733576431,-0.0172365417603011,-0.0232616732038209,0.0007081929755737,0.0057684292400762
2016-03-09,-0.003050363894587,-0.0011257611134056,0.0076068995511695,0.0061900775259982,0.0065843798555034,-0.0003539887738259,-0.0039335943377675
2016-03-10,-0.00101883326646,0.0041504229160406,-0.0038708121660035,0.0015415214362526,0.0164755356859781,-0.0001180541277294,-0.0035811010587981
2016-03-11,0.0211808071771029,0.0028434970706881,0.0232946076260107,0.0207324596993901,0.0215534549446114,-0.0009447548029867,-0.0028556747122496
2016-03-14,0.0059702277185439,0.0029211837911176,-0.0037962102803924,-0.0060533105222362,-0.0081277052517172,0.0,0.0007377520553498
2016-03-15,-0.0089686849840721,-0.000343237660161,-0.0024899048403236,-0.0143710593492599,-0.0053887057840824,0.0003543651295655,-0.0001844221655066
2016-03-16,0.0149034052766272,0.0047945741817325,0.0071600781371632,0.0198206735576493,0.0209908213697628,0.0020057605031825,0.0052416295504978
2016-03-17,0.0127389810140478,0.0030701081917147,0.0059519090230705,0.0218016570134172,0.0238175568202505,-0.0001178111269564,0.0011000344533431
2016-03-18,-0.0058593769935714,0.0022963789918219,0.0004342147364391,0.0053034983608121,-0.0022988311755046,0.0002356982923504,0.0017391629983883
2016-03-21,0.0039100883527882,-0.0011900663626124,0.0004339159447547,0.0020548869008562,-0.000959402112929,-0.0001178871653939,-0.0028391974517315
2016-03-22,0.000975119286092,-0.0018729889897258,0.0008672674485356,-0.0023487391188501,0.0061244152162352,-0.0005894644180916,-0.0021117000511742
2016-03-23,-0.0196856753666986,0.0050151319785372,-0.0122111755274903,-0.0171958532742529,-0.0163512051968474,0.0005894644180916,0.0045850606323374
2016-03-24,-0.0039840843037573,-0.0004240601460279,0.0014615388632337,-0.002395151362729,0.0,-0.0004715077460227,-0.0010069167182017
2016-03-28,0.0039840843037573,0.0005935950589992,0.0029166850067711,0.0032919559083389,0.0003878312467129,0.0002357816629553,0.0014642267834721
2016-03-29,0.0138205707864148,0.0044829746141274,0.0097094914750349,0.0136500360956196,0.0214814340718325,0.0018846137407736,0.00674444664893
2016-03-30,0.0097561749453646,-0.0011822277328081,0.0060389227802245,0.0102624703293877,0.0111332434644413,0.0001176031861584,-0.0013633951783954
2016-03-31,0.0009703879932889,0.0039634172921505,-0.0056062732328592,-0.000875493411568,-0.0088588123974569,0.0004705436661004,0.0036316900157368
2016-04-01,0.0038722364824989,0.0004207417390876,-0.0024537184673578,-0.0029239340097698,-0.014492975145906,-0.0011767296563743,-0.0018141963622281
2016-04-04,-0.0077595254861777,8.40757673338306e-05,-0.002604549490334,-0.012078503833554,-0.0071326133053045,0.0007061859902739,0.0011795950349941
2016-04-05,-0.018673701306603,0.0031914437417105,-0.0138596860561463,-0.0197552013571031,-0.0189439784436588,0.0003529060711429,0.0039822882740441
2016-04-06,0.0098717481817536,-0.0008388430295518,0.0148733665191939,0.0120193064407171,0.0177825853829764,-0.0003529060711429,-0.0021701596675052
2016-04-07,-0.017839948106305,0.0026818628663173,-0.0139923450240557,-0.0202148431196474,-0.0156161520975166,0.0005881674240816,0.0051465030692465
2016-04-08,0.0069755834309845,-0.0022623853941494,0.0119639555071287,0.0172235614034704,0.012123709626893,0.0,-0.0015321364462615
2016-04-11,0.0029747474221835,-8.39070207018822e-05,-0.0043604055379508,0.0127997071053408,0.0100561754001478,-0.0001176237579814,-0.0001804462601939
2016-04-12,0.0157174010232954,-0.0039506930778772,0.0111538296162555,0.015263003468779,0.0093843044778533,-0.0002351992831207,-0.0039771796777406
2016-04-13,0.0164334734015942,0.0034472311261868,0.0150121206040721,0.0176126045951772,0.0113724176046296,-0.0004706543767003,0.0007242571716099
2016-04-14,-0.0028804921247766,-0.0006717198579995,0.0005674693665526,-0.0048773062163967,-0.0022642037330074,0.0,-0.0023558773618057
2016-04-15,0.0,0.0041907697762479,-0.0031250198149774,-0.0057687140794782,-0.0024585781352209,0.000705853659821,0.0029892155080503
2016-04-18,0.0067081895874789,0.0010867702872131,0.0063815993661802,0.0046176084695714,0.0075457386791353,-0.0001176375949574,-0.0009954357012699
2016-04-19,0.014224991343037,0.0018364046487997,0.0104065836754874,0.0151452757918067,0.0151080254360847,-0.0003529060711429,-0.0016310289081738
2016-04-20,-0.0028288130558509,-0.0027558731666843,0.0026544872029326,-0.0045480423676622,-0.0050106898306638,-0.0007061859902739,-0.0050913608433086
2016-04-21,-0.0085349168585144,-0.0004182430877761,-0.007984909109246,-0.0100215149886845,-0.0055970152628274,-0.0002354762446031,-0.0016420392936884
2016-04-22,0.0047506027585977,0.0010870428888111,0.0040704796166608,-0.0060614727859764,-0.0107214360026632,0.0,-0.0010961462306047
2016-04-25,-0.0037986895515688,-0.0023427588327254,-0.0061824343715748,-0.0063898334971314,-0.0032200422443056,-0.0002356215806119,-0.001097418894502
2016-04-26,0.0056926006397581,-0.0004188800074236,0.0019712678344285,0.0107231556664458,0.0077483115626113,-0.0002355872161552,-0.0021067409536124
2016-04-27,0.0018904030117273,0.0063486514518579,0.0025288059844581,0.0060354515357001,0.0009408080179183,0.0007066850413705,0.005486536259011
2016-04-28,-0.0161831669842748,0.0009155655342225,-0.0100120573140357,-0.0103687737050144,-0.0060366096341404,0.0005885828041155,0.0034592410052975
2016-04-29,-0.0028831872405476,0.0010809869549065,-0.0063979311736025,-0.0043522925285872,-0.0114177925994447,0.0003529475691381,-0.0003635785839079
2016-05-02,0.0057581586136504,-0.0039970355181921,0.0131776656469011,-0.0026204747674761,0.0062959632809808,-0.0009415303732536,-0.0043732154635526
2016-05-03,-0.0173749841856196,0.001750649339991,-0.0136056388152061,-0.0286873846719801,-0.0205599231336689,0.0010590920614168,0.005917460402844
2016-05-04,-0.0019492886407831,-0.0016671973665692,-0.0117699029382842,-0.0163343284792931,-0.0190108109172783,-0.0001175616881633,0.0018137719383075
2016-05-05,-0.0019530957894278,0.0020003162586247,0.0010101695471962,-0.0003050827010706,-0.0023772346312197,0.0003528230411022,0.0027144010615022
2016-05-06,0.0009770247175335,-0.0021672271702814,-0.0010101695471961,0.0015242512109077,0.0009912390951441,-0.0002352613529388,-0.002352041112196
2016-05-09,-0.0029340172808939,-0.0010017960297707,0.0048969755989112,-0.0128757748419188,-0.0061612312562362,0.0004703776767236,0.0019001867761928
2016-05-10,0.0107161132504906,0.0016691453445583,0.0108603831272265,0.0189491899998852,0.0166077394416838,0.0002351507302795,-0.0001808541036533
2016-05-11,-0.0029111658074061,0.001083509562611,-0.0092811621791171,-0.0024249183423156,-0.0047170229448611,-0.0003526571298042,0.0015358739315401
2016-05-12,0.0029111658074061,-0.0020846369328649,0.0022926455093131,-0.002735152919552,-0.0035523323364859,-0.0005880982334797,-0.0027119472891301
2016-05-13,-0.0136586893817686,0.0018346564364615,-0.0119503518382515,-0.0181181109341281,-0.0199687139046181,0.0001176652681174,0.0037947115267364
2016-05-16,0.0078277837701584,-0.0033382930142775,0.0156645633486683,0.0120130626210121,0.0076351033938091,-0.0004706543767003,-0.003613713670076
2016-05-17,-0.000975119286092,-0.0003344558121634,-0.013205275759146,-0.0046034001837413,-0.0062242457082815,-0.0003531137538933,-0.0013585251359652
2016-05-18,0.0029225841289614,-0.0085664778095218,0.002020777132741,-0.0098918800378888,-0.016448768857144,-0.0017675315143422,-0.0080986785687604
2016-05-19,-0.0058537347984648,0.0023588788233269,-0.004045646075734,-0.0093633407659889,0.0004094259546955,0.000235809473337,0.0010045260249345
2016-05-20,0.0039062699555955,0.000672962953586,0.00563055545276,0.0099844730367195,0.0042887655611797,0.0003536549447545,0.0006387125221107
2016-05-23,0.002919739804204,0.0,-0.0005760500781187,-0.0018644367745395,0.0036615237354785,-0.0001178111269564,0.0006383048288102
2016-05-24,0.0144720323954776,-0.0016831930312584,0.011173283502263,0.0102120030548994,-0.004069197161047,-0.0007076083848102,-0.0016421891331975
2016-05-25,0.0085837580572485,0.0017672976038925,0.0096399999876473,0.0119358539812199,0.0173812099672061,0.0005896934286995,-0.0004566000613688
2016-05-26,0.0009492024628061,0.0028547151397454,-0.0022598319566167,0.0066707713638319,0.0006008769285506,0.0005893458952876,0.0031010271091223
2016-05-27,0.0018957062382588,-0.0007548445654491,0.0015542300264698,-0.0003022010370127,-0.0030080783109409,-0.0005893458952877,-0.0019142167849547
2016-05-31,-0.0018957062382588,0.0017604823655846,-0.0021200138477251,0.0012083717593951,-0.0006027643421891,0.0004714865181096,0.0011854730037143
2016-06-01,0.0009483023318298,-0.0020961731674829,0.0015551089498954,-0.0006040609832467,0.0036108426531303,-0.0012971007060721,-0.0018243604046417
2016-06-02,0.0,0.0020123926558864,0.0009883473317093,0.0081240244710786,0.0111510789285064,0.0008256141879625,0.0030994005205257
2016-06-03,0.0047281411959458,0.0080093796273993,0.0042248062098542,0.0151676405552427,0.0188314527812355,0.0016491862691254,0.0092408397497467
2016-06-06,0.0065820355943484,-0.0024126912728643,0.0028065825642214,0.0105696989839056,0.0115921368828745,-0.0002353930898074,-0.0026186381691463
2016-06-07,0.0018727025984743,0.0014982548197638,0.0044742760992628,0.0090129278373121,0.0112693416161156,0.0002353930898074,0.0014456422979213
2016-06-08,0.0018691309015776,0.003321383900895,0.004870909029973,0.007209836725386,0.0079455235278252,0.0002354274716482,0.0011729958712249
2016-06-09,-0.0037418335000521,0.0014083239549662,-0.0085047654256627,-0.0115607561205842,-0.0077556399188068,0.0002352823010204,0.0015318603696854
2016-06-10,-0.0217914396421789,0.0011582642683777,-0.0173720310033087,-0.0256160846644567,-0.0174317190250796,0.0005880982334797,0.0035054586188806
2016-06-13,-0.0125303138413118,-0.001489452503465,-0.0064318749089981,-0.0141163901396095,-0.0201040979490175,0.0002350886766478,0.0019720446111122
2016-06-14,-0.0156405777410826,-0.0022383783228629,-0.0079176318198976,-0.0033328498292545,-0.0081164423966525,0.0001175684531564,-0.0002686738597045
2016-06-15,0.0029513356125544,0.0037278308263279,0.0025981581941789,0.0105660899723274,0.0108728801947857,0.0011746562241834,0.0030409106977403
2016-06-16,-0.0049236927138184,0.0014872373336867,0.0014404852860136,-0.0036100801154225,-0.004927574708707,-0.0005872004452044,0.0010710025676272
2016-06-17,0.0108002861259903,-0.0029766898371517,0.0024440838591581,0.0027088098295568,-0.0009884202856751,0.0001174855986276,-0.0033955644629215
2016-06-20,0.019342962557668,-0.0012429178728324,0.0143990245926496,0.0175782909412916,0.0238431737483799,-0.0005874764078119,-0.0043057418414611
2016-06-21,0.002869398664615,-0.0009124517249804,0.0032501368188221,0.0076492965880817,0.0057770823102216,-0.0007053557818404,-0.0022499222451316
2016-06-22,0.0028612614286718,0.0018240716407385,-0.0132076100632918,-0.0052894719750478,0.0082225626262465,0.0003527400817663,0.0019802096814969
2016-06-23,0.0225998461246793,-0.0009945529307588,0.0213571822997316,0.0238730327661198,0.0169943958097031,-0.0003527400817663,-0.0047771399223258
2016-06-24,-0.0753980470117197,0.0047152314912893,-0.0574547670516523,-0.0626223496530211,-0.0663750752468935,0.0023494028794113,0.0137289498417163
2016-06-27,-0.0451822395294436,0.0042001473270778,-0.0226345889205062,-0.0129472208325459,-0.0208235316852529,0.0005864221825073,0.0086073668930314
2016-06-28,0.0259216180716907,0.0054911269581985,0.019368534670589,0.0290496123355646,0.0309759455517565,0.0003517061990749,-0.0001766956151624
2016-06-29,0.0192606214577529,-0.0003269918787899,0.0217688154938977,0.0250013064635571,0.0231019767472377,-0.0003517061990749,-0.0040733848284568
2016-06-30,0.0109836201485928,0.0035094940179681,0.0086919053892646,0.0099445144560496,0.0077116544523215,0.0004689439228389,0.0022158219282165
2016-07-01,0.0079130290627659,0.0025225220815886,0.0027366933047171,0.0095583065146514,0.0144902845216647,-0.0002343997519172,0.001238713605628
2016-07-05,-0.0310179789167349,0.0034074198282677,-0.0118652778630366,-0.0215625449169907,-0.016027821155557,0.0004687445734662,0.0054674100842293
2016-07-06,0.001015728612936,0.0017802336587337,0.0023263119672452,-0.0026544817464189,-0.0137506358722887,-0.0004687445734662,0.0001759081278385
2016-07-07,0.0020283673418599,0.000161654349124,-0.0023263119672451,-0.0026615467779178,0.0077700765716992,-0.0004690538818481,-0.001319797142483
2016-07-08,0.0090772337505799,0.0055620830968393,0.0153116554165019,0.0213864760845026,0.0149800916073641,0.0,0.0019350979385188
2016-07-11,0.0139583675707764,-0.002575658945654,0.0069994979905616,0.0095198129117883,0.0041849256812757,-0.0010561987383797,-0.0052864096989914
2016-07-12,0.0147422817372034,-0.0056575321050012,0.0116049943309317,0.0139702301463457,0.0135748918725695,-0.00035228442296,-0.0059362968959871
2016-07-13,0.0,0.0038828989173371,0.0012656117158783,-0.0017002377283003,0.0009358772042845,0.0002349297967641,0.0025737836927465
2016-07-14,0.0087421782529151,-0.0024250521461597,0.0042069255228525,0.0143604367011971,0.0190870016938952,-0.0005873383677754,-0.0041746405569891
2016-07-15,-0.0029056006084532,-0.0038110829207822,-0.0029430206347581,-0.0022390670445905,-0.0025730466326167,-0.0004701012597517,-0.0038346710530242
2016-07-18,0.0067666239092272,0.0,0.0022431476951221,0.008926132025898,0.0040404318992729,0.0005876144600659,-0.0002680736321323
2016-07-19,-0.0028943874267283,0.0017857247127809,-0.0014014310401905,-0.0103280455725088,-0.0112433328597501,0.0001174097720694,0.0026776439535216
2016-07-20,0.0096154586994419,-0.0003244457524444,0.002940548124575,0.0050378026357184,0.0,-0.0004699908091843,-0.0020522278482454
2016-07-21,0.0,0.0011351308083612,-0.0008392441447485,-0.0030756521443475,-0.0027842528590381,0.0007049482051951,0.0022304510477407
2016-07-22,0.003820458543419,-0.0005674352672517,0.0023761024988228,0.007254555675718,0.0094349443461994,-0.0003523671680804,-0.0008023567243271
2016-07-25,0.0047551206360064,-0.0005676955411095,-0.0009777177587353,-0.0100587772146543,-0.0112953816106499,-0.0007051967371889,-0.0008030691189791
2016-07-26,0.0028422134200191,-0.0009739073741069,0.0018150773962207,0.0078321737237638,0.0109270490587482,0.0001175822771229,0.0006246347919332
2016-07-27,0.0047192160675781,0.0041327567878068,-0.0030735036080016,0.0033379428963102,0.0055106538078225,0.0007050242321355,0.0042727798340073
2016-07-28,-0.0018849859598215,-0.0009708960662332,0.0046067202459435,0.0002777214067544,0.0034744229623665,-0.0001174097720695,0.0005327906907721
2016-07-29,0.0065820355943484,0.0036359022841662,0.0056940092266438,0.0052609460373161,0.0159366118051217,0.0012914660604561,0.0038102062570268
2016-08-01,-0.0084705814376252,-0.0082604668515032,-0.004441363278708,-0.0019350302181735,0.0071608168771326,-0.0009390988923756,-0.0048761394606052
2016-08-02,-0.0047371001473053,-0.0056269460714108,-0.0043214335872898,-0.0072202013158569,-0.0143732811121711,-0.0003523671680804,-0.0024024271651861
2016-08-03,0.0037914158828253,0.0013076469770429,-0.0025178402020228,0.003338871496417,-0.0070825575166824,0.0001174097720694,0.0005343566144788
2016-08-04,0.0066007272442006,0.0042379577677825,0.0025178402020227,0.0055402014512906,0.0047273203714792,0.0007046170805358,0.0024012130635136
2016-08-05,0.0056232432133949,-0.0040746532109326,0.0070995566989403,0.0115353701714257,0.0147643964179532,-0.0014096413126713,-0.0062372525159542
2016-08-08,0.006520721364709,0.0006530761950868,0.0022170393751868,0.0070749175714759,0.0067688370184468,-0.0003526986009078,-0.0005364109150725
2016-08-09,0.0046317823809798,0.0058584480964281,0.0044192820922431,0.0067558693055922,0.0123501383513937,0.0005877320238588,0.0035708083312646
2016-08-10,-0.0027764518019035,0.002835489972262,-0.0024834492111694,0.0002692425348586,0.004199510634977,0.0004699908091842,0.0026697125869557
2016-08-11,0.0083064760653951,-0.0033224265087939,0.0079802546327488,0.0128412559899126,0.0081732689053369,-0.0009401129087832,-0.0048106398888284
2016-08-12,-0.0018399690217018,0.0045351971972265,-0.0005483333257196,-0.0037283503239898,-0.0092215110266702,0.0007051899363994,0.0035656473451983
2016-08-15,0.0045934854035825,-0.0030752220055529,0.0027385605446865,0.0103517685522412,0.0109518882111002,-0.0002350678368006,-0.0029407337613053
2016-08-16,-0.0027535163818807,-0.0017846487294642,-0.0028757170253282,-0.0044990990178317,-0.0043316363204761,-0.0003526157000741,-0.0016971326327844
2016-08-17,-0.003683259389167,0.0027568032771649,0.0009594914960973,-0.0063864421152754,-0.0132845566392459,0.0,0.0016078637135107
2016-08-18,0.010096446174636,0.0024262288331728,0.0027364167741363,0.009299981647872,0.0143258856541547,0.0007051967371888,0.0017834581981626
2016-08-19,-0.0045766670274118,-0.0029931886729069,-0.0035587517895922,-0.0055696444097202,-0.0069626307486962,-0.0009403130609737,-0.0033913219116733
2016-08-22,0.0009169966238236,0.003396947386692,-0.0017840840582548,-0.0133870813293851,-0.0128330765188774,0.00011760992426,0.0022324427598929
2016-08-23,0.0,0.001129756347706,0.0050694787488843,-0.0040512604424785,0.0061733766215374,0.0001175063995247,-8.922114337397943e-05
2016-08-24,-0.0009169966238235,-0.0006453747797037,-0.0043829641755497,0.0027026631078394,-0.0012316302419359,-0.0002351163237848,-0.0003568961158089
2016-08-25,-0.0045977092486294,-0.000968936243463,-0.004677998851039,0.0008094589289099,0.0022861360284618,-0.0003528230411021,-0.0016075765661378
2016-08-26,-0.0046189458562945,-0.0031554651029344,-0.0020708438826604,-0.0086675382515037,-0.0127277875971751,-0.0009415303732536,-0.0038508113348285
2016-08-29,0.0073801353468668,0.0056565560784075,0.0052377412287881,0.0075881826678953,0.0083267594803081,0.0005885828041155,0.0041189771040629
2016-08-30,0.0,-0.0012900826827495,-0.0022019831778001,-0.0027034969004054,0.0003528039827608,0.0001176031861584,-8.93805996629365e-05
2016-08-31,-0.000919596418972,-0.0004035270311655,-0.0017928003685832,-0.0111611302040987,-0.0061920107822401,-0.0001176031861584,-0.0011624705907525
2016-09-01,0.0082455945395479,-0.0025862755546471,0.0026190992461915,0.0076357773077467,0.0046034454230716,-0.0001177068075622,0.0001789611087204
2016-09-02,0.003643005200754,-0.0017819640413937,0.0059021557360203,0.0161684595827734,0.0103682528935943,0.0,-0.0025975285717678
2016-09-06,0.0099503171188843,0.0034799558442923,0.0069553929352095,0.021159193217141,0.0304749489889671,0.000705853659821,0.0046528059142422
2016-09-07,0.0,-0.0013743336118868,-0.0008158421745615,-0.0031454530019006,0.0008475165580488,0.0,0.0005355215513689
2016-09-08,0.00269665827918,-0.0070631732810183,-0.0019060508897263,-0.0026287731151567,-0.0115884102158015,-0.000705853659821,-0.0049193163044043
2016-09-09,-0.0181164372548951,-0.0075237366532315,-0.024556328842121,-0.0342738388120499,-0.0345282691950726,-0.0003531137538933,-0.0047634007490461
2016-09-12,0.0045599713582385,8.210249270200072e-05,0.0118015739889877,0.0067870494334326,0.0023039631898098,0.0003531137538934,0.0009004815989665
2016-09-13,-0.0091408313431654,-0.0032886778169933,-0.0188093112962598,-0.0254843311229068,-0.0327485816357592,-0.0003531137538933,-0.0036971594575189
2016-09-14,-0.0018382778985441,0.0006586139223067,-0.0002812863012425,0.003048377395735,0.0043803990978619,0.0005884237476141,0.0022560131798527
2016-09-15,0.0118885997403018,0.0006581176886013,0.0061710548813395,0.0170099835517941,0.0114080198508523,0.0008232837478665,0.0002703688791362
2016-09-16,-0.02765153133051,0.001150805808566,-0.0030807137063649,-0.0068241021325957,-0.0061405312583446,-0.0004703776767237,0.0010807451156119
2016-09-19,0.0037313618202966,-0.0003286575871709,0.0014015204944897,0.0079116747480866,0.0095556262630741,-0.0002352269562807,-0.001711742513009
2016-09-20,0.0018604372644504,0.0013139201374009,-0.0028051151602293,0.0005433430737815,0.0087539938238639,-0.0002352823010205,0.0015317223160562
2016-09-21,0.0110907289244332,0.0050753444519459,0.0180937863044669,0.0275897720529989,0.0284079932972576,0.0002352823010204,0.0016192906149196
2016-09-22,0.0045850606323374,0.0040743211106323,0.00618767127461,0.0071081111965738,0.007921499781394,-0.0002352823010205,0.0029619177812734
2016-09-23,-0.0082683200215045,-0.0007321860635727,-0.0064635250852073,-0.0129374177761707,-0.0112118070869614,0.0005881468522588,0.0004479675946813
2016-09-26,-0.0083372555142018,0.0015450496569326,-0.0092869999259436,-0.0147238429111705,-0.0108128494191766,0.0005878908120458,0.0028625093624519
2016-09-27,-0.0009306512855146,0.0024346956417858,0.0056933246277867,0.0141921986318356,0.0220246565061379,0.0001174649697944,0.0016957694680059
2016-09-28,0.0074211419253921,0.0006481987242519,0.0064868243312177,0.008999535234762,0.0056444489240127,-0.0001174649697945,-0.0004459978909104
2016-09-29,-0.0018501110833752,-0.0004050672339958,-0.0088434922814511,-0.0175443052031648,-0.0140847343443847,0.0003525328065952,0.0006243685751885
2016-09-30,0.0046189458562944,-0.001784421100219,0.0084307123920376,0.004281511593163,0.0055201052382198,-0.0008227998606596,-0.0024996121526387
2016-10-03,0.0018415930716001,-0.0054540259931037,-0.0046903653295558,0.006918556656717,-0.0015494562977919,-0.0007057706102401,-0.0036713364319131
2016-10-04,-0.0036865838664273,-0.0046635362422288,-0.0008299565815175,-0.0112000682498799,-0.0194857027373271,-0.0008240590487187,-0.0045857395968799
2016-10-05,0.0073596966672802,-0.0010667068319161,0.0041430168775514,0.014377268304842,0.012916948511182,-0.0005890681739453,-0.0022556061538326
2016-10-06,-0.0073596966672801,8.210923407482229e-05,-0.0045582536217889,0.0007926748553316,0.0051894120927163,0.0,-0.0020796221157507
2016-10-07,-0.0064845486390338,0.0023777399401037,-0.0033283277311461,-0.0045003910598931,-0.0060569273177999,0.0003534465933334,0.0014471423539232
2016-10-10,0.0037105935775664,0.0,0.0059552882464464,0.0108194712407781,0.0101891935074836,-0.0004713198629816,-0.0026245629648325
2016-10-11,-0.0130477297065366,-0.0031167778449209,-0.013484617389589,-0.0233679580722676,-0.0379981280557229,-0.0001178871653939,-0.0002718881563474
2016-10-12,-0.0009385122682032,0.001313488661964,-0.0006999709476881,-0.0018824717738477,0.0010703064500629,0.0,0.0
2016-10-13,-0.0113315370279947,0.0024582366484916,-0.0028051151602293,-0.0089226447206076,-0.0098540478778961,0.0003536198122204,0.0020827041899129
2016-10-14,-0.0057143593926335,-0.0046757780335677,-0.0009836254242921,0.0016282601336862,-0.0032461760282104,-0.0002357326468264,-0.0030803065123478
2016-10-17,-0.0038276974627022,0.0032834859370945,-0.0016884078543522,-0.0010852121212883,0.0055840469696367,0.000824641575958,0.0021752738395719
2016-10-18,0.0085918800283549,0.0024556209135431,0.0086932000048229,0.017490059989859,0.0165675889459581,0.0003531969208338,0.0019898814956116
2016-10-19,0.0056872769742861,0.0013072196315321,0.0025097658417473,0.006116214608608,0.0077438339065144,0.0,0.0004517191629786
2016-10-20,-0.0028395953526692,-0.0003266447406175,-0.0004178394108004,-0.002920501416798,-0.0111063471097547,-0.0004708970531982,-0.0009035734989818
2016-10-21,0.0028395953526692,0.0005715427264469,-0.0018126931428209,-0.000265978896721,-0.0039076643629308,0.0002354762446032,0.0010841627088021
2016-10-24,0.009407406831815,-0.0028609858549206,0.0025090660077464,0.0042462870124155,0.0049707646176136,-0.000353280095218,-0.0013554561313386
2016-10-25,0.0018708793613006,-0.0007370427066492,-0.0008357269097268,0.0010587856155809,0.0003541157482179,0.0,-0.0001808341786906
2016-10-26,-0.0046838493124263,-0.0041867002170702,-0.0039089647712548,-0.0106383372225717,-0.0162402037909602,-0.0003534049461523,-0.0021729104259093
2016-10-27,-0.0028209050775911,-0.0045347435013322,-0.0019602273602154,-0.008592955140539,-0.0066793775455289,0.0002355872161552,-0.0034502021234768
2016-10-28,0.0018815111766225,-0.0011575938684952,-0.0002803005768792,-0.0040535529507478,0.0007242606845453,0.0,0.0001819231782708
2016-10-31,-0.0047103242324732,0.000909659831803,-0.002948392135506,0.0056703023626535,0.0018082911889619,0.0007065186338103,0.0008180370259383
2016-11-01,-0.0056818188945526,-0.0038925156607239,-0.0042271874500482,-0.0081103239617392,-0.0081632552775525,-0.0005887009038131,-0.0013637670491368
2016-11-02,-0.0057143593926335,0.0014925400926599,-0.0070851933374758,-0.0120153989665697,-0.0076797228704315,0.000588700903813,0.0029979054873773
2016-11-03,-0.0019120173239858,-0.0019905911339668,-0.0048467141276659,-0.0027510963092552,0.0011007407649489,0.0001177345238721,-0.0006351771556427
2016-11-04,-0.0067210712727136,0.0029843395982523,-0.0032921142079656,-0.0102451106341413,-0.0029379353577719,0.0003530306578067,0.0030814231996361
2016-11-07,0.0143474479893329,-0.0006623681732353,0.0209967044168727,0.0355422659700185,0.0250602775046227,-0.0003530306578067,-0.0041711982282256
2016-11-08,0.0037914158828253,-0.0022389351342785,0.0014028968417891,0.0064257697946752,0.0108803467945516,-0.0010598403738376,-0.0035501323320916
2016-11-09,0.0009456842644799,-0.0148026673772976,0.0050342799596893,-0.0331012640830574,-0.0479655869241647,-0.0012969477404265,-0.0153460929081019
2016-11-10,0.0075329491488925,-0.0008429375417368,0.000139403122877,-0.0288252435732511,-0.0116062502945033,-0.0003539887738259,-0.0060372778311548
2016-11-11,-0.0009385122682032,-0.0043097587372186,-0.0037727516034467,-0.0192066095959379,-0.0049075624821579,0.0,-0.0020516056086173
2016-11-14,-0.0037629539110589,-0.005179384131651,-0.0012608248416968,-0.0072621962027335,-0.0098878280697144,-0.0015355212537737,-0.0058047418736725
2016-11-15,0.0093809319680468,0.0030599310376389,0.004475634383201,0.0199170224207341,0.0110224986574756,0.0003545326522301,0.0
2016-11-16,-0.0037418335000521,0.0014417012006151,-0.003915083397061,-0.0083226454099543,-0.0094949441294785,-0.0001181034782576,0.0009385122682032
2016-11-17,0.0111837566992757,-0.0063762171392759,0.0069803441210005,0.00143986307126,-0.0003816881326734,-0.0001182075996419,-0.0044187655233647
2016-11-18,0.0046232166762281,-0.005644931791339,-0.00474127707641,-0.0046149446503942,-0.0084339895387043,-0.0005911574600134,-0.0044383054987758
2016-11-21,0.0018432903674651,0.001028742044749,0.0077972764992436,0.0097814401951152,0.0040341824617461,-0.0001182012513925,0.0008513915308449
2016-11-22,0.0036764887797589,0.0025672019078873,0.0001387162653076,0.0150592072719453,0.0240564769883571,-0.0002366249389359,0.0009451652390033
2016-11-23,-0.0027561161770293,-0.0036816711638606,-0.0004161006896702,-0.0107740551269447,-0.0118612154187685,-0.0005916268053919,-0.003596419302931
2016-11-25,0.0127972638174925,8.572721122397623e-05,0.0033240731609516,0.0048343095577548,0.0043465918673288,-0.0001184035036536,-0.0008537251449191
2016-11-28,-0.0082079945053028,0.0045355981289594,-0.0023534054955407,0.0039637478526526,0.0,0.0005916968395044,0.0045446334779495
2016-11-29,0.0009153877391199,0.0013651540658812,0.0047012854748908,0.0014118098762025,0.0069530064107262,0.0001183334695414,0.0010385745105817
2016-11-30,-0.0009153877391199,-0.0037587815532929,-0.0024861934196649,0.001691609494237,-0.0026252256694594,-0.0003549521366442,-0.0067225464856408
2016-12-01,0.0063898399295199,-0.0083365494636305,-0.0031857597206368,-0.0119014767808473,0.0037481447141074,-0.0010656129827194,-0.005238884664517
2016-12-02,0.0009094904985921,0.0045636516932956,0.0016633649274943,0.0011395186530887,-0.0031849800965208,0.0010656129827193,0.0044785555067461
2016-12-05,0.0108499885802,0.002145463142007,0.0037326963347784,0.0082235234610258,0.0046803417032946,0.0,-0.00038038147649
2016-12-06,0.0035906819018442,-8.574852070247873e-05,0.0050925046178855,0.0053513331815795,0.0046585381134696,-0.0002366746687477,0.0003803814764901
2016-12-07,0.0133513333562003,0.0041921426052101,0.0141769135714492,0.0167135449111837,0.0213361014283271,0.0003550361398527,0.003322090052982
2016-12-08,0.0017668253384963,-0.0041063940845076,0.0020282818109242,0.0044101461882238,0.0083363853915826,-0.0001183614711049,-0.0037976076534814
2016-12-09,0.0026442978858609,-0.0038651933934349,0.0022937090788188,-0.0052392907551936,-0.0074268948929903,-0.0001183754822011,-0.005149743709938
2016-12-12,-0.0044111232243574,-0.0009470973503241,-0.0005391384057295,-0.006657385721383,0.0010903394237084,-0.0003551202149038,0.0001912454379897
2016-12-13,0.005291004285391,0.0022371558292315,0.0084592278060902,0.011071287014686,0.0083197997873925,-0.0001184315490744,0.0005733711829837
2016-12-14,-0.0186423376415913,-0.0063804136671105,-0.0102137984791795,-0.0301783673754561,-0.0266487581921812,-0.0018963622459212,-0.0083465262410444
2016-12-15,0.0,0.0006917581771673,0.0024284996793578,0.0017007195744272,0.0024017979844833,-0.0004746756385561,-0.0027977530985792
2016-12-16,-0.0090009609825995,-0.0007782781051662,-0.0037801959481508,-0.0045415871655366,0.0007378881759431,0.0004746756385561,0.0012551027711859
2016-12-19,0.0009037368549085,0.0048326395642767,0.0029713854653029,-0.0068513449211169,0.0005530238851898,0.0004744504284918,0.0046207567006109
2016-12-20,0.0045065422258468,-0.0006028617983987,0.0040376289771012,0.0034314856159806,0.0,0.0001185095981044,-0.0021151937141543
2016-12-21,-0.0027014462572426,0.0031821377431605,-0.0122982298168094,-0.015535326747966,-0.0169133271505368,0.0004741692484141,0.0016348339261438
2016-12-22,-0.003613387157566,-0.002665386194112,-0.00313249638951,-0.0119587199248216,-0.0109310930541985,-0.0004741692484141,-0.0020199024245104
2016-12-23,0.0,0.001548523215292,0.0038121052418292,0.0058513024305583,0.0060457333774445,0.0,0.000962356673906
2016-12-27,0.0018082911889619,-0.0018068327594592,-0.000679608852319,0.004366228094289,-0.0001883455095781,-0.0004743036886541,-0.0014439192796266
2016-12-28,-0.0063434463543532,0.0036962288564822,-0.0051806147436716,0.0075231351800475,-0.0016969957803066,0.0003557940905497,0.0036538971692148
2016-12-29,0.0045351551653913,0.0038535431318823,0.0021845452304262,0.0162977079730089,0.0103258070122503,0.0010666233650124,0.0030666021905099
2016-12-30,0.005415161953493,0.0015372819232197,-0.0032786622439709,-0.0071154423430711,-0.0059947667056145,0.0003552884524171,0.0029618094157401
2017-01-03,0.00269665827918,0.0008530110089144,0.0092618516449592,0.011925240466789,0.0151051367764452,-0.0008292329709109,-0.0004771511387013
2017-01-04,0.0186754957309766,0.0034048511565597,0.0085049077882493,0.0075917826655804,0.0068247566482286,0.0002370455350076,0.0011447368306525
2017-01-05,0.0070237605788507,0.0053391987434502,0.0033550323633195,0.0108651127262335,0.00987747375979,0.0007106189849779,0.0064620609563156
2017-01-06,-0.0008753270013216,-0.0052542079959482,0.0020076500830663,-0.0041649797379246,-0.010981048864708,-0.0008291347286584,-0.0045571460807184
2017-01-09,-0.0035087219899036,0.0019523432791343,-0.0049595001307429,-0.0008350391559391,-0.0018419322288992,0.0008291347286584,0.0037990504130259
2017-01-10,-0.0035211437597087,-0.0005937964785824,0.0014770142007809,0.0058308949886716,0.0042314392288173,-0.0003552463700725,-0.0004740475345109
2017-01-11,0.0043994791004165,0.0015262026641612,0.0006706867873047,0.0118344663444433,0.0275230195326346,0.0004736638947761,0.0011373945983285
2017-01-12,0.0008775645447049,-8.474591341175154e-05,0.0020092635608016,0.004368007247358,0.01295377040666,0.0003550781724016,0.0005682847761762
2017-01-13,0.0017528221044908,-0.0020356060330938,0.0028061630806592,-0.0008175168610744,-0.0005290996337966,-0.0004734956971051,-0.0021800241286773
2017-01-17,-0.0026303866491957,0.0043207771451708,-0.0028061630806593,-0.0005454174589002,0.0068560205757395,0.0007101143642078,0.0050163257470662
2017-01-18,-0.0026373909947722,-0.0066157897723432,-0.0025457565295519,-0.0054704941092568,-0.0144700514597743,-0.0009469011372,-0.007106003780041
2017-01-19,-0.002644297885861,-0.0034097852591613,-0.0009395302190436,-0.0030215821379416,-0.0017790162270696,-0.0003553305126222,-0.0038106317976173
2017-01-20,0.0052816888806333,0.0017915722421987,0.002280172247385,0.0019238620212687,0.0,0.0005921172856142,0.0004771511387012
2017-01-23,0.0026303866491957,0.0045922430803575,0.0002679741751071,0.0147181979793369,0.0141444940300226,0.0009467673021375,0.0052334012149151
2017-01-24,0.0061109276357836,-0.0029740300633949,0.0058760159152035,0.0062036490079045,-0.0003511932988788,-0.0005916470872334,-0.0038033850007353
2017-01-25,0.008665565376414,-0.0038368515179372,0.0075612180564078,0.0109641388033357,0.0108298481459144,-0.0002367026902003,-0.004966147891602
2017-01-26,0.0025850546436504,0.0011952480969727,-0.0006609217249076,-0.0042643948843529,-0.0036550889086463,0.0001184035036536,0.0013394509670521
2017-01-27,-0.0025850546436503,0.0011938211843042,-0.0007938244611484,0.0008010304541322,-0.0026189052450922,0.0004732933358505,0.0012422235062503
2017-01-30,-0.0077956351479339,-0.0017058768371363,-0.0065060028027843,-0.0053519196102112,-0.0013996123920221,0.0,-0.0002865076068715
2017-01-31,0.0034722389332698,0.0017911138430387,0.0005327063043281,0.0018764164264923,0.0132176208854111,0.0002366529379294,0.0034328306899335
2017-02-01,0.0060475082645271,-0.0039275928961399,0.0017292622165884,0.0005354874976524,0.0003454907154001,-0.0009467673021374,-0.0034328306899336
2017-02-02,-0.0017241120498632,0.0002566081842072,0.0002658375093521,0.0042735066408732,0.0092831524506929,0.0003551202149038,0.0003820161866708
2017-02-03,0.0060214973187678,0.0011112954268804,0.004375137307112,0.0061113393564855,0.0080102895600727,-0.0003551202149038,0.0007635220501747
2017-02-06,-0.0017167124236892,0.0031560150328011,-0.0022514833049699,-0.0023869565177503,-0.0016989211202269,0.001065072772685,0.0047591943210155
2017-02-07,0.0034305481159271,0.0017018773411493,-0.0003978354244171,-0.0050578737935419,-0.0099112538354568,-0.0002366249389359,0.0018025947066584
2017-02-08,0.0042716851539303,0.0034797067155373,0.0017228452586343,0.0061194693073442,-0.0037852974438471,0.0009459836503418,0.0040675485732028
2017-02-09,0.0,-0.0039899983152696,0.0037008555226595,0.0044990990178316,0.0010337935847711,-0.0008276641819537,-0.005965053367839
2017-02-10,0.0017035519080936,-0.0002552110249438,0.0025033916607163,0.0091997570420663,0.0008606461956753,-0.0001183194683881,-0.0006649854678467
2017-02-13,0.0050933766988751,-0.0004254748535214,0.0048572822809279,0.0031347708463761,-0.0006884182813611,-0.0002365906655392,-0.001521670857454
2017-02-14,0.003381250292097,-0.0023862838009074,0.0035296022895609,0.0010427768121893,0.0010324825898031,-0.0007102887172844,-0.0036231661445824
2017-02-15,0.0050505029743227,-0.0007681818381968,0.0019555645337518,0.0080446148081438,0.0112879572966534,-0.0003552884524171,-0.0019122730499358
2017-02-16,-0.0025220309327673,0.0028139163889202,0.0024715777317529,-0.0036250529992614,-0.0111159367243534,0.0004737200014917,0.0040115220488802
2017-02-17,-0.0059097223336525,0.0025511998017434,-0.0010399302995865,-0.0041590871044376,-0.0031002487959282,0.0007101143642078,0.0026653873101262
2017-02-21,0.0016920864980213,0.0004246002867423,0.0040235963940822,0.0108809876517988,0.0187975197436639,0.0001183334695414,-0.0004754723745022
2017-02-22,-0.0025391723154453,0.000763748826448,0.0009063210011,0.0030871886956618,0.0021983786246482,0.0002366249389358,0.0016155686232926
2017-02-23,-0.0016963273419154,0.0025417539301449,-0.0009063210011001,0.0002567952157514,0.0053908434383076,0.0004729015847517,0.0026552769266093
2017-02-24,-0.0085252006015594,0.0050641438108802,0.0,-0.0118833507758456,-0.0075892220629557,0.0004727682045539,0.0046299085625537
2017-02-27,-0.0017138356922378,-0.0023600717355192,0.0006474982776668,-0.0031233479749769,-0.0067946844244207,-0.0008274685379131,-0.0035886796943149
2017-02-28,-0.0042973852689046,0.0006748931455491,-0.0022030484764392,-0.0096922545450445,-0.0018765986243182,-0.0004731596598699,-0.0004731054994727
2017-03-01,0.0102829061150728,-0.0086390329373394,0.0105821051629493,0.0154110435574842,0.0066377468214613,-0.0014207333491858,-0.0083643191809461
2017-03-02,-0.0059855208461682,-0.0015323090522706,-0.0064391721544858,-0.0177829025897861,-0.0134918093238492,-0.0010669667039545,-0.0028674787897513
2017-03-03,0.0042789967431568,0.0010218218530888,0.0033535711493116,0.0076225129289469,-0.0074208694582232,0.0002372423224284,0.0009567401579693
2017-03-06,-0.0017093760422297,-0.0017888252451274,-0.0032243529346072,0.0005235722204121,-0.0006931366793178,0.0002370956026072,-0.00019124562801
2017-03-07,0.0017093760422297,-0.0049572907592876,-0.0032347830258149,0.0010463227741486,0.0065653496645152,-0.0003557097283316,-0.0014357649998632
2017-03-08,-0.0034217444310514,-0.0030893409460567,-0.0031153385828528,-0.0094563513505486,-0.0041414702958104,-0.0008305119413236,-0.0033581078948694
2017-03-09,0.0,-0.0054293859770422,0.001169414374893,-0.0079491472866413,-0.0067668030011407,-0.0001187267656125,-0.0027910215729899
2017-03-10,0.0076825093473083,0.0025029220448082,0.0056972161691268,0.0111111772072433,0.0158898332812749,0.0005934024041687,0.0021180446436082
2017-03-13,0.0067797128480302,-0.0033674372919277,0.0041231820820243,0.013847447898872,0.0161472148921213,-0.0004746756385561,-0.0025036328003053
2017-03-14,-0.008481814946135,0.0008645152471194,-0.0080041109547096,-0.0057247416026878,0.0006741463407434,-0.0001187267656125,0.001059991510804
2017-03-15,0.0110123555145226,0.008604424016219,0.0109572281023416,0.025761342378846,0.0324908888278938,0.0018975772141867,0.0087261045053018
2017-03-16,0.0042034531234702,-0.0014575230070449,0.0038388152823605,0.0060852539510131,-0.0024496056077674,-0.0007112147834217,-0.0027726096706151
2017-03-17,-0.0067339936918578,0.0023138943339304,-0.0023015008049744,-0.0017710236664937,0.0021233338693056,0.0004741692484141,0.0026771830531016
2017-03-20,0.0025305405683875,0.0023085525848068,-0.001152788682331,0.0115811735074935,0.0155418229095466,0.0005924181499128,0.0023842459627675
2017-03-21,-0.0110123555145226,0.0024736731465136,-0.0108234058943544,-0.0110749293684183,-0.0067698221599993,0.0004736638947761,0.0033284084313907
2017-03-22,-0.0042680388603819,0.0025525671553251,0.0055552147354458,0.0047974449695399,0.0083749344684302,0.0002367026902003,0.0018969648832112
2017-03-23,0.0042680388603819,-0.0006800563970844,-0.0029675959300685,0.0002518151770621,-0.004339742283203,0.0,-0.001042907057721
2017-03-24,-0.0017050692872383,0.0010199112454537,0.0014203709636316,0.0025151494205321,0.0062625556760629,0.0,0.000569039252473
2017-03-27,-0.0025629695731436,0.0021214314665042,-0.0007744618645565,-0.0027669645975942,-0.0004803873926472,0.0003549941493039,0.0024618372942379
2017-03-28,-0.0017123683888217,-0.0021214314665041,0.0079742559817019,0.0027669645975942,-0.0006407738248914,-0.0004732933358506,-0.0034103918870918
2017-03-29,-0.0068787496308732,0.0032227765482693,-0.0008971445251222,0.0017568003685106,0.0017612172639788,0.000591626805392,0.0028428243842638
2017-03-30,0.0060214973187678,-0.0026283245398567,0.002049490441163,-0.0052797835077938,-0.005775674584277,-0.0002365906655392,-0.0028428243842638
2017-03-31,0.002569620700927,0.0010182669038635,-0.0035892715322175,-0.0070832268813487,-0.0045154502292371,0.0001182571959978,0.0019907964185315
2017-04-03,-0.0051457957658666,0.0017794274810986,-0.0003854140291474,0.0055696655551271,0.0032273832298886,0.0002366529379294,0.0034036207744809
2017-04-04,0.0051457957658666,-0.0026279435934176,-0.0015427506154611,0.0005048071116796,-0.0090630395763518,-0.0003549101339274,-0.0014167076417627
2017-04-05,-0.0103182737077206,0.0012724396509617,-0.0016741345080178,-0.0030326722133087,-0.0076703339575593,0.0,0.0018885458432768
2017-04-06,0.0051724779418539,0.000932090148578,0.0005154093295245,-0.0017732670265411,-0.0031176076175462,0.0002365906655393,-0.0006605926227431
2017-04-07,-0.0008602676101779,-0.0024591991821565,0.0003864564220226,-0.0017764170892173,-0.008250872097751,-0.0013021678352409,-0.0030254319516438
2017-04-10,0.0034364426751175,0.0018661573135051,0.0002574564525062,-0.0040722848705575,-0.0138485240439556,0.0004737200014917,0.0017974787311101
2017-04-11,0.0034246739678042,0.004650213788118,0.0018006357231508,-0.00229797509185,-0.0069122730537897,0.0009467673021375,0.0046206678901852
2017-04-12,-0.0008550532668771,0.0032843465510328,-0.0029599579272043,0.0048451565056137,0.0099319080161432,0.0007094426076233,0.003099920996116
2017-04-13,-0.0042863331246163,0.001680082272748,-0.0078928142441774,-0.0043340279948021,0.0036782754725293,0.0004727123230575,0.002996815195176
2017-04-17,0.009405785177951,-0.0019323318307562,0.0073772375112126,0.0104207285492895,0.0099635878333553,-0.0001181796708272,-0.0015909956008513
2017-04-18,-0.0042643987864575,0.0058695199174131,-0.0037465440866542,-0.0127228181749653,-0.0159896656109181,0.0008267843997956,0.0056969626668539
2017-04-19,-0.0008550532668771,-0.00301432539577,-0.0009064382977322,-0.0061648759823999,-0.0038691197403206,-0.0004722872783665,-0.0026109562098026
2017-04-20,0.0102128287522097,-0.0014265782441983,0.0060704248688983,0.0122920761063657,0.0193629787339042,-0.0001181517445587,-0.0022433909651489
2017-04-21,-0.0008470858174239,0.0,-0.0010306858452212,0.0,0.0077398064932357,0.000472433156185,0.0004678210382222
2017-04-24,0.0176400919152029,-0.0013445687917206,0.016617989860658,0.0141523100735023,0.0068661702333743,-0.0010633111852858,-0.0020599371929937
2017-04-25,0.0099421247278983,-0.0039600778918387,0.0061928222329443,0.0087446476579077,0.0153588136042667,-0.0009460955455527,-0.0051684844372372
2017-04-26,0.004934207895924,0.002445306011012,-0.0015130849501817,-0.0037383601388747,-0.0020878681864973,0.0003549584084772,0.0026345403129866
2017-04-27,0.0073559915597997,0.0009259701158029,-0.0007573537053402,-0.0012492003507575,-0.0012870309249407,0.0003547422544243,0.0006575520046096
2017-04-28,0.0,0.0011772570465287,-0.0001263135198623,0.0014989104045893,-0.0003220167179868,0.0004728240566235,0.0010324334507766
2017-05-01,0.0024399802304759,-0.0058156412329266,0.0030264571155829,0.0057249574081685,0.0056202844202776,-0.0014191433866281,-0.0036652397042079
2017-05-02,0.0121115733121677,0.0029541989609987,0.0005035362168179,0.0071720575930702,0.013361104464415,0.0003549521366441,0.0020692372068626
2017-05-03,-0.0080580614288417,-0.0005058606458285,-0.0008813308155821,-0.0066757683224441,-0.007135537437189,-0.0007100303090456,-0.0020692372068628
2017-05-04,0.0008087220495128,-0.0019413024075329,0.0032696474643504,-0.0112262811002894,0.0027016015002446,-0.0001184175247035,-0.0022622110074031
2017-05-05,0.0072493393793288,0.0003379026486485,0.0053841023589263,0.00824484419411,0.0063281579897087,0.0003551202149038,0.0001886831780722
2017-05-08,-0.0064412092059287,-0.0017752156566243,-0.0017497740486227,-0.0002488073091364,0.0252271078041051,-0.0004735517639784,-0.0024560233896518
2017-05-09,0.001614180703832,0.0001691763365909,-0.0005005119540736,0.012612961281507,0.0093365738137442,-0.0004736857365397,-0.0011356369568121
2017-05-10,0.0008061143099652,0.001352639151802,0.0005005119540737,0.0066136301159988,-0.010721452653922,0.0002368709155418,-0.00037883242682
2017-05-11,-0.0016128789644986,0.0005067361410841,-0.0021289319832808,0.0021948589333127,0.0160393787537982,0.0001184595970803,0.0007575213939779
2017-05-12,0.0,0.0050534806141154,0.0007519447542521,0.0041327877638302,-0.0016683194045384,0.0011835540751294,0.0050982069018401
2017-05-15,0.0048309149542588,-8.403391244434118e-05,0.0064926765984862,0.0101376240122962,0.0095174807965075,-0.0001183194683881,-0.0006594102552883
2017-05-16,0.0048076893708295,0.0014273609660114,0.0024860743163675,0.0009601756780377,0.001051915233185,0.0,0.0013183859752136
2017-05-17,-0.0193710784304284,0.0061059595474424,-0.0160184430085182,-0.0171812834131597,-0.0177290516883355,0.0010641912499839,0.0079674083482968
2017-05-18,-0.0016312968603818,-0.0001667637656426,0.0017646465226275,-0.0167367994271331,0.0009168331381131,-0.0004728240566237,-0.0002801137228731
2017-05-19,0.009748224743023,0.0005836469421752,0.0085266055870685,0.0211206422772806,0.0196617864954715,0.000236394882651,-0.0002801922085562
2017-05-22,0.0088532256607098,-0.000833876569892,0.0068438401435514,0.0009715109036151,0.004483017967837,-0.0003546583902111,-0.0011216259209285
2017-05-23,0.0031999539024206,-0.0030914737604489,-0.0018618701888939,0.0009706605085341,-0.004033719333941,-0.000354784217412,-0.0026219583978326
2017-05-24,0.0039856570271609,0.0015887159114596,0.0044626405848338,0.0038731553981634,0.0062677142291836,0.0005912070552996,0.0020607090123109
2017-05-25,0.0055534024664875,0.0004176203736054,0.0003709736033315,0.0048204664093927,0.0103596745873204,0.0,0.0005612493855218
2017-05-26,-0.0031695868331057,0.0007513793182308,0.0,0.0036001844378028,0.0076269696521047,-0.0001181593303273,0.0006544168393637
2017-05-30,0.0023781465677369,0.0023339076731423,0.0014826139189526,-0.0052846919787133,-0.0141261772713492,0.0003546164569816,0.0025201548531867
2017-05-31,-0.0023781465677368,0.0011649143378668,-0.0021009482735289,-0.0077369750093412,0.0035502678658187,0.0001182075996419,0.0004660333987245
2017-06-01,0.0141846588711253,-0.0024145627370007,0.0077638845823762,0.0084592280660682,0.0002952405632187,-0.0009458717815957,-0.0020520595073499
2017-06-02,0.002344690726576,0.0046573401594833,0.0048983875390123,0.0050414004417153,0.0134900255125193,0.0007094426076233,0.0043788324004493
2017-06-05,-0.0039108975967885,-0.0028250649632486,-0.0031812352497337,-0.0011980171221868,-0.0023330960982332,-0.0008277620760113,-0.0016747334202965
2017-06-06,-0.0047132724937994,0.0029080530273528,-0.0020854840438177,0.0004793973747816,0.0,0.0003548261903285,0.0031610658801002
2017-06-07,0.0039292781398895,-0.0012452911687659,0.0004911100792711,-0.0011988788668196,-0.0099766130704773,-0.0003548261903285,-0.0018582610164956
2017-06-08,-0.0039292781398895,-0.0017459916176859,0.0004908690085487,0.0059801636939043,0.0069062241817584,-0.0002365906655392,-0.0015821881417605
2017-06-09,-0.0023650232179845,-0.0009990435980204,-0.0017190498517673,-0.0076610307976553,-0.0051383577122831,-0.0003550361398527,-0.0009318654373096
2017-06-12,-0.0047468323702793,0.0002498544858446,-0.00184515117506,-0.0053012466489486,-0.0105053722541554,-0.0001184035036536,-0.0001865200234867
2017-06-13,0.0078989353197393,0.0010820031262668,0.0055251776622819,0.0048204664093927,0.0134447768624818,0.0,0.0003729341470903
2017-06-14,0.0,0.0067982329644611,-0.0025746239687353,-0.0002404309569051,0.0057071845095459,0.0004734396435064,0.0052063856105084
2017-06-15,-0.0094862130199964,-0.0023989829890925,-0.0054160946401366,-0.0103953622628001,-0.0166265472276357,-0.0003550361398527,-0.0017633752204509
2017-06-16,-0.0160131522195668,0.0008278705375657,0.0056616362169342,0.0016996408726782,-0.001930718422288,0.0004732933358505,0.0005571838779339
2017-06-19,0.0040273916204831,-0.0012420313544876,0.0062396299952336,0.0098974817875746,0.0059286010504192,-0.0005916968395043,-0.0027891001581166
2017-06-20,-0.008071068734392,0.002234610003836,-0.0189614270485221,-0.0157369552238907,-0.0117429954764148,0.0001184035036536,0.0025105470258836
2017-06-21,-0.0024341030416287,0.0004958885931279,-0.0017417197042039,0.0021937888975048,-0.0005982787711275,0.0001182991865464,-9.28919090644792e-05
2017-06-22,0.0008120055336917,0.0008260189101673,0.0,0.0051001710641684,0.0090848884710195,0.0001183754822012,0.0009283186382331
2017-06-23,0.004050228399147,0.000495233669536,0.0032322522008033,0.0053153356346422,0.0087092435743607,0.00059157707558,0.0002783913246523
2017-06-26,-0.0008087220495129,0.0018138451592062,0.0009924554895861,0.0095924361085963,0.0049845630613186,0.0,0.0008344971217454
2017-06-27,-0.0016194088416971,-0.0045407966711467,-0.0042247076903895,-0.0117634694725809,-0.0094035281908083,-0.00059157707558,-0.0049245049976189
2017-06-28,0.009677470270539,0.0010751759033369,0.0073197271251511,0.0076978897611389,0.0061811203952959,0.0004732716050323,-0.0009318654373096
2017-06-29,-0.0024105710389171,-0.0030630657709169,-0.0074441839685714,-0.0127820087603784,-0.012103576898641,-0.0005916470872334,-0.0037362412298361
2017-06-30,0.0032128051449769,-0.0008294498898071,0.0003735140227074,0.0046010161408592,0.0069552813415702,0.0,-0.0023422505538476
2017-07-03,0.0008016521753213,-0.0048245129776374,0.0004978334189676,0.00578179584994,-0.0001474007345926,-0.0015397960352706,-0.005172372997592
2017-07-05,-0.0024067644837522,0.0016662250816229,0.0007462383114344,-0.0019235839247311,-0.0072534622059827,0.0003555410917082,0.0007540229594312
2017-07-06,-0.0072551832264706,-0.0025838527610415,-0.0064861974959864,-0.0121066856266736,-0.0113551870538074,0.0002370174430441,-0.0018860524877511
2017-07-07,0.0056474903899246,-0.0008349209280113,0.004370344240854,0.0019469908987589,0.0059924358568036,-0.0001185016993635,-0.0016060255596485
2017-07-10,0.0032128051449769,0.0016691453445583,0.0017428037083658,0.0094374416711877,0.0065506033465812,0.0004738322119857,0.0013228178312266
2017-07-11,0.0,0.0004168831765325,0.0004974000915865,0.0081554817158665,0.0017791367958288,0.0003552042976957,0.0013209983541478
2017-07-12,0.0055978121537203,0.0044080312288031,0.0064435989756638,0.0191653226892797,0.017473388109842,0.0004734396435064,0.0029188623260781
2017-07-13,0.0047732665845643,-0.0017442513137272,0.0035756269790825,0.004909487384034,0.0059502921281068,-0.0004734396435064,-0.001034764308837
2017-07-14,0.0079051795071132,0.0023249929811281,0.0051558937401745,0.0125145806074283,0.0189198661554574,0.0004734396435064,0.0014107834439848
2017-07-17,0.0007870797314754,0.0009119222215512,-0.0020836947032043,-0.0046167429566978,-0.0058384455063336,0.0001182571959978,0.0012210329158216
2017-07-18,-0.00315210294946,0.004299631636032,0.0020836947032043,0.0030032887048175,0.0062642923354936,0.0002366529379294,0.0036542499809206
2017-07-19,0.0039385636736078,-0.0003300320712585,0.0047639423125407,0.0082702199022354,0.0035418327489975,0.0,0.0
2017-07-20,0.0,0.0009074206027803,0.0025558231144156,-0.0011445403028483,0.0033883679247423,0.0,0.0002805328487259
2017-07-21,0.003139732038176,0.0023062888819323,-0.0041412524984188,-0.0006873360101562,0.0071624791902624,0.000473047724972,0.0017749777620682
2017-07-24,-0.0023538294160702,-0.0011524481501036,-0.0004883520497721,0.0029751081408078,0.0026553357869488,-0.0003547422544243,-0.0006535614361145
2017-07-25,0.0023538294160701,-0.0059479828605014,0.0037783891073392,-0.002516802514792,-0.0065812912010391,-0.00059157707558,-0.0056195565281876
2017-07-26,0.0031299049672263,0.0033087456648592,0.0024301904972476,0.0082135254419496,0.0054641031170603,0.0007097783269727,0.0031882654523896
2017-07-27,-0.0031299049672263,-0.0024805323267193,-0.0032821311231585,-0.0054681810235018,-0.0081369955271852,-0.0002365067219403,-0.0015928620971586
2017-07-28,0.0031299049672263,0.0026457203759221,0.0012169154962971,-0.0004570488575691,-0.0191998858236964,0.0005912070552996,0.0016865019077317
2017-07-31,0.0038986404156573,0.0,0.0006078101422798,0.0011421871600678,0.0008611678466843,-0.0001181593303273,0.0002807954298783
2017-08-01,0.0031079582590854,0.0009903668765039,0.0058168287409043,0.0029636649708618,0.0078600342315647,-0.0004730477249721,0.0009354395093929
2017-08-02,0.0046440185452325,-0.0015685184051676,-0.0024196065277409,0.0009101460203467,-0.0018522089910841,-0.0004732716050323,-0.000935439509393
2017-08-03,-0.0015455717596322,0.0014034938852461,-0.0004846246391475,-0.004102109234369,-0.0207500587500515,0.0003549521366441,0.0034568422998371
2017-08-04,0.0007730255190212,-0.0038851152537229,0.0012111676893591,0.0036471397699144,0.0072537674476328,-0.0003549521366442,-0.0027083921618811
2017-08-07,-0.0007730255190211,0.00024842681573,0.0012096103050013,0.0068027299634931,0.0031750815791341,0.0003549521366441,0.0005609345613356
2017-08-08,-0.005428450115201,-0.0048140382136079,-0.003754592304195,0.0002259252460815,-0.0085378417654974,0.0,-0.0008415198789879
2017-08-09,-0.0023355638570594,0.0009978804752164,-0.0006069436426079,-0.0090785397943736,-0.0196659750021232,-0.0001183334695413,0.0012153252861515
2017-08-10,-0.0196779268825536,-0.0003325373419241,-0.014307772625728,-0.0239974808710545,-0.0249113073616391,0.0003549584084772,0.0037303179281036
2017-08-11,-0.0047809342342107,0.0018275567947803,-0.0014791417093706,0.0023325990658666,0.0031859102075971,0.0013001669107347,0.0011164085698402
2017-08-14,0.0087476192282795,-0.0006641278878677,0.0099417520138298,0.0101994961073059,0.0192026064184415,-0.000827265325983,-0.0024204269071277
2017-08-15,-0.0015848226488874,-0.0011634289069125,-0.0015889174717338,0.0011524545886977,0.0047435559013684,-0.0004729015847517,-0.0029870244521783
2017-08-16,0.0023762629142564,0.0028230172448107,0.0034192093561163,0.0103129311091842,0.0008868819094325,0.0005911371370754,0.0018679089097108
2017-08-17,-0.0127390133960691,0.0009944704939031,-0.0132533767091294,-0.0128501395170511,-0.013536892213366,0.0002364291739724,0.0035395424495951
2017-08-18,-0.0024067644837522,-0.0006628704314005,0.0003706096335245,0.008508708179524,0.0101327098153222,-0.0001182075996419,0.0001859115179313
2017-08-21,0.0016051123084308,0.0014080274665309,-0.0003706096335244,0.0036572306388852,-0.0001481875142627,0.0002363110778997,0.0006505245814836
2017-08-22,0.0040016060777422,-0.0009937293650642,0.0092223220883897,0.0111174793462885,0.0157414013013417,-0.0001181034782576,-0.0019528446692553
2017-08-23,-0.0031999539024207,0.0038039135647758,-0.0018375980237945,0.0047270563672674,-0.0020455790980721,0.0009448878780533,0.0034382112651926
2017-08-24,-0.001603886281381,-0.0019001480636774,-0.0022096780261455,0.0031390024527632,0.0069960309142682,-0.0009448878780532,-0.0015782930268719
2017-08-25,0.0056022921504979,0.0023127026084298,0.0026999720936165,0.0058036355009945,0.0065147472204684,0.0003544488551281,0.0016710021481077
2017-08-28,0.0007977541092821,0.0,0.0001225827141487,-0.003567447396658,-0.0028902415413257,-0.000354448855128,0.0009271844067686
2017-08-29,-0.00640004625978,0.000742270179578,0.0003675645459759,-0.0017885502615692,-0.0082831209063903,0.0004726005996867,0.0023140658405708
2017-08-30,0.0024048352412031,0.0008240500856508,0.0008571566961989,0.0015651137283746,0.0014581291153552,0.0002361715210921,-0.0008324836617102
2017-08-31,0.0055888125370441,0.0017283168174171,0.007924473581718,0.0015627530672869,-0.002334005939142,0.0,0.0015718016352756
2017-09-01,0.003179665066097,-0.0066001646890052,0.0008496656000679,0.0073341368908803,0.0027711304051499,-0.0010634368470752,-0.0044444122004049
2017-09-05,-0.0135838838832616,0.0061889046418029,-0.0059628758159669,-0.0131507557912804,-0.0285121641446859,0.0009453130049468,0.0069358023929882
2017-09-06,0.0008041695027703,-0.003543621610585,0.0035333684379639,0.0064855625864066,0.0032913493328125,-0.0001180476789637,-0.0023989874364625
2017-09-07,0.0008035233337756,0.0038726306296736,0.0041266758454326,0.0073292503361607,0.0129111056431626,0.0005903692862329,0.0043324141882425
2017-09-08,0.0016051123084308,-0.002964922413967,-0.000969391753281,-0.0066607538366833,-0.0069542519972894,-0.0002360878746064,-0.0007361228785667
2017-09-11,0.0127492253060215,-0.0030564239749492,0.0096525292402204,0.0132775192821651,0.0163467395284545,-0.0009450896109552,-0.005723294104494
2017-09-12,0.0071005733949998,-0.0010761549193391,0.0017995509229545,-0.0010998142885796,-0.0021934867252103,-0.0004728799645418,-0.0024098121617076
2017-09-13,-0.0047281292568948,-0.0009943248820885,-0.0007193952048391,-0.005295640473445,-0.0055783653079427,-0.0002364787468642,-0.0020436720311758
2017-09-14,0.007083866941161,0.0024840239751858,0.0011987351200883,0.0026513257086294,0.0055783653079427,0.0001182012513926,0.0001859288076791
2017-09-15,0.0062549308092187,0.0008266386869448,0.00083826954108,0.0059399681463034,0.0061297009721893,-0.0001182012513925,0.0012079433088991
2017-09-18,-0.0300655795029373,-0.0009920232137601,0.0008375674337706,0.0035033941492206,0.0160210251197978,-0.00059157707558,-0.0039077626963828
2017-09-19,0.0072029244621513,0.0005788208209674,0.0016730332432265,0.0021833737011412,0.0032878789314996,0.0001183614711048,-0.0011192531549199
2017-09-20,0.0031847281582323,-0.0012407588779904,0.0017894609548606,-0.0045906538019684,-0.0052944640448532,-0.0008286439412021,-0.0019617838099053
2017-09-21,-0.0007952772070498,0.0,-0.0037017797593491,0.0,-0.0001434034994881,-0.0002369332284994,-0.0013099972496623
2017-09-22,0.0039698346071,0.0013234382418832,0.0029863249923041,-0.0057130087318714,-0.0051791311176912,0.0002369332284994,0.0017773970832727
2017-09-25,-0.0055621673533577,0.0037126971523033,-0.0037043427391252,-0.0171134400667132,-0.0065119191205207,0.0005919069878961,0.002986467004191
2017-09-26,-0.0063949303586454,-0.0001646898598658,-0.000838369960114,-0.0026935802773356,-0.0026166654377986,-0.0002367026902003,-0.0008390094036456
2017-09-27,0.002402909089108,-0.0038787026870566,0.0047812848270846,-0.0036027924827302,-0.0080379742742442,-0.0001184175247035,-0.0051428703126334
2017-09-28,0.0063796312228448,0.0014872373336867,-0.0011931569543717,-0.0006770302330721,-0.0013215473311701,0.0001184175247036,-0.0001874802470804
2017-09-29,0.0071286947154606,0.0009077830834348,0.0039320182284608,0.0114466996160473,0.0145860234085101,-0.000236849073778,-0.0012197297935637
2017-10-02,0.0015773235039977,-0.0017338019936023,0.0039167083696053,0.0002231021188336,0.0023141992324326,-0.0001183552239175,-0.0026320638106136
2017-10-03,0.0015747794454624,0.0022285864135328,0.0011838343656994,0.0157169609718667,0.0094895901192702,-0.0005923479556663,0.0014109161708162
2017-10-04,0.003926192762324,-0.0005772932757548,0.0014188078686102,-0.0002196226613328,0.001287150242308,0.0018942075013435,-0.0002820096779852
2017-10-05,0.0007833801882338,-0.0014033779984968,0.0035381927289988,0.007441490864381,0.0075461136143247,-0.0021311907071609,-0.001034764308837
2017-10-06,0.0031275174085548,-0.0008264967703175,-0.0024753837982825,-0.0050278723912857,-0.0038370918481551,-0.0003557158339237,-0.0012242526531364
2017-10-09,-0.0007809926295622,0.0008264967703175,-0.0014172996794431,-0.0006577352894075,-0.0007122434665265,0.0,0.0011301104691426
2017-10-10,0.0038986404156573,0.0006606177592581,0.0048340132964829,0.0098200630756006,0.0126019280412456,0.0002371579480329,0.0003764437853527
2017-10-11,0.0038835000263976,-0.0004954381550533,0.0032880068277977,0.0045498743862798,0.0099405661685007,-0.0001185719435299,0.001128481842626
2017-10-12,0.0015491633664126,0.000247749759897,-0.0005863741107688,-0.0004323598568197,0.0059726590711243,-0.0001185860045029,0.0009393939009687
2017-10-13,0.0007737416518754,0.0039558594221783,0.0024603033393186,0.0090420026599323,0.0086866767989177,0.0005926990397411,0.0033745870918389
2017-10-16,0.002317521633241,-0.0013992196620243,0.0004679564397698,-0.0006431295966656,-0.0066115356213052,-0.0009484509602738,-0.0016858700668397
2017-10-17,-0.0061919936491763,-0.0001647798373539,0.0001169772073789,-0.0051602281197224,-0.0001382369747726,0.0001186281967041,-0.0003750320275024
2017-10-18,0.0046474975349563,-0.0014839269525026,0.0007013977134825,0.0023684069866225,0.0023469076096344,-0.0003558363027675,-0.0025350620623819
2017-10-19,-0.0069794305637067,0.0014839269525027,0.0002336602432913,-0.008856302550243,-0.0067796576427638,0.0005929600265962,0.0010335975286848
2017-10-20,0.0038835000263976,-0.0027222275850604,0.0019843111250278,0.0036816104768959,0.0076067450588902,-0.0005929600265962,-0.0041408155586622
2017-10-23,-0.0046620606409808,0.0009907757385805,-0.0008165610597228,-0.0080304054135387,-0.003035758050988,0.0,0.0009425815946931
2017-10-24,-0.003120079801074,-0.0024787507922856,-0.0002334765695676,0.0,0.0049627976935451,-0.0002373549222187,-0.0030194370572385
2017-10-25,0.001561256762289,-0.0026507611752344,-0.0052665222066998,-0.0021814684433752,-0.0004126095724773,-0.0002373207163375,-0.0016077760872335
2017-10-26,-0.0046911617295154,-8.290412522405985e-05,0.001641451747916,-0.0067930878458783,-0.0046884250958404,0.0,-0.0013260031041264
2017-10-27,0.0023483615626555,0.0029818675315834,0.0036250704587839,0.0144075807001842,0.0160420004000372,0.0007118837446195,0.0032172277646791
2017-10-30,-0.0015649813744217,0.0033027351834277,-0.0005837518070615,-0.0063050740946836,-0.0053187906619581,0.0004743379250356,0.0035836032271483
2017-10-31,0.0039077815412815,-0.0014023361430747,0.0030320082334106,0.009334710526332,0.022044369436542,-0.000592889693157,-0.0006591618724555
2017-11-01,-0.0046911617295154,-0.0010736920511034,0.0001164596429789,0.0051724615416076,0.0194721188752177,-0.0010682330390237,-0.0009424758302044
2017-11-02,-0.0062892928817749,-0.0001653245661696,0.0022097170130873,0.001288966275473,-0.0047337444859475,0.0002375240116959,0.0013191313820098
2017-11-03,0.0078554997519874,0.0011564464569169,-0.0003485595625355,-0.0051657814690641,-0.0010550156474145,-0.0005938252139404,0.0015995280127057
2017-11-06,-0.0007828266819785,0.0002476900303887,0.0038275776135658,0.0111589238076306,0.0017137602797313,0.0005938252139404,0.0012213770648852
2017-11-07,-0.0054966526820333,-0.0008257460878052,-0.0020859934696264,-0.0064226131863869,-0.0124586741046411,-0.0004750138333017,0.0003755249326466
2017-11-08,0.0015735404556234,-0.0013225000548831,0.0032430698819841,0.0047139021432173,0.0106129334031229,-0.0001188113806387,-0.0012209182134001
2017-11-09,-0.0126583850288338,-0.0026503219950947,-0.0057984620370819,-0.0062184632551639,-0.0142204497486467,-0.0001188254984602,-0.0003759837841316
2017-11-10,-0.0023913556277494,-0.0057387976180196,-0.0002326889876369,-0.0043112969850577,-0.0040235491088408,-0.000356470560866,-0.0050895576771126
2017-11-13,-0.0152797624210368,0.0001668413031923,-0.0019796008670896,-0.0021626801100951,-0.002421964271591,-0.0001188819925332,-0.0004725963096663
2017-11-14,0.0056565560784075,0.0002501461637681,-0.0022171949345913,-0.0067339791693661,0.0016152260303836,0.0002377498538183,0.0014170473915085
2017-11-15,-0.0072786535863446,0.004243065628983,-0.0039798289294612,-0.0052448039210951,0.0060342733960855,-0.0003565552844001,0.0035808298462169
2017-11-16,0.009693166242329,-0.0011629789717725,0.0084093137187793,0.0206014174831234,0.024692547909187,0.0001188054305818,-0.0025429412809238
2017-11-17,0.0,0.0012460152625111,-0.002328885253218,0.0049245264408737,-0.0058865622272826,-0.0005944405696164,0.0013193799750444
2017-11-20,0.0032102878175278,0.0,0.0015144144191332,0.0051129569362204,0.0014421583378057,-0.0003568521827633,-0.0016023205934388
2017-11-21,0.0031999539024206,0.0033151159681685,0.0062658975512153,0.0132982910330069,0.0100371909793346,-0.0002380327503267,0.0001886119886751
2017-11-22,0.0063694726605426,0.0038812651718227,0.0004625987908022,0.0025131478480124,0.0040127577462064,0.0008326854221418,0.0032015466596966
2017-11-24,0.0023781465677369,-0.0011545390296323,0.0044990489528527,-0.0020938510233469,-0.0001292182147044,0.0,-0.0008464986787094
2017-11-27,-0.0063542949473762,-0.0005777697599993,-0.002766228924062,-0.0147806910070173,-0.0247216742038489,0.0,0.0006584178926513
2017-11-28,0.0023876099533075,0.0014025675033655,0.0075889021546405,0.0074176941316653,0.0148539995926976,0.0001189243956565,0.0001880807860578
2017-11-29,-0.0031847281582324,-0.0039653365462113,-0.0024084731477542,-0.0159628799837284,-0.0068080471885143,-0.0002378629360072,-0.0032015466596966
2017-11-30,-0.0015962060759782,-0.0011595114113864,0.0053822201170598,-0.0110022065762358,-0.0128249420067868,-0.0005947234241789,-0.0031171974205871
2017-12-01,-0.0023990049425986,0.0004142926600061,-0.0017145102838285,-0.0056558411680863,-0.0010651289837317,-0.0007141716416881,0.0021736374850132
2017-12-04,-0.000800948959822,0.0015726729026015,-0.0025200610474545,0.0019614292468788,0.0035901461364292,-0.0005955934982477,-0.0004721500709418
2017-12-05,-0.0096619477102228,0.0019003990403529,-0.0022965284784592,-0.0006533546720211,0.0034451093457796,-0.0001191794618198,0.0007553043451757
2017-12-06,-0.0032415063496341,0.0018968572336934,-0.0002298993246691,-0.013599743374112,-0.0168071473944262,0.0004765417791131,0.0020741142661036
2017-12-07,0.0048583585725472,-0.0019794273940497,0.0024117046731876,0.0028669348136972,-0.0008073955567788,0.0001191226847392,-0.0017910401455174
2017-12-08,0.0072434433119883,-0.0012390559274395,0.0045777319697045,0.0116038256181748,0.0026889579897229,0.0,-0.0007550184510069
2017-12-11,0.0016026011351435,0.0007436177723862,0.0015972551851153,0.0049940294921177,0.0022798663852183,-0.0004764850020324,-0.0006612262268662
2017-12-12,-0.0016026011351434,-0.0007436177723862,0.0033005311927163,-0.0067369061211496,-0.0038923733643337,0.0,-0.0008506672798835
2017-12-13,0.0040016060777422,0.0034656207678097,-0.0001136541801016,0.0119216592264846,0.016008839261173,0.0010717040564417,0.0040579521032741
2017-12-14,-0.0007990290153434,0.0018105610808557,-0.0023892051114828,-0.0073529776416111,-0.0065060028027843,-0.0003571070840604,-0.0003767983803514
2017-12-15,-0.0040048111684584,0.0013968053410086,0.0018208271180616,0.002168224536276,0.000266337822495,-0.0004763715317315,-0.0001884164979204
2017-12-18,-0.01536626726197,-0.0029602900373708,0.0095056048706039,0.011199782709961,0.0053128235111518,0.0,-0.0022642037330075
2017-12-19,-0.0016312968603818,-0.0051189242560816,-0.011212505956257,-0.0203381878483566,-0.0355976571576175,-0.0004765076461828,-0.0045437008340908
2017-12-20,0.0024460105797081,-0.0026522991171688,-0.0013677087188634,0.0013106461550945,0.0034258341861519,0.0001191027437134,-0.0029455595541497
2017-12-21,0.0121409825037266,0.0005807898620305,0.0026197788403013,0.0065274215788479,-0.0158569549634802,-0.0011923034129127,-0.0008567408726181
2017-12-22,-0.0024164574631795,0.0007462706505023,0.0021589101017124,0.0084224531378376,0.0085802181663888,-0.0003579593044324,0.0003808885530048
2017-12-26,-0.0016141807038321,0.0013252386046359,-0.0011357011440758,-0.0008606049567589,-0.0037274377104149,-0.0001193786030979,0.00038074353215
2017-12-27,0.0056383310035576,0.0055306244883507,0.0013627386245922,0.0025795961295327,0.0148272101231929,0.0004773379075304,0.0042732788729638
2017-12-28,-0.0008035233337756,-0.0006587766167626,0.0018140144581076,0.0068464042208802,0.0190328169473203,0.0001193216361622,-0.0012326105313509
2017-12-29,0.0008035233337756,0.0013170567702148,-0.0019275267551135,0.0046798086883859,0.0018701500041481,0.0002385095792558,0.0016115865265687
2018-01-02,0.0135622100204339,-0.0066856554319495,0.0075753448503428,0.0187117709067228,0.012467037102112,-0.000357831215418,-0.0033208292067627
2018-01-03,0.0039541373154104,0.0018202985300321,0.0059520507033443,0.0095357874599254,0.0087921064078364,0.0,0.0010448883283336
2018-01-04,0.007078295711784,-0.0003307227419563,0.0044687990063022,0.004939253980982,-0.0072117673892809,-0.0004773379075303,-0.0004748402502485
2018-01-05,0.0062499847683003,-0.0003308321556749,0.0078832262501275,0.0085855388981663,0.0130737909734029,0.0,-0.0012355393220243
2018-01-08,0.0015565155440678,-8.274092215796752e-05,-0.0024360683805671,0.0,0.0010385802870782,0.0,-0.0004756532956058
2018-01-09,0.0007772316251396,-0.003646571358666,0.0023255280195106,-0.0016296974640968,-0.0040303968606853,-0.0003581302433724,-0.0047687263214822
2018-01-10,-0.0015551865546242,0.0006639625240942,-0.0023255280195106,-0.006340087822839,-0.0048319094061667,0.0003581302433724,-0.0002868363509601
2018-01-11,0.0069794305637067,0.0024033569144755,0.0069602544379193,0.0061362276627355,0.0093811921968776,-0.0003581302433724,0.0006691811839082
2018-01-12,0.013052102426855,0.000165570870362,0.0089873432614307,0.0095383251748125,0.0101929907041596,-0.0001194356244543,-0.0006691811839082
2018-01-16,-0.0022909749712565,0.000909960838797,-0.0017473375925821,-0.0038449633632841,-0.0050189846102372,-0.0001193587720182,0.0004780635032897
2018-01-17,0.0038153421968041,-0.0027323703762975,0.0059936217721138,0.0130931776763575,0.0046338170061423,-0.0003584352739409,-0.0022008846220318
2018-01-18,-0.0030511782628465,-0.0039044803140107,-0.0018487109344522,0.0011999513158575,-0.0074762118961372,-0.0002389370712112,-0.0031662471727348
2018-01-19,0.0045732253292817,-0.0030845154104316,0.0045612390178273,0.0081616827697982,0.0050332349475641,0.0003584297715207,-0.002597996602476
2018-01-22,0.009084066722921,-0.0009187903650721,0.0069107216555802,0.0057329586845798,-0.0108725376702356,-0.0004779653118084,-0.000385476687349
2018-01-23,0.0052611693872916,0.0043362028789289,0.0032230694624325,0.0047198057463246,0.0036373956752217,0.0005974437353184,0.0028874230585594
2018-01-24,0.0082121113138618,-0.0006659050642366,0.0019288507738266,0.0084009538460856,0.0100632865476818,-0.0002389711238194,-0.0019240465403505
2018-01-25,-0.0022329972446837,0.0050662507476483,-0.0013927355736967,-0.0005838784608905,0.0052493051223062,-0.0002389370712112,0.002212316167995
2018-01-26,0.0074239392394802,-0.0013263371860498,0.0084334732239827,0.0137267093722247,0.00927878743603,-0.0005977294121836,-0.0029829725295755
2018-01-29,-0.0096619339222054,-0.0026580270347174,-0.0063986404853943,-0.0152852138076199,-0.0052007939497366,-0.0003587727128514,-0.0025086322338634
2018-01-30,-0.0074962873209117,-0.0034159887989219,-0.0102157411744218,-0.0137418879311815,-0.0124128996137738,0.0001196356234334,-0.0023213618566379
2018-01-31,0.0030053302849966,0.0020842893921507,0.0017279017770566,0.008659739834584,0.0074406269638116,0.0,0.0002905204913276
2018-02-01,0.0067289517186402,-0.0071043674701172,-0.0001079270172377,-0.01361367841628,-0.0140293998357522,-0.0014362988427032,-0.0067994878037073
2018-02-02,-0.0218463972458259,-0.0051297308438067,-0.0212669224045637,-0.025959822281265,-0.0411460985166462,0.0001197932375636,-0.0037105525825009
2018-02-05,-0.048371399275792,0.0005899928069843,-0.043019803604797,-0.0356957878519165,-0.0300249087825764,0.0017948138172532,0.0081839539288502
2018-02-06,0.0095466482436229,-0.0020242741476265,0.0184704274295982,0.0320193068206728,0.0383639312488964,-0.0007175937733757,-0.0043759193885206
2018-02-07,0.002372444138105,-0.0027901250550021,-0.0070286552095746,-0.0320193068206729,-0.0475921291269122,-0.000718017746821,-0.0029280037943663
2018-02-08,-0.0312901708121563,-0.0043273763020436,-0.0331957010088358,-0.0352649570866633,-0.0322608920851221,0.0001197358743123,0.0008793314785511
2018-02-09,-0.0016312968603818,-0.003236501027304,0.0130858596442689,0.015850935882436,0.0235136193634088,0.0008375674337706,-0.0017593622245144
2018-02-12,0.0129766499302204,0.0,0.0113112440345659,0.0156036800407838,0.0130923290116638,-0.0004785371003429,-0.0002935157670839
2018-02-13,0.0064257494333344,-0.0003413047410857,0.0017201028183678,0.0076061384284329,0.0036297978196762,0.0,0.0016621677394117
2018-02-14,0.018247197565878,-0.0036763201719692,0.0159130606506678,0.024738865884528,0.029114870635141,-0.0014369868236587,-0.0060754988567207
2018-02-15,0.0023557376842661,0.0046998851271132,0.0090924751341771,0.0203259026988254,0.0220877940087457,-0.000359546718977,0.000294813820686
2018-02-16,0.0007839943539098,0.0029793464668979,0.0022324440268044,-0.0032245059116959,0.0027764821053375,0.000239773132969,0.0023555364174634
2018-02-20,-0.0055009722077864,-0.0042589501642119,-0.0077229376182671,-0.0138213642203418,-0.037669175416897,-0.00011987938009,-0.0010789134328535
2018-02-21,0.0007876997139869,-0.0054780534117878,-0.0061989836289782,-0.0008190196076658,-0.0026083128003637,0.0001198793800901,-0.0029484350770686
2018-02-22,0.0031446686565431,0.0013722965744415,0.002709784812612,0.0006142885390109,-0.0002749057290476,0.000119773586008,0.0013769982717727
2018-02-23,0.005479501434045,0.0046177687826289,0.0139956375716201,0.0176529439412763,0.0210877197281444,0.000239686949151,0.0038259662993467
2018-02-26,0.0054495808148453,0.0012789491113156,0.0094063489802829,0.0092092558258367,0.0112451514119017,0.0001198219343297,0.0011743102259034
2018-02-27,-0.0140737509054335,-0.0043550911089789,-0.0146457702644576,-0.0295268985627739,-0.0278058835119201,-0.0007190556024579,-0.0031344887486155
2018-02-28,-0.0079051795071132,0.0018809959583754,-0.0093201710899803,-0.0144720481312458,-0.0133657003333256,0.000239773132969,0.0023517685073896
2018-03-01,-0.0095694265629633,-0.0038512345392385,-0.0132873247257974,-0.0018759807872242,-0.0051456218600221,0.0003594605351591,0.0027367702154457
2018-03-02,-0.0008016521753214,-0.0031777648780964,0.0031959709585341,0.0041640859686603,0.0080545056170373,-0.0004793399152492,-0.0037159954715914
2018-03-05,0.0095771249568771,-0.0003441531108981,0.0103170082760225,0.0014533313778595,-0.0048527804559738,0.0,-0.0012744205642009
2018-03-06,0.0055445444872494,0.0008601280038696,0.0027032890618531,0.009292803111257,0.0346934685917046,-0.0002397104134099,-9.812268704300576e-05
2018-03-07,0.0,-0.0003439755518015,0.000337387159338,0.0010272057582208,-0.0026884940226903,0.0,0.0
2018-03-08,0.0007895655832868,0.0019762291971197,0.0035918738165592,0.0002052832683293,-0.003235783561479,0.00023971041341,0.0020581090695652
2018-03-09,0.0125492321670929,-0.0035255522012448,0.0114745177682846,0.0211261345816205,0.0286208407173533,-0.0004795697921971,-0.0021562413856148
2018-03-12,-0.0023410314880825,0.0012912800797597,0.0009964458784617,0.0024091345354376,0.0,0.0004795697921971,0.0023520737128399
2018-03-13,-0.0094191978490012,8.604358319551685e-05,-0.0069958075633209,-0.0090644346304601,-0.0053950527395561,0.0002396529660981,0.001662655421203
2018-03-14,0.0023631001194508,0.0022340800995524,-0.0015612737921877,0.0016175060650652,0.0081472556828412,-0.0001197735860079,0.0019525237838964
2018-03-15,-0.0023631001194508,0.0010293825864069,-0.0010049282023085,-0.0036429974661689,-0.0034085262075933,0.000119773586008,-0.0003902147760208
2018-03-16,-0.0007890028300091,0.0011140571283989,0.0001116517557333,-0.0022328358350869,0.0017056653503167,-0.000479363379508,-0.0011714842385351
2018-03-19,-0.0288250424456408,-0.0033457705596901,-0.0111205626700348,-0.0108285618850445,-0.0189246742494797,0.0,-0.0009773857679348
2018-03-20,0.004053511883326,-0.0035294975638787,0.0006774792518354,0.0110317953755227,0.0132715951976689,-0.0003598106463268,-0.0019574925681553
2018-03-21,0.0,-0.0006038360786011,0.0,0.0058745657078928,0.0084022997280598,0.000719400439827,0.0006855658183214
2018-03-22,-0.0196084842225979,0.0017242607248565,-0.0224881755913266,-0.0338945402386791,-0.0293182653548435,0.0004792824694889,0.0041035541238358
2018-03-23,-0.0158006937712887,-0.0031922301478107,-0.0160599853258305,-0.0204756751482537,-0.0335394784724854,0.0002395094353813,0.0013641178515496
2018-03-26,0.0174495365100118,0.0035367389500404,0.0222747699233044,0.0319019807147851,0.0355568488937777,-0.0004791676630576,-0.0027300990627437
2018-03-27,-0.0124328164346855,0.0036101620591337,-0.0152604964319549,-0.0183453358564863,-0.0198106759656269,0.000718619747405,0.0056470000731332
2018-03-28,0.0,0.0026562506833467,0.0013970054632852,-0.0050621889274904,0.011852126093034,0.0001197502127088,-0.0001941610137229
2018-03-29,0.0041614707884021,0.0045250773418612,0.0135191635967004,0.0207184949298694,0.0215696041670392,0.0003590733170946,0.0020371455710397
2018-04-02,-0.0108560819986247,-0.0034132768915128,-0.0213439996550845,-0.0181841972499522,-0.0169755685910026,-0.0008380688517148,-0.0006785875212065
2018-04-03,0.0041893652088377,-0.0026532951845549,0.0096844793233558,0.009864729302391,0.0184324341470444,-0.0004792250812985,-0.0032053043341408
2018-04-04,-0.0025114740739414,0.0,0.0075191967290152,0.0004176332744351,-0.0129206094519277,-0.0005992858773365,-0.0005838610261861
2018-04-05,0.0091781908637285,0.0003427670579045,0.008034990269765,0.0025020640534997,0.0018752619924759,0.0002397391583594,-0.0025341351810069
2018-04-06,-0.0083403318100764,0.0029941292118818,-0.0150898160357181,-0.0197692790413925,-0.0210961869917533,0.0008387718002754,0.0043818848980832
2018-04-09,0.0066777829740497,0.0005123617479766,0.0056709584195736,0.0010614423143241,0.0096566422835053,-0.0001197161978176,0.0001943483189017
2018-04-10,0.0124019782053037,0.00025614758409,0.014322788279094,0.019332355939459,0.0110379331304732,-0.0004792824694889,-0.0017501249111732
2018-04-11,0.0,0.0006825444048205,-0.0049039306629495,0.0004161560190297,-0.0069854751098177,0.0,0.0009726532503551
2018-04-12,0.0057354076271463,-0.0027331730393908,0.0063817602184744,-0.0004161560190298,0.0014817893119754,-0.0005994491722872,-0.0036036342804139
2018-04-13,-0.0049140022132773,0.0003420635914753,-0.0026161162067835,-0.0100398155093781,0.0006727501200671,-0.000239825412642,0.0008777878109736
2018-04-16,0.0040966873148954,8.551392487936757e-05,0.0064710412112607,0.0012605332091398,0.003759488993119,-0.0001199800400778,-0.0004875730349529
2018-04-17,0.0081433672747952,8.55066128732566e-05,0.0092363764408169,0.0020972841890833,0.0044125792307602,0.0,0.000584999626882
2018-04-18,0.001620721147062,-0.0051423330831219,0.0022398592205892,0.0085532982491333,0.0116728330283244,-0.0008400803876395,-0.0039065768880976
2018-04-19,-0.0032441352730661,-0.0037878386593189,-0.0057216978425628,-0.0058333244431671,-0.0058193847319929,0.0,-0.0027437427396283
2018-04-20,-0.0032546939498022,-0.0040620704337153,-0.006886853427384,-0.0126158589899097,-0.0116071314417198,-0.0003602375151199,-0.0033418938285178
2018-04-23,-0.0024479443006069,-0.0004331331168236,-0.0006799361101283,-0.0080730681903859,-0.0053820622129274,-0.0001201385636199,-0.0009850126256449
2018-04-24,-0.0073801197639534,-0.0029500788240517,-0.0091105904035566,-0.0047039047297087,-0.0116706519627981,0.0002401710733323,-0.0011833424787092
2018-04-25,-0.0074349911399137,-0.0031331671024651,-0.0006867153766638,-0.0077453187090619,0.0005458640161657,-0.0001200325097123,-0.0021730670873155
2018-04-26,0.0082576853430309,0.0029593227245703,0.0097973057802203,0.0143671814138847,0.0255905398474989,0.0002401422247216,0.0028635015575413
2018-04-27,0.0041034116359779,0.0022571599072644,-0.0001133964794073,0.0061551102152717,0.0117656116858675,0.0002401761596496,0.0016747767428258
2018-04-30,-0.0008193238864415,-0.0008675152250837,-0.0047732580586208,-0.0072202514829328,-0.0064605390578713,-0.0003602858746588,0.0010822039915412
2018-05-01,-0.0082304991365154,-0.0055700699377689,0.0002278650454364,-0.004914005190351,-0.0053050726279962,-0.0016826854304903,-0.0034474152045929
2018-05-02,-0.001654234833131,-0.0007858206839535,-0.0053674680064153,-0.0079561528935707,-0.0117710999745647,0.0003608925233253,0.0001973586464624
2018-05-03,0.0024803271952802,0.000174709803597,0.0013730991747205,-0.0021611954193695,0.0020162857150888,0.000721211196461,0.0025615236354347
2018-05-04,0.0074044067743661,0.0013962480015236,0.0071783466355282,0.0045331773476982,-0.0020162857150888,-0.0003605405800332,9.84123225634964e-05
2018-05-07,0.004089985251525,-0.0011343071233861,0.0034001554226647,-0.0058321897104309,-0.0115029141521694,0.0,-0.0004920833914089
2018-05-08,-0.001633962338607,-0.0003492919644965,-0.0009055264544726,0.0056167425066931,-0.0016346924608945,0.0001201335042324,-0.0016747767428258
2018-05-09,0.0040799729183151,-0.00017465842278,0.0071094046720317,0.0019369457467987,0.0005451944541432,-0.0004808041206604,-0.0022703304440754
2018-05-10,0.0016273148079276,0.0050535456450838,0.0081752327285087,0.0206412529525721,0.0217004352958884,0.0,0.0020731443365781
2018-05-11,0.0040568006956144,0.0017367543259362,0.0022281308625658,-0.0016862992077094,-0.0004000637387851,0.0,9.86355306219673e-05
2018-05-14,-0.0040568006956144,-0.0018236215356683,0.0024452742841,0.0012649708245444,-0.0062889244120114,0.0,-0.0021717798672001
2018-05-15,-0.0040733253876357,-0.0075906897979925,-0.0076893724465648,-0.0208651290220731,-0.0212990442048694,-0.0006014681178851,-0.0055495652172475
2018-05-16,0.0048859908101841,-0.0013145922447114,0.003127432272232,0.0149479777528186,0.0098240824459704,0.0,-0.0020890242787772
2018-05-17,0.0024341030416286,-0.0019311911219605,0.0010032210297141,-0.0153783728113067,-0.0073589989729896,0.0002405755945599,-0.0005976447927519
2018-05-18,-0.001622097507937,0.0041211968386844,-0.003236078370526,-0.0084297353129018,-0.0016427484575248,0.0004810693613935,0.003878473246949
2018-05-21,0.009693166242329,0.0006123404439697,0.005906283127046,0.0060592867674175,0.005873936933134,0.0,0.0006945448007555
2018-05-22,0.0024086356422064,-0.0010499179915049,-0.0011117118796215,0.0034460480566386,0.0039421096512964,0.0,-0.0003968344876492
2018-05-23,-0.0080515734853885,0.0042803983586772,-0.003789193980097,-0.0004300353413886,0.0098550017904862,0.0008412919971359,0.0045540034363677
2018-05-24,-0.0048622339328388,0.0027855144390478,-0.0018999521987476,-0.0053920111431733,-0.0129801585390957,0.0006005290773684,0.0025648839055756
2018-05-25,-0.0040700097388491,0.0029511030930041,-0.0029128649446342,0.004100547941501,0.0086721324411201,0.0008400803876395,0.0039331567211148
2018-05-29,-0.0214352682740706,0.005272957052337,-0.0142374665620781,-0.0235356656902233,-0.0197568190413413,0.0028749165115832,0.0107370330266789
2018-05-30,0.0115991484123707,-0.003887163799398,0.0126654990983975,0.0079069294001929,-0.0020662798348132,-0.0011968699817059,-0.004281018861939
2018-05-31,-0.0016488427387231,-0.0004328706471265,-0.0071045944040123,-0.0004376467961435,-0.0052536725821473,-0.0004791676630576,-0.0004875937331468
2018-06-01,0.0114849626004228,-0.0050346824909799,0.0108060380958289,0.0139103134320944,0.0184046390171819,-0.0022791642598667,-0.0056740694602543
2018-06-04,0.0032573443163009,-0.0022652225259811,0.0035762185685061,0.0100934476709103,0.0040743695914318,-0.0008409887865046,-0.0035380932274716
2018-06-05,-0.0008133263848148,0.0006975484575429,-0.0001115873980938,-0.0077220593630823,-0.0069364732674169,0.0006008177131724,0.0025565612182354
2018-06-06,0.007296355913602,-0.0036675363905533,0.0091071233758694,0.0149607573019553,0.0166479230295779,-0.0003604106373715,-0.0040344818523639
2018-06-07,-0.0008081301734,0.0033188229835118,-0.0032112677521676,-0.0153915231594419,-0.0065988773120604,0.0009608675853627,0.0042308353784904
2018-06-08,-0.0008087220495129,-0.0016580346691383,0.0036534134062617,-0.0019406224503415,-0.00732307182628,-0.0002401761596496,-0.0013755100550312
2018-06-11,0.0048426122497672,-0.0009611657924196,0.0026487764250184,0.0,0.0044815967109845,-0.0003602807883416,-0.0009836561315584
2018-06-12,-0.0024183439775555,8.743508192496692e-05,-0.000440975800872,-0.0025935338807113,-0.0095304270762816,-0.0004806069508267,-0.0005906434264273
2018-06-13,0.0032232221177127,-0.0009620063637293,-0.0026499462782404,-0.0067310547598059,-0.0058997264501763,-0.0004808380449377,-0.0011824096815314
2018-06-14,0.0032128051449769,0.0045394809208973,0.0008840959018042,-0.0067767527377383,-0.0130195024937816,0.0003606272825922,0.0031499159260672
2018-06-15,-0.0032128051449767,-0.0013945442280365,-0.0017688896968916,-0.0079278242033555,-0.021560849378487,0.0004806647145437,0.000785949842355
2018-06-18,-0.0121409825037265,-0.0010472358616765,-0.004547267392429,-0.0122345923376995,-0.0118937305689966,0.0002402915622484,0.0004908489872049
2018-06-19,-0.0081766602332105,0.0005237217287336,-0.0165885412000147,-0.0176116261920679,-0.0218603858064901,0.00036023751512,0.0026467130489965
2018-06-20,0.0,-0.005600779569847,0.0013552646748746,0.0043186479914872,0.007340020914085,-0.0004803760787398,-0.0032357907242796
2018-06-21,-0.002466117550676,-0.0007901000266613,-0.0058863271859603,-0.0141619297484661,-0.01904820784644,0.000600456947991,0.0026481958325602
2018-06-22,0.0024661175506759,0.0012288195110155,0.0047570388109184,0.0102986824283862,0.0147975469091619,0.0001199748731926,0.0001959282352977
2018-06-25,-0.0148886375492332,-0.0009653834673678,-0.0131940458858192,-0.0135244775004178,-0.003826378963049,0.0003600213707722,0.0013701253780718
2018-06-26,-0.0016680316269259,0.003330974854286,0.0013730293887548,-0.0039311411556427,-0.0036930391500579,0.0,0.0004889078661237
2018-06-27,-0.0100672374572531,0.0034072196376798,-0.0087276869293759,-0.0194180390650354,-0.0116107106025485,0.0005998087271429,0.003805062195696
2018-06-28,-0.0033783945444635,-0.00130908533844,0.0054063654304806,0.0084685708114563,0.0013465452640345,0.0,-0.0009743385816631
2018-06-29,0.0134456320017167,0.000523813161219,0.0033213214988953,0.0148806094092217,0.0123339382671218,-0.000239825412642,-0.0007800507685178
2018-07-02,0.0016680316269258,-0.0028845073500947,-0.0019456162812195,-0.0099734165079324,-0.0221002827933681,-0.001680665275791,-0.0025395807116386
2018-07-03,0.0074720274597008,0.0036697795273159,-0.0039027135331557,0.0006990278429091,-0.0074260474419505,0.0003603673329538,0.0025395807116387
2018-07-05,0.0082372787629432,0.0031347376808631,0.0104114397920542,-0.0025656133105609,-0.0022843462686399,-0.0001201385636199,9.749311713749616e-05
2018-07-06,0.0081699799829125,0.0013901276281249,0.0078227531980114,0.0136845497618702,0.0086529165954591,0.0002401710733323,0.0008775310706963
2018-07-09,0.0081037719629007,0.0006943398144527,0.0068651508986135,0.0178086622692223,0.0144059970116684,-0.0006005817107038,-0.0025371026235259
2018-07-10,-0.0032336448824716,-0.0011285637133156,0.0038060756896859,-0.0022654852350105,-0.0014910708587927,-0.0001201963134551,-0.0007819552051628
2018-07-11,-0.0089467735234752,0.0019957779982625,-0.0124797911131637,-0.0196983147401613,-0.0205010643733579,0.000360453952198,0.0020513483517465
2018-07-12,0.0089467735234752,0.0021647841391502,0.0091221712057855,0.0135556391125042,0.0038002627796289,-0.0001200757707053,-0.0003904051815691
2018-07-13,0.0016180986597728,0.0007781448565271,0.0021278068983671,0.0006843568174798,0.0043901862170014,0.0002402287693338,0.0016581146585113
2018-07-16,0.0032284251871974,-0.001643483028669,-0.0022398592205891,-0.0054881881701427,-0.0004532564919096,-0.0002402287693338,-0.0016581146585112
2018-07-17,0.0040209141921312,-0.0006928365238519,0.0031344341520093,0.0073109690841993,0.0051251840632747,-0.0001201818680376,-0.0005859309617655
2018-07-18,0.0071971644647049,-0.0001732511070244,0.0027903360544854,-0.0011388051857912,-0.0048229133996148,-0.0001201963134551,-0.0007816514130719
2018-07-19,-0.0080000426670762,0.0015583784606745,-0.0046922012010319,-0.0123826601198316,-0.0141501071163294,0.0004806069508267,0.0027332970221036
2018-07-20,0.0040080213975388,-0.0029457337475299,0.0029072424138741,0.0142041090801174,0.0162629872433693,0.0,-0.0035156345290845
2018-07-23,-0.0056157142340848,-0.0039993018236809,0.000111674609437,-0.0066187831409284,-0.0205627292407101,-0.0006008177131724,-0.0049034127275146
2018-07-24,0.0032128051449769,0.0031312594648451,0.0044558559169345,0.0145490906360793,0.0149689019093787,0.0001202107623457,0.0006879239039849
2018-07-25,0.0103710787382848,0.0013018142250682,0.0077502264663331,0.0161184910006177,0.0114562925350418,-0.0003605839261007,-0.0006879239039848
2018-07-26,-0.0111733128443444,0.0009535834206229,-0.0016557377829083,-0.0111658152842558,-0.0067675209016706,0.0,-0.0010819910499432
2018-07-27,0.0024048352412031,0.0012988173076795,-0.0049836412728979,0.0035866402955301,0.0046670042037201,0.0001202396595227,0.0015733707137508
2018-07-30,-0.0024048352412031,-0.0013854871747729,-0.0030021331153513,-0.0015675671497422,-0.0003004998152797,0.0,-0.0012781797714166
2018-07-31,0.0,0.003114733480669,0.0032241207217997,0.0053643776314104,0.010461978239738,0.0,0.0013764567202101
2018-08-01,-0.0016064015361469,-0.0065000010983969,-0.0028901143892237,-0.0089566547538667,-0.0065633057114308,-0.0015639688338262,-0.0043324452562371
2018-08-02,-0.0072610365029546,0.0012165398391302,0.0022239189368674,-0.0133591971130514,-0.0220919724714265,0.0006018300995133,0.0011834592041107
2018-08-03,0.0040404095370049,0.0031214852765675,0.002773003866496,0.0077202962987075,0.0091380239213078,0.0001203409257119,0.0025593294395254
2018-08-06,0.001611579323022,0.0009518506150905,0.0009964458784617,-0.0077202962987075,-0.0044063114911448,0.0002405466486936,0.0004913796638075
2018-08-07,0.0032154491790744,-0.0031185108670457,0.0040858663869987,0.0102053447224523,0.0170609539073814,-0.0003608875744055,-0.0020655994209226
2018-08-08,0.0087894972109627,-0.0015629099480413,0.000550906774183,-0.0013547388532731,-0.0017980637682816,0.0001203409257119,0.000885822288037
2018-08-09,0.0,0.0007817271876108,-0.0036414035387771,-0.0029414492147295,-0.0042079829968227,0.0006013040302413,0.0027507510888342
2018-08-10,-0.0136165257130593,0.0016483970453774,-0.0113397172255293,-0.0215308923091855,-0.0257813445414759,0.0009614449957645,0.0043074215873341
2018-08-13,-0.0056611306840669,-0.0002600787129785,-0.003247675278361,-0.0165755890184025,-0.0154172307218688,-0.0002402287693338,-0.0002931601684384
2018-08-14,0.0024300977573218,0.0012997837496249,0.0035830257782097,0.0061019230048659,0.0158807113018781,0.0,-0.0009775978582399
2018-08-15,-0.0171362698976885,0.0020761067925719,-0.0090945165812211,-0.0292009675328614,-0.0224938984036508,0.0004803998426663,0.0024422422652135
2018-08-16,0.0049261058390949,0.0012954060562672,0.0069686143382529,0.0062440678385263,0.0099034224548537,-0.0002401710733322,-0.0002927424245697
2018-08-17,0.0089686577089592,0.0008626507816698,0.0035778179907355,0.0104787486363528,0.0108899172255606,0.0003602807883417,0.0003903290028676
2018-08-20,0.0056657746218459,0.0025834963139985,0.004232157769592,0.0044912601210354,0.0003094720422257,0.0006002407187555,0.0031170850808372
2018-08-21,0.0072376794380111,-0.0024972524162683,0.0046568235567438,0.012655362243387,0.0186950155295956,-0.0002400896859133,-0.001362524684255
2018-08-22,0.0055932781833239,-8.624389773033384e-05,0.0013264994030204,0.0078868458644317,0.0022745312282132,0.0002400896859133,0.0018487228674368
2018-08-23,-0.0039920212695374,0.0003448652068709,-0.0027656415579788,-0.0163059038654142,-0.0117316293750209,-0.0001200376375744,-9.723556190308178e-05
2018-08-24,0.0103463162169137,0.0019805881827624,0.0048624524115847,0.0183832307512745,0.0230277813908973,0.0001200376375744,0.0002916041750615
2018-08-27,0.0086717015959195,-0.0015497231575331,0.0094361092529874,0.0141944402969714,0.0102809884683936,-0.0003600645591059,-0.0022378576512709
2018-08-28,-0.0015711282009197,-0.0037983023171569,-0.0007647315054602,-0.0036438173092675,-0.001038186160973,-0.0003602858746588,-0.0022429513765667
2018-08-29,0.0007859026221059,-0.0010384454477318,0.0054496047675646,0.0061411916453662,0.0005933973711861,-0.0001200325097123,-0.000292913921234
2018-08-30,-0.0110585763662502,0.0009519330047832,-0.0047941086292251,-0.0264230816586734,-0.0099858964800139,0.0007203453059026,0.0018536988964992
2018-08-31,-0.0031821945982318,-0.0014715273523135,-0.0048171191384169,0.0051091009587079,0.0083532339971013,0.0002399693224335,0.0001949734193158
2018-09-04,-0.0104126136437795,-0.0048628542226739,-0.0039586658326213,-0.0196496693629074,-0.0083532339971013,-0.0018014044093608,-0.0042973251406984
2018-09-05,-0.0105221159404564,-0.000609514550676,-0.0049705142196899,-0.0145154383975035,-0.0135728445766654,0.0,-9.782711059909012e-05
2018-09-06,0.0,0.0027833339882507,-0.0019951271343298,0.0009582439892178,-0.0039556135259334,0.0003605405800332,0.0020534801905436
2018-09-07,-0.0032599990028209,-0.0041778782162874,-0.0050052599279112,-0.0050414004417153,-0.0107280254684187,-0.0010821037197863,-0.0045036209862879
2018-09-10,0.0065094049361883,0.003308930682946,0.0026725836153821,-0.0099166335506497,0.0015396226743618,0.0001203119798457,0.0005885575719911
2018-09-11,0.0048543660295336,-0.0022628568525262,0.0036632314307623,0.0021852662272774,0.0061350118989974,-0.0006016128803604,-0.0036351442214446
2018-09-12,0.008038628397833,0.0020020319198987,0.0023241567159092,0.0050804291958405,0.0032058508648733,0.0,0.001180432428651
2018-09-13,0.0095618015219907,0.0020847633158466,0.0065010857621007,0.0134230534714034,0.0095563451676399,0.0001203698965616,-9.833491838494392e-05
2018-09-14,0.0023762629142564,-0.0012155892082443,0.000658734733829,-0.0009528565743222,0.0057203961659748,-0.00036106132218,-0.0018698272967445
2018-09-17,0.0007908143829911,-0.0006083491749749,-0.0035184169571526,-0.0090974352422708,-0.0149720073569821,-0.0002407493719283,0.0001970281962588
2018-09-18,0.0047318580224918,-0.0040942713946999,0.0056016635588511,0.0095739770213841,0.0140708931970307,-0.0001204423626184,-0.0041448609755114
2018-09-19,0.0,-0.0014850246993027,0.0038261699081648,0.0137215738124051,0.0006007948020774,-0.0002409282530628,-0.0016826430317005
2018-09-20,0.0109547381452076,0.002619200461558,0.0093397789404215,0.0109826411812908,0.0156428225370385,0.0003613706156812,9.907519622766957e-05
2018-09-21,0.0023319330287502,0.0001743386485096,-0.0001081253567345,0.0046371696086573,0.0033940227314215,-0.0002408992333469,0.000396127116575
2018-09-24,-0.0243627460459285,-0.0022691765779174,-0.0040080512095662,-0.0113993989279442,-0.0060583271718426,0.0,-0.0010897084706451
2018-09-25,-0.0047846860425042,0.0,-0.0009773181945888,0.0039696062848666,0.0056162910600083,0.0001204568707285,-0.0009916549203141
2018-09-26,-0.0007996679732907,0.0035759810159995,0.0004345091848789,0.0020952202461273,0.0010311512522261,0.0001204423626183,0.003268804109857
2018-09-27,-0.006420592374242,0.0013050989287675,-0.0004345091848789,0.0048718130624211,0.0087951094197921,0.0,0.0
2018-09-28,-0.0097087895556415,-0.0006958496428059,-0.0026109442442311,-0.0067340536555251,-0.0036552422051356,0.0004814407975468,0.0004942945588507
2018-10-01,0.0032467684641771,-0.0044473771985283,0.0035882624388199,0.0002330142446942,-0.0046982865734197,-0.0019274314598478,-0.004557161549684
2018-10-02,-0.0073200938518128,0.000873578079379,-0.0043510771914403,-0.0126584183790869,-0.015722625679726,0.0003616707424708,0.0025783645366663
2018-10-03,0.0032599990028209,-0.0058676718096257,0.0017426867532226,-0.008290903179786,-0.0111245563776941,-0.0004822874001087,-0.0074556733941769
2018-10-04,-0.0164072587458556,-0.0041367944356261,-0.011162258937941,-0.0252933923218323,-0.0277434487351199,-0.0002411849378861,-0.0025976849039986
2018-10-05,-0.0074720274597009,-0.0038882588100513,-0.0039695784914266,-0.0036661784317462,0.0004662638403925,-0.0001206603074656,-0.0024038259111506
2018-10-08,-0.01342300744465,-0.0010631002546826,-0.0043182194002423,0.0014681033236069,-0.0024887811855622,-0.0002412722358314,0.0004010518888145
2018-10-09,-0.0050804382136466,0.0028323589135013,-0.0017770291269198,-0.0036742606694364,-0.0046831062729801,0.0003619325432969,0.0019027076280856
2018-10-10,-0.0319130536288912,-0.0027437071415592,-0.0261276091511035,-0.0301429987899411,-0.0300189202214402,0.000241184937886,0.0005001555745272
2018-10-11,-0.0123458495277242,0.0041569175903644,-0.0202865667340083,-0.0101678945230617,-0.0213485069912027,0.0003617143607288,0.0040916543748132
2018-10-12,0.0097131545419488,0.0001764773001143,0.0111163618103696,0.0289583755528255,0.0226375503061094,0.0,-0.0011958421339878
2018-10-15,-0.0044033535399254,-0.0018548703298933,-0.0058901193819459,-0.0107299918296633,-0.0110104791674647,0.0003616755133287,0.0005980618078605
2018-10-16,0.0200967480694752,0.0025606028099958,0.0199547658948403,0.024778274230075,0.0196685567380997,-0.0003616755133286,-9.96774776751166e-05
2018-10-17,-0.0078159455097405,-0.0049505510695789,-0.0025011520882513,-0.0123123937190128,-0.0062455065939317,0.0,-0.0028942910270335
2018-10-18,-0.0184782953746245,0.0,-0.014330999315426,-0.0266147111460952,-0.0268636674490685,0.0006026279504744,0.001797486997009
2018-10-19,-0.0035587362649395,-0.0012414597126608,0.0013847538191691,0.0093706889070761,0.0140916739102779,-0.0006026279504743,-0.0011979910008764
2018-10-22,0.0017809851456978,-0.0012430028508214,-0.0024245128819757,0.0107811078916056,0.0013008429648167,-0.000241097703091,0.0001997267613483
2018-10-23,-0.014337149178902,0.0014204873036288,-0.0083575786291344,-0.0110331770164297,-0.0182017093473051,0.0006027732164196,0.002593280334081
2018-10-24,-0.0311666055739208,0.0014184047927419,-0.0296940506077046,-0.0328066008347005,-0.033998569983679,0.001565383549383,0.0053646156507752
2018-10-25,0.0147876859469409,-0.0012410195075468,0.0159622681008615,0.0190972994535078,0.0157965119942338,-0.0003610178612672,-0.0023806961001231
2018-10-26,-0.0064427000434567,0.0016838967327871,-0.0139230642118087,-0.011569759594633,-0.0281997929699582,0.0006015934558269,0.0044591754428341
2018-10-29,-0.0120763477237808,-0.0011517943193749,-0.0046844047286254,-0.0174778985420381,-0.0146676311080281,0.0003608925233253,-9.889886196310628e-05
2018-10-30,0.0166825280091802,-0.0022187716511226,0.0142253604231489,0.0192865415789162,0.0203715932269078,-0.0004811271921731,-0.0021777239878702
2018-10-31,0.015504158486721,-0.0028472275280652,0.011799546931155,0.0107831124604831,0.0042996024278748,-0.0004813587869791,-0.0024805290380912
2018-11-01,0.0206008451607412,-0.0002674010500324,0.0095727989520873,0.0351265793754015,0.0210569484410853,-0.0012043656881159,-0.001292359454539
2018-11-02,-0.0017746639642811,-0.00401873239565,-0.0033750502576055,0.006389756764378,0.0211164299527116,-0.0012059099875417,-0.0055860250848697
2018-11-05,-0.0008884805097926,0.001788082291078,0.0045362031442381,0.0026911480547883,-0.0044521545091245,0.0003619809259104,0.0005999756039353
2018-11-06,0.0008884805097925,0.0016957694680059,0.0046312637001453,-0.0017116936332472,0.008884575164191,-0.000241306057778,-0.0011002813016038
2018-11-07,0.0141095683447188,0.0025827232232684,0.017973120786553,0.018669482537122,0.0146344323308054,-0.0003619762247291,0.0
2018-11-08,-0.0105634517866457,-0.0029394920096821,-0.0063737702085682,-0.0262853251175891,-0.0203839097560867,-0.0001207185601095,-0.0014020972931698
2018-11-09,-0.008888947417246,0.0007134103342537,-0.0057254248868595,-0.0186688686255798,-0.0218178588837117,0.0004826947848386,0.0039009741452557
2018-11-12,-0.0244024481916705,-8.916546739569871e-05,-0.0206527671192216,-0.0141702156495141,-0.0147572677764905,0.0007235596060806,0.0029904632799484
2018-11-13,0.0063839426889923,-0.001338164518791,0.0025757371891948,0.0114025547229997,0.0140835113715689,0.00012057303938,0.0007959589451605
2018-11-14,0.0009086640771906,-0.0026816448109885,-0.0059813057051559,0.0060286965233548,-0.0038828367727938,0.0007229493041487,0.002086326116275
2018-11-15,-0.0027284730003899,-0.0018814598688571,0.0076170931804754,0.0220442211876656,0.0250555954367636,0.0004817066196698,0.0006944758793589
2018-11-16,-0.0018231962775545,0.0019709844697276,0.0023320549661886,0.0019579504507432,0.0036226158893033,0.0007221710252253,0.003069741052173
2018-11-19,-0.0156324741859709,-0.0009850066374698,-0.0128943113017145,-0.013538743456433,-0.0147365756993253,0.0008417978086011,0.0014820091202631
2018-11-20,-0.0177657922936241,-0.0024218899668988,-0.0180957827414588,-0.0217971539294187,-0.017669777635982,-0.0002404937783596,-0.000197514541539
2018-11-21,0.0205422440955278,0.0021530273801398,0.0084933713095361,0.018321495170078,0.0131558444452366,0.0,-0.0001974782091926
2018-11-23,0.0027688347729194,0.0004479958209124,-0.008012937522566,-0.011757418780659,-0.0180916201069242,-0.0002404598749332,0.0005923929805635
2018-11-26,0.010087187611148,0.0004477952105259,0.0121734915600744,0.0122546952231572,0.027265218553253,0.0001202830368651,-0.0007899101951021
2018-11-27,-0.0073259981205758,-0.0012542501752086,0.0016593506840616,0.0069358411981719,0.0054640723503594,0.0001201768380681,0.0009873467583289
2018-11-28,0.0173124496756829,0.0026857260576507,0.0217883815585501,0.0236625565443539,0.0212391453178541,0.0003606272825922,-9.871340896383648e-05
2018-11-29,-0.0045269431208579,-0.0028650722325686,-0.0030173184113342,-0.0087167771542138,-0.0100731789260861,0.0002404070758006,0.0025628612773637
2018-11-30,-0.0082004459224875,-0.0006278281339442,0.0019738545618519,-0.0009731655380889,-0.0101757441876887,0.0003604106373714,0.0019669257683015
2018-12-03,0.0172339312691923,0.0005381429831489,0.0131368495094045,0.0200030286628778,0.02733655953738,-0.0025256984178381,9.826729138399031e-05
2018-12-04,-0.032909720825963,0.0001793622588855,-0.0309254593504337,-0.0214646944923748,-0.0250297634441523,0.0007222530567268,0.0046067340835152
2018-12-06,-0.0112150422981421,0.0030435646149311,-0.003193241096538,-0.0093069755520252,-0.0077653824163288,0.0009622544841838,0.0025392582096476
2018-12-07,-0.0151517902417432,8.939658030300112e-05,-0.0180485923667105,-0.0188778163748653,-0.0219678720609141,0.0010813619502597,0.0029220149076128
2018-12-10,-0.0115164859099461,0.0030341265746557,-0.0020525910831498,-0.0105874944838012,0.0010168001733234,0.0,0.0005833501330605
2018-12-11,-0.0009657023913979,0.0017804415366701,-0.0010882924857033,0.0075738621803462,-0.0015255558735914,-0.0009611222907371,-0.0025303615139539
2018-12-12,0.0162916585890805,0.001066785991395,0.0107107272992108,0.0162159357409761,0.0171548176101229,-0.0001202396595226,-0.0027323046852154
2018-12-13,-0.0057197342514343,0.0026618952748168,-0.0020370046611683,-0.0002474525780054,-0.0023372195294176,0.0009613294405474,0.0005861599133773
2018-12-14,-0.016385879374311,-0.0010638809072741,-0.0173012634532375,-0.0142093795710846,-0.0187268329114293,0.0006002932575639,0.0015612418611282
2018-12-17,-0.0245954352131332,0.001063880907274,-0.0157444670667494,-0.0093329657722324,-0.0056357732523699,0.0009598300979152,0.002920876912882
2018-12-18,0.0049677200266222,0.000442994928687,-0.0083412346925123,-0.0081425310191978,0.000342473597428,-0.0008397780495764,0.00038881138818
2018-12-19,-0.013972298317701,-0.0007975186958548,-0.0113152019262507,-0.0167464354703479,-0.0115369021356766,0.0002399693224335,0.0034924424706238
2018-12-20,-0.0101010959865039,-0.003285198223775,-0.0146470669935219,0.0077639941505033,0.0087938891416275,-0.0001199316848588,-0.001259798443637
2018-12-21,-0.0061099830554815,-0.0009787837971485,-0.0183872305327027,-0.0069849062403073,-0.0053361238065565,0.0007197404120019,0.000872342851062
2018-12-24,-0.0071758850528542,-0.0023173106132966,-0.0195307838035421,-0.0093897562322654,-0.0077969198082497,0.0008390734140998,0.0025157452114297
2018-12-26,0.0283995059183839,-0.0008033594421334,0.0322566194608078,0.0197203676897257,0.0184408442730601,-0.0009590246816395,-0.0047465143626429
2018-12-27,0.0009994850895379,0.0,0.0098864085682967,-0.001285492886213,0.0020470653713953,0.0010788609749858,0.0025213564455475
2018-12-28,0.0049825714202269,0.0047218116712866,0.0007663498277097,0.0094739600865806,0.0083156672674834,0.0014365514135885,0.0054090498459861
2018-12-31,-0.004982571420227,0.0027515000368426,0.0068702674787578,-0.0045977168645122,-0.0052528725680683,0.0003589068737254,0.003749818344635
2019-01-02,0.0,0.0030974711913169,0.0001267132405616,0.0025568531587528,-0.0135125790462243,0.0001195157769546,0.0021091104151642
2019-01-03,-0.0171288515125222,0.0004417425920377,-0.0168758765778232,-0.0182970979717541,-0.0217608030735297,0.0020307693538271,0.0079172621155631
2019-01-04,0.0388688832239278,-0.000618453825207,0.0299743125323989,0.0317405164005132,0.0311875460066224,-0.0021502851307818,-0.0081087824982542
2019-01-07,0.0145562973431169,8.839323059256654e-05,0.0046189801701463,0.0022650105449283,0.0037459812647622,-0.0007178513034516,-0.0027816517150107
2019-01-08,0.0114943500253713,0.0022068243225337,0.0097912525677586,0.0037636859784264,-0.0112802400140765,-0.0005984967252883,-0.0025005027202091
2019-01-09,0.0123049638992947,0.003784318494556,0.0068829862984023,0.0176248595338337,0.0251201182165494,0.0004788808218552,0.000577639478627
2019-01-10,0.0037558156495972,-0.0026387158066219,0.0045218866312236,0.0071105097086199,0.0040147540661969,0.000119615903433,-0.0004813308147949
2019-01-11,-0.0028155384579045,0.0018478520250011,-0.002930829976213,-0.0048983875390124,-0.0008351240862457,0.0005982299909884,0.002980318125946
2019-01-14,-0.0113423199540068,-0.0026408735047934,-0.0036755178145026,-0.0083826959574718,-0.0114267807659865,0.0,-0.0005761240695691
2019-01-15,0.0094608087773844,0.0006168189542236,0.0090420687215765,0.0069084604330185,0.0140965612886935,0.000358729801119,-0.0009609694454813
2019-01-16,0.0093721400969224,0.0019361198164638,0.0009726667156477,0.0122191164094647,0.0166904997587503,-0.0002391084886557,-0.0005770839576622
2019-01-17,0.0027946273989064,0.0020201434814305,0.0071441406286679,0.0043625932618015,0.0018010747230959,-0.0001196213124632,-0.0018294243497049
2019-01-18,0.0101805458816672,0.0017532830718842,0.0109199341797357,0.0048251183713426,0.0052210869141749,-0.0008375674337706,-0.003185502256111
2019-01-22,-0.0092507599027314,0.0016628231409492,-0.0138198621259306,-0.0174803527621967,-0.021714945612747,0.0008375674337706,0.0034745774578906
2019-01-23,0.0027842528590381,0.002532649821713,0.0022965192906345,0.0102339626033901,0.0137089935449872,-0.000239285561262,-0.0004818874670608
2019-01-24,0.0027764518019036,0.0026132020476916,0.0019297561531883,0.0096502924679091,0.0119039246004884,0.0008371578870837,0.0031759983862635
2019-01-25,0.0082835406453724,0.0008696183462429,0.0101900840234529,0.0131188338725007,0.0282879507678222,-0.0007175079492551,-0.0023087827668752
2019-01-28,-0.0027535163818807,-0.0001738897109885,-0.0074224586698097,-0.0104813357398878,-0.0085457226394457,0.0001196356234334,0.0002888803423649
2019-01-29,0.0009186814795719,0.0021709878063613,0.0016808671037509,0.0016749258466135,0.0053891422559104,0.0004783082121136,0.0028843693259099
2019-01-30,0.0100503218417576,0.0045869550129124,0.012280318610432,0.0215214599347426,0.0295926485909712,0.0013141463924023,0.0023014764454778
2019-01-31,0.0099503171188843,0.0069699132304108,0.006731642780283,0.00838767254391,-0.0067755483241113,0.0008353684257754,0.0045871232033542
2019-02-01,0.00269665827918,-0.0054168472691452,-0.0003531553324672,-0.0079199148028339,-0.0105623891868393,-0.0029866815646626,-0.0074648523044862
2019-02-04,0.0035842468270991,-0.0013803473240412,0.0059870124012152,0.0016357874753195,0.0032738213506356,0.0,-0.002211817280889
2019-02-05,0.0062416336268949,0.0040494710126364,0.0054858754908457,0.0136812879004142,0.0152910212333008,0.0,0.0017314384871516
2019-02-06,-0.0017793327250304,-0.0018934614150045,-0.0026808495759391,-0.013681287900414,-0.0092393402381101,0.0004784798468344,0.0007685099959649
2019-02-07,-0.0071492980192709,-0.0001723466232705,-0.0103238509157353,-0.0100904361533426,-0.0184236330423117,0.0007172451891383,0.0032598683688085
2019-02-08,-0.0035939079888728,0.0024955989070049,-0.0009438630837387,-0.0056764976117719,-0.0125269367090281,0.0003584297715207,0.001339194656072
2019-02-11,-0.001801774795927,-0.0022371558292315,-0.000118068066152,-0.0033261943030477,0.0012757429927133,-0.0003584297715207,-0.0015306964050418
2019-02-12,0.0089767208385996,0.0013773236629552,0.0126688126209234,0.0082948331184319,0.012196246133594,-0.0001195355402876,-0.0013412475025855
2019-02-13,0.0026773369353546,-0.0025840070855269,0.0023285253234275,-0.0071056490808043,-0.0056836371739402,-0.0007173309613138,-0.0024956291132181
2019-02-14,-0.0044662871351923,0.0011205869680689,-0.0013964289102838,0.0018998303005946,0.0061557986585746,0.0013147746966321,0.0046981998730834
2019-02-15,0.0089127152129981,0.0012053328003342,0.0123836969724098,-0.0014245342412682,-0.0022054103245507,-0.0004779081950307,-0.0009570148353621
2019-02-19,0.0079540988878844,0.0006021220274049,0.0024125358325275,0.0078097195638883,0.0037777736708046,0.0007167311171705,0.0017219969883109
2019-02-20,0.0017590556540643,-0.0008602759707877,0.0028645106453779,0.0056418034947228,0.0081364342516133,-0.0001193587720182,-0.0001912271523296
2019-02-21,-0.0052864096989919,-0.0028442322704718,-0.0029792864350262,-0.0021119367951051,-0.0046860323777607,-0.0003584352739409,-0.00296804813128
2019-02-22,0.0070423095844047,0.0044781046919154,0.0056073600397844,0.010980164453813,0.0095053994097686,0.0007166510317031,0.00296804813128
2019-02-25,0.0026281491058125,-0.0003437686234343,0.0021658879337402,0.011090675941079,0.003251517535984,-0.0001194213612895,-0.0015307698359813
2019-02-26,0.0034934000285838,0.00154599627633,0.0011380276104361,-0.0034526798468533,-0.0029414439942538,0.0004775088464703,0.0029637915951584
2019-02-27,-0.0052447540340339,-0.0028361000743394,-0.0025054246885508,-0.008567817525738,-0.0023283134717732,-0.0002387714591483,-0.0035384989002782
2019-02-28,0.0008760270041282,-0.0013780353680872,-0.0023973878791223,-0.013108834306193,-0.0216784684438311,-0.000238737387322,-0.002590021552743
2019-03-01,0.0026235524953081,-0.0048380013035035,0.006607472650898,0.0011775122419811,0.0012696084242597,-0.0025106006769971,-0.0052003286950037
2019-03-04,0.0017451745345975,0.0022491543312154,-0.0043240537196237,0.0014110434596103,-0.0079618255947353,0.0002393374427823,0.0030849315532392
2019-03-05,-0.0052447540340339,0.0003455143544766,0.0,0.0098223891062067,-0.0024009248870773,0.0001196928906454,0.0005773437386208
2019-03-06,-0.0017543596450674,0.0009497139781378,-0.0052595487037626,-0.0056009872521683,-0.0043363185613487,0.0007176741897608,0.0027859273771219
2019-03-07,-0.0177152548958172,0.0032739314486013,-0.0099079218364522,-0.0186612462134088,-0.0168807921077892,0.0008366664833949,0.0033519974290186
2019-03-08,-0.0035810380537998,0.0012893930710673,-0.001506342702454,-0.0071787636406411,-0.0065692719396297,0.000358435273941,0.0014331587035628
2019-03-11,0.0107048030669602,0.0011160958519674,0.0130179233562917,0.0185586768826946,0.0098377952154689,-0.0002389425736315,-0.0007640325211899
2019-03-12,0.004426744842957,0.0027420727783859,0.0019438364749209,0.0051728595718837,0.0056942881147698,0.0003583013456499,0.0027669812538389
2019-03-13,0.0052864096989918,-0.0016272212077611,0.0079645085147879,0.0011719030574262,-0.0065104023525431,0.0001194356244543,-0.0003811425378887
2019-03-14,0.0017558998854127,-0.0019732812969621,-0.0018148375329607,-0.0054022338879579,-0.0063888038400319,0.0002387373873221,-0.0014308346193734
2019-03-15,0.009602854076357,0.0036005025047231,0.0075779151525599,0.0144964600787813,0.0188838409366418,0.0003581358126965,0.0031450509989688
2019-03-18,0.0060632890217364,-0.0005135458270309,0.0039358889957736,0.0110804347994052,0.0028985577395068,-0.000238742956646,-0.0013330738417067
2019-03-19,-0.0017286484539564,0.0001711894776147,0.0003366299758657,0.0004590419412305,-0.0022536936785567,-0.0001193928560503,-0.0006672039208439
2019-03-20,0.0034542480677321,0.0067397850527639,-0.0020215675240092,0.0016049457103313,0.0045023808424818,0.0014315014900875,0.0069362562700893
2019-03-21,0.0,0.0018688522124812,0.0070577214164392,0.0013735706869887,0.0087852849099778,0.0,-0.0004735810306949
2019-03-22,-0.0173917427118692,0.0060919149887331,-0.0197289524428552,-0.029721221523047,-0.0267542116506369,0.0016674538305493,0.0073619851314657
2019-03-25,-0.0096959637235655,0.0020223977547732,0.0001137872937996,0.0023540141566892,0.0004898959679568,0.0010705200721247,0.0025358480490203
2019-03-26,0.0053003522505275,0.0004207837703894,0.0066943459681481,0.003052028902991,-0.0035983228701225,-0.0001189102543264,-0.000844592256325
2019-03-27,0.0043956114730381,0.0013454733325838,-0.0035117289358887,-0.0108414703452669,-0.0110388825432107,0.0008318937367678,0.002906073666542
2019-03-28,0.0,0.0012597232395908,0.0021537707320477,0.0066131270366025,0.0052875154980931,-0.0001188254984602,9.355086749553462e-05
2019-03-29,0.0043763745997987,-0.0007556691315563,0.0054207175205426,0.0103045089427561,0.0044397089351486,-0.0005941579839811,-0.0015924144933933
2019-04-01,0.0130153681120702,-0.0067419387630338,0.0115336229065655,0.0164071365162704,0.0194969740635262,-0.0029763697408533,-0.0089458381891342
2019-04-02,0.0,0.0013520031847228,0.0003339319850988,-0.0032139464128667,-0.0024164574631795,0.0004768257808716,0.0017011657333817
2019-04-03,0.009438066466744,-0.002113361485418,0.0038877969882888,0.0068744365166687,0.0185368019264553,-0.0004768257808715,-0.0031210299051777
2019-04-04,-0.0034217444310514,0.0016065825329122,0.0008865451926906,0.0061468708223223,0.0018981171973469,0.0002383958381791,0.0010414259909444
2019-04-05,0.0051282685340629,0.0016040055650354,0.0037590311197431,0.0076871312619673,0.0023676362881334,-0.0001192362930494,0.0004730433926879
2019-04-08,-0.0008529305720974,-0.0014350721926067,0.001102883887388,0.0,-0.0063261562990263,-0.0002384242686991,-0.001609217987507
2019-04-09,-0.0085690329491882,0.0021096164593275,-0.0057484601998217,-0.0020290876006217,-0.0001586405650884,0.0001192647235694,0.0017983294194022
2019-04-10,0.0094219635212856,0.0048772535294523,0.0035413904450001,0.0047281204853481,0.0074302960261569,0.0008342732461732,0.0023612761856796
2019-04-11,-0.0017065241030113,-0.0010071570208234,-0.0004419147710902,-0.0108402040465269,-0.0066372237821933,-0.000595877407994,-0.0022666978098401
2019-04-12,0.0085034527099798,-0.0005879610172125,0.0064995693194725,0.0072398435981985,0.0138563241182249,-0.0005962326895942,-0.0046439499277904
2019-04-15,0.0008463688703147,-0.0015976023009581,-0.0002195985377246,-0.005198328755928,-0.0009386948940118,0.0001192931785053,0.0013290966342351
2019-04-16,0.0042211967523802,-0.0027809551357759,0.0007685095903978,0.0074500404586019,0.0042171755749329,-0.0001192931785052,-0.0034210866671364
2019-04-17,0.0008421567109578,-0.0001687622823073,-0.0005489110526733,0.0029197341175134,0.0021796580687918,0.0003578368514149,0.0001903354546489
2019-04-18,0.0075471544521328,0.0008436554278566,0.0015360919257656,-0.0006729956234589,-0.0158323254520075,0.0002383958381791,0.0023765399343193
2019-04-22,-0.0033472323844692,-0.0016035994526219,0.0001096545110316,-0.0065293693536289,-0.0049101448483252,0.0001192220774508,-0.0014252606089941
2019-04-23,0.0058503880976409,0.0041303035975163,0.0052481613170947,0.0022562842335852,0.0038035176918029,0.0004766553305432,0.0018049921065265
2019-04-24,0.0016652539300606,0.0033591023569239,-0.0034957399042008,-0.0136148796567103,-0.0261212039198537,0.0005954317126129,0.003789333074191
2019-04-25,-0.0041684096432324,-0.0005031241916928,-0.0007663221877238,-0.0013717737314591,-0.0053724481708676,0.0,-0.0012300004690692
2019-04-26,0.0066611658618353,0.003516692629319,0.0045892322266805,0.0038817718190285,-0.00212431249208,0.0010710296430326,0.0026473155999795
2019-04-29,0.0057922955249841,-0.0039361989225287,0.0016338318103804,0.002048951206138,0.0152600139954399,-0.0003568521827633,-0.0020794073121914
2019-04-30,-0.0016515028589526,0.0004195062932097,0.0022829720388869,-0.0009101460203467,-0.0095508642842603,0.0007135770674715,0.0019849628950921
2019-05-01,-0.0049710000486076,-0.0032766203198987,-0.0085060360759479,-0.0075403495767879,-0.0078380470513506,-0.0027382999413971,-0.0024581853647621
2019-05-02,0.0,-0.0036251803735658,-0.0016440393408822,0.0022910042023477,0.0068616210273377,-0.0004769963965447,-0.0028439023606937
2019-05-03,0.013201499185123,0.0044663519677697,0.0105843487590031,0.0118290834744135,0.0003255812870255,0.0003578368514149,0.0013282140198127
2019-05-06,-0.0090572744915095,0.0013443917239667,-0.0064245480819261,-0.0207936160995869,-0.0175687913721548,0.0005959285245849,0.0025564246159928
2019-05-07,-0.0158402771302175,-8.392750488018148e-05,-0.0170775159195619,-0.0198211522219434,-0.0178829819775981,0.0004765417791131,0.003398479711176
2019-05-08,0.0058650939573449,-0.0033647535302141,-0.0003334123932594,-0.0014140364873746,0.0023580841677625,-0.0001191368766437,-0.0018865862044261
2019-05-09,-0.0041858580396204,0.0009264380145178,-0.0044563524435192,-0.0159281145918145,-0.032139471428091,0.0005954516718526,0.0026402539735407
2019-05-10,0.0041858580396204,0.0005890990650043,0.0043451619987265,0.0059730198543523,0.0032954435243097,0.0002380269439391,-0.0006594102552883
2019-05-13,-0.0228146522711181,0.0005887522316052,-0.0227128796076948,-0.0339179239683947,-0.0377602972268582,0.0011895576980067,0.00498190407332
2019-05-14,0.0093577754853326,0.0014283762443428,0.0088315653504648,0.0139485846842105,0.0153464931265434,0.0,-0.0009380720385279
2019-05-15,0.0025370250543072,0.0027669646860957,0.0060688084477055,0.0019421714121492,0.0051222774189567,0.0007129834824414,0.0031858753895822
2019-05-16,0.007572619347009,-0.0015921773411188,0.0079236962543172,-0.0048626589135074,-0.0140159680073228,-0.0005941780518596,-0.001966560401285
2019-05-17,-0.0033585381543728,8.387887396494257e-05,-0.0051264916332559,-0.0182001547759225,-0.0125855805857332,0.0002377498538183,0.0004686102039717
2019-05-20,-0.0033698559548463,-0.0023507590194198,-0.0070639666248109,-0.0042283854559717,-0.0036251763946962,-0.0004754655387266,-0.0016879251922687
2019-05-21,0.0025284720415553,0.0008401821510582,0.0080690070771689,0.0126317998177442,0.0128102625823064,-0.0004756917137477,-0.0011268922658438
2019-05-22,-0.0025284720415553,0.0012589831307715,-0.0029062675217744,-0.0049346450875364,0.0019701020459216,0.0004756917137478,0.003002157188396
2019-05-23,-0.0178804121689232,0.002178485413245,-0.0117105369283546,-0.0129451759635874,-0.0095281400264698,0.0017818086727788,0.0060705441734689
2019-05-24,0.0042863331246162,0.0020902143221773,0.0054218559811068,0.0010017760722987,0.0009027577909106,-0.0003560897220705,-0.000279357255624
2019-05-28,-0.008591118019695,0.0006678985082086,-0.0085982486058372,0.0034982391509075,0.0009019435542848,0.0008307090273277,0.0043677741786881
2019-05-29,-0.0034572335493357,0.0004172658477516,-0.0075274495468048,0.0064644264393258,-0.0097844761203748,0.0001185517681212,-0.000370926420929
2019-05-30,0.005181345599199,0.0057402298202232,0.0032003546133132,0.0054375127962777,0.0121257841508871,0.000829921168947,0.0036112764810578
2019-05-31,-0.0138770525667528,0.0023199842507244,-0.0099776631438464,0.0034448703297307,-0.0003598499101646,0.0021309385440631,0.0066329234472962
2019-06-03,-0.0017482254939863,0.0,-0.0025389652049923,0.009047689607372,0.0187187790190317,-0.0001182012513925,0.0028423211878685
2019-06-04,0.0164862206545263,0.0003309964016133,0.0197935156258742,0.002188361673097,0.0070398306935251,-0.0007099525577812,-0.0036690696471903
2019-06-05,0.0034364426751175,-0.0006621023981209,0.0050850957993118,-0.0080477942736512,-0.010046787401666,0.0004733276188454,0.0
2019-06-06,-0.0008579878241966,0.0019022852588239,0.004273960550135,0.0004896072944047,0.0,-0.0005916268053919,-0.0001837757822839
2019-06-07,0.011097024117994,0.0044521545091245,0.012491828159245,0.0078011046833141,0.008993946919573,0.0010647304911921,0.0039444191170719
2019-06-10,0.0042354996573607,-0.0036261355989572,0.0050856834941989,0.0103878286528163,0.0090878022163892,-0.0009464313046454,-0.0049559655509576
2019-06-11,0.005059019748922,0.0009077830834348,-0.0014346109728603,0.0112320742798742,0.0083160484096868,-0.0003551202149038,0.0
2019-06-12,-0.005059019748922,0.0014836822699351,-0.0021005196774144,-0.0107515250788826,-0.0102316016608641,0.0008284478337492,0.0025728101537883
2019-06-13,0.0025326769167567,0.0025500573385059,0.00165866708676,-0.0016828875896258,-0.0054181301429252,0.0010641912499839,0.0024746508591278
2019-06-14,-0.0050718492322021,0.000410656893544,-0.0028767682282375,-0.0111301148984213,-0.0072113554436323,-0.0003546647262961,0.0007320812181678
2019-06-17,-0.0008478039801944,0.0004926534448092,-0.0139472274808504,-0.0036562554461022,0.0042275536247175,-0.0004729015847517,-0.000182935164861
2019-06-18,0.0067624554203133,0.0066265841908808,0.0113954608416709,0.0238881637995123,0.0243109997299508,0.0001182012513926,0.0019194656914164
2019-06-19,0.0108924668762623,0.006339928470172,0.0044336310420989,0.0083106804035966,0.0070091720674352,0.0021264072990782,0.0027356885817766
2019-06-20,0.0074720274597008,0.0054139212178507,0.0093566481326237,0.0145542223142475,0.0157190812160789,0.000471931536832,0.0016378557703653
2019-06-21,-0.0041442246936135,-0.0036329669474138,-0.0029626032316832,-0.0032679625057027,-0.0045382119060667,-0.000471931536832,-0.0040996454334799
2019-06-24,-0.0159065849729475,0.0025041215329278,0.0003296025904481,-0.0014038695242585,0.0020195047545324,0.0005899021243188,0.0034630241024701
2019-06-25,-0.0101781788990657,-0.0029894994107323,-0.008273170679265,-0.0103554380092584,-0.0045496828145526,0.000235809473337,0.0015453680016519
2019-06-26,0.0042535154476291,-0.002025030024902,0.0,0.0094184288797006,0.0092460816564601,-0.0011797839511589,-0.0040959139499087
2019-06-27,0.0042354996573607,0.0058210303141528,0.0027653355753533,0.0070061719072518,0.0058397144672133,0.0008260038903351,0.0030053465554559
2019-06-28,0.0092554169569467,0.0025762810107689,0.0053979517038344,-0.0013973307477328,-0.0040007001082958,0.0,0.0004545245121095
2019-07-01,0.0066777829740497,-0.0009653507728708,0.0068977652274718,0.0118152268319433,-0.0038490474340773,-0.0024800613404385,-0.0030039092547111
2019-07-02,0.0049793140515033,0.0027326519407483,0.0031592259977311,-0.0025365353444385,-0.0074049248851573,0.0005910875641837,0.0035491631383176
2019-07-03,0.0066006462201102,0.0027252659690255,0.0069369384487807,-0.0018488988444271,-0.0173798964650224,0.0002362831490849,0.0019058778002591
2019-07-05,-0.0041203190248299,-0.0088439108726627,-0.0024874652587376,-0.0069637987453598,-0.006552895833741,-0.0020105047081145,-0.006367172560302
2019-07-08,-0.0082919215780226,-0.0013737782690863,-0.0048846441571379,-0.0060748350572367,-0.0193909583670478,-0.0004736638947761,-0.0010041812238384
2019-07-09,-0.0025010052257477,-0.0021047699081684,-0.0010887150953357,-0.0030512229942607,-0.0037112190315336,-0.0003553726149053,-0.0006395878748761
2019-07-10,0.0074843916645392,0.0022664634699798,0.0048899520506433,0.0084270302085883,0.0128421071974065,0.0017756917576629,0.0005482233073646
2019-07-11,-0.0008288311789698,-0.0059198434655021,0.002273825737568,-0.0018665854676517,0.0043603453403325,-0.0004732156044751,-0.0049450733715636
2019-07-12,0.0016570391229206,0.0009755528634801,0.0029159723550897,0.0007003333994201,0.002607136720989,0.0001182571959978,0.0011010437366474
2019-07-15,0.0008274594781369,0.0017048844054328,-0.0005393781563287,0.0037269983365962,-0.0033035315347125,0.0002366529379294,0.0021068640194848
2019-07-16,-0.0074720274597009,-0.0021112646174696,-0.0030257076954861,-0.0013959415769108,0.0010444104428256,-0.0003549101339274,-0.0021985888675338
2019-07-17,-0.0016680316269259,0.0052697964554767,-0.0035778411763309,-0.0030313901591055,-0.008912218327521,0.0009461171892268,0.0046662981141597
2019-07-18,0.0008343636046111,0.0023422125858872,0.0018446988161744,0.0060536187571859,0.0127323518171489,0.0011815467376095,0.0024615651731647
2019-07-19,-0.0033417033881658,-0.001533948104302,-0.0040192886215505,-0.0051198905057597,0.0003465683177979,-0.0010633111852858,-0.001822794398401
2019-07-22,0.0050083450093023,0.0030655468152051,0.0029345887038227,0.0002332514086533,0.006217646988591,0.0001182215743306,0.0004559754026245
2019-07-23,0.0082919215780225,0.000563672713319,0.0063829281296991,0.0011656194057872,0.0,-0.0002364571266542,-0.0016426387014802
2019-07-24,0.0090423838051359,0.0028136074900655,0.0034449348719322,0.0016296944509222,-0.0051787281316162,0.0002364571266542,0.0014602874052041
2019-07-25,-0.004100046846616,-0.0032162247657702,-0.0075513257627594,-0.0088785877154212,-0.0137668306124868,-0.0005911574600134,-0.001734311428065
2019-07-26,0.0,0.0013681397064099,0.0075513257627594,0.0021099562660535,0.0024535481337336,0.0001182774954715,-0.0001827011693253
2019-07-29,-0.0041169264617165,-0.0006435575616415,-0.0010753345500256,-0.0018753364929041,-0.012328454043504,0.0,0.0009133115310912
2019-07-30,-0.005792295524984,-0.0003219648690639,-0.0064759912127338,-0.0077729284759218,-0.0017736519766153,0.00011826350756,0.0004563083453422
2019-07-31,-0.0125262598191802,0.0008851387341201,-0.0053200045804524,-0.0123722836649539,-0.0166476641162965,-0.0001182635075601,0.002551777652416
2019-08-01,-0.0084388686458645,0.0052943813186968,-0.0111660086184991,-0.019826560538155,-0.0128987690479566,0.0010636881638706,0.0095113305284308
2019-08-02,-0.0093657429347857,0.0010395817376643,-0.0079575308825296,-0.0098160671834396,-0.0173371852404495,0.0002361715210921,0.0020714498986191
2019-08-05,-0.0251204331363835,0.0007190216203379,-0.0259667844723644,-0.0376929049984458,-0.0437331898989585,0.0020055238264483,0.0085998834714119
2019-08-06,0.0113390053484951,0.0062102013980607,0.0087307575976284,0.0142387702946594,0.0073586904208866,0.0004713198629817,0.0016042811279648
2019-08-07,0.0103538192627647,-0.0001587287123434,0.0055164548512818,0.0045340204049654,0.0015422793699671,0.0001178177299971,0.0
2019-08-08,0.0102477153322015,0.0026953904025596,0.0139363424450465,0.0122393900971034,0.008058408474983,-0.0003534049461523,8.907018175683242e-05
2019-08-09,-0.009389727508005,-0.0029335610111308,-0.0054399008379087,-0.010230902941606,-0.0036374585753088,-0.0005893458952877,-0.0015150009412779
2019-08-12,-0.0129479583590994,0.0062532431367677,-0.0127718447088959,-0.0121121731155898,-0.0113802011363622,0.0010605546920549,0.0063119657016285
2019-08-13,0.0043346405677799,-0.0007894388101396,0.0136620398117421,0.0126136891287233,0.0171174370446661,-0.0011784835537423,-0.003551085928495
2019-08-14,-0.0209798042285417,0.0029176596858955,-0.0283139106074573,-0.0292529493111465,-0.0243207960132091,0.0012961836861066,0.0066480764621269
2019-08-15,-0.0026536541391609,0.0048700335031736,0.0022856804035782,0.0066889448243443,0.0054559523681133,0.0021174023759648,0.0063408508475405
2019-08-16,0.0166890257977921,0.0018005698405153,0.0102215714902471,0.013751194767284,0.0142777204417414,-0.0001175408255112,-0.0026371591068142
2019-08-19,0.0060790194931262,-0.0032904931832422,0.0101181472335811,0.0040383660138326,-0.0015337777410323,-0.0010582203330786,-0.0047644427059981
2019-08-20,0.0008654130767841,0.0057902968365533,-0.0054960359254701,0.0020130358287096,0.0123941243290128,0.0007056046330044,0.0044122909682836
2019-08-21,0.0103271534835573,0.0017928502650996,0.0089575720437871,0.0095072288445016,0.0124295355891016,-0.000940886934025,-0.0026450646403809
2019-08-22,0.0042716851539303,-0.0036671020062573,-0.0030141986624118,-0.0130327775195527,-0.0204204835124671,-0.0004708205614557,-0.0022095550764809
2019-08-23,-0.0145988386374875,0.0036671020062572,-0.021700736385888,-0.014995837316229,-0.0130746013072955,0.0016468582257602,0.0067019840942977
2019-08-26,0.0060371427263798,7.795464137079884e-05,0.0104570832769897,0.0053632893475283,0.0021266438869811,-0.0004702670540643,-0.0009672510037687
2019-08-27,0.0,0.0053590467679589,-0.0022640328585459,0.0017814869041791,0.002314868823615,0.0003526986009078,0.004301507657218
2019-08-28,0.0017181872407428,0.0,0.0038457684303237,0.0027928619147816,0.0093969021977676,0.000235033422951,0.0003502652516624
2019-08-29,0.0076956473855057,-0.0021712071550542,0.0116724208387233,0.0110944769621857,0.0068480505862015,-0.0004701220995988,-0.0019282466401806
2019-08-30,0.002552067946696,-0.000155300610942,0.002451729662643,0.0077432024142731,0.0096217765150248,0.0003526571298042,0.0002631587240426
2019-09-03,-0.0025520679466959,-0.003655751839326,-0.0061407598850768,-0.0062398806873237,-0.0035737577818358,-0.000940755363284,0.0005261097816202
2019-09-04,0.0219048223907849,0.0018684745382358,0.0118014903671658,0.0166360631239769,0.0221754852076422,0.0008231869101275,0.0015767374098453
2019-09-05,0.0099503056736477,-0.0073381285882135,0.0112262269208221,0.0112635638100477,0.0159067756790676,-0.002235981453129,-0.0080850968726171
2019-09-06,0.0032949085280265,0.0035976817781962,0.0016402638811785,0.004373192242848,0.0050660281493866,0.0001178316126501,0.0006174718476769
2019-09-09,0.0032840877495362,-0.0073656093841681,0.0003278135031422,0.0031465853490613,0.0068345781422165,-0.0010607147743984,-0.0061920107822399
2019-09-10,-0.0065789962775628,-0.0084508632362211,0.0025090912115221,0.0007246957429168,0.0080336190794465,-0.0016523004361237,-0.0073025501827321
2019-09-11,0.0032949085280265,-0.0007934497921856,0.0032633886327334,0.0069787532279977,0.0099080349479485,0.0,-0.000983685421181
2019-09-12,0.0081900540723963,-0.0013503778828052,0.0053073274833136,0.0071684711827025,0.0112045885366256,-0.0002363174506017,-0.0022392414526357
2019-09-13,0.0065041127804779,-0.0090223556107285,-0.0002160397887587,0.0056980608510668,0.0102191963350932,-0.001655426535713,-0.0091883959527773
2019-09-16,-0.0081367412920379,0.0050401903474526,-0.0028132687960587,-0.0078432208383017,-0.0182597761307899,0.0008280558224442,0.0043345141880423
2019-09-17,0.006514643784101,0.0025504094595955,0.0033533219763601,0.0,0.0010524711206583,0.0004728799645418,0.0026096148544985
2019-09-18,-0.0081500045646311,0.0024645652922109,0.000647794336551,-0.0040645164346501,-0.0015790888668148,-0.0005911574600134,0.0003594295713904
2019-09-19,0.006525333608391,0.0028544310731472,0.0011863559691175,-0.0040811959381875,-0.0014057607528362,0.0001182774954715,0.0004491224952575
2019-09-20,0.0,0.0068647061149607,-0.0042128002085185,0.0009617917399406,0.0045614488955854,0.0010636881638706,0.005730669228098
2019-09-23,-0.0172205851306705,-0.0007079358241832,-0.0017334352556913,0.0009608675853627,0.0036690716837367,0.0005903692862329,0.001427584641946
2019-09-24,-0.0091400590866268,0.0031426920721647,-0.0059818880161497,-0.0106204821140185,-0.0050704001814183,0.0010619311498909,0.0049804224829007
2019-09-25,-0.003344497417063,-0.0056639642068772,0.0028322691960487,-0.0007282141241605,-0.0096874247825175,-0.0012980190244972,-0.0065865645212201
2019-09-26,0.0033444974170631,0.0021277177505239,0.0005437774128026,-0.0002429177040676,0.0001769457872363,0.000472210068488,0.0021409273018724
2019-09-27,-0.0109107505799341,0.0002361271979898,-0.0043582713851251,-0.0129570030546191,-0.0192966150023116,0.0005898816964535,0.0014247200433259
2019-09-30,-0.0025348814217824,0.0033001192583633,0.0021814684433754,0.005643483189996,0.0162837962192467,0.0004717089225111,0.0008005690255993
2019-10-01,-0.016204993388391,-0.0014915608073607,-0.0105148733567915,-0.0071208919219646,-0.0053390273507273,-0.0004717089225111,0.0012439968594627
2019-10-02,-0.0190978422701542,-0.0003929049828382,-0.0200184964317517,-0.0076685932890396,-0.0183689739894605,0.0010610548177987,0.0034572915833587
2019-10-03,0.0034995794994363,0.0039218813182152,0.0098369325728167,0.0128301895436389,0.0130012883498519,0.0021186483799863,0.0052076232912727
2019-10-04,0.009561120044338,0.0041405192099269,0.0098511990170331,0.0044031455794638,0.0067941840353271,-0.00011760992426,0.001934927838588
2019-10-07,-0.0052038146753824,-0.0050803306583351,-0.0005509067741831,-0.0083333850653606,-0.0060768758864591,-0.0010589326057606,-0.0033444605808174
2019-10-08,-0.0096112445134596,-0.0008623103128796,-0.0144302139901233,-0.0071631999798554,0.0046503774907405,0.0005884442965409,0.002113588328722
2019-10-09,0.0087413142849795,0.0003920133536938,0.006019424017208,0.007655337222204,0.0056939600541566,-0.000588444296541,-0.0025545129185212
2019-10-10,0.0069384096883882,-0.0058969390082452,0.0087413368351035,0.0102790470070265,0.011291569974554,-0.001177838496792,-0.006281808746994
2019-10-11,0.0171383805147984,-0.0018153501815825,0.0129161203053295,0.0159423630959649,0.0142834634756182,-0.0009433066771607,-0.0068575469706173
2019-10-14,-0.0059650535402007,0.0033125526458396,-0.0017415486558606,-0.0043227806943102,-0.0058976780632217,0.0001179845061882,0.0027664785637484
2019-10-15,0.0135825389001108,-0.0026807264573959,0.0099729625385666,0.0088654933935493,0.0115888519581203,-0.0002358929226277,-0.0048240304570362
2019-10-16,0.0016849589188742,0.0011047060694203,-0.0021595618686032,0.0028585714532335,0.0,0.0004718201821834,0.0019681633040193
2019-10-17,0.0083822785383787,0.0014185541083989,0.0059276503066336,0.0037986713348202,0.004461200234792,0.0,-0.0003575660707558
2019-10-18,-0.004182356470715,0.0012592165286222,-0.0044154509810979,-0.0052269356329406,-0.0141381612717226,0.0003536966190661,0.0008936414908073
2019-10-21,0.0066833616964628,-0.002283562691348,0.0059187197467126,0.0090112316537234,0.0177269728936062,-0.0004716532911351,-0.0036690366152857
2019-10-22,-0.0041718876225213,0.0017328392985189,-0.004408803715615,0.000707935824183,0.007816571594237,0.0003537383350242,0.0023283088481092
2019-10-23,0.0041718876225213,0.0005507233928289,0.0048379060247137,0.0002359272595556,-0.0010161113851092,-0.0001179288616873,0.0003576577237372
2019-10-24,0.003325036549842,0.0021998656104754,0.0026776645969341,0.0,0.0005081524522729,0.0,-0.0001788128719877
2019-10-25,0.0,-0.0017280754038973,0.0024571708112008,0.0070505398763918,0.0016920864980213,-0.0005896729834514,-0.0021485940417063
2019-10-28,0.0057922955249841,-0.0029918710486988,0.0040464037112338,0.0058377280916842,0.0065717547431423,-0.0003539887738259,-0.0037712010088317
2019-10-29,0.0041169264617165,-0.0026055190945982,0.001168292966804,-0.0051354272506978,-0.0040390778263855,0.000235976431002,0.0008991860287015
2019-10-30,-0.0016447121368071,0.0035513163401635,0.0037082044965597,0.0044366361574588,0.0015165586128381,0.0005898325250072,0.0048417641700868
2019-10-31,-0.0016474216718371,0.0060475082282901,-0.0046639347983278,-0.0079531726324324,-0.0077755477223228,0.0017672334082086,0.0063305375524281
2019-11-01,0.0114754857363975,-0.0017241479454037,0.0104635298707508,0.0149186768546545,0.0194931368567222,-0.002239053590392,-0.0033832375918416
2019-11-04,0.0024420285272538,-0.0047173487952284,0.0032540579869215,0.0098999379200644,0.0092762196636615,-0.0007081929755738,-0.0050963471031221
2019-11-05,-0.0008133263848148,-0.0057695929164568,0.0003143373008991,0.0057110375964418,0.011964406044451,-0.0007086047289682,-0.0053927731194354
2019-11-06,-0.0032599990028209,0.0056119901190148,0.0003143184296911,-0.0031942350816499,-0.0101524164902359,0.0005905988622283,0.0028797688899243
2019-11-07,0.0,-0.0078339114241415,0.001883439905578,0.0072860866264745,0.0122680858295345,-0.0011815467376094,-0.0080299921443204
2019-11-08,-0.0008166474402251,-0.001351390733268,0.001044807023182,-0.0091158679607367,-0.0066878947284895,0.0001182355523238,-0.0013597566138623
2019-11-11,0.0024479443006068,0.000318149335961,-0.0006268169877768,-0.007122405203974,-0.0135114876963359,0.0002364291739724,0.0010879669922854
2019-11-12,0.0073082058331282,0.0009538411443483,0.0015661870020953,-0.0064769780504099,0.0,0.0001181034782577,0.0004529877396854
2019-11-13,-0.0040535118833259,0.0023805393028533,-0.0005217367398836,-0.0076879082652459,-0.0091659544274124,0.0004725448003929,0.0027134189824546
2019-11-14,-0.0008126654225482,0.0052174320893663,-0.0013579662815254,0.0007014049209056,0.0101608371793841,0.0009444202321527,0.0050454883985722
2019-11-15,0.0040568006956144,0.0001576524998722,0.0084310172221642,0.0079143836002195,0.0196921485111264,-0.0003540305587315,-0.0008091377301447
2019-11-18,0.0008093766102598,0.0011030523626159,-0.0009333123091904,-0.001624311596054,-0.0066846232573605,0.0004720429015554,0.0017075037965813
2019-11-19,0.003231032926745,0.0019667237130531,0.0008296363723971,0.00208792906292,-0.0065649591416845,-0.0001180123428237,0.001883822760838
2019-11-20,-0.0040404095370049,0.0014136522261542,-0.0047797168765539,-0.0044130240021846,-0.0115933854429309,0.0004718758529383,0.0036677236917894
2019-11-21,-0.0016207211470619,-0.002357158483437,-0.0025029264781251,-0.0020971731947799,-0.018154777003342,-0.0004718758529382,-0.0025033431322273
2019-11-22,0.0008106889156245,0.00274950853655,0.0020862068676784,0.0,0.0010172526997832,-0.0001180262713805,-0.0001790209756781
2019-11-25,0.009677470270539,0.0034458678704362,0.0078879715494483,0.0099803616939241,0.0161375649103396,0.0001180262713805,0.0004475265016284
2019-11-26,0.0056022921504979,0.0025766308946635,0.0008266426148292,-0.0030068502361899,0.0006667294959881,0.0004718758529383,0.0018775908716209
2019-11-27,0.0047770669124389,-7.805798403278138e-05,0.0055624466306081,0.0011576121702752,-0.0031711389314018,-0.0005899021243188,-0.0025937431055751
2019-11-29,-0.0039793128031566,-0.0020296221638089,-0.0060790083246084,-0.0158585480290252,-0.0228262250352288,0.0003539470306437,-0.0008063788093781
2019-12-02,-0.0055978121537204,-0.0070577576736755,-0.0063242199148819,-0.0002351507302793,-0.0063481854701163,-0.0018891968697084,-0.0050318872816615
2019-12-03,-0.0072434433119884,0.0076827231632744,-0.0056320644234465,-0.0051861833735648,-0.01159881740481,0.0014172996794431,0.008878564706953
2019-12-04,0.0088460444471319,-0.0013285337642494,0.0067754625861423,0.0075347586427904,0.0019135538444687,-0.000472210068488,-0.0038466774252914
2019-12-05,0.0055888125370441,-0.0010953713036595,0.0012457966474992,0.0044470202019903,-0.003307557065601,-0.0004724331561851,-0.0023331142980641
2019-12-06,0.003179665066097,-0.0005481359200041,0.0074426768680103,0.0058214159458508,0.0135090831189079,-0.000354448855128,-0.003059174058968
2019-12-09,0.0007933239188494,-0.0001566398490616,-0.0036110276728781,-0.003954830478199,-0.0074247133512798,0.0,0.0008106683179219
2019-12-10,0.0015848226488873,0.0,-0.0004135316477481,0.0034903516493252,0.009143491251151,-0.0004728240566237,-0.0011711993290582
2019-12-11,0.002372444138105,0.0039092495410697,0.004539391267728,0.0145281252717057,0.012119276022009,0.0008272729117516,0.0041381768760531
2019-12-12,0.0031545888012715,-0.0046145821795979,0.0061570073356041,0.0172495954460159,0.0348455725449791,-0.0009455364193118,-0.0079315174463438
2019-12-13,0.0054966526820334,0.0064856788465258,0.004491203179826,-0.0004501566244122,0.002454817156206,0.0011817358428344,0.0058646038874473
2019-12-16,0.0139971419989678,-0.0022612452999258,-0.0013248907192796,-0.0126870203392319,-0.0143223934774889,-0.0005906482786505,-0.0046889559788427
2019-12-17,-0.0030935360095713,-0.0007809926295622,-0.0029617641434488,0.0090785397943737,0.0174231487630571,0.0002362831490849,9.039844724940544e-05
2019-12-18,-0.0015504825356611,-0.0007033436779555,-0.0006138485961637,0.0054078924721745,-0.000162931990428,0.0001181657060431,-0.0027149614120819
2019-12-19,0.0038714723046213,-0.0016431811010366,0.0033716694118071,0.0004493475173524,0.0027666739071851,-0.0014186401051119,-0.0006345437886451
2019-12-20,0.0023157328940579,-0.0003132306262861,0.0047825195547891,0.0020195261325714,0.0063183587969294,0.0,0.0
2019-12-23,-0.027356141867843,0.0004698688898931,-0.0003045715893422,0.0013440315512056,-0.0038834655073738,-0.0002365906655392,-0.0009071802721073
2019-12-24,0.0015835678593874,0.0010173123980487,0.0005075419815684,-0.0022411142619713,-0.0076491742969754,0.0001182571959978,0.0017229878556517
2019-12-26,0.006309133129631,0.0017973931823583,0.0037481961119375,0.007154059085884,0.006351285862887,0.0003549584084772,0.00144858360876
2019-12-27,0.003139732038176,0.0014043279077279,0.0017174138473644,0.0040017907341692,0.014344725032044,0.0007093587114061,0.0014465571750064
2019-12-30,-0.0039261927623239,0.0017917121547071,-0.0074974804909423,-0.0066785474537455,-0.0094863664594968,0.000354490748727,-0.0006325940582675
2019-12-31,0.0062745543249795,-0.0041334151205498,0.0045659553410914,0.0022311137055682,0.0046739886923543,-0.0001181796708272,-0.0036225498652741
2020-01-02,0.0039016232056447,0.0021077852257684,0.0075639512386146,0.0200778916766413,-0.0003216542047514,0.0004725448003929,0.0046164564961639
2020-01-03,-0.0054666045800666,0.00342547981398,-0.0084754450712495,-0.0187415579855515,-0.0204751764856057,0.0008263939607722,0.0066606713260844
2020-01-06,-0.0015673745421438,-0.0033474218299471,0.0056582706452524,-0.0024512683104571,-0.0036184451234549,-0.0003540723535031,-0.0010771273525597
2020-01-07,-0.0015698350621602,-0.0025766308946635,-0.0026231062158495,-0.0006695409042119,0.0106532439538796,0.0,-0.0014379083277046
2020-01-08,0.0015698350621602,-0.0014082329054952,0.0028245634339854,0.0057880464593045,0.0006519054195906,-0.000472321607269,-0.0023410971705896
2020-01-09,0.0046948919506986,0.0047642764517677,0.0057254911558997,0.0066371757954676,0.0094049341792929,0.0001181238421283,0.0007209320865071
2020-01-10,-0.0031275174085547,0.0028011271019648,-0.004014396187329,0.0052782546578883,0.0117129226072502,0.0002361157572742,0.002159614458208
2020-01-13,0.004687556267075,-0.0024115890407936,0.0064154127005591,0.0154535470417046,0.0220863649962131,-0.00011800586674,-0.0011691978830005
2020-01-14,-0.0015600388585203,0.0012454556026437,-0.0020004465418124,-0.005631340874856,-0.0032819483085648,0.00011800586674,0.0019778267007836
2020-01-15,0.0031176477860949,0.0021757625646368,0.0014006945153805,-0.0078500317106728,-0.0111768641429981,0.0004721543613695,0.0025117201026948
2020-01-16,0.0116055461203078,0.001396158141292,0.0079666131994142,0.0063284643439932,0.0121156462294224,0.0,-0.00206271858914
2020-01-17,0.0030721522308677,-0.0001549535946657,0.0033667123753762,0.0056398917257803,0.0015627802708059,0.0003539470306437,-0.0008082656769813
2020-01-21,0.0007666240762979,0.0047950215814109,-0.0052530613515516,-0.0256339626172191,-0.0219441967270073,0.0002359550936751,0.003945439212429
2020-01-22,0.0068728328378702,0.000539874803826,0.00178713619658,0.0081777210077664,0.019599139363403,0.000235809473337,0.0001790091500168
2020-01-23,-0.006106796023866,0.001310164164863,-0.0007938295673075,-0.0103995012665238,-0.0100677174534596,0.0003536549447545,0.0025022245001885
2020-01-24,-0.0061444357955319,0.001692838272359,-0.0066737216200089,-0.0080393604087966,-0.0055489396424289,0.0003536198122204,0.0035638091879591
2020-01-27,-0.0147461072661742,0.0019201971101181,-0.017237452340351,-0.0351393009847704,-0.0354377739031965,0.0010598403738378,0.0067363710587911
2020-01-28,0.0077881420793136,-0.0005373398621131,0.0092101623605738,0.0083255984506625,-0.0008239143170305,-0.0004709314447061,-0.0033625132032404
2020-01-29,0.0030984467856,0.0032193663547621,0.0003021785853844,0.0048248893373505,0.0006592108894978,0.0009416412173749,0.0047749751597625
2020-01-30,-0.0023229050182879,0.0006120559567938,0.0015096014877631,-0.0150101310529851,-0.0224916152886332,0.0001176652681174,0.0009698947942219
2020-01-31,-0.0062208836797658,0.0025969793288444,-0.017345863054203,-0.0204496238956884,-0.0290618221627929,0.0012931361020759,0.0050107765117607
2020-02-03,0.0007797747257934,-0.0033621370237937,0.0054084397812896,0.0110994457999705,0.0160030994738767,-0.0018815111428621,-0.0021946196579159
2020-02-04,0.0162353072787504,-0.0024522356580822,0.0176531538675002,0.0255056359552487,0.0279432386977103,-0.0010598403738376,-0.00581707675441
2020-02-05,0.0030628596681298,-0.0006140289585242,0.00925610275023,0.0057071265112785,0.0092531650691426,-0.000707274756975,-0.0043406886691416
2020-02-06,-0.0022962355918316,-0.0004607399715303,0.0035601362817546,0.0009101460203467,0.0140456435595635,0.000235843817798,0.0007099914288132
2020-02-07,-0.0076923456231556,0.003833184627894,-0.0066360447292055,-0.0139702397471355,-0.0198188303015368,0.0005891865426819,0.0047792011270141
2020-02-10,0.0076923456231556,0.0023691979113115,0.0050552929657448,0.0055197441500009,0.0093850971085847,0.0004711533256265,0.0019405599754146
2020-02-11,0.0053496264868911,-0.0014514531647745,0.0046362718874789,0.0129886687959556,0.0146415129197881,-0.0004711533256265,-0.0023821465193352
2020-02-12,0.0007619513017448,-0.0004587670913447,0.0050066577643196,0.0134924983239391,0.015702988255026,-0.0004713754157253,-0.0025649058332502
2020-02-13,-0.0007619513017448,-0.0006885455046511,-0.0032367428103913,-0.0132660775781341,-0.017157474780383,0.0002357604350422,0.0008851773297921
2020-02-14,0.0015232063509792,0.0024460497303401,0.0012762973997217,0.0004526014451997,0.0041962346495113,0.0004712643233305,0.0024744304695802
2020-02-18,-0.0053414623197754,0.001906869180429,-0.0028494337338791,-0.0065827252461143,-0.0164004375059232,0.0003532800952179,0.0015874445532131
2020-02-19,0.004580207270541,-0.0013725232947622,0.003928135598688,0.0072612004320044,-0.0001637680905096,0.0001177622426596,-0.000176295693113
2020-02-20,-0.0015243672255476,0.0033518918187262,-0.0042233555971666,-0.0157232046969444,-0.0309303111565885,0.0002353930898074,0.0029043085854228
2020-02-21,-0.0061209297740256,0.0019753425463574,-0.0070127117552738,-0.0057583942310795,-0.0142883901646526,0.000823574323907,0.004034377359634
2020-02-24,-0.0415257702495096,0.0001518235593125,-0.035307278664593,-0.0381402811100277,-0.0536675396366516,0.0016451166126122,0.0077597441723978
2020-02-25,-0.0267547623848908,0.0009860024686728,-0.0271651260459114,-0.0079508435478946,-0.0005424243715192,0.0010561987383796,0.0027753677566856
2020-02-26,-0.0041169264617165,-0.0037217789260973,-0.0029585691604127,0.0079508435478945,0.0120450565284078,0.0007034536337655,-0.0005197744068777
2020-02-27,-0.0361231669248147,-0.0053410543612981,-0.0380700392469828,-0.0242907265956764,-0.0191237571276201,0.0011713539511066,0.0048409288617351
2020-02-28,-0.0137814277878883,0.0111833944692983,-0.0143935507086833,-0.0036949842191771,0.0010922549467555,0.0036226178702913,0.0111484135957096
2020-03-02,0.0248406254104128,-0.0036379890541658,0.0389333497715813,0.0214852270105361,0.0224890294703324,-0.0018681109841343,-0.0018779452197502
2020-03-03,-0.0110591976225244,0.0113251496179998,-0.0227825659467415,-0.0067863225169021,-0.012171267455612,0.0039655284136653,0.0115529708031813
2020-03-04,0.0236697055379953,0.0014254283820667,0.0373704315591636,0.0175971653034724,0.0362519237134675,0.0001163301721551,-0.0021983786246481
2020-03-05,-0.0322608235576903,-0.0003749338517941,-0.0308079438106614,-0.0212516391209891,-0.022125610553032,0.0020927842621177,0.0088485222651834
2020-03-06,-0.0244553938805231,0.0069505001790719,-0.0157120218986662,-0.0207159104586248,-0.0139462080684218,0.0011607485549096,0.010100666570202
2020-03-09,-0.1003626668416257,-0.0245791156683093,-0.0864679197860932,-0.0707209382301055,-0.0566713624495584,0.0054376397530879,0.0089301222630459
2020-03-10,0.0402352823604446,-0.0227747292101228,0.0440527424496598,0.0495667842070615,0.0417971597092632,-0.0043940548894064,-0.0185275380427288
2020-03-11,-0.0510462584518248,-0.0334277414111163,-0.0510805411509836,-0.0476963842963482,-0.0502166243853993,-0.0011595371449334,-0.0100291806352758
2020-03-12,-0.1329668863087294,-0.0488951023422229,-0.1101818149979804,-0.1054791704887657,-0.1091254079139903,-0.0002321219828257,0.0005081309950193
2020-03-13,0.0612883087968113,0.0424147603652551,0.0779309110442437,0.0696057661885053,0.0637211001985905,0.0012757393704507,-0.0065401708339644
2020-03-16,-0.1098527295046917,-0.014323960529256,-0.1207857510892548,-0.1332942574908222,-0.1720388090008906,0.001621301943132,0.0260737944303464
2020-03-17,-0.0411182650086064,-0.0418358455399149,0.0551331567749313,0.0666506465529607,0.0696454846764602,-0.0023169258389362,-0.0253922897487975
2020-03-18,-0.1317692776311233,-0.051324961637507,-0.057260989738236,-0.0903241701660702,-0.0987243643003489,-0.0012766276808738,-0.0139778224831898
2020-03-19,0.0440842320032069,-0.0506695775898084,0.0074980728682621,0.0077394703229071,-0.0419290287672411,0.0017404601885959,0.0032761236985474
2020-03-20,-0.0259399376701524,0.0159594945508616,-0.0332456436928506,0.0073612574504228,0.039713733390118,0.0026627596345438,0.0251585518864274
2020-03-23,-0.0657380365338048,0.0713135752741087,-0.0182330869992844,-0.0242064420480138,-0.0404832288449714,0.0011555175479293,0.0117653628649026
2020-03-24,0.1010677760548238,0.020293482545019,0.0870608024861686,0.0724497854217938,0.1172981765282239,-0.0013867460777784,-0.0068253941761834
2020-03-25,0.0608601627856155,0.0467608842836906,0.0177950200860841,0.0346406643968304,0.0524564833317295,0.0011557846130817,0.0005844753888369
2020-03-26,0.0632815051045627,0.0008154487384108,0.0543484900277951,0.0371640323149576,0.0353153022971761,0.0011544503170202,0.0024177200227644
2020-03-27,-0.0226604982380583,-0.0020399011551471,-0.0308427673818633,-0.0585235284223749,-0.0543343238440918,-0.0002307482482153,0.0073838392487226
2020-03-30,-0.0121360710574848,0.0120967407540309,0.0258950959536594,0.0163573327894395,0.0211820869611729,0.000461531271742,0.0023117478339201
2020-03-31,-0.0073529553992629,-0.0033140395865749,-0.0089422793014705,0.0067617348165291,0.0137341088112344,-0.0002307830235267,0.0018126495506521
2020-04-01,-0.0452908359933222,-0.0171488640268908,-0.0463550294233229,-0.043719624648108,-0.0713247732295106,-0.0005770145246268,0.0028769775847242
2020-04-02,-0.0025772817381371,0.0026322272793399,0.0203559048961439,0.0331156783868097,0.0489101040110707,0.0002308281531644,0.0001641221527105
2020-04-03,-0.0261452801043222,-0.005188867039494,-0.01539517712929,-0.0191335994008857,-0.0160390018830367,-0.0002308281531644,0.0007383729524286
2020-04-06,0.0740133978357817,0.019543525872027,0.0612145105957919,0.0531930168497191,0.0672342051856315,-0.0006929806014997,-0.0045206426193524
2020-04-07,0.0267005777660491,0.0015374234756572,0.0017596710667358,0.0051384729519666,0.0109155398693808,-0.0002310415174075,-0.0044584033584203
2020-04-08,0.0341410616138353,0.0178698077921696,0.0235801639248253,0.010198406185747,0.0053115984364889,0.0005775477912105,-0.0012419917036106
2020-04-09,0.0352509318101644,0.045945832560649,0.0181104664872741,-0.003670795361669,-0.0028566271964449,0.0003464743276968,0.0021518020427194
2020-04-13,-0.0056022555486698,-0.0097569091380943,-0.0084674143710469,0.001413514065962,-0.00553224373029,0.0001153767024188,-0.0021518020427195
2020-04-14,0.0067189332188464,-0.0049143873240694,0.0248348161187592,0.0226234352500716,0.0241563041131909,0.0,0.0013247531638237
2020-04-15,-0.0398459092394719,0.0066745816018809,-0.0228930235286901,-0.0260191019555621,-0.0309597119048262,0.0003463143728175,0.0088962845175595
2020-04-16,0.0046350202263194,-0.004982524487871,0.0026636847194249,0.0053711066624554,0.0125400061307239,0.0002307216187542,0.0010655076806589
2020-04-17,0.0228581380760501,0.0032988842050615,0.0259011412157104,0.0220278558363245,0.0365062534131071,-0.0003461464175792,-0.0026248862190027
2020-04-20,-0.0102215714902472,-0.0056839404927175,-0.0143596965560389,-0.0127672869414446,-0.0221058609683547,0.0,0.0026248862190027
2020-04-21,-0.0266064902492416,-0.003549712036491,-0.0278772505456035,-0.0280431308211007,-0.0296333275802412,0.0002307482482153,0.0027814478224687
2020-04-22,0.0081728059791127,0.0006182521843865,0.0195953521466108,0.0269251620939255,0.0292304986137195,-0.0003461863714623,-0.0031091898637261
2020-04-23,0.0104107535768592,0.0042400945068074,-0.0004822292457456,-0.0036418937726025,0.0024144666588305,-0.0001154514507457,0.0006553767028606
2020-04-24,0.0182445021835169,-0.0006926899879963,0.0110325879284641,-0.0014042758949988,0.0012050890087891,0.0,0.000245639954536
2020-04-27,0.0245547714604829,-0.0081158922227613,0.014915074588699,0.020033986552469,0.0269323329859696,0.0,-0.0053359855147819
2020-04-28,0.0022026944954128,0.0027125832605566,0.0005873383677754,0.0019265093776786,0.001366781324081,0.0003463143728175,0.0043530009293075
2020-04-29,0.0462198917712597,0.0065574476326102,0.0260778514601958,0.0287283004387101,0.027520264649573,-0.0001154247988248,-0.0004918235990966
2020-04-30,-0.0255332370635637,-0.0067896632923123,-0.0120851217740342,-0.021332006921715,-0.0203267090695104,0.0017296230535076,-0.0023806678632648
2020-05-01,-0.0350913697264895,-0.0064463882804486,-0.0261614237982912,-0.0366911560524144,-0.0350912960578275,-0.0023068588762635,0.0003287116142569
2020-05-04,-0.002234603703521,0.00155712392347,0.0020187122931278,0.0107013430609978,0.0065993244584045,0.0,0.0001643466341221
2020-05-05,0.0066889710827999,-0.0013234066515914,0.0054418573944139,0.0055866278413768,0.0055655599231457,-0.0001155047813523,-0.0007396472069086
2020-05-06,0.0077476531441018,-0.0112809252554426,-0.0066288735992574,-0.0030687876393539,-0.0055655599231457,0.0003464743276968,-0.0037062756658021
2020-05-07,0.0164027739888552,0.0026750318231134,0.0130967672984224,0.0080701955858054,0.0177800326847584,0.0006924126939906,0.0060875299493764
2020-05-08,0.012931264108608,-0.0048044276262879,0.0197314268269356,0.0208454695847396,0.01399986342957,-0.0002307216187544,-0.0032859762368006
2020-05-11,-0.0021436726244677,-0.0088022500904905,0.0005744289518662,-0.0065360168123751,-0.0185136487908969,-0.0003463143728175,-0.0028015537125758
2020-05-12,-0.0195021937927404,0.0095914417645748,-0.0189001773455908,-0.0038324545765815,-0.009089157196949,0.0002308895739928,0.0032951170641448
2020-05-13,-0.0243644897811902,0.0022851821110254,-0.0156907819004825,-0.001921749288497,0.0017848324132384,0.0,0.0020539793403788
2020-05-14,0.0022396938740335,0.0082305227628744,0.0047449855278514,0.0038398125391746,0.0076976474557159,-0.0002308895739927,0.0015582276102472
2020-05-15,0.0044643100446282,0.0035067009025694,0.0043691719806818,-0.0137819165109203,-0.019055738658386,0.0005770359915719,-0.0006558065031798
2020-05-18,0.0457097729779104,0.0056626278787162,0.0317744473011508,0.0383877240497941,0.0394904135634595,-0.0008078907987965,-0.0061690511815708
2020-05-19,0.0,0.0007732630254608,-0.0107873716254489,-0.0080450754388555,0.0007702853316023,0.000577169180042,0.0028013857842396
2020-05-20,0.0179234843001075,0.0109156139986537,0.0181792460257239,0.0131070934992648,0.0122442582714448,0.0,0.0002467918174803
2020-05-21,-0.0062893130637608,-0.0007648650737366,-0.0093341562560215,-0.0114928512017924,-0.0114745658226748,-0.0002308629220717,0.0006578557153063
2020-05-22,0.0041972939803338,0.0,0.0002286637276053,-0.0209161623907074,-0.0147261356643902,0.0,0.0018888498096545
2020-05-26,0.0390193542971489,-0.0013780928215762,0.0184655181100034,0.0217222561915478,0.033966624536472,0.0,-0.0026289836177431
2020-05-27,0.016974915057426,0.0041287105239268,0.0143759199670423,0.0032179951362409,0.0003772959425499,-0.0002308281531644,0.0008223510291057
2020-05-28,-0.0069547914470707,0.000838962884459,0.0018792444380173,-0.0069854751098175,-0.0075729541811805,0.0004616910752362,-0.0009045731245892
2020-05-29,0.0009964970614372,0.0064592807551964,0.0016551054424848,0.0171081262281116,0.0177062911497157,0.0,0.0032034146318947
2020-06-01,0.020700576122837,-0.0028825391842304,0.0105287955597998,0.0227967150966414,0.0254391092077241,-0.0009235954075842,-0.0013951485499485
2020-06-02,0.0174085926876864,0.0031854268407077,0.0089063221889221,0.0235546475225132,0.0240975548854358,0.0,-0.0016437658936804
2020-06-03,0.0180526888057394,-0.0006059826960845,0.0157702521535981,0.0230124757307846,0.0409073186376522,-0.0008088242768031,-0.0059401315341438
2020-06-04,-0.0056657232493385,-0.0030353180094857,-0.0038391923368035,-0.0141952255902254,-0.0199834354336677,0.0002311216256313,-0.0039797393137981
2020-06-05,0.0243229813850447,0.0051545951396878,0.0226082629850608,0.0259947617329276,0.0425813637752962,-0.0003467465735315,-0.0049971462782241
2020-06-08,0.0137680012544659,0.0033212776272964,0.0121477706187201,0.0060908949701097,0.0043261019197216,-0.0002312017894256,0.0010848658284836
2020-06-09,-0.0202584918943433,-0.0021122426716696,-0.0093313431758285,-0.0068242718564722,-0.0145499503140416,0.0003468267373257,0.0035799089072822
2020-06-10,-0.0121667674958288,0.0065484795764807,-0.0036524796288415,0.0073099556577099,0.0110572384977454,0.0005777480076513,0.0074516117820959
2020-06-11,-0.0631584337135029,-0.0120005696683572,-0.0584445663284509,-0.0536086901116908,-0.0565509438936372,-0.0004622246080378,0.0035407035446279
2020-06-12,0.0247660015505737,0.0048477553347424,0.0144156285494989,0.0210373496074158,0.0133101495015107,0.0003467545969258,-0.0022218011120468
2020-06-15,0.014570437897806,0.0141059129129497,-0.0020780063963522,-0.0149086821940137,-0.0350540324945579,-0.0002311563709079,-0.0008241180126504
2020-06-16,0.0115054441415192,-0.0027604382588572,0.0165042215008996,0.0063443940188694,0.0228011087936139,-0.0001155982260178,-0.0020633028250983
2020-06-17,-0.0019084412194332,-0.0019444349773587,-0.000969713684962,0.0095670688091721,0.0112085132581182,0.0003467545969258,0.0015685184051677
2020-06-18,-0.0009555516857815,0.0022431821620134,-0.0007548358286153,0.0005010134805564,-0.003139658792552,-0.0001155715062955,0.0022246673314937
2020-06-19,-0.0067146242518546,0.0007466485466533,-0.0050829460059708,-0.0002505231427405,-0.0085973276500569,0.0002310415174075,0.0003291714593304
2020-06-22,-0.0057915071229528,-0.0009707290652146,0.0082064438723733,0.01219986973923,0.0169480986928605,-0.0002310415174075,-0.0009054666610233
2020-06-23,0.0019342070371613,-0.0018693690631618,0.0043994240544148,0.0096047873962304,-0.0001733021957733,0.0002310415174075,-0.0003294696972198
2020-06-24,-0.0234615017717667,-0.0027730586158926,-0.026141774680871,-0.0133236841896553,-0.0036455050552946,0.0001155448091061,0.0018929543935819
2020-06-25,0.0186188772959788,0.0010501792593725,0.0125595659926361,0.0042137126799663,-0.0017406178945281,0.0,0.0001644055162035
2020-06-26,-0.0196084713883763,0.0008992440278638,-0.0217232425341804,-0.012193797597113,-0.0057657507075539,0.0003464662460491,0.0027092650718951
2020-06-29,0.013766210665309,0.0046334073514263,0.0120170821131862,0.0044966428669054,0.0022753325226318,0.0002309695463444,0.0009833248222301
2020-06-30,0.0116505875902532,0.0028293138501633,0.0097061604209941,-0.0032454716398335,-0.0012245202912601,-0.0001154781048058,-0.0018035223132081
2020-07-01,0.0048146458662828,0.0016343605131613,0.0056277666269157,0.0111898953626513,0.0057596461852504,-0.0010397271047317,-0.002464699314979
2020-07-02,-0.0019230481718891,0.0024465432808131,0.0075260750054028,0.0224948847636824,0.0160555942245862,0.0004622246080379,0.0012331090001363
2020-07-06,0.017175951213095,0.0025882125646417,0.0153064469365999,0.0421363818556285,0.0293642709724793,-0.00034662638202,-0.0014799008176167
2020-07-07,-0.0219998871729324,0.0013285701076542,-0.0104980073396647,-0.0168307208412073,-0.0221969709917278,0.000231156370908,0.0032036778351165
2020-07-08,0.0163072865331743,-0.001623985141153,0.0084917510547414,0.0256007070945095,0.0062717203056195,0.0,-0.0015595065567543
2020-07-09,-0.0095603024014477,0.0055989133943108,-0.0066811557732616,0.0,-0.0061017241912527,0.0002310148202183,0.003198423175697
2020-07-10,0.0114614871583804,-0.0018383034624759,0.0100577517141241,-0.006454581477691,-0.0066524661482739,-0.0003465863265137,-0.0019670350336444
2020-07-13,-0.0085837580572484,-0.0026531125011894,-0.0089942774953949,-0.0067293653947654,0.0015391221849939,0.0,0.0010659445520184
2020-07-14,0.0104812628518845,0.0058129632948354,0.0137233804608151,0.0013959415769109,0.0090159457488742,0.0001155715062955,-8.19121164734278e-05
2020-07-15,0.0169177251618901,0.0019789962276169,0.0104297986408861,0.0030180190422433,0.0077598077288313,0.0001154700111121,-0.0003279032325222
2020-07-16,-0.0074836929285315,0.0027785161052401,-0.0045756611936219,-0.0142409462494757,-0.0101334845085652,0.0,0.0007375842512878
2020-07-17,0.0018761445569358,0.0026981485010084,0.0032259516467566,0.0056272523783562,0.0089565243622747,0.0002310762691517,-0.0002458009742144
2020-07-20,0.0102565570779225,0.0027633616458847,0.0077620053354891,0.0127774821463719,0.005201813505936,-0.0002310762691518,0.0006553767028606
2020-07-21,0.0018535403398815,0.0013063934899148,0.0019568721319285,0.0091912761411647,0.0058406253405413,0.0002310762691517,0.0010640250991972
2020-07-22,0.0027739550614672,0.0032583710614251,0.0048242454967622,-0.0043553637078639,-0.0038342890554759,-0.0001155314600456,0.000327179097279
2020-07-23,-0.0037002957799956,0.0007225816668725,-0.0113275446266237,-0.0080728953672175,-0.0148075606282895,0.0,0.0009808955047748
2020-07-24,-0.0093110541008013,-0.0022418926206227,-0.0062331230746745,-0.0009268053413359,-0.0013571135249865,0.0001155314600456,-0.0004903586640058
2020-07-27,0.0046663639773128,-0.0030454535975896,0.0095416424637095,0.0154115063594743,0.0196661849894117,-0.0003465462802638,-0.0015542136849559
2020-07-28,-0.0046663639773127,-0.0010172157561147,-0.0065240977265914,-0.0082512639019043,0.0024935215225485,0.0002310148202183,0.00237132382123
2020-07-29,0.0120875059027048,0.0054373571687911,0.0115692100304534,0.0159820923407904,0.0190763860418369,0.0002309614646967,0.0013058770392918
2020-07-30,-0.0046317823809797,-0.0010850646402038,-0.0059744905784454,-0.0127651918603857,-0.0086707909996013,0.0003464743276968,0.0013856477933587
2020-07-31,-0.0074557235217252,0.0013742900047031,-0.0014474711778854,-0.0069060871482346,-0.0099076486491974,0.0001153767024188,0.0002443817150142
2020-08-03,0.0185362116457685,-0.0007954055572438,0.0107030032141976,0.0069060871482345,0.0117134540926901,-0.0005772810347666,-0.0013038109777049
2020-08-04,0.0073192955114022,0.0036824078343693,0.0046977116126537,0.0132180144028945,0.0125500863189662,0.0001154300046511,0.0034187918864057
2020-08-05,0.0117808618502732,-0.0013703254322677,0.0060944675123639,0.0108085573430061,0.0240049926224276,-0.0002309614646967,-0.0033372383277717
2020-08-06,0.0009004815989665,0.0042490169147724,0.0041433403170746,0.0031305791629222,0.0125708635422018,0.0,0.0011408034830441
2020-08-07,0.00269665827918,-0.0028066615950187,-0.0031312099179866,-0.0207542298288083,-0.0029713438440141,-0.000115544809106,-0.0021196986295914
2020-08-10,0.009825880453994,-0.0021642587745719,0.0029294522556475,0.0025042838873232,0.0215361864279506,-0.0002310415174075,-0.0010615054543148
2020-08-11,-0.0107239359437683,-0.0063033019158342,-0.0041441008114583,-0.0027322178125177,0.0086990203615966,-0.0002311830906303,-0.0034372581558859
2020-08-12,0.0142731989702234,-0.0024741414339834,0.016175496934594,0.0133622222182592,0.0161281623389037,-0.0002311483475138,-0.0029556721133981
2020-08-13,-0.003549263026455,-0.0090757083329212,-0.0009970932824477,-0.0029289435706124,-0.0052469723034949,-0.0001156383185748,-0.002057698527176
2020-08-14,0.0,-0.0044211320173857,-0.0026971360868708,-0.0018066403991875,-0.0101216691900081,0.0001156383185747,0.0004942138308139
2020-08-17,0.0008884805097925,0.0020656501110573,0.0066796336976451,0.0125787272369351,0.0111732684196211,0.0001156249479002,0.0016456594699822
2020-08-18,0.0017746639642813,0.0028700713929383,0.0012908720920544,-0.0011166776701764,-0.0317293534075906,0.0001155233996135,0.0017250514813048
2020-08-19,-0.0053334002292207,-0.0026490126330232,-0.0045752924227025,-0.0123666383761384,-0.0027937363348607,0.0,-0.0013140280711406
2020-08-20,-0.0053619296148675,0.0035304223986614,0.0020913127229317,-0.0031724338018725,-0.0298152161044056,0.0,0.0028722556813879
2020-08-21,-0.0008964453742869,0.0018338534799879,0.0006961334602372,0.0049807077297612,0.004473546022896,-0.0001155233996135,0.0007372842170776
2020-08-24,0.0151315479099173,-0.0017603630391455,0.0098922563155716,0.0110052022050455,0.0133018613364042,-0.0001156249479002,-0.0013930907202574
2020-08-25,-0.003539772691542,-0.0043410404977451,0.0031450377198204,0.0100012113669248,0.0148335450799661,0.0001156249479002,-0.0023808006435275
2020-08-26,0.0070671267364696,0.0003686317487672,0.0090842400125702,0.0026501546002122,0.006334569992811,0.0,-0.0004110909819033
2020-08-27,-0.0017620881056444,-0.0079923599645791,-0.0012648725239109,-0.0084164632225145,-0.0177133186143972,-0.0001156249479002,-0.0035421619766233
2020-08-28,0.0026419691666777,0.0030416854021774,0.0059214910099435,0.0130374217341903,0.013082204171717,0.0003467465735316,0.001649051744536
2020-08-31,-0.0035241789468945,0.0044346420790418,-0.0034904108781416,-0.0224229245720802,-0.0244334409409128,0.0003466263820199,0.0010704837214703
2020-09-01,0.0008822097802166,0.0041212712032252,0.0085106632931294,0.0169193332626646,0.0143253115297025,-0.0008090112741265,0.0025479614019845
2020-09-02,0.0096534182449205,0.0039580296847168,0.0114900210215958,-0.002652497852535,0.0,0.0001156383185747,0.0013945137459231
2020-09-03,-0.0274474818038135,-0.0021970207432346,-0.0309383204208179,-0.0192184822412293,-0.0106852102692042,-0.0001156383185748,0.0013107535464699
2020-09-04,-0.0017969868178644,-0.0106873838121542,-0.0067983395906479,0.0004511720761869,0.0069270182248371,-0.0003469069688009,-0.0055824814339946
2020-09-08,-0.0209003104219577,0.0009628922226775,-0.0235069430570039,-0.0175183745043933,0.0004705321833232,0.0001156784389517,0.0021381762367844
2020-09-09,0.017296757905465,0.0006660228767243,0.0181540267284107,0.0148083699094399,0.0130863395112433,0.0001156650589983,-0.000493058248379
2020-09-10,-0.012715897920538,0.0007395807363648,-0.0148195700325337,-0.0161864448785139,-0.0124592676149587,-0.0001156650589983,0.0012320961531961
2020-09-11,0.0027384355264752,0.0007389214417801,0.0026194065010031,0.0096067067785406,0.0107552843999073,0.000231228529849,0.0015584831926919
2020-09-14,0.0117808618502732,0.0025085714378691,0.0131935917303853,0.0160328394657521,0.0205622769457407,-0.0001155634708507,-0.0009019770912034
2020-09-15,0.0071813867052457,0.001104642690219,0.0059400083978882,0.010473660550293,0.011477053887781,0.0001155634708506,-0.0004923704744928
2020-09-16,0.0008940409363934,0.0006622003751712,-0.0032625882928937,-0.0013309978316447,0.0004503307177941,0.0001156383185747,-0.0005746865791028
2020-09-17,-0.0017889501998377,0.0002206360477076,-0.0060591254840381,-0.0040035709357251,-0.0030061190819476,-0.0002312017894256,0.0003284417180322
2020-09-18,-0.0062864774418014,-0.0018401978463117,-0.008605222095714,-0.0078308594936816,-0.0058881333559434,0.0001155634708506,-0.0009034587517161
2020-09-21,-0.0385722462117286,-0.0009581663147555,-0.0168224848465423,-0.0092520087356648,-0.008668591816923,-0.0001155634708507,0.0018061020024324
2020-09-22,0.006532892467112,0.000589697544555,0.0067224093049813,-0.0075094637418315,-0.0157023590638139,0.0002312017894256,0.0
2020-09-23,-0.0187798946515963,-0.0072490573016683,-0.0200970470704262,-0.015654102505572,-0.0159527415773873,0.0,0.0
2020-09-24,-0.0009483023318298,-0.0025272914736077,0.0022759537204547,-0.0046511002042349,-0.0099818791315918,-0.0001156383185748,0.0004920474688276
2020-09-25,0.0150661838776147,-0.001042515461864,0.012222228535003,0.0009318989667648,0.003179665066097,0.0001156383185747,0.0008194581462857
2020-09-28,0.0221820694736794,0.0050534641440814,0.0160003598899539,0.0111163618103699,0.0212021839384208,0.0001156249479002,-0.0001638754202973
2020-09-29,-0.0073395104862009,-0.0012609739124932,-0.0033207761943553,-0.0006911365357602,0.0027933027009633,-0.0001156249479002,0.0007371030809356
2020-09-30,0.0009203726027297,-0.0001483745065871,0.0031197888259877,0.0160040170870558,0.0124741370950301,0.0001156249479002,-0.0027052672923931
2020-10-01,0.0155183816122473,0.0005935923904582,0.0061107190299268,0.0092561863415207,0.0102019279369567,-0.0006938620572772,-8.210923407490693e-05
2020-10-02,-0.0018132786384502,0.0001483996526482,-0.007317185276127,-0.0115268156559224,-0.0125001576758315,0.0001156918220011,-0.0009855862579132
2020-10-05,0.018877019893533,-0.0033435923062433,0.0177489828665343,0.0133229955149064,0.0218487649659704,-0.0003470273550099,-0.0063476926426512
2020-10-06,-0.0107432060081438,-0.0008190358977762,-0.0120309586901733,0.0017928739641765,-0.0125350006424741,0.0,0.0023128936871318
2020-10-07,0.0080681883837939,0.0002978572088208,0.0138083888447213,0.0109120706634064,0.0235799710306207,-0.0001157319795189,-0.0028919539324238
2020-10-08,0.0080036133758352,0.0024543677136936,0.007372127510334,0.0081614862156336,0.0050340102350629,0.0,0.0018187936757232
2020-10-09,0.0079400638381527,0.0023001128495876,0.0077069881239198,0.0067871385998265,0.0092613271242756,0.0,-0.0004956837356938
2020-10-12,0.0008783353407078,0.0057642344043645,0.0125544423630041,0.0086899896240375,-0.0051345889819345,0.0002314505666967,0.0010736920511034
2020-10-13,-0.0070485142191296,-0.0009584200572761,-0.0060643903775412,-0.0041183243591008,-0.0084189214716034,-0.0001157185871778,0.0022263812046415
2020-10-14,0.0008837691794299,0.0009584200572761,-0.0061985611508673,-0.0067560760793338,-0.0078922126413788,0.0,0.0003293526014479
2020-10-15,-0.0053144366558233,-0.001032139448779,-0.0041863499248918,-0.0072423890028551,-0.0050958793078751,0.0002313355330087,-0.0010709500155735
2020-10-16,0.0061974928148896,-0.0016980623711711,0.0011700736999437,0.0035180300644834,0.0,-0.0001156169458309,-0.0005771504873263
2020-10-19,-0.0070859733246823,-0.0019228946727884,-0.0120584113337581,-0.0028574822326462,-0.001503851464108,0.0,-0.0016508212228042
2020-10-20,0.0079681831048989,-0.0020749879553428,0.0045266667465372,0.0109458184932625,0.0124132582874392,-0.0001157185871778,-0.0021502003981051
2020-10-21,-0.0115300882830251,-0.0016333897514905,-0.0040336129347797,0.0028264192257326,0.0062231373194979,0.0,-0.0013255213880393
2020-10-22,0.0079965022459918,-0.0022316683447639,0.0040336129347797,-0.000217178074118,-0.0050347558454549,-0.0003471478248026,-0.0034877811085472
2020-10-23,0.0061755552037112,0.0025287952903835,0.0047994399020054,0.0058460805426324,0.0138584322632997,0.0001157587632817,0.0014131776035948
2020-10-26,-0.0186423376415913,0.0020777596574791,-0.0185409383846445,-0.0130379610501632,-0.0166831192396442,0.0001156570820017,0.0026547195159683
2020-10-27,-0.0071942344183368,0.0040688280316244,-0.0049895324007319,0.0043648465102728,-0.0019372221885038,0.0,0.0022344882430548
2020-10-28,-0.0283772460295084,-0.0049587355395262,-0.0332600870625269,-0.0253624296587656,-0.0151803041108805,0.0,-8.268620033522428e-05
2020-10-29,0.0027816712976045,-0.0026002474784198,0.0085474410047008,0.0100012113669248,0.0049853088004449,0.0002314505666967,-0.0042252011378028
2020-10-30,-0.0009263407185283,-0.0052207530463519,-0.0102036225353067,-0.0113423240757111,-0.0222468272985508,-0.0001157185871778,-0.0032431062357638
2020-11-02,0.014719662850864,0.001793093464365,0.0116382679173919,0.0126682371670619,0.0171100283565485,-0.000462919989727,0.0010822467887748
2020-11-03,0.0207870387610245,0.0009699324016305,0.0211749596378992,0.0044072518812349,0.0214288618311986,-0.0002314962133415,-0.0022490057522132
2020-11-04,0.0229895042662197,0.0148775510259446,0.018671684354394,0.030958210270416,0.0201078585259064,0.0002314962133415,0.008387029795384
2020-11-05,0.027587930205566,0.0037399267353679,0.0209345220528147,0.0169101312510059,0.0234087990916924,-0.0002314962133415,-0.0001653708467081
2020-11-06,0.0016992746343836,-0.0031523260562643,0.0013480925653138,0.004600619200061,-0.0032700069023546,0.0001157106436711,-0.0033967445433401
2020-11-09,0.02431980569591,-0.0075916985666252,0.0149947867006723,0.0068614058785625,0.0097783308361073,-0.0003473488142245,-0.007413297766489
2020-11-10,0.0049587382891068,-0.002592927347719,0.0022725650513248,-0.0114620250786236,0.0091247055632312,-0.0001158392094752,-0.0028466527193094
2020-11-11,0.0,0.0018527444772452,0.0069745602972533,0.0064765999872851,0.0131882883210796,-0.0002316302978718,0.0015917771953666
2020-11-12,-0.0124431299536459,0.0039903144472323,-0.0103852751142373,-0.0075251318568745,-0.009700804720597,0.000115866042899,0.0056761447014015
2020-11-13,0.0198353106089062,0.0011791599461822,0.0123557104969707,0.0139600552744911,0.0238057801984168,0.0,-0.0013326341376229
2020-11-16,0.0138157791864772,0.0032357908453129,0.0116491694903104,0.0123381877945243,0.018724860126526,0.0002316034644481,-0.0007504395754238
2020-11-17,0.0024183439775555,0.0032253542644344,-0.0026905514763885,-0.001022374822895,-0.0006675529594764,-0.0001158392094752,0.0025823460834743
2020-11-18,0.0032154491790744,0.002120067281959,-0.0085837265827145,-0.0034840076921432,-0.0005343430161812,0.0,-0.0003327782193405
2020-11-19,0.0071971644647049,0.0055350063321012,0.0060722454208927,0.0016410635694158,-0.0032119657177991,0.0002316650017822,0.001081283124216
2020-11-20,-0.0039920212695374,-0.0008718674746171,-0.0028914368654371,0.005518674230017,0.0008040357813497,0.0001158123782466,0.0017442513137272
2020-11-23,0.0039920212695374,0.0012349582843811,0.0037292746198301,0.0026462560667402,0.0192351477617109,0.0,-0.0019936695558539
2020-11-24,0.0181608072507647,-0.0022532467246435,0.0156960526072541,0.0133281429092859,0.0165486434790037,0.0001157106436711,-0.0015811798738779
2020-11-25,0.0015636980970139,0.0005819585148916,-0.0008248542455553,-0.005632659922419,-0.0084355038381165,0.0001157855696705,0.000333091147026
2020-11-27,-0.0031299049672263,0.0035570833697309,0.0044824469684694,0.009436898018599,0.0146195400818778,0.0,0.0029927747635965
2020-11-30,-0.0173917185854771,0.0034721948582,-0.0056750277450535,-0.0265278564330835,-0.0186679319630582,0.0002315309282062,-0.0006643015344515
2020-12-01,0.0251982188978455,-0.0057937813095272,0.0107734108500382,0.019508830515521,0.01930994328878,-0.0009262687765493,-0.0059985285925903
2020-12-02,0.0038804858652621,-0.0033466125471763,0.0009984172130006,0.0014077367226195,0.01856613636045,0.0002316034644481,-0.0016726352377721
2020-12-03,0.0054074826511993,0.0039275146458346,0.0008161082896431,0.0113899424695696,0.0173613221886554,0.0002316381705534,0.0026749133392227
2020-12-04,0.0030768785542479,-0.0055320749764106,0.0099215974400947,0.0102787353178696,0.0272382729733112,-0.0001158123782464,-0.0039312602970859
2020-12-07,-0.0038476385424291,0.0008754934115679,-0.0036865215707216,0.0,0.0019261311203169,0.0002315230219177,0.0030961301941019
2020-12-08,0.0053825348934107,-0.0011674578256196,0.0032377094786433,0.0003932453505988,-0.0215167151663984,-0.0002315230219176,0.0010020469914664
2020-12-09,-0.0061537716732489,-0.003657380826539,-0.0062148583907795,-0.0086870956976089,0.0100257561126692,-0.0001158257923069,-0.0014199056143118
2020-12-10,0.0030816194423813,0.0049707168181111,0.000903083909787,0.0128068248710337,0.0100467086358603,0.0002316381705534,0.0022542632716452
2020-12-11,-0.0038535693159899,0.0010203294419384,-0.0028022396515216,-0.0070727328146798,-0.0072525215446086,0.0005786842235495,0.0019994829504358
2020-12-14,0.0038535693159899,-0.0007287481677115,-0.0072681618581931,-0.0154980768436531,-0.0131886371192938,-0.0001156570820018,-0.000582772308431
2020-12-15,0.0160248072764481,0.0019663137287062,0.0107923094211877,0.0107549518119313,0.0144010339054858,0.0,-0.0009998563249597
2020-12-16,0.0037778660492601,-0.000800615880599,0.0023425736660838,0.0047431250317216,-0.0076628393235461,0.0,-0.0008339461266266
2020-12-17,0.0105026761696207,-0.0005826790676289,0.0077095907353722,0.0064851954692683,-0.0023226272980012,-0.0003473164978766,-0.0013358130533685
2020-12-18,-0.0044877122228795,-0.0007287431660877,-0.0030409106977404,-0.0011759616810972,-0.0060148449042828,-0.000115710643671,-0.000835758310528
2020-12-21,-0.0173916504021955,-0.0019704751455427,-0.0068308925301497,-0.0148180124157163,-0.0095257017829441,0.0,0.0006686880177519
2020-12-22,0.0,0.0027721412393538,-0.0007217088147077,-0.007993678028163,-0.0157857764527455,0.0,0.0016697027612689
2020-12-23,0.0106222081004405,0.0002185146127838,0.0029738606263944,0.010180711318378,0.02049814734686,0.0002314962133415,-0.0020875963135287
2020-12-24,0.0,0.0034173240671974,0.0027856888968409,-0.0043789362768121,0.0163204037942909,-0.0002314962133415,0.0014200879312812
2020-12-28,0.0030142743672961,0.0006530228167796,0.0059049650869896,0.0027888342282656,0.0093282719498318,0.0001157106436711,8.342311937151824e-05
2020-12-29,0.0119672792483205,0.0004351117543396,0.0003567687864137,0.0148092348753207,0.0194644305470682,0.0,-0.0001669168884824
2020-12-30,0.0007432635143167,0.0013043109724189,0.001336733484925,0.0132400745855277,0.0186286679957227,0.0001157855696705,0.0006676277460053
2020-12-31,0.0014847585611487,0.0002172014496736,0.0010681153141636,-0.0005804894098219,-0.0011614225633389,-0.0001157855696705,0.0006671187117732
2021-01-04,-0.003716094864729,-0.0050806627886849,-0.0069631276295466,0.0063664117198166,0.0260380209509588,0.0001157855696705,0.000250126360269
2021-01-05,0.0111071113444085,-0.0032066727102696,0.0076745033920265,0.023754086008107,0.0247146949299428,0.0,-0.0023365031351819
2021-01-06,0.0029411337119279,-0.0081357913351895,0.0060267869838365,-0.0084866283269297,-0.0014369897260642,-0.0005789735933703,-0.0058650939573451
2021-01-07,0.001467329353212,-0.0001472309714631,0.011421693796174,0.0094251405951329,0.0186306424163068,0.0002316650017822,-0.0035356393907943
2021-01-08,0.0058479923864731,-0.0007363677920059,0.0073113420161373,0.0261101744838102,0.0437623222642627,-0.0001158257923069,-0.0028714145877454
2021-01-11,-0.0139451353164196,-0.0042814109726776,-0.0092351028361649,-0.0136181320928176,-0.0085586545091131,-0.0001158392094752,-0.0019470543932183
2021-01-12,0.0110254697643886,0.0021430531125431,0.0027969574675583,0.009772342420468,-0.0082096952182769,0.0,-0.000169527733126
2021-01-13,-0.0036616664041283,0.0077209327304814,0.0015698616987822,0.0021993948209734,-0.0002114393024672,-0.0001157642549728,0.0034688783307508
2021-01-14,0.0051225647356323,-0.0043311618691285,-0.000784589521561,0.009293955485903,0.006952557869942,0.0001157642549728,-0.0022830456274717
2021-01-15,-0.0102715053106535,0.0015437700716694,-0.009727963991632,-0.0142494664839057,-0.0323245241529343,0.0001158392094752,0.0027052151307685
2021-01-19,0.0110012105695099,0.00176137935896,0.0080694951668801,0.0164237549056931,0.0043275399697867,0.0003473488142245,0.0005907895408981
2021-01-20,0.0072674735246118,-0.0002934038209872,0.0117244685683877,0.0174042467934924,0.0137238821976396,-0.000115710643671,0.0004218065145856
2021-01-21,0.0057761012069068,-0.0039685014774754,-0.0001726676701406,0.0017771192398281,0.0224278650733551,0.0001157106436711,-0.0014347655587805
2021-01-22,-0.0086768222462572,-0.0007366932452194,-0.0038936201010786,-0.008738314311947,-0.0233867312382912,0.0,0.001519118383339
2021-01-25,-0.0043667524852615,0.0042650394836295,0.0023380040180698,0.0074946489652936,0.0204670339103564,0.0001157855696705,0.004039693498829
2021-01-26,0.0101596945404118,-7.334072081096381e-05,-0.0013848337061824,-0.0073155798978213,-0.0156821137596065,-0.0001157855696705,-0.0003360292076441
2021-01-27,-0.0248550354834791,-0.0017628024430782,-0.0242834340743406,-0.0281503964057025,-0.0371733221250203,0.0,0.0011756405658682
2021-01-28,0.0154244029047378,-0.001618608532214,0.0068977879317779,0.0069750146330412,0.0142109456355514,-0.000115710643671,-0.0026049776102803
2021-01-29,-0.0139451353164196,-0.0015474116218744,-0.0176036139420914,-0.0251911228189006,-0.044728077686531,0.0003472683782659,-0.0017684882823992
2021-02-01,0.024097573060479,0.0,0.0149562151794237,0.0266534121014641,0.0398317406728533,-0.0002315577345949,0.0005898436680323
2021-02-02,0.0228255048268801,-0.0026584020598923,0.0125566941676468,0.0128846549831359,0.0055474349976996,-0.0003473488142245,-0.0025303270829101
2021-02-03,0.0,-0.0023690218355399,0.0013080579748401,0.0050360284864847,0.008962796414816,0.0001158257923071,-0.0024521291420366
2021-02-04,0.0063268674773701,0.0017032309393685,0.0086768440256888,0.0003586841844088,-0.0152740450180344,0.0,-0.0003387037691325
2021-02-05,0.0097630422646253,-0.0026672656210621,0.0038801251884911,0.0085715409964848,0.0146288405653684,0.0002315230219177,-0.0021194530940119
2021-02-08,0.0062261970589877,0.0042937721872259,0.0078008511109913,0.0017764878094423,-0.0122302216899412,-0.000115710643671,0.0004242113046304
2021-02-09,0.0041294352617605,-0.0015524451868587,0.0027287447099527,0.0105932925751118,0.0052133899891096,-0.0002316381705535,0.0007632306316435
2021-02-10,-0.0013746545603282,0.0023647074731258,-0.001022431269728,0.0035063283892619,0.0070168317008315,0.0001158257923071,0.0025397526780573
2021-02-11,0.0089011412242174,-0.0026607600511545,0.0034039819405174,0.0106189632809623,0.0109127461393435,0.0,-0.000761229379556
2021-02-12,0.0006814726227319,-0.0032616964521905,0.0048307200172558,0.0008654130767841,0.0012760009815016,0.0001158123782466,-0.0033055027565929
2021-02-16,0.0074651914799432,-0.0070787299741994,0.0023644562917948,0.002419206160566,-0.0051139651663494,-0.0003474773800287,-0.0072423821182813
2021-02-17,-0.008146664102675,0.0049975727396912,-0.0016883082668713,0.0003451330173802,-0.0067521276920654,0.0002316650017822,0.0006838280483026
2021-02-18,-0.0034141379044026,-0.0019363565545028,-0.0052520472322578,-0.0138987512644541,-0.0149514948277985,0.0,-8.541218556704249e-05
2021-02-19,0.0047765151892303,-0.0072575323571827,0.0,0.0064521792644736,0.0161337252037278,0.0001158123782466,-0.0040248499168515
2021-02-22,-0.0095759550195045,-0.0062521528523633,-0.0065612833578379,-0.0298160684699447,-0.0263373388886017,-0.0002316381705535,-0.0016316929370926
2021-02-23,-0.0041322794071723,0.0007553902011639,-8.551392487933098e-05,0.0044670850539491,0.0034127578862162,0.0001158257923071,0.0007732632107555
2021-02-24,0.0041322794071723,0.0015089556723196,0.0079199929529667,-0.0064389528731665,-0.0110510575836337,-0.0002316650017822,-0.0013750746517852
2021-02-25,-0.0243490290102865,-0.0159590450098436,-0.0215209761026591,-0.0230521229328825,-0.0109497823365924,-0.0015067781102518,-0.013419494122238
2021-02-26,-0.0035273405179684,0.013165678563437,-0.0096669652426662,-0.0134949742135816,-0.0117528858297927,0.0012751478123798,0.0089375297067148
2021-03-01,0.024434025337282,-0.0010589969582794,0.0225837041618683,0.026447797873994,0.0263630553216381,-0.0003475902843732,-0.0017292463058959
2021-03-02,0.0006894595337682,-0.001135959797492,-0.0038575072732476,-0.0098360921355871,-0.0099027166920342,0.0002317108149786,0.0018155807497678
2021-03-03,-0.0020697009270514,-0.0074530403820903,-0.013924554588406,-0.0020155867348493,-0.0029115601581812,-0.0005794219603689,-0.0053697957031386
2021-03-04,-0.0202309598740902,-0.0082015356770057,-0.0120915977762468,-0.0235698106350495,-0.0183345460231888,0.0,-0.004962354556912
2021-03-05,0.0,-0.0013092394903058,0.0140927587014848,0.0108331619988368,0.0165386533815588,0.0,-0.0013974121235523
2021-03-08,-0.0035298308556208,-0.0093685905820911,-0.0049666784353517,-0.0273061071171441,-0.0250269526905765,-0.0003478320904861,-0.0039406062590729
2021-03-09,0.0216867972549067,0.007517384904512,0.0154289160762855,0.021717362129969,0.0074597412366634,0.0,0.0047269075022688
2021-03-10,0.0062090155695197,0.0046986459549778,0.0056608439344969,-0.0044935081124089,-0.0148594675144733,0.0003478320904861,0.0020936748600011
2021-03-11,0.0150174303960965,0.0006145949912367,0.0092794601574742,0.0310388905904965,0.029501360353179,0.0,-0.0003486526287121
2021-03-12,-0.0006777777382286,-0.0115867194784434,0.0008470140516382,-0.017988728760613,-0.0081457767496095,-0.0001159600732457,-0.0072619580203184
2021-03-15,-0.0006782374324791,0.0034126084586939,0.0043929837290941,0.0024049082478625,0.0140998333543351,0.0001159600732459,0.0012286038701907
2021-03-16,0.0047378241384813,-0.000697078691864,0.0013478534880525,0.0042408019256357,0.0017905517431195,0.0,-0.0001753937673192
2021-03-17,0.0053871362133831,0.0009293303156865,0.0035294000413997,0.0012871142162072,0.0022336054204364,0.0002317913880819,-0.001668078552294
2021-03-18,-0.0210390581935787,-0.0057448356770898,-0.0140228351025183,-0.0185465263031379,-0.0226782683989899,-0.0001159331962564,-0.0062580002115405
2021-03-19,0.0027396859361402,0.0014782158213021,0.0003401657448522,0.0122792921877295,0.0141637407044195,0.0,-0.0006191102278364
2021-03-22,0.0,0.0035697030992039,0.0043277435907989,-0.0029630329476462,0.0023599391975868,-0.0001158581918255,0.0032681453465495
2021-03-23,-0.0158569549634802,0.002939396349054,-0.0093577754853325,-0.0192871591074513,-0.0297338414784147,0.0001158581918255,0.0049260968465731
2021-03-24,-0.0055748422638361,0.0030077482813953,-0.0054850959253825,-0.0231434081584197,-0.0054496187480191,0.0002318529535647,0.0013153991994411
2021-03-25,0.0048797372946788,-0.0011557106672358,0.0057414628836158,0.0046331717495365,0.0152304739923275,0.0001159063214758,-0.0013153991994412
2021-03-26,0.0131262257464854,-0.0006941857838183,0.0124826588191965,0.0256692923931939,0.0205140932785811,0.0,-0.0033400510253833
2021-03-29,-0.0082701847031826,-0.0023944519018588,-0.0013511542722981,-0.006969961813336,-0.0103744521574703,-0.0002318260787841,-0.0034396063571367
2021-03-30,0.0048325738205928,0.0030886376856771,-0.0021994299438261,0.0032084233805197,0.0042981318750981,0.0,-0.0008839147124481
2021-03-31,-0.0006888794187369,0.0026177742475163,0.003466174440804,0.0050747305251687,0.0123388946539981,-0.0003477514613277,-0.0014157690630551
2021-04-01,0.0231617562884115,0.0042967729018192,0.0108281658452408,0.0097015771011056,0.0109763893368989,-0.0002318720172403,0.0038004403286896
2021-04-05,0.0107168210596567,-0.0049121242768258,0.0135988779768432,0.0038913990341873,0.0128185611621918,-0.00023201429213,-0.0028268542911962
2021-04-06,0.0019965916314418,0.0066715106952755,-0.0024737822562751,0.0055330137626975,0.0010880043972535,0.00023201429213,0.0048536955281965
2021-04-07,-0.0019965916314418,-0.0019890949000025,0.0005777697599993,-0.0148233073164215,-0.0061081947846462,0.0001158984956965,-0.0006164387231233
2021-04-08,0.0138936460742032,0.003669135202232,0.0069073240147707,0.0081799793317334,0.0037129707286999,0.0003477917866153,0.0034296917804772
2021-04-09,0.0039344713280428,-0.0020622828153183,0.0043337799317463,-0.0085534008813134,-0.0046981819926293,-0.0003477917866152,-0.0026371591068142
2021-04-12,-0.0039344713280427,-0.0002293923213803,-0.0006529073147486,-0.0059936440615871,-0.0050505058440975,-0.0002318989129325,-0.0006163301480947
2021-04-13,0.0143511726835193,0.0044258130336651,0.0051304908598554,0.0041245131600096,0.0177826631764941,0.0003478724344764,0.0041309767767899
2021-04-14,-0.0025939956465042,-0.0013713729827814,-0.0034174009152232,0.0050387426335305,0.0082916173008358,0.0,-0.0012287116400045
2021-04-15,0.0064725145056175,0.0061566533812127,0.0107013560388825,0.009079982005239,0.0077979708704034,0.0002318182650713,0.0063903200229705
2021-04-16,0.0070717497021749,-0.0068430457669314,0.0034614669076228,0.0025792091084548,-0.0057624841863485,-0.0001158581918255,-0.002708705045744
2021-04-19,-0.0057822785356914,-0.0025974926194562,-0.0041067991093117,-0.0036865838664273,-0.0004281836361498,-0.0001159600732457,-0.0010505362698015
2021-04-20,-0.019519162709116,0.0019105122785176,-0.009893052011714,-0.0081588147541259,-0.0021436726244674,0.0002318182650713,0.0029736244303845
2021-04-21,0.0058959171532257,0.0034297275960483,0.008601136902024,0.0061253431620428,-0.0024708153495205,0.0002318529535647,0.000523813161219
2021-04-22,-0.0006534211374044,0.0009886679967267,-0.0068912550636061,-0.0035221547669887,-0.0168126207232821,-0.0001159197573083,0.000785272177221
2021-04-23,0.0116960594773889,0.0008357756983634,0.0105204745921301,0.0143808266927636,0.0154132890862924,-0.0002317913880819,-0.00130908533844
2021-04-26,0.0102828082163496,-0.0004557699780501,0.0019301748269732,0.0012805214162068,0.0080459590790313,-0.0002319335947897,-0.0010485168787786
2021-04-27,0.0012780334457235,-0.0044929925708527,-0.0007233560354661,-0.0005486439615934,-0.0049271639982326,-0.0001158984956964,-0.0039416417225038
2021-04-28,0.0044600069332105,0.0001525529565508,0.0006429885420327,0.007471627689956,-0.0025803462129133,0.0002318720172402,0.0013155630304809
2021-04-29,0.0044402035618587,-0.0012216587075188,0.0032090002124432,-0.0023630123701239,-0.0020475511777247,0.0002318182650713,-0.0017545135827242
2021-04-30,-0.0114578151588833,0.0020607496124586,-0.0099815516666331,-0.017810095624266,-0.0233558521551314,0.0001159331962564,0.0008776415810517
2021-05-03,0.0095572567492424,0.0004574845120436,0.0052447089897141,0.0,-0.0019896139020161,-0.0002317913880819,0.0010521942872089
2021-05-04,-0.0205003782795258,0.0006094215218375,-0.0097041403539753,-0.0113648287771608,-0.0003319734441601,0.0,0.0013136711971514
2021-05-05,0.0077369629019094,0.00121796215145,0.0039739356620174,0.0046733425552709,0.0027631960572979,0.0002317913880819,0.00122452029126
2021-05-06,0.001283677673824,0.0019000576174153,0.0077400939862126,0.0094664676535712,0.0180480867136335,0.0,0.0004369274502251
2021-05-07,0.0114797377037923,0.0003796018442777,0.0097507261832122,0.0102922717069276,0.0145280842607845,0.0003476305722869,0.0003494445430316
2021-05-10,-0.0127634153776163,-0.0054036185519639,-0.008947912451762,-0.0180816653766059,-0.0028887479846224,-0.000347630572287,-0.0020108922845167
2021-05-11,-0.0129284285504478,-0.0036696963532074,-0.0104873747693633,-0.0027966404084088,-0.0128324663132037,-0.0001159331962564,-0.001664279628071
2021-05-12,-0.0223693136258898,-0.0054528874031879,-0.0202341638704766,-0.0280215134043936,-0.0439289694929758,-0.0001158581918255,-0.0048332890839786
2021-05-13,0.0092715491740558,0.0037664076945328,0.0111099040958095,-0.0013450575458342,0.0117250599914442,0.0002317913880819,0.0033418805693002
2021-05-14,0.0189363093952957,0.0054325602487428,0.0159132939359426,0.0179121109431132,0.0145760306213229,0.0,0.002192502493328
2021-05-17,-0.002590734294401,-0.0011453267678505,-0.0035504147706356,-0.0009447187472473,-0.0188443161985628,0.0,-0.0009641142705225
2021-05-18,0.0012961567218112,-0.0032903016546829,-0.0030764050494601,0.013332261515633,0.0170754265016712,0.0001159197573084,0.0
2021-05-19,-0.0058460310328815,-0.0017643802023827,-0.0054473743710747,-0.0029889774795335,-0.0032141995881312,-0.0003477111453904,-0.0029858981565439
2021-05-20,0.0167962995941698,0.006810290348286,0.0122352496287851,0.0057830132484683,0.0057560114886393,0.000463617466866,0.0041251757342167
2021-05-21,0.001280390331011,0.0006860784396951,8.054871187682541e-05,-0.0115997361474731,-0.0122155709261932,-0.0002318260787841,0.0003503013960718
2021-05-24,0.0076482013132549,0.0027397323543031,0.0089787578633568,0.0082459694447418,0.0103374488462973,0.0002318260787842,0.0009626799057839
2021-05-25,-0.0038168374273747,0.0037170949390519,-0.0019172836403589,0.0098431246437915,0.0085884560273834,0.0,0.00366714960359
2021-05-26,0.0038168374273748,-0.0005302179264372,0.0014382767838382,0.0073651173498099,0.0039391736324453,0.0002316839628976,-0.0011336147216417
2021-05-27,0.0069598894187642,-0.003034857315857,0.0008779330302448,0.000183474940301,-0.0085545463192593,0.0,-0.0017465461125733
2021-05-28,0.0031476260220516,0.0008355217150599,0.0019924294540255,0.0063991163800116,0.0135654401189017,0.0,-8.742743769981343e-05
2021-06-01,0.0093838658106127,-0.0018238889920291,0.0010345354192519,0.0203849591305536,0.0154189298897745,-0.0003475902843732,-0.0008744947834918
2021-06-02,-0.0031181813913025,0.0015959833138681,0.001748201264071,0.001605855505508,-0.0056870026231732,0.0001159063214758,0.0011366874962365
2021-06-03,-0.0068944559055824,-0.0039567014100342,-0.0041371420990839,-0.0107546916547527,-0.0022623126562054,-0.0003477592750405,-0.0025375252353765
2021-06-04,0.0068944559055823,0.0070655008140432,0.0091266973431314,0.0089702787528715,0.0115806763499355,0.0003477592750405,0.0055043366821833
2021-06-07,0.0012484205274836,-0.00083311712818,0.0016576479479217,-0.0050134857398583,-0.0049161872593246,-0.0001159063214757,-0.0007844527670748
2021-06-08,0.00559873248773,0.0037812948038511,7.888430994251288e-05,-0.0048583174880318,-0.0067723695438676,0.0002317108149786,0.0028734560025155
2021-06-09,-0.0087227587114955,0.0036167232154349,-0.0017365322578642,-0.0028901727336554,-0.0125910272888694,-0.0002317108149786,0.0031252790671326
2021-06-10,0.0018756056962817,0.0045024151934539,-0.0039578931802235,0.0036114298184328,0.0122673984021174,0.0003475902843731,0.0035474493616352
2021-06-11,0.0062266699436169,0.0008232654890778,0.0028512660237011,-0.0034305102871794,-0.000431695620704,-0.0002316839628974,-0.0014693651409283
2021-06-14,0.0012406759814953,-0.0036725205974696,0.0017384533449661,0.002709253202402,0.0035558663615804,-0.0003477592750405,-0.0031187810898735
2021-06-15,-0.0049720614808556,0.0007506275720054,-0.0019757385236372,-0.0068778054547065,-0.0010761782354445,-0.0001158581918255,0.0001734916138102
2021-06-16,-0.0037453609009921,-0.0028552494660223,-0.0053143555119106,-0.0137151273232719,-0.0107173474346441,-0.0009278802558791,-0.0068770089190537
2021-06-17,-0.0081632339846263,0.0055526931278503,-0.001671501859924,0.0055086300077078,-0.0017428766290317,0.0,0.0035749789812727
2021-06-18,-0.0184542884447422,0.0052242596572874,-0.0154133112682717,-0.006982774928798,-0.006782683782303,-0.0008125799327169,0.0056416547242319
2021-06-21,-0.0188011625350527,-0.005823075782729,0.0134197696612424,0.0042322180227908,0.0104827243529478,0.0002321951161665,-0.0032075164949151
2021-06-22,0.0032669090802073,0.0016458537695744,0.0036650434669534,-0.0046010940508939,-0.0009780616819197,0.0005803848165503,0.0018217232419759
2021-06-23,-0.0006525683984635,-0.001570910742234,-0.0025481754501563,0.0060690178200747,0.0041232399350205,-0.0006964313401748,-0.0019953655061576
2021-06-24,0.0045587637994612,0.0019446116669056,0.007941592044761,0.0091258160551534,0.0118408111225201,0.0001160465236245,-0.0001737386887034
2021-06-25,0.0019474401524604,-0.0026187296153031,0.0026069599110403,0.0083228104934463,0.0059746810689109,-0.0001160465236243,-0.0020867572764316
2021-06-28,-0.0019474401524603,0.0042612655728606,-0.0005524183918246,0.0009004815989665,-0.0060816371059182,0.0003482762971625,0.0031285383239708
2021-06-29,0.0019474401524604,0.0011928999870168,0.0007890671480374,-0.0007203478864826,-0.0037528174190319,-0.0001161081454356,0.0005204507337212
2021-06-30,-0.0071590988084822,0.001116981851948,-0.0016577788342709,-0.0065063810975663,0.0009663818748238,0.000232202811335,0.0015597950194135
2021-07-01,0.0039112881594218,-0.0027575579894133,0.0038638842305592,-0.005636915890773,-0.006243984489812,-0.0003483244394375,-0.0013863275153897
2021-07-02,0.0097119573964686,0.0028319412514193,0.0061200567481334,-0.0010947159253384,0.0043103679792962,0.0004643170900608,0.0036350928518407
2021-07-06,-0.0019348800658494,0.0036400552834956,-0.0028199374897701,-0.0176800019227394,-0.0073386936990967,0.0003480742640777,0.0052561459060301
2021-07-07,0.003866023599408,0.0034051902054297,0.0036800228724659,-0.0011154746350423,-0.0080478722311646,0.0001160273356748,0.0029176742696839
2021-07-08,-0.0168616586026223,0.0005170999612383,-0.0112391668500046,-0.0210533895711758,-0.022527464185389,0.0004638863093703,0.0025674216556986
2021-07-09,0.0142860365179576,-0.0042188882477221,0.013347176174873,0.0171395072242852,0.0074548124820963,-0.0003478724344764,-0.0050554610788888
2021-07-12,0.0109010178444243,-0.0005193999620915,0.0042803523852093,0.0009332569623434,0.0076197424500776,-0.0002320412105688,-0.0005155970851253
2021-07-13,-0.0089687287216645,-0.0037174764001324,-0.0052166439155211,0.0009324579092003,-0.0025334965065285,-0.0008123913541385,-0.0030989145573249
2021-07-14,-0.0051612230246607,0.004607581935947,0.0023390871715117,0.004277873848062,0.0067051707173973,0.0006964390728863,0.004301451996952
2021-07-15,-0.0045381744468614,0.0021479736157917,-0.0054666045800664,0.0024098121617078,0.0041544268535186,0.000115952281252,0.0041975946381559
2021-07-16,-0.0019511407358609,-0.001406748375267,-0.0073093446704947,-0.0078066971737566,-0.0104185245002184,-0.000115952281252,-0.0001710205377526
2021-07-19,-0.0197245045562163,0.0071610893124861,-0.0155016974091601,-0.0169368281964838,-0.023422869586671,0.0004639939090568,0.008513588011966
2021-07-20,0.0145025408108723,-0.001398671063887,0.0126579244165882,0.0032212625651155,0.0148980835401162,0.0004636902823117,-0.0012724396509618
2021-07-21,0.0258412306743915,-0.0035421461282534,0.010857677307365,0.0064114899658551,-0.0053512207166212,-0.0003477917866152,-0.0057887309019991
2021-07-22,0.0151901268619009,0.0041313046290958,0.0015638203921724,0.0018779061691719,0.0082378054645699,0.0001159735215439,0.0023025147584836
2021-07-23,0.0081326883291209,-0.0004418082343253,0.0093320886929099,-0.0149327211726779,-0.0005544266600162,0.0001159600732459,-0.0015343989291992
2021-07-26,-0.0006232851895001,-0.0022120864770427,0.0006190654765266,-0.0192276646928275,-0.0013320320137893,-0.0002319335947897,-0.0006827260108708
2021-07-27,-0.005626735155671,0.0042722650568848,-0.0034871353715653,-0.0203968064533541,-0.0100469872343723,0.0002319335947897,0.0042593130463036
2021-07-28,0.0068729172922173,0.0017624315173892,0.0017838118375272,0.0267829304485802,0.0092691695869011,0.0001158581918255,0.0008496769589947
2021-07-29,0.0117611622526755,-0.0028656429325108,0.0051783410369154,0.0050028644843591,0.0071994720559321,0.0,-0.0030622737253646
2021-07-30,-0.0086526737003612,0.0008090958114364,-0.0068845708330236,-0.0096432765555978,-0.0207411606144728,0.0002318529535647,0.002807452915443
2021-08-02,0.0061881383249787,0.0011023196639778,0.0015512059867538,0.0071450095927416,-0.0002253396751498,0.0002317108149786,0.0037310519011088
2021-08-03,0.0012330269293262,0.0010276693717961,0.0065660588263037,0.0042242268330621,0.0147670168311818,0.0,0.000253871952148
2021-08-04,0.0055299305067743,0.0002200695365929,-0.0031617813304245,0.0051600776447912,0.0136761570942124,-0.000347630572287,-0.000253871952148
2021-08-05,0.0073260216655613,-0.0041161215485236,0.0060832074484688,-0.0015260975155874,0.0024070166657469,-0.0004637249828717,-0.0036460828128574
2021-08-06,-0.0054894551587633,-0.0082091987681996,-0.0016133955867929,-0.0084356796765755,-0.0123146442136204,-0.0003479127878264,-0.0058786319788301
2021-08-09,-0.0042905180234272,-0.0043164599221553,0.0001538080247764,0.0032677008392245,-0.0009961408391894,-0.0003480338732628,-0.002138489353613
2021-08-10,0.0067339761966368,-0.0022399998246507,0.0011525137974046,0.0013424049232263,-0.0143887472479738,-0.0003481550430121,-0.0018856714609163
2021-08-11,0.001828729922196,0.0015685607317805,0.0036027881069639,0.0026794157589703,-0.0069899128030867,0.0004642092993482,0.0011147257987105
2021-08-12,-0.0018287299221959,0.0014169162523778,0.0020638590395865,-0.0088309094363381,-0.0120647667749293,0.0,-0.001028918426391
2021-08-13,0.0060827440415986,0.0066850815229872,0.0030496660210949,-0.0025099167134056,-0.0112852804708908,0.000115952281252,0.0057311493079082
2021-08-16,-0.0097501738876517,0.0005920798680107,-0.0003045019433058,-0.0091271869745869,-0.0046430905991672,0.0002320412105688,0.002215235962526
2021-08-17,-0.0110838760017534,-0.0017772923186737,-0.0076441279116263,-0.0185080818642584,-0.0234252122745539,-0.0002320412105688,-0.0005107479294676
2021-08-18,-0.0037221265979706,-0.0006672573955865,-0.0082445071070509,0.0015885990252141,0.004989890097933,0.0,-0.0005110739236211
2021-08-19,-0.0194545883135638,0.0022965343811371,-0.0037206129238379,-0.0172107628109161,-0.0164897663494397,0.0,0.0022125967663697
2021-08-20,0.0113422955071099,0.0006657272836465,0.0071961673283387,-0.0008077729671368,-0.0045887925844308,0.0,-0.0009354987390429
2021-08-23,0.0074906524651724,0.0007392527274721,0.0094387055066627,0.0150378773645405,0.0159695319592937,0.0,0.0002552110249437
2021-08-24,0.0061996477622286,-0.0022933063618133,0.0019838994029344,0.0224330421880984,0.0181780378786069,-0.000115952281252,-0.0027257231617078
2021-08-25,0.0049322111650181,-0.0025956193915487,0.0015993868979818,0.0011668879815301,0.0005847284516097,-0.000116054256336,-0.0039312852193115
2021-08-26,-0.0074075166309401,-0.0002970166058196,-0.0053414623197754,-0.009569483810513,-0.0125876573109508,0.0,0.0
2021-08-27,0.0110907058107442,0.0055553638883927,0.0086086303785497,0.0122868649159608,0.0144563338032307,0.0006959466610893,0.003248740814491
2021-08-30,-0.0036831891798041,0.0016974484527205,0.0029539834784026,0.0021299380571714,-0.008319212618503,0.0002319335947897,0.0019611664742146
2021-08-31,0.0049079104219789,-0.0022885658684075,-0.0015137525149465,0.013639613631215,0.0198049876675842,-0.0001159600732457,-0.0018758636383514
2021-09-01,0.002445044977284,-0.0004435392746531,0.0032517340544002,0.0127028340574903,0.01135526163723,-0.0002318720172403,-0.0002560606015396
2021-09-02,0.0091158332389441,0.0017729779562598,0.0031659771771706,-0.0045317614182791,-0.012394028731728,0.0,0.0011944322786994
2021-09-03,-0.0006051806751457,-0.0036232540999854,0.0013538505062024,0.0052850025187281,0.0126220666319015,0.0,-0.0023902929321342
2021-09-07,-0.0091213768790595,-0.0047523618223904,-0.0025586733209513,0.0058189066207863,-0.0145870232849942,-0.0003480416278048,-0.0039393652269214
2021-09-08,-0.0085889724109719,0.0031954299696031,-0.0031699153165152,-0.0147061241198335,-0.016918867106152,0.0002320412105688,0.0027420727783859
2021-09-09,-0.0006163704572065,0.0065079720516288,-0.0034073933389165,-0.0019011847569328,-0.0158941069262274,0.0002318989129326,0.0028199277541788
2021-09-10,-0.0024690993808414,-0.0028789698269033,-0.0057049561103626,-0.0011423755635121,-0.000358729801119,-0.0003479127878264,-0.0031622841035951
2021-09-13,-0.000618275775588,0.0024366078316798,0.0034268545588283,0.0026636124193907,0.0075067050049092,0.00023201429213,0.0011977021739678
2021-09-14,-0.0037174196406689,0.0030189515392473,-0.0048008446664454,-0.0083954403184621,0.0014235203787979,0.0001158984956965,0.0037549322174888
2021-09-15,0.0055710071629531,-0.0011769912560182,0.0060164934109344,-0.0001915937849209,0.010025424249843,0.0,-0.0017050692872381
2021-09-16,0.0043116602356452,-0.0013995982880055,-0.0014437329932556,-0.011371427342841,-0.0188360283210869,-0.0003479127878264,-0.0031619487021535
2021-09-17,-0.0092621843270017,-0.0022138821456832,-0.0103183615377124,-0.0042735345276728,-0.0064787377268444,-0.0002319796169268,-0.0029144883285002
2021-09-20,-0.0567935312021059,0.003098019516188,-0.0170467831197018,-0.0272313046850588,-0.0247377352131037,0.0002319796169267,0.0050520633896622
2021-09-21,0.0117495019946467,-7.361080263770147e-05,0.0017177610094494,0.0073742022943856,0.0006166564721196,0.00023201429213,-0.0005980579753452
2021-09-22,0.0064683276010555,0.0027948652098585,0.0087771344915278,0.0124323466887167,0.0109143202467334,-0.0005800481653929,0.0009396541763228
2021-09-23,0.0147201876715774,-0.0069279992646467,0.0115332666088755,0.0078140211426514,0.023743221494787,-0.0005803848165504,-0.009091795937272
2021-09-24,-0.013431547400834,-0.0021471784037345,-0.0017597902554154,-0.0119410368898044,-0.0174209600412887,-0.0003483572007712,-0.0030202247507487
2021-09-27,-0.0051646534675674,-0.0005189017747836,-0.0020698713595185,0.0064776324846297,0.0059210837897819,-0.0001161755798023,-0.0026826856794683
2021-09-28,-0.0262310121488697,-0.0107359742065044,-0.0215645869545245,-0.0129974227998059,-0.0243914531241591,0.0001161755798023,-0.0038201334896278
2021-09-29,-0.0039947197976282,-0.0002248868283105,-7.8432749775434e-05,-0.0093598456744335,-0.0116728316027187,0.0003483572007713,0.0010433207876007
2021-09-30,-0.0006672729359682,-0.0026275762927752,-0.0083471433263354,0.0079713758777704,0.0074665117773034,0.0002322297735382,0.001215800304286
2021-10-01,0.0053262644384505,0.005323000179623,0.00811186800316,-0.0009929349563924,-0.0021099082817026,0.0003481550430122,0.0033791080678524
2021-10-04,-0.0133691825366701,-0.00164634634705,-0.0116766275595013,-0.0148121535912155,-0.0141384558977814,-0.0004642631884479,-0.0012116964312629
2021-10-05,0.0087101910341878,-0.0041277633033339,0.0079832421119761,0.007033053774776,-0.0059400012972828,-0.0001161216281025,-0.0031225683060647
2021-10-06,-0.0053511016848918,0.0003007240174195,0.0019662596810409,-0.005622480345439,-0.0219141093067051,-0.0001160465236243,0.000260575717408
2021-10-07,0.013324646966165,-0.0044455963972532,0.0083721761604505,0.0193445300709378,0.0167034979679386,-0.000348486256949,-0.0040031302704355
2021-10-08,0.0039629565648521,-0.0046172024668589,-0.0010914431060277,0.0037456648086785,-0.0067763016779016,-0.0003485190899114,-0.0021823586797319
2021-10-11,-0.0099371472253549,-0.0018984704387152,-0.0053183319647632,-0.001969637690524,-0.0020546563656893,-0.0008137134617735,-0.0024498986534259
2021-10-12,0.0066357245497762,0.0063645946403499,-0.0017266591808225,-0.0051394091271748,-0.0171143769686017,0.0004650728639571,0.0045450357390585
2021-10-13,0.0176995576240127,0.0050477631921488,0.0056400055509227,0.0137770486587936,0.0233936039145166,-0.0003487621904762,0.00191672147061
2021-10-14,0.0122701518384483,0.0047231006864885,0.015809328582378,0.0031225600728287,0.0155906998470216,0.0,0.0023473539913731
2021-10-15,0.0044828569558977,-0.0035965551343882,0.0072014595315302,0.0120086459937432,0.0107581796180103,-0.0005815999308492,-0.0049619890641717
2021-10-18,-0.0019187921121245,-0.0008260475038504,0.0014493495014849,-0.0025059724616626,-0.0091245348667326,-0.0006982956507257,-0.001397223483444
2021-10-19,0.0146173754492519,-0.0054992470686486,0.0069882408076517,0.013229962264589,0.0181664707744705,0.0003492087774635,-0.0035894428347297
2021-10-20,0.0075424427943148,-0.0024202652962697,0.0030986961615282,-0.0001904623564832,-0.0055641188156031,0.000349086873262,-0.00043857558343
2021-10-21,0.0105886819081154,-0.0021224900568422,0.0009804248997516,-0.0064984965348908,-0.0053459479321318,-0.0011641267529528,-0.0026357689882786
2021-10-22,0.0061766721245867,0.0040137793796679,0.0006783345290944,-0.0021115394691373,0.0017436719831005,-0.0002329525060728,0.002548004005841
2021-10-25,0.0049140336861574,0.0004533592359198,0.0027834895435826,0.0051749123983875,0.0133500352382371,0.0004659396061103,0.001227741898911
2021-10-26,0.0048900039936884,0.0042969221400862,0.0013512966013062,-0.0051749123983875,0.0072184363532924,-0.0002329871000375,0.0012262363969194
2021-10-27,-0.0104199345004625,0.0060744687979576,-0.004963821923996,-0.0081034976384864,-0.0127593552490531,-0.0002329525060728,0.0055866014998662
2021-10-28,0.0183155299651773,-0.0014964233690957,0.009231148910567,0.0009681332630305,0.0012339399109908,0.0001164385967708,-0.0026147964306338
2021-10-29,-0.0078955954647146,-0.0005243405320955,-0.0001494529153995,-0.0146215691318456,-0.0199284030846,0.0001165139093018,0.0004362412054958
2021-11-01,0.0024360176718729,-0.0037529130292141,0.004249828012144,0.0078247960711433,0.0043933854242871,-0.0005825275075167,-0.0007854112077149
2021-11-02,0.0024301904972476,0.0038279009723083,0.00208100240797,-0.0090037618063142,0.0076112493696911,0.001048358609744,0.0024415671228373
2021-11-03,0.0108631303751706,-0.0025503433974751,0.0068809615152268,0.0047076953544202,-0.011878813844509,-0.0002328440021896,-0.0031402730993383
2021-11-04,-0.0024039023091023,0.005243549145485,0.0022096426400505,-0.0023510773803243,0.0008801118938451,0.0009311396529152,0.0054021456122031
2021-11-05,0.0030039073904754,0.0072949236604235,0.0032319878536185,-0.0011776522389247,-0.0012575262414907,0.0004652892573684,0.0054594983814954
2021-11-08,-0.0018012797425365,-0.0023018205935981,0.0006597730432215,0.0091878513975185,0.0022624482007161,-0.0011635849080941,-0.0043305108726223
2021-11-09,-0.0018044383420474,0.0026726118218506,-0.0030093140021164,-0.0038994154851219,-0.0069292000302534,0.0005820060831802,0.0045897355851771
2021-11-10,-0.0145545876305709,-0.0102840526144007,-0.0098988500264802,-0.0041107836734717,-0.0176002152674421,-0.0019801508915688,-0.0085904287478884
2021-11-11,0.0079100081658728,-0.0028505374471878,0.0021506815534952,0.0171144019110449,0.0118950086895015,-0.0006997616344394,-0.003229634466267
2021-11-12,0.010250297549282,-0.0010522315474058,0.0076746983577064,0.0026959267016926,0.0135128617518135,0.000816370629003,0.0020961186117061
2021-11-15,-0.0036057180845838,-0.0076240755671193,-0.0008089767794451,-0.0032745510517269,0.0017545986208683,-0.0001166089945637,-0.0039337834358248
2021-11-16,0.0,-0.0016684458571194,0.0024249696512388,0.0013496520425064,-0.0020055617722382,0.0,-0.0008762572858001
2021-11-17,-0.0006022650087355,0.0040146914639442,-0.0026457031024593,-0.0052158999927694,-0.0128805501060522,0.0003497861986444,0.0035878722070457
2021-11-18,-0.0024125095484061,0.0022653717387715,0.0024255043335403,-0.0122772868551115,-0.0057357487914881,-0.0001165818055894,0.0006112709692625
2021-11-19,-0.0078812351906128,0.0037642142851408,-0.0044144135223704,-0.0015698949945607,0.0025532625075684,-0.0002332043930551,0.0027025652092474
2021-11-22,-0.0097860481494948,-0.0087548005380234,-0.0051748246300248,-0.0080844344801904,0.0201950380102511,-0.0011665712609395,-0.0073401585882097
2021-11-23,-0.0117466197445702,-0.0071510572005834,7.407453903713174e-05,-0.0009903781802886,-0.0077771981022907,0.0,-0.0041305467343532
2021-11-24,-0.0024907183428888,0.0047984013130884,0.0007408957716383,-0.0013881944893326,-0.0027742919715449,-0.000233442017194,0.003077588422329
2021-11-26,-0.0207880732678459,0.0080971503929094,-0.0226950443463437,-0.0341136848253015,-0.0442795819768875,0.0019828334219694,0.012823494896134
2021-11-29,0.0139066519605777,0.0006781812105061,0.0087495176220252,0.0038938183517222,0.0080195077892785,0.0004659938977177,-0.0022561805166208
2021-11-30,-0.0139066519605776,0.0021817958783554,-0.0155910028825597,-0.0010232117396299,-0.0084155574110517,-0.0008156096484985,0.005976393263285
2021-12-01,-0.0147486032429001,-0.0016547670248564,-0.0118935067611154,0.0036787350715266,0.0209075748460067,-0.0004663742105501,0.0011219718221354
2021-12-02,0.0153848797120641,0.0023308974798196,0.0141030644436672,0.0121655692994824,0.0221250246887202,-0.0012836294515121,-0.0021588022661664
2021-12-03,-0.016677684949165,0.0083019111756851,-0.0075633923219381,-0.0142076833483547,-0.0046909134156016,0.0005837045776353,0.0058610778238157
2021-12-06,0.0051612230246606,-0.005077614591188,0.0102995847350215,0.0077377921838006,0.0137567176038797,-0.0008172283766293,-0.0049970107648137
2021-12-07,0.0285461830116944,0.0004490499163824,0.0206580116204219,0.015697697781237,0.0155466102314104,-0.0012855796454497,-0.0038075716708518
2021-12-08,-0.0018778584107916,-0.0066819527993752,0.0034142889429071,0.0039855960895054,0.0028344754406078,0.000350760351584,-0.0032130210534795
2021-12-09,-0.0088106872152379,-0.0008289733366282,-0.0086323174823188,-0.004784655549321,-0.0061720969521849,-0.000350760351584,0.002519229159306
2021-12-10,-0.0012650030160819,0.0011301956567788,0.0058126608633865,0.0007990594598156,-0.0002477309295757,0.0004676828603213,0.0006937918941735
2021-12-13,-0.0185249234923426,0.0045082811350617,-0.0158780676230394,-0.0302040117963097,-0.0341407364820047,0.0005842293115932,0.0047572036429459
2021-12-14,-0.0110212603897065,-0.0045082811350618,-0.0080347041422108,-0.0022664192393872,-0.0044955245729496,-0.0005842293115933,-0.0017272389358552
2021-12-15,0.0116657389408126,0.0012794991603289,0.0151060281274134,-0.0028919538868466,0.0130452887345593,0.0003505963740805,-0.0014705750586113
2021-12-16,-0.0071128061521617,-0.0019574632617876,-0.0048091422529089,0.0012404668171167,-0.0059898680381903,0.0005840245786073,0.001989046881156
2021-12-17,-0.007817708916902,0.0023333537255834,-0.0106773828760027,-0.0049710474167968,0.0043366946955384,-0.0004672458562353,0.0022437197351643
2021-12-20,-0.0427586445595444,-0.0043701234337934,-0.0084098819656438,-0.0150630720906986,-0.0199248585020616,0.0002336947769692,-0.0008623532064334
2021-12-21,0.0149054044860697,0.0019614503151382,0.0159942941561092,0.0167228614715034,0.0109757200587273,-0.000584250204067,-0.0039765501281589
2021-12-22,0.0219496879030845,0.0015813208459045,0.0088013365626525,0.0047564878289819,0.0069107120871811,-0.0001168196693547,0.0009523451043773
2021-12-23,0.0117725560676454,-0.0015060014528329,0.0071641459778886,0.005144573415125,0.004580654150876,-0.0001169225087373,-0.0020789843474301
2021-12-27,0.0116355740560473,0.0029346452416871,0.0109453168789817,0.0045053814966935,0.0039278503585484,-0.000350760351584,0.0003468087036184
2021-12-28,-0.0045089429500885,-0.0012781338716484,-0.0010302405975423,-0.0032746621907079,-0.0034201600696995,0.0,-0.0001734223907733
2021-12-29,-0.0103829022350165,-0.0055071296505529,0.0006623953007955,-0.0045201927315745,0.0008878140874512,-0.0001169772073789,-0.0051284074960533
2021-12-30,0.0045557966287649,0.0040013550195452,-0.0019886161547142,0.0108551761467553,-0.0092975990821399,0.0005846600677001,0.0033060518885641
2021-12-31,0.0038885732190942,-0.001508045407955,-0.0023619147199657,-0.0049010039255057,-0.0035892715322175,-0.0001169225087373,-0.0011297724659686
2022-01-03,0.0019385323871574,-0.0106969395052426,0.0053800896227222,0.0071392917523769,-0.0001284548388699,-0.0011697097152818,-0.0093479009746004
2022-01-04,0.0064350288936529,0.0008386430528793,0.0,-0.0034613082390855,-0.0021857696340967,0.000584981263672,-0.0005267564458057
2022-01-05,-0.0292894362240277,-0.0058853250307964,-0.0169005484140522,-0.0164511061764599,-0.0196276153308622,-0.001287535889168,-0.0042242723418591
2022-01-06,-0.0079575816774332,-0.0013040171504667,-0.0018706278941137,0.0045511294941031,-0.0077750141993652,-0.0008201968583514,-0.0024723966616067
2022-01-07,-0.0033344479723139,-0.0043076801887803,-0.0024746128090471,0.0090405100226547,0.0253409916288786,-0.0002344272372431,-0.0032765382342417
2022-01-10,-0.0168410854770334,-0.0009254598362083,-0.0041380117577709,0.0,-0.0157299193445576,-0.0005864428962507,-0.0002661235740073
2022-01-11,0.0228351703310592,0.0030047356650844,0.010350387638883,0.0228500704947117,0.0245903617919943,0.0003518712166187,0.0023927014786224
2022-01-12,0.0118812473094454,-0.0006926899879963,0.0043926387659203,0.0164571578860312,0.0196220669069885,-0.0003518712166188,0.0001769771025892
2022-01-13,-0.0185434968639526,0.0031513317311536,-0.0121830043445126,-0.0142604399047983,-0.0177062157292624,0.0004691639344189,0.0031807820542725
2022-01-14,-0.0121050771772883,-0.008864234178091,0.0001504193760431,-0.0003990514304506,-0.0140060620027027,-0.0012907084493062,-0.0069045044662569
2022-01-18,-0.0211974166147916,-0.0095687325289179,-0.0181333399592394,-0.0179205313880009,-0.030080431281988,-0.001527492854631,-0.0075788196960586
2022-01-19,-0.0048493129711967,0.001562169915319,-0.0072230408226028,0.004257463728899,0.0111392740332549,0.0004702670540643,0.0024135946907971
2022-01-20,-0.0062695703614954,-0.0005465266036468,-0.0093751233460036,0.0058497577012952,-0.0047587743882241,-0.0002351507302795,0.0021405454664086
2022-01-21,-0.0226158911707733,0.0065379775682539,-0.0178288970820229,-0.0145869930834346,-0.0126677417854886,0.0008226065092585,0.005774471105348
2022-01-24,-0.0253361373815529,-0.0031079582590854,-0.0007134961415575,-0.0141816911176709,-0.0192391548040924,0.0005872004452043,-0.000886197097929
2022-01-25,-0.0036724244168964,-0.0028054928875608,-0.0099622263662424,-0.0018647089246443,-0.0147456639277535,-0.0004697148465767,-0.0013308037777939
2022-01-26,-0.0029476359255267,-0.0068126238202301,-0.0034500801339342,-0.0127310620420654,-0.012995366605953,-0.0017633758557527,-0.0071276412498111
2022-01-27,-0.0044379223507878,0.0022760353750958,-0.0053187008442663,-0.0116194235453253,-0.0269419677226499,-0.0008239621025128,0.0041936374955254
2022-01-28,0.0088562365342682,0.0010969161380457,0.0174613989201832,0.0048754635347144,0.0198847752606608,0.0003531969208338,0.0023123644188832
2022-01-31,0.0374953567849655,0.0004697814867837,0.0187215787498998,0.032250776351109,0.0250380369874347,0.0,0.0
2022-02-01,0.0126584179263038,-0.0002348332912423,0.0081492769908379,0.0061237023056221,0.0081173171326792,-0.0003531969208339,-0.0023123644188833
2022-02-02,0.0069638161470816,7.824407400696647e-05,0.0083135100018512,-0.0016292878499521,0.0070999292124965,0.0002355383548986,0.0020458389034187
2022-02-03,-0.0260120972422104,-0.0080959278247319,-0.0217761915604342,-0.0106558476626622,-0.020897056930875,-0.0008244472840301,-0.0042743017897215
2022-02-04,-0.0007124392593019,-0.0099937550994973,0.004533751451269,0.0024691150598273,0.0102281173676538,-0.0020051407160004,-0.007704065977923
2022-02-07,-0.0014265119516919,0.0018317478896185,-0.0012486630533851,-0.0020571591880441,0.0032948665621596,0.0002361500740185,0.0002698054114306
2022-02-08,-0.0050090423661465,-0.0037466760066409,0.0071584354311367,0.009632155734541,0.0030108305435386,-0.001062934473814,-0.0032417912267912
2022-02-09,0.0261962746722693,0.0033487367849352,0.0151582271917216,0.0155826379444617,0.0178769616242456,-0.0001181034782576,0.001351966467562
2022-02-10,-0.0183362404407047,-0.0137048758213465,-0.0157010327856869,-0.0066485187952967,-0.0116107773089523,-0.0050944994014164,-0.0092299692324017
2022-02-11,-0.0230391537729429,0.007396706735645,-0.0177661041101004,-0.0152768014581169,-0.0100996881308256,0.0030834287686088,0.0103102965676226
2022-02-14,-0.0087783804976216,-0.0089310887111502,-0.0041938639455591,-0.0070031211976236,-0.0090947804083028,-0.00213371716814,-0.0069522796900237
2022-02-15,0.023239948190333,-0.0050235297397073,0.0172167486000818,0.0214710062332654,0.0077221175849566,0.0003560112601609,-0.002994438293691
2022-02-16,-0.0028756968750689,0.0014610416889674,0.0017910352169228,0.0072566455491007,0.0120153989665697,0.0013040201714394,0.0020879289514076
2022-02-17,-0.0336780795658696,0.0007296902140661,-0.0195630064717646,-0.0117173427684779,-0.0079030502070832,0.0005921172856142,0.0053362761695335
2022-02-18,-0.005974648412326,0.0024285857862431,-0.0074859188772659,-0.0100071878162645,-0.0016428688755817,0.0001184175247036,0.0032420832377246
2022-02-22,-0.0227282510775561,-0.0012945282073561,-0.0119819524381402,-0.0142638581958217,-0.0028817407780355,-0.000947552253362,-8.993513665862654e-05
2022-02-23,-0.0138891358728492,-0.0091086765546617,-0.0145869099342501,-0.0117278319828216,-0.0130014946500456,-0.0005926990397411,-0.0052290223782503
2022-02-24,-0.0038925702079924,0.0047273852773481,0.004913197562569,-0.0208606864721635,-0.0168472970442872,0.0008297164827852,0.0023474382409263
2022-02-25,0.0299677370501241,0.0040574589981044,0.0230934820329234,0.018329515600238,0.0283361326597529,0.0,-0.0002705639637418
2022-02-28,-0.009125631443493,0.0106332535685052,-0.0056031279748725,-0.0131804404901475,-0.0034466152183152,0.0017753913096921,0.0113016012961292
2022-03-01,-0.0263172616900566,0.001361237877147,-0.0163474084516305,-0.0133564874609346,-0.0127869120781323,0.0020084571394565,0.0087910511459834
2022-03-02,0.0247882326823622,-0.015320421561109,0.0163474084516303,0.0017334352556913,0.0005593751574502,-0.0033101627126089,-0.0151436789975909
2022-03-03,-0.0358293664105157,0.0036497623946657,-0.0108144381292596,-0.0141722139717645,0.0068268865549162,0.0,0.0042991174229176
2022-03-04,-0.0379843396759106,0.0009710532281754,-0.0134789572047432,-0.020408915673051,-0.0285914674300885,0.0010651988512118,0.0098715783476358
2022-03-07,-0.0437780730395824,-0.0122061895295522,-0.0303939192094522,-0.0381454988726513,-0.0420192709145685,-0.0013020136722099,-0.0042568649247907
2022-03-08,0.0111255154293792,-0.005994645078797,-0.0033969790329286,0.0032542889751931,0.0069790351158265,-0.0013037111221557,-0.0065088343156084
2022-03-09,0.0514209211435911,0.0017281745562279,0.0303307021845411,0.0279194610353082,0.0387481998330875,-0.0005931912249862,-0.0061914365606406
2022-03-10,-0.0122002329637783,-0.0114948493675236,-0.0061258293255391,-0.0189093644793334,-0.0306427037421208,-0.0008310049446826,-0.004601046938323
2022-03-11,-0.0024579727593362,-0.0004159814626443,-0.0127858572764074,-0.0211512790536035,-0.0150845312067933,-0.0003563435348849,-0.0002712980358019
2022-03-14,-0.00906473824108,-0.0145840975986929,-0.0039607452197832,-0.0244929321836389,-0.0043306409034627,-0.00261719429778,-0.0127436085489497
2022-03-15,0.0049545804308068,0.0078214122695159,0.0187374606011932,0.0014432900998126,0.0110136234412607,0.0003573680575979,-0.0004581761273082
2022-03-16,0.0521578293206296,0.0085085317612212,0.025850140102407,0.0774506473032627,0.0428802541243544,-0.0009530835690225,-0.0013757192621323
2022-03-17,0.0093386246149747,0.0097537581802651,0.0104435029132854,-0.0051299217472733,0.0086128402047767,-0.0003576179156301,-0.0019291640299918
2022-03-18,0.0168974594213629,0.0019722076117127,0.0127845521130167,0.014209816731794,0.0051882995680919,-0.0002385436729095,0.002938205173877
2022-03-21,-0.0223344608306927,-0.013971167688679,-0.0010262266872681,-0.0155524298798637,-0.0209165821159398,-0.0033448697098902,-0.0131046371578545
2022-03-22,0.0131530887117996,-0.0024171790055862,0.0115435826317554,0.0179745516879047,0.0169928274055015,-0.0007181896159337,-0.0054958358236743
2022-03-23,-0.0201870678340101,0.0028333047111439,-0.012491846213721,-0.0066196855537123,-0.0097355610770091,0.0008378681819056,0.006702699018331
2022-03-24,-0.0015698350621602,0.0004160160789211,0.0122575997071646,0.0052992326200857,0.0060781911867892,-0.0002393714566172,-0.0055824342654481
2022-03-25,-0.0007859026221059,-0.0079336053200153,0.0030410517513765,-0.0079593746306793,-0.0111954819296585,-0.0027562571033106,-0.0103161232153987
2022-03-28,-0.0031495608435987,0.0055184393433343,0.004427989928219,0.0033241365984229,0.0100674243774328,-0.0009605215070971,0.0022598678360125
2022-03-29,0.0386745791522505,0.0083863332437421,0.0153837360785511,0.0168919326551019,0.0225982943135507,0.0004803760787397,0.0049725559499482
2022-03-30,-0.017604764083274,0.0023125115612973,-0.0063555623542319,-0.0028319606372884,-0.0131900132060692,0.0007200859506243,0.0039230218305064
2022-03-31,-0.0046440185452324,-0.0023125115612974,-0.0156385399874369,-0.0151667620764288,-0.0044824235362121,0.0,0.0018627608965165
2022-04-01,0.0131024009823925,0.0012394654914147,0.0050589195598904,0.0164748366512867,-0.002952644870847,-0.0025226644066764,-0.0076592909868998
2022-04-04,0.0061067960238659,0.0034625409778147,0.0071169031949855,0.0174931046037255,0.0141212017066219,0.0006012511599075,-0.0006565651759773
2022-04-05,-0.0184336552389463,-0.0176849217677671,-0.0133469916934104,-0.0185830894911021,-0.0163765739033115,-0.0018047472004333,-0.0119875358392697
2022-04-06,-0.0235304974101941,-0.0058808617394118,-0.0109968426031421,-0.0131724952767363,-0.0123537638713017,0.0007222530567268,-0.0035195766861151
2022-04-07,-0.0007939537814077,-0.0046451082841139,0.0043346644889424,-0.0079876309486986,-0.0063063819314414,0.0007218235272784,-0.0024807009460816
2022-04-08,-0.0015898618519741,-0.0079038386059013,-0.0029139830811527,0.0008906906770818,-0.0093897620821722,-0.0012032982173984,-0.0050758982195033
2022-04-11,-0.0112000682498798,-0.0097745733772858,-0.0150988367727926,-0.0125421885564154,-0.0075758561211939,0.0002408122382461,-0.0048123287545181
2022-04-12,-0.0088889967395588,0.000689076961858,-0.0045744608233034,-0.0031602597872871,0.0020452804191904,0.0025244838917249,0.0048123287545182
2022-04-13,0.0200890649894387,0.0051528667880049,0.012549620765298,0.0130280779144118,0.0249346837499627,0.0004801454283573,0.0022058775442062
2022-04-14,-0.005584354015795,-0.0117182164525202,-0.0102196400770045,-0.0130280779144118,-0.0218744742380088,-0.0018017123840247,-0.0090463018362185
2022-04-18,-0.006420592374242,-0.0076561820297854,-0.0033761942342919,-0.0033970751466044,-0.0007277935031268,0.0,-0.0029044753606371
2022-04-19,0.0096154954388544,-0.0079793809906809,0.0124035953470686,-0.005003449478365,0.0071091756679695,-0.0022868451140872,-0.0066148131295179
2022-04-20,0.0087336678006612,0.0103346544397377,0.001430504162033,-0.005945641547881,0.0057662194082606,0.0006023375731764,0.0077776305637876
2022-04-21,-0.0280579527951573,-0.0106868010158898,-0.0150426685145281,-0.0194540684541207,-0.0181308905354939,-0.0016873498952064,-0.0055353351546518
2022-04-22,-0.0246926125903715,-0.0011455689855988,-0.0249788311865452,-0.0089264688602064,-0.0119267783165062,-0.0002413351755981,0.0004867392618026
2022-04-25,-0.0092089262520138,0.0110479172344139,0.0023941665606088,-0.0073416876950086,-0.0071355045383786,0.0015673628296494,0.0064034725848444
2022-04-26,-0.0517803318591022,-0.0005233105901826,-0.0272500522474445,-0.0221109261444544,-0.0287550317710281,0.0018053988251606,0.0066508975138542
2022-04-27,-0.001773090703796,-0.0096433298056035,0.0037215201009215,0.0115971226602527,0.0010741917389621,-0.0004811271921731,-0.0055876273116596
2022-04-28,0.0175906035617582,0.0029906256029897,0.0212996407560481,0.0143097712418499,0.01748431565429,-0.0007221710252252,-0.0014502010941768
2022-04-29,-0.0175906035617582,-0.0111279267292125,-0.0300333105547626,0.0035457199373602,0.0043612509188552,-0.0019281282618135,-0.0053354451315469
2022-05-02,0.003542975663527,-0.0082040604076139,0.0035705060354323,-0.0014167977045421,0.0032959014211022,-0.0006033550923044,-0.008694426949603
2022-05-03,0.0035304672907965,0.0064263092883722,0.0053320331931575,0.0072984754937055,0.0031359554407847,-0.0004829278916179,0.0011767283876043
2022-05-04,0.0174676930403907,0.0097388858864316,0.0255013615676811,0.0107326993362889,0.0175871292125179,0.0026531760084003,0.0064471849733958
2022-05-05,-0.0388398470505475,-0.0154491028583051,-0.0371328782651409,-0.0375975279322379,-0.0354891111552969,-0.0016875533319436,-0.0100798309419601
2022-05-06,-0.0172496475469965,-0.0085367331472821,-0.0065113505681402,-0.0138301292762994,0.0037875965347401,-0.0001206748681324,-0.0057210833375484
2022-05-09,-0.0459096440981547,0.0035133534567464,-0.0329416593492427,-0.0292534568600122,-0.0325831056262005,0.0025305682309698,0.0073917453499727
2022-05-10,0.0133334727381611,0.004217722688069,0.0023070297230668,0.0047684525034763,0.0045203241775159,-0.0006018831601653,0.0033330485995903
2022-05-11,-0.0104613269612405,0.004645807257541,-0.0132937275146599,-0.0070351743595675,-0.0109462323505444,0.0001204423626183,0.0061466339185482
2022-05-12,-0.0038314370113069,0.0004455324432768,-0.0003592641634264,-0.0065772642124713,-0.0145710239976589,0.0014438110594551,0.0033016535022272
2022-05-13,0.0450357821973807,-0.0052704248087093,0.0253717195466179,0.0272892164661507,0.0438550042541656,-0.0003607573815477,-0.0052488544876924
2022-05-16,-0.0009178382784851,0.0013425960647859,-0.0029827547535602,-0.0039594172108509,-0.0115182111097506,0.0006012511599075,0.0041818714188243
2022-05-17,0.0280688273444358,-0.0057409501987886,0.0200919791129763,0.0242509825786921,0.0259201059900984,-0.0021660694415885,-0.0075986606991683
2022-05-18,-0.0391493154684793,0.0036815560510118,-0.0358542710433993,-0.0242509825786921,-0.0338288779571612,0.0004817646037735,0.007113264853555
2022-05-19,-0.0027893595444124,0.0026853135405869,-0.0004463960439283,0.0157444670667494,0.019121597564266,0.0014438110594551,0.0035861705438012
2022-05-20,0.0037174905021352,0.0049043338759148,0.0029423750410677,0.0041407480350194,0.0098792733939471,0.0007212162264305,0.0046331717495365
2022-05-23,0.0202026790080781,-0.0035644444718891,0.0170370922138338,0.0075070305987163,0.0151596825441081,-0.0004807224480709,-0.0060854789816199
2022-05-24,-0.0164990275848213,0.0130373116755593,-0.0072031205129302,-0.0175229895662225,-0.015159682544108,0.0022812618689641,0.008586222255792
2022-05-25,0.0064487057430635,0.0102565509291185,0.0073781305200296,0.0048983875390123,-0.0018165724657501,0.000719400439827,0.0020152503194806
2022-05-26,0.0280688273444358,0.0002615982443391,0.0173510040272217,0.0155154479629424,0.0084490178067455,0.0002396242418127,-0.0004794114531715
2022-05-27,0.0194523992038916,0.0052178435225114,0.0204314724386094,0.0114806223520357,0.0155042006435738,0.0002396582276761,0.0014376915469211
2022-05-31,0.0017498217848134,-0.0074000116705305,-0.0061704749744781,0.0139333972681965,0.0064878205066381,-0.001558531531511,-0.0104945261023901
2022-06-01,-0.0203097758174511,-0.0082478525939563,-0.0079166217850806,-0.007060496232938,-0.0063398708532629,-0.0026429763865221,-0.0068955654515609
2022-06-02,0.0290130508301713,0.0004404585060041,0.0200522402457638,0.0170944226698526,0.0145366023585861,0.0002406094864602,0.00146079320784
2022-06-03,-0.0166015303750625,-0.0031754512140346,-0.0166395459005509,-0.0163861525512088,-0.023301480268078,-0.000360844155308,-0.0019482236625271
2022-06-06,0.0122593612133125,-0.0070928841139083,0.0035708094321503,0.0054136780273365,-0.0019415622150174,-0.0013242716329874,-0.0075360929091723
2022-06-07,-0.0034873751404756,0.0053243402152686,0.0082826346563184,0.0030470214864291,-0.0058475223438025,0.0001203939880923,0.0040197714504355
2022-06-08,-0.0043763745997988,-0.0057693458089464,-0.01151287279991,0.0053681899464515,-0.0070927819424272,-0.0007229493041487,-0.0037251024319784
2022-06-09,-0.0275695402791218,-0.0066089182313801,-0.0321854374084112,-0.0324096714657706,-0.0191122708200252,-0.0007234723379948,-0.0008842676728623
2022-06-10,-0.0320687118331707,-0.009724566593237,-0.028811726755239,-0.0111219492120984,-0.0258007856005245,-0.0042308732127736,-0.009878574523474
2022-06-13,-0.0565013978003608,-0.0233430476162271,-0.0392207131532812,-0.0356385760170374,-0.0465276034504236,-0.0051008830245197,-0.0179300728054587
2022-06-14,-0.0148886124937506,-0.005200100360363,-0.0050007065218702,0.0137623353083399,0.0115493905114898,-0.0019499827532042,-0.0080166942063188
2022-06-15,0.0276151967193328,0.015519874335416,0.0164176489289536,0.0130849605562312,0.0006559678134136,0.0038962631862313,0.0138616589907554
2022-06-16,-0.0447613245089549,0.0010994297864054,-0.0304198895326987,-0.0311396435963597,-0.029276846440378,0.0013358506901314,0.0065101290845781
2022-06-17,0.005073577443589,0.0020124523926732,0.0008629018174881,0.0037883039063179,0.0077350154451783,-0.0002427997658381,0.0002994338498982
2022-06-21,0.0030317902965181,-0.0101029373590886,0.0205841350152942,0.0160044228282463,-0.0021799466604932,-0.0003642175730778,-0.0052031000934014
2022-06-22,-0.0070886063734697,0.0072660784054025,-0.0032914729916096,-0.0180230462250782,-0.0299902916679837,0.0029101253873341,0.0125612469981256
2022-06-23,0.0080971639620318,0.0076684357055997,0.0061977475346246,0.0030264571155829,-0.0102582858941662,0.0008472899050764,0.0056310317420485
2022-06-24,0.0356473991802855,0.0011815248465828,0.0298804773944017,0.0233958514429902,0.0390728035961157,-0.0002420359611527,-0.0035527581418094
2022-06-27,-0.0009732954881783,-0.0092166050538903,-0.0024561908635733,0.0012292376631748,0.0,-0.0010896100909806,-0.0056511297502858
2022-06-28,-0.015701976285589,-0.0002750541311556,-0.0170865869207472,-0.0061614488281929,-0.0074224129833353,-0.0002423585211651,0.0012916416205475
2022-06-29,-0.0199806849950801,0.0059428188294826,-0.0017619742400468,-0.0039633404391029,-0.0155279943631817,0.0012109286599966,0.0080106997700859
2022-06-30,-0.0091232416551206,0.0030037053254846,-0.0080142133342181,-0.0047270256660147,0.0006875898633906,0.001934514735577,0.0076539124496249
2022-07-01,0.0081136658511339,0.0098576783758033,0.0081998678355493,-0.0062539293150186,-0.013669165159681,0.00205126067636,0.0091466513694903
2022-07-05,-0.0111732850120282,-0.0002700725349663,-0.0042778738480623,-0.0078095260487304,-0.0069930620742263,-0.0001205730393799,0.0036740337344092
2022-07-06,0.0030596191608944,-0.0049631959409486,0.0024201306245656,-0.0060883414349327,-0.0084567019190785,-0.0027765543289552,-0.0085288836464009
2022-07-07,0.0171635166451148,-9.048840865882762e-05,0.0152238171238779,0.0199024309985512,0.0237773543017718,-0.0007255721302998,-0.0061508347016944
2022-07-08,-0.0040120567640237,-0.0016298474036593,0.0003662081492448,0.0,0.007230160052763,-0.0012105812249127,-0.0060904191327921
2022-07-11,-0.0213314178499498,0.0028053516881906,-0.0145678571542473,-0.02705258353407,-0.0290631812829964,0.0003632913198363,0.0078516750071801
2022-07-12,0.0071611247023988,0.0014447901221002,-0.0051212497982997,-0.0038516295415149,-0.0008833007513646,0.0004842139917745,0.0023435013569584
2022-07-13,-0.0092166709472886,0.007461731267387,-0.003272770273736,-0.002318099048105,0.0073956695989045,-0.0010897420572075,0.0042822687474133
2022-07-14,-0.0165978759734283,-0.0063794553191593,-0.0073322268652721,-0.0090662058190245,-0.0184141343976583,-0.000363511409543,-0.0055509680170304
2022-07-15,0.0176262164600973,0.0079903407800175,0.0168401684030132,0.0051907918102445,0.0157790599192147,0.0007268907265569,0.0034121258697754
2022-07-18,0.0102250376420931,-0.0069992995922811,-0.0031593036002931,0.0069650855219994,0.0075353079851257,-0.0006057672105648,-0.002924008479213
2022-07-19,0.0280860527351875,0.0027876242456256,0.0268127879831508,0.0163185510468518,0.0243178298299475,-0.0010911954954301,-0.0045980963525537
2022-07-20,0.0098425992920174,-0.0010781919050304,0.0027144010615022,-0.0043087630714659,-0.0073536084498261,-0.0001213483328519,-0.0009811253923127
2022-07-21,0.0203593898060883,0.0135716750288771,0.0106953111183124,0.0113652131467035,0.0163436205651129,0.0027867390344419,0.0113216480889434
2022-07-22,-0.0086746943635005,0.0076858465677987,-0.0082585582161954,-0.0100960356974857,-0.0127455202214609,0.002537601286346,0.0113867899526137
2022-07-25,0.0028999094285591,-0.0084843558340511,0.0034193972826273,0.0035452861939591,0.0052878171584449,-0.0008451518061701,-0.0035565255648048
2022-07-26,-0.0224508737162435,-0.0001774955010297,-0.0133842057969453,-0.0078670972402241,-0.0025551110294308,-0.0004832779519712,0.0003851055784447
2022-07-27,0.029184949885571,0.0066357243258128,0.0254384478052742,0.0184278733940197,0.0204278070221336,0.0015697311147381,0.0020193197556431
2022-07-28,0.0264915719403183,0.0082550290582071,0.0109455191363767,0.0042431607747887,0.0112995602678433,0.0021694634374117,0.0098456924990563
2022-07-29,0.0166670807441909,0.0023586320264919,0.0144677092857682,-0.004743547527968,0.0004955609149486,-0.0001203360039886,0.0003804176593483
2022-08-01,-0.0092251575449671,-0.0004363839328954,-0.0016453993226559,-0.0085449165578445,-0.0114609447780747,-0.00108431991983,0.0040802857010409
2022-08-02,-0.0215465295831412,-0.0122959031055866,-0.0087921742160728,-0.0048070586821924,-0.007209358107255,-0.0035017957698814,-0.0139222149486724
2022-08-03,0.0178324907451672,0.0108108784062838,0.0125984283547223,0.0078313237306544,0.0171828196950017,0.0003628080124775,0.0041205588182323
2022-08-04,0.012939196382941,0.0015723300399976,0.0015529319436352,0.0070210612340847,0.0044558281631811,0.0013292324354867,0.0050555626724424
2022-08-05,-0.012939196382941,-0.0136212227422954,-0.0031082792362508,0.0009990239245658,0.0,-0.0041141919165382,-0.0145679846911214
2022-08-08,0.0083372555142019,0.0039737310612581,-0.0003459688314812,0.0012473304803782,0.0054192074257788,0.0009696016876871,0.0058719001829123
2022-08-09,-0.0148701479813139,-0.0045047299207841,-0.0050299459386759,-0.003746764129646,-0.0045962423928905,-0.000969601687687,-0.0029798185017461
2022-08-10,0.0358658570461639,0.0094277953241109,0.0219279011839989,0.0124348782423792,0.0130764048262354,0.0009696016876871,0.0005774727143095
2022-08-11,0.0009029897093541,-0.0096934005262384,0.0002551242054102,0.0039467207452975,-0.0042311232040823,-0.0003635598119269,-0.0066606012277644
2022-08-12,0.0089847861614562,0.0115333194538539,0.0137654064837831,0.0105302874558883,0.0140881440067743,0.0002423878935509,0.0039631162485034
2022-08-15,-0.0026869971174064,-0.0007004746444534,0.001089712595837,-0.0046392129857172,-0.0101818617547642,0.0008477105464046,0.0031783720398426
2022-08-16,-0.0062977890440497,-0.003861707730238,0.0020086871893606,-0.0002448203743116,0.0008118736543262,-0.0008477105464046,-0.0011545764472726
2022-08-17,-0.0209766288756093,-0.009453617093525,-0.0078905370656436,-0.0041702052705722,-0.0153748931595314,-0.000848429769311,-0.0067620483178683
2022-08-18,-0.0046189458562945,0.0025710454379723,8.42245545422632e-05,-0.0056699163164247,-0.0104382897597597,0.0014539578347439,0.0019367157864437
2022-08-19,-0.0281708769666963,-0.0119356895870728,-0.0134890387842137,-0.0136903002274011,-0.0188304614964188,-0.0007267146682221,-0.0086471208053495
2022-08-22,-0.0240975515790605,-0.0067431139773985,-0.0202759063925572,-0.0088106872152379,-0.0191917980387783,-0.0013337451190439,-0.0044008146223866
2022-08-23,0.0048661896511729,0.0010819832157089,0.0,0.0052956646502544,0.0048326395642767,0.0004852124815436,-0.0024532665559144
2022-08-24,0.0106229727334687,-0.0029782236728222,0.0027852719363918,-0.0002514984730717,0.0058368635736883,-0.0010919898784666,-0.0033460944107344
2022-08-25,0.0095603024014477,0.0102509610810172,0.0129535486590078,0.0214045156274532,0.0203328047178883,0.0006067773969227,0.0063872265531354
2022-08-26,-0.0397917465232928,-0.0060119358318295,-0.0317293180395637,-0.0148849758098335,-0.029446422786926,-0.0002426482611521,-0.0011760769622086
2022-08-29,-0.004962789342129,-0.0074074384699896,-0.0055953330045835,-0.0062680413445479,-0.0105931462063823,-0.0007284835670761,-0.0057042034026843
2022-08-30,-0.0039880564215012,0.0012685702034151,-0.0102050782616875,-0.0118912827012541,-0.0008732729188875,-0.0004858271023773,-0.0002959189101434
2022-08-31,-0.0030014571814758,-0.0105599859613652,-0.0077680872735681,0.0035568987570622,0.0118118501804394,-0.0001215400206779,-0.0041522369356818
2022-09-01,-0.0243419875815563,-0.0088243895544636,-0.0029059201154292,-0.0078931377661637,-0.0214686583961163,-0.0019462804330272,-0.0097562082910087
2022-09-02,-0.0020555462448896,0.0007383648898566,-0.0089522450128817,-0.0092450741445894,-0.0133205059167832,0.0021892530132234,0.0055865824718979
2022-09-06,0.003081697934094,-0.013654954051336,-0.0043220556390978,-0.0119388674519577,-0.0174952830338575,-0.0021892530132235,-0.0112045502662897
2022-09-07,0.0192997510096211,0.0135626706505658,0.0152730404953015,0.0088381172819593,0.0059864456524568,0.001460065335266,0.006517962518646
2022-09-08,-0.0070672134935193,-0.0023093632391142,0.0051600141108816,-0.0054495810306346,-0.0112769974944372,-0.0012165265879023,-0.0037050334313709
2022-09-09,0.0269881906852949,0.0023093632391143,0.0192270757456848,0.0147232336118119,0.0213544187801434,-0.0008524593269485,0.0001003374238957
2022-09-12,0.0156558820244377,-0.0022168664860475,0.0115363663754109,0.0147623403068916,0.0085577872182845,-0.0001218658074916,-0.0024104209109657
2022-09-13,-0.0477228039461797,-0.0072389994013073,-0.0417490633328382,-0.0313087205101546,-0.0330265837432764,-0.0034175399826218,-0.0056468595037534
2022-09-14,-0.0061287064984146,0.0047391449408368,0.0039178247096691,0.0049408142920481,0.0109489867967678,-0.0008562130534656,0.0005055153653118
2022-09-15,-0.0092641068848195,-0.0048323137385672,-0.0102368387607952,-0.0106924960490838,-0.0210919826202201,-0.0011019770705106,-0.0034423843420418
2022-09-16,-0.0124871234135374,-0.0023315469042663,-0.007746938453913,-0.0092190425812412,0.0083064760653951,0.0004899071334807,0.0008110486205915
2022-09-19,0.0020920190834269,0.0016792643882908,0.0058158229838119,0.0031703839151331,-0.0016557845782336,-0.0011025586157123,-0.0028414751886287
2022-09-20,-0.034009622051732,-0.0100239698812834,-0.012317839004206,-0.005554810812154,-0.013719193136805,-0.000490447715248,-0.0062184878787458
2022-09-21,-0.0141537809003511,0.0037590639739959,-0.016158184051997,-0.016852105760864,-0.0101314360661687,-0.0008588393130427,0.0039802000518745
2022-09-22,-0.0300523116041444,-0.0141698950454194,-0.0083690195801579,-0.004867513866814,-0.0119511476831112,-0.0018428842986486,-0.0151891608380135
2022-09-23,-0.0309835099516949,-0.0028582627536043,-0.0224055699302352,-0.0249772792637463,-0.0355481113896506,-0.0012304477196299,0.0012402104593348
2022-09-26,-0.0212022432188751,-0.0175172884928528,-0.0121844669266163,-0.0123043673126795,-0.0209818714368152,-0.0022186660500837,-0.0167686126778309
2022-09-27,-0.0035778578085516,-0.0151643606391885,-0.0026729142686282,-0.0011261520056116,-0.0062798013469678,0.0,-0.0068504408425322
2022-09-28,0.0340608569137784,0.0199108750018315,0.0203117394002575,0.0086945258783426,0.0030435556890506,0.0043095366021966,0.0222754819060938
2022-09-29,-0.0304829991052268,-0.0074689154942364,-0.0174411517116836,-0.0225935353356359,-0.0227445641774445,-0.0013524390281738,-0.0046649602757731
2022-09-30,0.00711744973247,-0.0025346293668701,-0.0121322217054437,-0.0037200573607286,-0.018617824321754,-0.0008615877909379,-0.0026010523487883
2022-10-03,0.0268238012545832,0.0150160542442418,0.0242166970930042,0.0162096448363522,0.0221349102305888,0.000861587790938,0.009848258481218
2022-10-04,0.0537642961522498,0.0046047985166635,0.0335140861717794,0.0321981693041611,0.046013011951423,0.0003690113821633,0.0020609750324389
2022-10-05,-0.0164929527472747,-0.0075899955426066,-0.0037846722351803,0.0005461621464358,-0.01730867660591,-0.0009843018047017,-0.0095159816764915
2022-10-06,-0.0145172335514911,-0.0023173274237115,-0.0123999625868244,-0.0060241479537792,0.0075969427733069,-0.0012319058362533,-0.0055234236530175
2022-10-07,-0.0354931176216621,-0.0100063865352152,-0.0256648607781743,-0.0210942683345619,-0.0170737998502103,-0.0012333311450822,-0.0049238087186829
2022-10-10,-0.0035026661194742,-0.0090231896746605,-0.0063222513108848,-0.0141245279947882,-0.0134613462077875,-0.0003702867353656,-0.0058984534211116
2022-10-11,-0.0236697440859047,-0.0020710997444617,-0.008558975235215,-0.0160600343067612,-0.0016440988353139,0.000493716565217,0.0025321585296107
2022-10-12,-0.0072115513093012,-0.0011854466183722,-0.003103312832084,0.0011557618975627,0.0102313151745317,0.0009867024634765,0.0032612469870357
2022-10-13,0.0320501847744996,0.0017776057234615,0.0254406173280326,0.0028834643173716,-0.0006109109155792,-0.0029630329476462,-0.0042101055023727
2022-10-14,-0.0212522214168137,-0.0096169009775278,-0.0232372992202027,-0.0150858813478085,-0.0098260675648359,-0.0004946935187765,-0.0056057980590591
2022-10-17,0.0340208046822489,0.0047704658351104,0.0253853299683711,0.0271066894396353,0.0309897969437456,0.0011127400437619,0.0010600920766325
2022-10-18,0.0182862935837139,0.0059312004149618,0.0106714099162052,0.0002844068099931,0.0011959613384802,0.000494143495544,0.0025397420335748
2022-10-19,-0.0333940235091988,-0.0137946850622723,-0.0085279833160468,-0.0183701890011094,-0.0130327965170489,-0.0018542748996812,-0.0105180836141274
2022-10-20,-0.0082305530341491,-0.0087319545256024,-0.0065420158424165,0.0063529296520123,-0.0002018028368501,-0.0011141608851789,-0.0075042907631943
2022-10-21,0.0175545766386144,0.002818669152873,0.0213227398253596,0.0151409480987359,0.0160195501965342,0.0025978746217248,0.0022572061479961
2022-10-24,0.0057837063210195,-0.0005027706187775,0.0075472144368971,-0.0387331694363854,-0.0115885780386383,-0.0002471799392976,-0.0012892432935248
2022-10-25,0.0473061693823362,0.0132875906243502,0.0187626103649574,0.008218384437118,0.016740131438032,0.0009881650008562,0.0123933603481034
2022-10-26,0.0142000794934423,0.0045549051602472,-0.0024314470605362,0.0162369869577152,0.0182125925132492,0.0008638205628278,0.005083715109325
2022-10-27,-0.0010851707695929,0.0046326159655352,-0.0051631472960791,-0.0077956351479339,-0.0005823309812685,0.0020947351816133,0.0070530125479458
2022-10-28,0.008648735551125,0.0020629613915893,0.0189256456679952,-0.006105530862942,0.0061943615751228,-0.0014781367157477,-0.0051533531293744
2022-10-31,-0.0173728412182259,-0.0054120973604871,-0.0079740860409602,-0.0029206296896156,-0.0001929619118242,-0.0014804190286934,-0.0045441840498039
2022-11-01,0.0184486721267279,0.0041354743758772,0.0001862075068592,0.0182587620909044,0.0172219661649867,-0.0027197596486244,-0.0023329937791062
2022-11-02,-0.0162605208717802,-0.0048263858752368,-0.0232579682616475,-0.008363449525719,-0.0185739642996835,-0.0004953060571629,-0.0017001774478155
2022-11-03,-0.0198682372385522,-0.0035608407138785,-0.0098607736078663,0.0057753775253992,0.0055892426423952,-0.0018595620714704,-0.0043698020974445
2022-11-04,0.0393494055194609,0.0019798519309258,0.0207567220824831,0.0414552863320594,0.035866463167187,0.0011161899733757,-0.0021386297357616
2022-11-07,0.0201597691786549,-0.0036657567333649,0.0076038624711527,0.0005523462503267,0.0143595763336734,-0.0008679980013864,-0.003538707684771
2022-11-08,0.0010499329417588,0.0041600512922155,0.007175138204073,0.0071526665000569,0.0218755738398238,0.0009919632498594,0.0066381695769908
2022-11-09,-0.0137350604127943,-0.0025731853517241,-0.019123129431073,-0.0174206281750263,-0.0014316039946635,0.0016097737573047,0.0034089699409864
2022-11-10,0.0875431355945509,0.0329464221445062,0.0537084552232013,0.0356202877544657,0.0444829225351704,0.0054294609740777,0.022191588810319
2022-11-11,0.0354273961922633,0.0026812117803199,0.0136298828808332,0.0268240303442276,0.0394644186499192,-0.0002462064315321,-0.0020824345961072
2022-11-14,-0.0325076563880592,-0.0050812513118961,-0.0100485241348721,-0.0060454788348809,-0.0192857158541795,-0.0008620122020647,-0.0024002448789612
2022-11-15,-0.0019455704495129,0.0138406920629538,0.0086318775843306,0.0226778632192693,0.0131745574938845,0.0009851229950316,0.0073908533448971
2022-11-16,-0.01966631780017,0.008495440348181,-0.0064892299708691,-0.0161084006751584,-0.0301040291202574,0.0001230956385653,0.0073366291497846
2022-11-17,-0.0119881252545288,-0.0053720471992769,-0.0025896422368492,0.0018317339818636,-0.0153121166237097,-0.0012313567687023,-0.0068181673006882
2022-11-18,0.0020080021938386,-9.452474949409288e-05,0.0037483828020473,-0.0057682704308024,0.0063941967335661,-0.001109584844443,-0.0035306783299839
2022-11-21,-0.0040200445745521,-0.0015132513377395,-0.0059862211632957,-0.0127019319495603,-0.0277722883912625,-0.0002466894008023,-0.0006243242611363
2022-11-22,0.0070245842042579,0.0088579058392373,0.0141480670306847,0.0023939406094929,0.0070597103473013,0.0007399797727743,0.005708698307852
2022-11-23,0.0119285407095636,0.0099884828042412,0.0076575010777126,0.0082022254437702,0.018988465994098,0.0008626495627612,0.005367443081482
2022-11-25,0.007874086586616,0.0010211483113687,0.0013142950105206,-0.0047543751013107,-0.0013814858226408,0.0001232017746372,-0.0003088677429638
2022-11-28,-0.0318751776422124,-0.0072639432758073,-0.0149091449289784,-0.0045111390301723,-0.0179587912151819,0.0002462640761032,0.0004118286384517
2022-11-29,0.0030317902965181,-0.0049660330389975,-0.0008891915181569,0.0213138285712429,0.0263904281995576,-0.0003694658507405,-0.0042292462172181
2022-11-30,0.0170089599740659,0.0121372327811929,0.0265980015624668,0.0284890460775509,0.0393129765214979,0.0029520054158287,0.0089530081271822
2022-12-01,0.0137932619963165,0.0092370874798888,0.0032863235484114,-0.0032949229750306,-0.0064457604010404,0.0001228386409183,0.0088735625238277
2022-12-02,-0.0147858784898835,0.0060500324955309,-0.0011230380189305,0.0038008794092051,-0.0145305729277468,-0.0002455986573291,0.002028778790073
2022-12-05,-0.0190481337770173,-0.0085356887577092,-0.0179666893851568,-0.011446157188565,-0.0234903950562378,-0.0028292453994177,-0.0101854618270463
2022-12-06,-0.0183866571386758,0.0030371551095863,-0.0116846485217993,-0.0012798987124661,-0.0170231575620674,0.0011079882891744,0.0061237023056221
2022-12-07,0.0020597015663247,0.0110579065341753,-0.0012473219036356,-0.0059088042301063,0.0054162367977369,0.0020896793210123,0.0087124512036549
2022-12-08,0.0071758850528541,-0.0031860067510673,0.0071952802765445,0.0120374716435086,0.0039996496340357,-0.0009828235380194,-0.0056645665844332
2022-12-09,0.0040774930759078,-0.0075043794236676,-0.0051468905747257,-0.0066411054828223,0.0072627326709109,-0.0004917742347979,-0.0074327416035096
2022-12-12,0.0091139253286693,-0.0012868775419689,0.0100912547710329,-0.0030800570764002,0.0027529240562548,-0.0006150815481949,-0.0014317796616147
2022-12-13,0.0199607431705161,0.0087000590052357,0.0028144230774214,-0.0080011103464726,0.0008587245994925,0.0029488348553922,0.0089659008557043
2022-12-14,-0.0059464841997986,0.0009113970416256,-0.0046656959817831,0.0005181465806601,-0.0041287119019314,0.0001226094206377,0.0027349146105978
2022-12-15,-0.0323260161832591,-0.0021887639269685,-0.0259220940791349,-0.023320835956785,-0.0442323597914896,-0.0020875328271205,0.0
2022-12-16,-0.0249493347140563,-0.0043003060787193,-0.0105599859613652,0.0029119969196413,0.0144891429021866,0.0009829443186628,-0.0025320315189231
2022-12-19,-0.0148465244191197,-0.0101373874424574,-0.0071638697174125,0.0007926748553316,0.0060198507546363,-0.0012287845341731,-0.0081458861920885
2022-12-20,0.0,-0.0118333235830106,0.0024856562621781,-0.0002642223328389,0.0138488864224867,0.0,-0.0072854367589302
2022-12-21,0.0190482272673573,0.0068189113450138,0.0136975931300578,0.0089427257083688,-0.002091303195799,0.000983185876844,0.0012351045906305
2022-12-22,-0.0137205640729484,-0.0002793052449406,-0.0125030397832629,-0.0089427257083688,-0.0073542296867621,-0.0006144013272504,-0.0003086135380885
2022-12-23,0.0074114110766836,-0.0030776600254788,0.0050382834296536,-0.0013218571276566,0.0024574242075227,-0.0004917742347979,-0.0045375187254201
2022-12-27,-0.0052882194508774,-0.0129737390593372,-0.0023785770336376,0.0147061834844251,0.0106374810263851,-0.0013536039866289,-0.0084073103887541
2022-12-28,-0.0138817288483803,-0.0031275373355068,-0.0120710752994722,-0.014706183484425,-0.0182046143527851,0.0,-0.0024002448789612
2022-12-29,0.0286187734168555,0.0070939054721233,0.0171870883152395,0.0165293300758762,0.009143732602334,0.000738522438434,0.004898662380306
2022-12-30,-0.0136771772546851,-0.0063348027549805,-0.0044750781888412,-0.0138872601687974,-0.0114428063524885,-0.0012312052443592,-0.0041675568528829
2023-01-03,0.0136771772546851,0.006900196036643,-0.0013739551227322,0.0084078184019466,-0.0187656161427857,0.0008620122020648,0.007799946045083
2023-01-04,0.0257879177133444,0.0072269931024589,0.0097597318787405,0.0296451070744807,0.0387487421818314,0.0009842745904895,0.0076367541551668
2023-01-05,-0.0122952057800732,-0.0007484501379559,-0.0117782776142692,-0.003052633597047,-0.0106430495172822,-0.0013536039866289,-0.001440323232991
2023-01-06,0.0183866571386757,0.016245425964798,0.0233296993321349,0.0206764728035693,0.0492828744832916,0.003809966714464,0.0127872443122422
2023-01-09,0.01506808975213,0.0039516690728758,0.0011658063780495,0.0074589913747192,0.0208203510010684,0.00098089553536,0.0025379436694731
2023-01-10,0.0079443855394684,-0.0033992876964234,0.0054520454906033,0.0071578960407181,0.0032652591989888,-0.0008582075681865,-0.0063059110414385
2023-01-11,0.0273188018575583,0.0085223212330074,0.0108157187998981,0.0041723457298756,0.0026045896473523,0.0008582075681865,0.0064073165912864
2023-01-12,0.0124343585032889,0.0112514162500077,0.0077294828019459,0.004886326525317,0.0072892648399943,0.0022034567392607,0.0088817425912018
2023-01-13,0.0056872769742861,-0.0032535103745816,0.0044524245486514,0.0065590047912597,0.0073967067356452,-0.0017133695443152,-0.0053397819081725
2023-01-17,0.0112782861931158,-0.0036274776715313,-8.713041564482454e-05,-0.0055845609560347,-0.0027271721633928,0.0006122947744986,-0.0031365185977144
2023-01-18,-0.0169655631674019,0.0116516778042568,-0.0115658844922418,-0.0068409447634781,-0.0150524863179776,0.0022010316964361,0.0134878376743979
2023-01-19,-0.0211342830648684,-0.0020675395844784,-0.0063655171780474,0.0075711086018167,0.0137664898020226,-0.0002443717616826,-0.0019013747380723
2023-01-20,0.0154145488134341,-0.0052327275738364,0.0159257035183896,0.0152121992576262,0.0170645000536294,-0.0008555851649369,-0.006633226955824
2023-01-23,0.018939960374613,-0.0028988124795561,0.0099019259219812,0.0071633363396033,0.0103823463801663,-0.0009787354970857,-0.003231996553918
2023-01-24,-0.0056444033056158,0.0052478784867445,-0.0009511921988707,0.0007135829519039,-0.002977863504491,0.0003672080887541,0.0057497480688397
2023-01-25,-0.0009438270960293,0.0004511485813953,0.0019878435384413,0.000950501518866,0.0023516750861195,0.0006115274083315,0.001105811744138
2023-01-26,0.0242549059644765,-0.0003608888118587,0.0082545532396467,0.0094563714861906,0.0190776744777651,-0.0006115274083316,-0.0036235632590595
2023-01-27,0.0055147058724529,-0.0028917397275991,0.0014546545332598,-0.0047170079145327,0.0049043366380636,0.0,-0.0015137147025321
2023-01-30,-0.0222437491465516,-0.0038081301389199,-0.0113510525479619,-0.0202991680282751,-0.0222609654156379,-0.0009793344969746,-0.0031355668768283
2023-01-31,0.0028077047554907,0.0071509777383681,0.0118640051000118,-0.0021736550303402,-0.0078468699933411,0.0018354428117339,0.0050525572787583
2023-02-01,0.015762931590208,0.007010623395538,0.0104570196453034,0.0122553095635532,0.0255107840717945,-0.0001222829757365,0.0050271572251656
2023-02-02,0.0343614555923605,0.0014319883711706,0.0100139891026149,-0.0059887592187968,-0.0001536308474075,0.0001222829757365,-0.0004012530506075
2023-02-03,-0.0152264197883512,-0.0114235256365304,-0.0106061780797694,-0.0179398232784671,-0.0264606402648526,-0.0036742606694364,-0.0107934644750487
2023-02-06,-0.0218986987742042,-0.0077192270068641,-0.007389468479715,-0.0147859344785908,-0.0289643633342404,-0.0028261167876426,-0.0086580472676691
2023-02-07,0.0073529322823846,-0.0032873794862146,0.0114432140659889,0.0039643226486193,0.018659055835463,0.0004920767346672,-0.0024582401106385
2023-02-08,-0.0091996971567091,0.0010056279880558,-0.009484385983657,-0.0012371457296715,0.00254655314455,0.0003688752629911,0.0036851367464656
2023-02-09,-0.0018501110833752,-0.0084420193254586,-0.0060593237586474,0.0046931650558955,-0.0030247356515498,-0.0007378866451544,-0.0045059209317956
2023-02-10,-0.0102373948193296,-0.007027904930879,8.561640206490494e-05,-0.0096572052286234,-0.0038338973000261,-0.0004922583947985,-0.0048356616908223
2023-02-13,0.0185362116457685,0.0037050942268396,0.0110657873080549,0.0081775163865693,0.0020785213008194,0.000246206431532,0.002369337756627
2023-02-14,0.0009178382784851,-0.0024994622468297,0.0012689949538996,-0.0017290283119131,-0.0001597657746967,-0.002094313052995,-0.0045375187254201
2023-02-15,0.0027485408742801,-0.0038073689256934,0.0014362201768689,-0.0084409673668934,-0.0293399369098664,0.000123338511167,-0.0030019267603296
2023-02-16,-0.0119651959792043,-0.0080336778252985,-0.0109503516238255,0.0002492414718188,0.0107985316065336,0.0001233233006546,-0.0033229490323174
2023-02-17,0.0046189458562944,0.0039314677779596,-0.0023928092735854,-0.0110276463631286,-0.0091549008310137,0.0008626495627612,0.0028045125437901
2023-02-21,-0.0289875223962228,-0.0143021283372373,-0.0172596625516379,-0.0126808698021287,-0.0128927203916624,-0.0019729188288505,-0.010950758943496
2023-02-22,0.0,0.0028390579962578,-0.0022657483055501,-0.0048611742623118,-0.0098638289892228,0.0004935947405047,0.0017811117861609
2023-02-23,0.0103823345651885,0.0078129246326381,0.00478694869601,0.0048611742623119,0.0166614982682381,0.0006166745255846,0.003865676296839
2023-02-24,-0.0199152950852432,-0.0075294760593189,-0.0132857180574284,-0.0227165440389551,-0.03206855558188,-0.0020980959963585,-0.0060663487715893
2023-02-27,0.0189759011842744,0.0002833682529914,0.0062278090665427,0.0052083650272286,0.0018750641926845,0.0008644606014795,0.0030377744521684
2023-02-28,-0.0009402771916928,0.000377723483168,-0.0033283489324121,-0.0070377055593557,-0.0037536508569901,-0.0002469663279334,0.0015676600767712
2023-03-01,0.0,-0.0097718987470059,-0.00131690043581,0.0212223210138101,0.0189643160967296,-0.0038349470158694,-0.0100756421053752
2023-03-02,-0.0028262199447511,0.0008577116464958,0.0056940411485183,0.0035787204214731,-0.0043704611932127,0.0003717551243052,-0.0041224029186666
2023-03-03,0.016838592672271,0.011271677978,0.0155148792371211,0.0088912637272644,0.0206742587544205,0.0006193479033652,0.0080177083105744
2023-03-06,0.0009271996213533,-0.002735214360658,-0.0004300866582934,-0.003546985865152,0.0021429344760495,-0.0004954287281888,-0.0017878552438805
2023-03-07,-0.0243914382842062,-0.0028373746800946,-0.0159587426759546,-0.0168931537264763,-0.0283920337985685,-0.0021082436585526,0.0001052801023869
2023-03-08,0.0122700492961979,-0.0016114337296157,0.0023578081385438,0.0041215885447766,0.0027068169280014,-0.0004967206638682,-0.0003157932383687
2023-03-09,-0.0324146739415178,-0.000949184799209,-0.0158245328706885,-0.0223560281053987,-0.0248023821970484,0.0032241410469476,0.0061925816203118
2023-03-10,-0.050681472459169,0.0142368138452454,-0.0142795686958932,-0.0052715135285528,0.0005194144128911,0.0054328131281755,0.0182483251663809
2023-03-13,-0.0123078163733313,0.000842221224833,-0.002880546544715,0.0015844041329099,0.0214067595537967,0.0099246980149397,0.0120508023017531
2023-03-14,0.020429719413504,-0.0029977289354656,0.0151199697128862,0.0005274767504758,-0.013303944562612,-0.0037866968436578,-0.0094855144006628
2023-03-15,-0.0308032562566304,0.0095239215401106,-0.0141288392110036,-0.0172899033259826,-0.0162718223023892,0.0058572876728053,0.0143462401991079
2023-03-16,0.0134646822691689,-0.0014879911973217,0.016523382863334,0.0151780224425969,0.0300839193172743,-0.0040231913445293,-0.0090314623344541
2023-03-17,-0.0260567121032067,0.0050130157760603,-0.011851346991807,-0.0060967595054439,-0.0122679575662948,0.0049960018566792,0.0117553406638627
2023-03-20,0.0125920298340379,-0.0029676336414724,0.0108764666802365,0.0037154869843505,0.0081953596663339,-0.0012162307176186,-0.0040379776281476
2023-03-21,0.0358461312128842,0.0048179864439435,0.0141746496465939,0.008966308801462,0.0054264960734024,-0.0037797711390605,-0.0087372353821393
2023-03-22,-0.0152055638908609,0.0058061749879745,-0.0130225835755645,0.003930347579664,0.006069831517497,0.0046312972109911,0.0130773915956714
2023-03-23,-0.0010219568777228,0.0028446687036443,0.0015928558746686,0.01376463141384,0.0163391350579607,0.0029141046773849,0.0057243409182922
2023-03-24,-0.0071832486620695,0.0031107433104801,0.0029137969408838,-0.0025827052215758,-0.0129829152985378,0.0004847671141334,0.0003003632492858
2023-03-27,0.0112648247006869,-0.0120389041145816,0.0047497751540846,-0.0054453419124536,-0.0033562197594229,-0.0042503978634489,-0.0123899415097485
2023-03-28,-0.0092071637270797,-0.0016655902742971,-0.000790030653103,0.0141992641360162,0.0090361575147852,-0.0010958459287286,-0.0006083867909285
2023-03-29,0.0193389629707625,0.0046197992586531,0.0134335662207693,0.0028158373710706,-0.0004998547067663,-0.0003655490006515,-0.0017256073915897
2023-03-30,0.0100301746669601,0.0013817320245636,0.0072520073038523,0.009919944078166,0.0112695972874955,0.0001218025325832,0.0015227811099787
2023-03-31,0.008941952739558,0.008981029634192,0.0121410364474413,-0.0012662845481566,0.0088597939472832,0.0012179529306388,0.0054628451790188
2023-04-03,0.0039486875481849,0.0029151855708392,0.0046632248070066,0.002025363503864,-0.0058977989592744,-0.0009742064625704,0.0027202338083864
2023-04-04,-0.0099010709827115,0.0012727218958752,-0.0038137643726058,0.0,-0.0051066970986601,0.0023120766463475,0.0064186299547805
2023-04-05,-0.0120121257152969,0.0032653145598223,-0.0043398315953431,-0.0078710923441839,0.0011553966108629,0.0013361752905579,0.0041899320863598
2023-04-06,0.0100201236103551,-0.0009059474541841,0.0035753691324851,0.0040702129349787,-0.0109471960443797,-0.0003642175730778,0.0002986752487819
2023-04-10,0.0039800440248873,-0.0046332322965235,0.0009343068567817,0.0010149941414956,0.0214494160401341,-0.0035277808318958,-0.0099016209994037
2023-04-11,0.0088977507068122,-0.0002732004863174,0.0012726555295349,0.006068232739853,0.0123298470476444,-0.0001218025325833,-0.0004021405158292
2023-04-12,0.0029484350770685,-0.0020971364743964,-0.0008483001953559,-0.0070832268813487,0.0022547825514249,0.0010962463678084,0.0029118040863567
2023-04-13,0.0136454504653057,0.0017327298441407,0.0133189347085374,0.0136159672301741,0.0293276509226662,0.0006085687670406,-0.003314029637491
2023-04-14,0.0009675711631154,-0.0032855794031732,-0.0023474087083845,-0.0052730588082208,-0.0103644718466366,-0.0023144226005746,-0.004941324919738
2023-04-17,-0.010695274042343,-0.0063277064999928,0.0014258603474326,0.0042707807067702,-0.0082421871228062,-0.0014645200151565,-0.0063891222496653
2023-04-18,0.010695274042343,0.0033064010599007,0.0025949471523077,-0.0012542140700338,0.0022257463282671,-0.0002442487287981,0.001626472193996
2023-04-19,0.0028971089753874,-0.0049637102550629,-0.0015059009059285,-0.0100909416317328,-0.0097343879089975,-0.0008554805797815,-0.0021353314332713
2023-04-20,-0.0048332623306002,0.0037710200389785,-0.0039428029223446,-0.001522394580411,-0.0032123503724929,0.0024422646128006,0.0057853468449675
2023-04-21,0.0,0.0006424053332126,0.0020991652818298,-0.0094401198422845,-0.0096993723257824,-0.0006099606395447,-0.002431836917466
2023-04-24,0.0048332623306003,0.0043940326058623,0.0011736055381254,-0.0023097702208094,-0.0065189527128846,0.0010977172197064,0.0048578513735184
2023-04-25,-0.0234156444261873,0.0043747401360353,-0.0157909361717372,-0.0189345449931932,-0.0286942240523495,0.0038934189609785,0.0098453248388839
2023-04-26,0.0,-0.0043747401360352,-0.0032395361314226,0.005744173107221,0.0055373582241525,-0.0012150484489765,-0.003906444525307
2023-04-27,0.0185823820955869,-0.0036603400712719,0.0175212886136361,0.0134473310762495,0.012802576998917,-0.0019472278962147,-0.0065448709169617
2023-04-28,0.0134747135669047,0.00776222760313,0.0051052595065469,0.0051242940574477,0.0023102220369594,0.0010958054195013,0.0074477547225443
2023-05-01,-0.0038314370113069,-0.0196589040797068,-0.0010022781014505,-0.0033278173892558,-0.0066148366834754,-0.0045125114855555,-0.0142391059201185
2023-05-02,-0.0252685799058747,0.0119882977528917,-0.0109226041153938,-0.0097913967863275,0.0021546551134958,0.0032949480474178,0.0129346871166071
2023-05-03,0.0058881277830713,0.0016486568211474,-0.0043178505807823,-0.0015547439865811,-0.0053120922708436,0.0024336462181619,0.0065049169161955
2023-05-04,-0.0217614619208681,-0.0027492266702075,-0.0048479762492959,0.0080072120282262,0.007957593872908,0.0015787832641809,-0.0001994876576006
2023-05-05,0.0256677318764635,-0.0039538491207999,0.0174108316608436,0.0132892441027611,0.0168648903707012,-0.0024298951853787,-0.0054021830044842
2023-05-08,0.0019474648428694,-0.0072122251441155,0.000418873738127,0.0005076258473807,-0.0006496819414097,-0.0015825342969642,-0.0061377724228669
2023-05-09,-0.0146989413268462,-0.0003712726504889,-0.0041122784912495,-0.0061084864037211,-0.0093039061816955,-0.0002437464680682,-0.0012119042689831
2023-05-10,0.0078662688450963,0.0078598441573095,0.0024357937824466,-0.0005106395193778,0.0013110757442517,0.0024343315089652,0.0074499275256423
2023-05-11,0.0019569925633603,0.0038609918680829,-0.0023517462967224,-0.0035824809200204,-0.0165129243770746,0.0006075885519114,0.0037042916943557
2023-05-12,-0.0068661826631467,-0.0061663089543662,-0.001430539817781,-0.0118619002735548,-0.0132408018973934,-0.0017023276640796,-0.0060138346163458
2023-05-15,0.0146558560970365,-0.0053689089218685,0.0059611367255272,0.0182500658772895,0.0159012598012047,0.0001217175094089,-0.0022141838690959
2023-05-16,-0.0186006495252698,-0.005024677255931,-0.0086595083300289,-0.0071574637598588,-0.010516766004797,-0.0012175634381376,-0.0032293871474038
2023-05-17,0.0147133605215911,-9.323668894688276e-05,0.009496245685563,0.0046071314299229,0.0189500250522811,-0.0010971411773127,-0.0032398498861079
2023-05-18,-0.0048804393102864,-0.0042070325874674,0.0064196666712015,-0.0053770218613658,0.0077093996128134,-0.0018311856571295,-0.0062052038632161
2023-05-19,0.0077973403206763,-0.0012186292049259,0.0004984842101354,0.0007698904314427,0.0137932973704456,-0.0007333768863625,-0.0037826835655544
2023-05-22,0.0077370119025164,-0.0003752783182243,0.0006643015344516,0.0081758171261354,0.0169387459123249,-0.0003668902324627,-0.0018454004675877
2023-05-23,-0.0135792726255836,0.0020622543873631,-0.012025217487236,-0.0156433662443046,-0.012115597614134,-0.0001223577756882,0.0016405588024052
2023-05-24,-0.0127766165729114,-0.0039406896720154,-0.0094538992772688,-0.0075236338875827,0.0,-0.0012241215361642,-0.0025644984915456
2023-05-25,-0.0049578684358006,-0.0032958841881457,0.0042315566231353,-0.0020855541913278,-0.004823148298191,-0.0022072394842241,-0.0062851230383982
2023-05-26,0.0187105560806065,0.0042355428952967,0.0125882826615941,0.017589700990864,0.0167802460101941,-0.0002455082010993,0.0018587397430395
2023-05-30,0.0048661896511729,0.0074857225233475,-0.0032577986341118,-0.0116055659112148,0.005373810314257,0.0019626604903779,0.0078101530032829
2023-05-31,-0.0038910703650808,0.003257540267292,-0.007727219599846,-0.0093824149404476,-0.0104580237098409,0.0009799343220817,0.0037802866698078
2023-06-01,0.007767058966823,-0.0001858960357317,0.0119852276694028,0.0176490521069802,0.0154894761875304,-0.0008573666326128,0.0004078396909745
2023-06-02,0.0163072865331743,-0.002698814358584,0.0148849440286338,0.0170901235119664,0.0217198317784464,-0.0028223021365765,-0.0079828362374713
2023-06-05,0.000951007929952,-0.0021455834360419,-0.0030416624641604,-0.0002529944687597,-0.0004606095481015,0.0002457829304785,-0.000308296381896
2023-06-06,0.0141578584119113,0.0019592214298306,0.0042721414569274,0.008815125448697,0.0087136486531304,-0.0004915325117682,0.0006164977464257
2023-06-07,0.0046750904623954,-0.0089879742983733,-0.0150329058959042,-0.0121091168450893,-0.0144107172443574,-0.0007377051514066,-0.0073199882732735
2023-06-08,0.0111318829131084,0.0066551220495666,0.0065529933317044,0.0070814350758155,0.0138018060509547,0.0015977051359862,0.0067034905268477
2023-06-09,0.0018432903674651,-0.0026192603870756,0.0011568286989316,0.0045260399894371,0.0154150946120441,-0.0018437904150684,-0.0036039627956843
2023-06-12,-0.0018432903674652,0.0031796186604921,0.0077328656170421,0.0020049635067862,-0.0006000737596644,0.0008608460964055,0.0016491039808249
2023-06-13,0.0128324537872973,-0.0044918260513761,0.0075108377006278,0.0099652427047941,0.0129707779972994,-0.0018456053236768,-0.0071313909217348
2023-06-14,-0.0018231962775545,0.0030902698388878,0.0018689588953032,0.0074092519431217,-0.0093758389878192,-0.0006158968206167,0.0013474710547114
2023-06-15,0.0027335147021617,0.0086580658179456,0.0122641254768178,0.0093069755520252,0.0023895421211313,0.0020926722435788,0.0077387786818827
2023-06-16,-0.0091408313431654,-0.0017627208004493,-0.0032932760897153,-0.0034187917802462,-0.0083882687876791,-0.0013536039866289,-0.0043263166060573
2023-06-20,-0.0355177805861062,0.003614958582128,-0.0084838957289162,-0.0197634695619066,-0.0197485229511206,0.0003693293961393,0.0029892400339331
2023-06-21,-0.007640872098403,-0.0011109309240458,-0.0026812463726245,-0.0047518518451568,-0.0086286751915198,0.0,0.0009258406730513
2023-06-22,-0.0067340761693275,-0.0052005833873552,-0.0001627686920808,-0.0035158095161077,0.0003094018705779,-0.0011083976530894,-0.0056716115983333
2023-06-23,-0.0136056671878621,0.0027893595444127,-0.0089913837135751,-0.014698740168956,-0.020790088522951,0.0008622245239488,0.004127988682547
2023-06-26,0.0,0.0011136113664882,-0.0020548233763474,0.0033133985306129,0.0092760690150889,0.000738431523939,0.0024686072007037
2023-06-27,0.0097371755672055,-0.0011136113664881,0.0103136063245559,0.0101267074487653,0.0104305166494395,-0.0014774087319686,-0.0034989882800902
2023-06-28,0.0048332623306003,0.0043544908880178,0.0001628258520233,-0.0060637295176964,-0.0201805977432035,0.001108261130137,0.0040125512026384
2023-06-29,0.0038498751563392,-0.0076095366038993,0.0029268363198624,-0.005336033164649,-0.0088889086640004,-0.0024645353753824,-0.0103210742422491
2023-06-30,0.0105113103313995,0.0073321681990377,0.0108196158780401,0.0078670972402241,0.0104679756104408,0.0003700583326437,0.002176269958852
2023-07-03,0.0,-0.00602887819856,0.0022461617740986,0.0110609126452946,0.0220029134772206,-0.0037069491432936,-0.0067515347746251
2023-07-05,-0.0143611854877387,-0.0071892065055256,-0.0051413944585243,-0.0060181145405235,-0.0113311785227868,-0.0002475751275871,-0.0048056830571364
2023-07-06,-0.0067730975771296,-0.0101715119544104,-0.0112584270805147,-0.0205825476689931,-0.019705787739269,-0.0006193479033652,-0.0082019260194915
2023-07-07,0.0106229727334687,-0.0009470449990585,0.0008142493835651,0.0112331695833055,0.0052401551327079,0.0011145313034669,-0.001267858061901
2023-07-10,0.0009601390686584,0.0051977193000694,0.0030879046897588,0.0007612937869573,0.001266252633077,0.0014839863752535,0.005166938240565
2023-07-11,0.0123988528843581,0.0047019083917889,0.0075173154714747,0.0100960356974856,0.0177161842336695,-0.0001235185903177,0.0021012504852635
2023-07-12,0.0187798946515962,0.0087802027061496,0.010812635711449,0.0221044490537152,0.0268318134432859,0.0029618416825257,0.0097133806219472
2023-07-13,0.0238981823018893,0.0070429550444663,0.0114848560732912,0.0129349598228458,0.0130760523763305,0.0028301960596663,0.0082807951366703
2023-07-14,0.0018149240576447,-0.007787227407827,-0.0026812094258376,-0.0055928013729941,0.0031308125772349,-0.0025838106086417,-0.0049602597792347
2023-07-17,-0.0001813788407809,0.0016737990706016,0.0022085415349766,0.0012185465610094,0.0053444397859518,0.000369511369592,0.0016561815306058
2023-07-18,0.0083077792861455,0.0025054926482254,0.0079262894262803,-0.0073332778614852,-0.0029656691622084,0.0,0.0011370160636666
2023-07-19,0.018002485017589,0.0056374679133705,0.0013280148347454,-0.0019645884930372,-0.0032722562711271,0.0003694688047327,0.0034032333279031
2023-07-20,-0.0101199210244206,-0.0067502531395892,-0.0060291005834483,-0.0074019393459401,-0.0168273610529956,-0.0012319058362533,-0.0079590750561108
2023-07-21,-0.0014286043689475,0.0017613208855236,0.0005495991494033,-0.0014870231420124,0.0004544236929555,0.0001232777032114,0.0008298945475099
2023-07-24,-0.0001786850428637,-0.0012048088597292,0.0014902141163509,0.0135486552474597,0.0190511162768839,-0.0012331790184423,-0.0023877857710104
2023-07-25,0.0028556122466204,-0.0015776363838147,0.0025830849801523,0.0082846516928513,0.0088757750408283,-0.0001234298298512,-0.0018726629190499
2023-07-26,0.005509612479201,0.004633069893181,0.0007032887443878,0.0058069768529827,-0.0054641315267999,0.0009868241994343,0.0034305541425505
2023-07-27,-0.0182440518236712,-0.0122780792300468,-0.0061904621101534,-0.0123803532984121,-0.0180804192848189,-0.0014806017228125,-0.0109564727466382
2023-07-28,0.0066564773133469,0.0065299166043989,0.0095440073835866,0.0238940217717405,0.0174879008772919,0.0013572784221577,0.003247320587777
2023-07-31,0.0041155921256239,0.002785474598021,0.0007781994819452,0.0004768826391995,0.0011846859448776,0.0002466313945481,0.0012541297296458
2023-08-01,-0.0078881481317455,-0.0134417668182804,-0.0049131674697424,-0.012714639339672,-0.0001480372449054,-0.0034577264664227,-0.0083910228131053
2023-08-02,-0.0214670837573867,-0.0061271955664993,-0.0158389670715912,-0.0241917205594888,-0.0312712520332575,0.0004946935187765,-0.0020032948758901
2023-08-03,0.0001838433670917,-0.0090232324137796,-0.0030228714895063,0.0039496434091243,-0.0004583580408891,0.0003709303277786,-0.007415255767248
2023-08-04,0.0100613534578226,0.0103461031275903,-0.0023928816149319,-0.001232571002892,-0.0095179582977473,0.001975504154002,0.0105765128460179
2023-08-07,0.0099611989149733,-0.0024581853647621,0.0085086568418515,-0.0014811499363437,-0.00278035861083,0.0003699670713172,-0.0024227467858081
2023-08-08,-0.0134254858892942,0.0039678670386033,-0.0050805807739993,-0.0121785488399298,-0.0137052613144799,0.000493107949514,0.0050494884273005
2023-08-09,-0.0058618906437445,0.0009424758302043,-0.0051065249425357,0.0024974656296599,0.0079656543733734,-0.000616446460681,0.0006293670347403
2023-08-10,-0.0020230004205357,-0.0070898815114116,0.0012790475204409,0.0014955479366768,-0.0065553250346219,-0.0004933179609526,-0.0076846882218299
2023-08-11,-0.0073910449870081,-0.0034210866671364,-0.0023995805888041,-0.0148039369285842,-0.0116555372286455,-0.0009875550604488,-0.0052977451151845
2023-08-14,0.0009269266034085,-0.0003808522805188,0.0023995805888042,-0.004814463643177,-0.0089115414270028,-0.0008648878482729,-0.0015947469861954
2023-08-15,-0.0136183341953961,-0.0052513898172459,-0.0119752114048149,-0.0114958675542874,-0.0088304828945312,0.0003707443527289,-0.0019171408474187
2023-08-16,-0.0067848093110525,-0.0045094941142823,-0.0079552604614107,-0.0090334459632984,-0.0203639851910709,-0.0004943877940616,-0.0038453433389298
2023-08-17,-0.0148602962704638,-0.0026961863556088,-0.0069515592965493,0.002330705525387,0.0009870271284946,0.0011120525734644,-0.0012851013249584
2023-08-18,0.0040226641636363,0.0037534271892251,-0.0002462246454127,-0.0067479705031555,-0.0024693654578864,0.0003703781544853,0.0029959232983995
2023-08-21,-0.003638851872195,-0.0059735712048669,0.0061377499600639,0.0023410115734105,0.0067351985547617,-0.0011116405407772,-0.0062158794737701
2023-08-22,-0.0073175225649668,0.0030876103739145,-0.0029414239047839,-0.0020806725183157,-0.0049237429237194,-0.0004944489180963,0.0004299324740966
2023-08-23,0.0086596701437313,0.0139675000882791,0.0105812727874533,0.0157565085412739,0.0125890728303341,0.0018529006543184,0.0107947625579772
2023-08-24,-0.0102070946280241,-0.0034259702721463,-0.013367216373542,-0.0038516295415149,-0.0006501043024499,-0.00061718934993,-0.0037275560751288
2023-08-25,0.0048276621856682,0.000571786524863,0.0067874014727705,0.0010285656899382,0.0080958993615363,-0.0006176647794028,-0.0003201406431557
2023-08-28,0.0086315057988605,0.0031391400908124,0.00763178548223,0.009718773797256,0.0080308817984412,0.0006176647794028,0.0027712073552468
2023-08-29,0.0200422207067101,0.0079462753303579,0.0141345280395199,0.0126455905756592,0.0133483655881134,0.0022203080218354,0.0071062058538144
2023-08-30,0.0098725324405076,-0.0014143031545414,0.0038998645629615,-0.0032725282035679,-0.006493012863451,0.0,-0.0001057140629113
2023-08-31,-0.0029701125401944,0.0016969957803067,-0.0015104136117788,-0.0124320183128649,-0.007815621028819,0.0009851503371702,0.0020062562849233
2023-09-01,-0.0013021989270763,-0.0107014125078229,0.0016693037806474,0.0116753332231471,0.0120962532119156,-0.0030820465324538,-0.008687412058185
2023-09-05,-0.0022363547696095,-0.0071664346529735,-0.0055750747298223,-0.008107459785861,-0.0071446008796881,-0.0012354644000162,-0.0060835843048895
2023-09-06,-0.0029895360782868,-0.000959402112929,-0.0060883160772798,-0.0056122906603054,-0.0118609800674117,-0.0011131961880809,-0.0025726832799409
2023-09-07,-0.0003743301253406,0.0044057066296601,-0.0028969250168342,-0.0118374793802862,-0.0045248747931429,0.001854639128021,0.0034286940438973
2023-09-08,-0.0009364030727863,0.0007642513824551,0.0002417824338124,0.0020687366105512,0.0008095076295799,-0.0004941713430851,0.0002139494389012
2023-09-11,0.0065366240460234,-0.0019117247236816,0.0077845872422333,0.0123236362310353,0.0158949780800232,0.0002471161972067,-0.0017125516503488
2023-09-12,0.0014880586082326,-0.0002870559331257,-0.0048883615531178,-0.003066675913687,-0.0123408966755602,-0.0004943877940616,0.0013916919394233
2023-09-13,-0.0020467141303829,0.0021987806568074,0.0003212312166804,-0.0012805543294999,0.0003224840116812,0.0008649947463543,0.0011759554585126
2023-09-14,0.0026042277320463,-0.0018160333918747,0.0095909030246482,0.0066411054828223,0.012973696509829,-0.0002470246198842,-0.0022463409100515
2023-09-15,0.0086932463010679,-0.0015317957188194,-0.0087880924833313,-0.0038259888903991,0.0044458438000237,-0.0004943266851374,-0.0031104323408842
2023-09-18,-0.0217824523227812,0.0019143965443307,-0.0008028105413167,-0.0012785894903119,0.0020574679919886,-0.0001236434413327,0.0009663818748238
2023-09-19,0.003382196028488,-0.0033526394982882,-0.0014465992256083,-0.0059028364910971,-0.010649360107471,-0.0007419930854999,-0.0036555677029194
2023-09-20,-0.0039470570832026,0.000383738635592,-0.0073455231605098,-0.0041269043198001,-0.0070558733574581,-0.0006188113750955,-0.0007542664812241
2023-09-21,-0.0186281677486842,-0.0101220611221012,-0.0169128561587561,-0.0174687841173345,-0.0267465291059046,0.0004950608505199,-0.0074654911805246
2023-09-22,-0.0038446946342719,0.0060854789816199,-0.0015668369375627,0.011766399395145,0.0049464113869792,0.0009893870514082,0.0039020275177884
2023-09-25,0.0025007432741721,-0.0097740606412139,0.0018139947497117,-0.0044288722289936,-0.0029649224139668,-0.0003708818550837,-0.0073833157151482
2023-09-26,-0.0145140430985496,-0.0028241817636742,-0.014270558597132,-0.0141995794401325,-0.0321851141784924,0.0001235796828272,-0.0003269799843707
2023-09-27,-0.000975119286092,-0.004692123569503,-0.0007523205194179,0.00158775833477,0.0003406652634851,-0.0007420848791517,-0.0044796977976066
2023-09-28,0.0102883327300741,0.00176211802041,0.0078300676432124,0.0026405739383652,0.009322878428308,0.0017307383564299,0.0027338854671696
2023-09-29,-0.002126643886981,-0.0021541301448331,-0.0029082947223477,0.0007908948459324,-0.0055833295133741,0.0001235365432512,0.0002183516442343
2023-10-02,-0.0181627196107199,-0.0131223254158352,-0.0055073239323059,-0.0050192271190677,-0.0083482530388009,-0.0035880139054588,-0.0107574664611723
2023-10-03,-0.018900408209024,-0.011587420180986,-0.0132240264809324,-0.0133299767003541,-0.0101453908741793,-0.000743925111291,-0.0083116785357343
2023-10-04,0.0052083114758171,0.0087031284623288,0.0058333412477365,-0.0029565078887995,-0.0019029606948513,0.0022302115390632,0.0063231636928434
2023-10-05,0.0043859962929003,-0.0011959613384802,0.0021051753451259,0.0037614065050566,0.0039747661964069,0.0009895374571572,0.0018781220798957
2023-10-06,0.0146131722195885,-0.0029960615556706,0.011458351120241,0.014377268304842,0.0108072253038066,-0.000865850719815,-0.0058670537995582
2023-10-09,-0.0043221561912792,0.0123261782843573,0.0044805992108125,-0.0047694922732285,-0.0023915178371109,0.0029655958007933,0.0126870422580776
2023-10-10,0.0146587201487583,0.0003951097924195,0.0081626199599056,0.0142406705040899,0.001367253948158,-0.0006171311620255,-0.0019752042311818
2023-10-11,0.0046457277609397,0.0061041355140124,0.0044244309693211,0.0062647472398506,0.0171031538599147,-0.0002469026145644,0.0054770647925466
2023-10-12,-0.0104834409630956,-0.0104588775247166,-0.0077144613461632,-0.0112522527914487,-0.0089384622998488,-0.0012357113043883,-0.0096597593203023
2023-10-13,-0.0171247712333221,0.0055390603247035,-0.0057836809600846,-0.0036909978239317,-0.0045844458323387,0.0006180465249853,0.0063770880962913
2023-10-16,0.0134097911135551,-0.0069286326539902,0.0096483507289523,0.0073684222668936,0.0056003851989888,-0.0006180465249855,-0.005936050528509
2023-10-17,-0.002942576131278,-0.0079777353855081,-8.208901841703418e-05,-0.0026253224246678,-0.0008465121407631,-0.0022280032936656,-0.0098610229756339
2023-10-18,-0.0234556623403899,-0.0080418148110264,-0.014717081041385,-0.0153645891688696,-0.009701372734111,0.0,-0.0046874882269343
2023-10-19,-0.0170389544789369,-0.0081070878694149,-0.0090361575147852,-0.0058901750953338,-0.0130833702064059,0.0013621525738505,-0.0049344324686433
2023-10-20,-0.0160861913264636,0.0039603950794038,-0.0112413118310091,-0.0121574034785709,-0.0144866485852168,0.0016074795772089,0.0058290074000634
2023-10-23,-0.0008318865058269,0.0077735414422908,-0.0012757945588041,-0.0008158421745615,0.0040354390906865,0.000617494273546,0.0046833065921061
2023-10-24,0.0095258346275511,0.005615714234085,0.0067854631968963,0.0127046237617223,0.0130470667326852,-0.0002469331104105,0.001778411716232
2023-10-25,-0.0204046123202947,-0.0091416948746901,-0.0130176374417405,-0.0132487501170904,-0.0257344831014189,-0.0011121900205294,-0.0088116223777597
2023-10-26,0.0035695191485028,0.0072398631245562,-0.0102432126074234,-0.0049113413233626,-0.0218725329003147,0.0019763304841696,0.0075893253535961
2023-10-27,-0.0132926790541073,-0.0020057869534705,-0.004943847053154,-0.0008209767578779,-0.0096530900029026,0.0006167325577613,0.0015553762309698
2023-10-30,0.0193526896234052,-0.0030163209529097,0.0122711369912422,0.0103487055171191,0.02369224430191,-0.0003700127137628,-0.0033359649611818
2023-10-31,0.0012492479749428,-0.0014107155973397,0.0058234325957918,-0.005705737058789,-0.0180347536601492,-0.0003701496738497,-0.002118554024014
2023-11-01,0.0152800383422623,0.0105322509775759,0.0102791465574774,0.0092216586461738,0.0233823463506507,-0.00061718934993,0.0086687185733271
2023-11-02,0.0302747647128148,0.0118039600240067,0.0200810087481447,0.0173963363473217,0.0314986539165725,0.0001234118265517,0.0061775987874883
2023-11-03,0.0239650287433514,0.0049183650395218,0.0099732875036018,0.0202239455134092,0.027524655846535,0.0027127171363144,0.0076687159084351
2023-11-06,-0.0113216480889433,-0.0053128902864098,-0.0003281184147017,0.0080280471340294,0.0492130715089734,-0.0018487899390864,-0.0058009114859997
2023-11-07,0.0027446244188215,0.0079587504003688,0.0008200629887761,-0.001807143740066,-0.0165691679955857,0.000739982619478,0.0056918309201519
2023-11-08,0.0085770236701218,0.0050761203299454,0.0002458815632421,-0.0067410713734155,-0.0193258598889821,-0.0002466313945482,0.0040302338300744
2023-11-09,-0.0029157669946741,-0.0101781391773804,-0.0058357055548893,-0.0094092903689354,-0.0099718673753572,-0.0014806902487097,-0.0099415909672999
2023-11-10,0.0096862440845622,0.0050041266398192,0.0125334331031167,0.007065230017444,0.0071565639840588,0.0002469026145643,0.0010973168329101
2023-11-13,-0.0017366170225587,9.789220761574503e-05,0.0003255812870255,-0.0002607464276667,-0.0101676119072393,0.0003702867353656,-0.0005485497633843
2023-11-14,0.0406829642592825,0.0155372952878806,0.0207787283236128,0.026256346093592,0.0361941267158884,0.0039413735002797,0.0149216161495087
2023-11-15,0.0055473374039428,-0.0052169080186562,0.0015929007465678,0.0083491445035924,0.0072446708974701,-0.0018456053236768,-0.0078142488520094
2023-11-16,-0.0075891127833618,0.0081995201867071,0.0,-0.0096202578258737,0.0070332551828039,0.0017226458724255,0.0074898851242492
2023-11-17,0.0156699397855913,0.0028780052281353,0.0050801774014141,0.0012711133222813,-0.0084779966248501,-0.0007378866451544,0.0006486222778078
2023-11-20,0.0072900183187457,0.0040152843150796,0.006078059795593,0.0123722792547089,0.0200388120416801,0.0001230502092866,0.0014040164420837
2023-11-21,-0.0054624905792353,0.0002861796362981,-0.002127047244192,-0.0062932872175225,-0.0099691822789806,0.0006148364358677,0.0012941666561227
2023-11-22,0.0085447517725228,0.0039981566956856,0.0033854324687574,-0.0020221952653824,0.0004769660489269,0.0001229594512511,-0.0003233846790889
2023-11-24,0.0073947462146811,-0.0051433669619577,0.0022766901777697,0.0005059564341746,-0.009422734490866,-0.0007377958871189,-0.0051886762787171
2023-11-27,-0.001978606778,0.0080841038523867,-0.0016481508204507,-0.0040547405626594,0.0038437215230608,0.0012293888188872,0.0075578483890146
2023-11-28,0.0044911599049167,0.003970492773284,0.000785223839312,0.008344921753554,0.0147563214304312,0.0018413007792087,0.0044002865319901
2023-11-29,0.0151207803418055,0.0080812376004424,0.0001569348830335,-0.0058088191173688,-0.0017340685037351,0.0019602558936787,0.0052337154784908
2023-11-30,0.0042283656638992,-0.005254751325611,0.0027428290019964,0.0020243384981853,-0.0053789110427515,-0.0006121264082204,-0.0049124305188842
2023-12-01,0.0153526612518596,0.0082451254804147,0.0076401381475335,0.0042880168360014,0.004431770120649,-0.0001225076390091,0.0067217883179395
2023-12-04,-0.0134206222263814,-0.0045826394649113,-0.0056075011026084,-0.0113911058953418,-0.0202607308381748,-0.0014709827303056,-0.0041557882238598
2023-12-05,-0.000877785567182,0.0079361648757461,-0.0015632092940325,-0.006128667413402,-0.0082531145842137,0.0012260158933002,0.0070227574852397
2023-12-06,0.0036813592086839,0.0037130046145642,-0.0023494053064469,-0.0012815389527459,-0.0065210782910064,-0.00024512035794,0.0041267652977424
2023-12-07,0.0114823779092718,9.266814388619376e-05,0.0071875760284277,0.0048611742623119,0.0107370456385098,0.0007350874666803,-0.001479440127307
2023-12-08,0.002763861559504,-0.0053878609002109,0.0035744186502988,-0.0043484398134786,0.0058083514862855,-0.0022066981791613,-0.0064718344625066
2023-12-11,0.0,-0.0002794613549861,0.0037936443878755,0.0058786969795581,0.0088092063509139,0.0002453876887332,0.0001064566702258
2023-12-12,0.0013790385919633,0.005667322255197,0.0026238349139158,0.0002547667568727,0.0054071403548362,0.0001227180677498,0.0021263517975179
2023-12-13,0.0165716822697684,0.0166295121466052,0.0146892564158618,0.0098872498360043,0.0119818890914374,0.0050174006248888,0.0147587950647656
2023-12-14,0.0416484636423747,0.0069914177259425,0.0052267092028506,0.0145257206307332,0.0130781894181953,-0.0014658580232022,0.0053227923358524
2023-12-15,-0.003581856739513,-0.0014487148015874,-0.0031024478435158,-0.0059850970727178,-0.0110430066661272,-0.0011008987242309,-0.0008330921243227
2023-12-18,-0.0072025592153813,-0.0041768795858118,0.0046123148797448,-0.0005003867531793,0.0039023512038576,-0.0001224176792827,-0.0021901149511275
2023-12-19,0.0114343090082017,0.0012730690825001,0.0069162671739852,0.0084725191518793,0.0111542781058922,0.0003672080887541,0.0018775462611765
2023-12-20,-0.0137369315947546,0.0026319469920533,-0.0215826849975015,-0.0369008026693854,-0.0279640918479964,0.001344904294694,0.0048859312562567
2023-12-21,0.0116232641158767,-0.000362622749231,0.0116444006049096,0.0186206003332794,0.0157187109607389,0.0009770620432675,-0.0015567594508389
2023-12-22,0.0077821332225,-0.0017242387495397,0.0020408111501973,-0.0048131473507601,-0.0023421280319025,0.0003661290111169,-0.0009351726905876
2023-12-26,0.0086831374869393,0.0020868614987707,0.0041445602131802,0.0078411318602735,0.0046786646069812,-0.0004881397141215,0.000623545622288
2023-12-27,0.0052695025096867,0.0092923106986186,0.0028535341735494,0.0057781733806142,0.0089839800816353,0.0012200888602831,0.0077620053354891
2023-12-28,-0.0041494176494736,-0.0026075716355663,-0.0006000737596644,0.0077355690078735,0.0172748294453879,-0.0001219698324808,-0.0038217549158651
2023-12-29,-0.0052914100462856,-0.0036981598681235,-0.0019526442843843,-0.000497276442498,-0.0068436822552334,0.0004876970994506,-0.0024867681237454
2024-01-02,-0.0235879297903834,-0.0068005881633335,-0.0083796253522014,-0.011757418780659,-0.012128818922223,-0.0012196424499309,-0.0037418255255759
2024-01-03,-0.0147585695997875,-0.0022771790289464,-0.0080682240017231,-0.0055513948971192,-0.0217043328203639,0.0002440102865094,0.0023922561290635
2024-01-04,0.0020026530680541,-0.005578182738448,-0.0011470783404435,-0.0032949229750306,-0.0099944871757679,-0.0006101839638314,-0.0060435926753919
2024-01-05,-0.0041767666085918,-0.0035827458067414,0.0012234568249065,0.0012685334269568,0.0025477696026231,-0.0002442524076641,-0.0036647176788424
2024-01-08,0.0090000760098361,0.0076094265487603,0.0131335784010768,0.0027851800084761,0.0052343368927904,0.0008544363714956,0.0033511361259692
2024-01-09,-0.0076615810728103,0.0017338366618812,-0.0040052862274998,-0.0142604288800048,-0.0228828342687435,0.0002440438241103,-0.0004182883578771
2024-01-10,0.0023380001824274,-0.001277250322976,0.0058137826500337,-0.0023109561930746,-0.0058441825309143,0.0,-0.0015701214940578
2024-01-11,0.0001667637656424,0.0060070813124092,-7.524567284933245e-05,0.0041046707569537,0.001789355712596,0.0023148936349663,0.0053283533621089
2024-01-12,0.0,0.0021755401422192,0.0008277355246824,0.0035778056521255,-0.0027666739071851,0.0020667222069386,0.0027055389036209
2024-01-16,-0.0146159500255488,-0.0101930508998459,-0.0069449831002527,-0.0245332059866129,-0.0393902005376641,-0.0015800338387031,-0.008138676053352
2024-01-17,-0.0037301030433352,-0.0021061622282357,-0.0065359759064929,-0.0150141024652376,-0.0262789288505512,-0.0019480832976157,-0.0032530336106014
2024-01-18,0.0126594654379961,-0.0019268629226107,0.0083524109639612,0.0081935535740315,0.01845038482926,0.0004873070192878,-0.0022097034803836
2024-01-19,0.0110092831732045,0.0010097821835386,0.0103807525943528,0.010473981732655,0.0123950913745409,-0.0007311426157872,0.0001053577299733
2024-01-22,0.0046342782979838,0.0027487927646508,0.0023171333767535,-0.0088959288572705,-0.0123950913745408,0.0004875187896595,0.0030499146183271
2024-01-23,0.0003302040187611,-0.0036667153128706,0.00126840656446,0.0086354541528257,0.0066411380703608,-0.0001218806605766,-0.0025234530436661
2024-01-24,0.0057608334445422,-0.0019304053865888,0.0023088496459527,0.0111414623562436,0.0033886980555788,-0.0004875782268817,-0.0028464163899006
2024-01-25,0.012720308227979,0.006603116569417,0.0039351039300964,0.0012874788899232,-0.0037281420092403,0.0018271706236786,0.004319164323298
2024-01-26,0.0082305335916233,-0.0028377078955364,0.0008888999480023,0.0007716728176337,0.01013519598778,-0.0006086240626691,-0.0017886076862609
2024-01-29,0.0024078623239317,0.0041165916734531,0.0076701700302076,0.0005141506015525,0.0110313645536325,0.0009736393394364,0.0059845808434761
2024-01-30,0.0009615605493737,0.0031900721911255,-0.0008819928134852,-0.0079990461346597,-0.0041642435563348,-0.0006084018785471,0.0013599550310074
2024-01-31,-0.0099807480728161,0.0025447508270797,-0.0132501922175392,-0.0054552438262485,-0.0073714293040111,0.0018242817063415,0.0083281286148547
2024-02-01,0.0038753134659329,0.0041666644883732,0.0114837570168349,0.0095917506044735,0.0303078262513008,-0.0014591775951523,0.0037251762099956
2024-02-02,-0.0079281680762074,-0.009171410546628,0.0051432659749099,-0.0028419292056349,0.0211451890095153,-0.0031688282293123,-0.0130992844503605
2024-02-05,-0.0124225548550744,-0.0096247412405588,-0.0044805291849091,0.0012928052371009,-0.0076960382384662,-0.0019549863559981,-0.0097797754134881
2024-02-06,0.0075372975817875,0.0056027757158791,0.0038940484600755,0.0224843666866042,0.0008044282713283,0.0015887232453293,0.0053749630931277
2024-02-07,0.0081288045337103,-0.0029352405359625,0.0057034288170064,0.0012624477179937,0.0175358946303449,-0.0003663973084882,-0.0017884194804095
2024-02-08,0.0125504881294905,-0.0051574764271239,0.0005831462668355,-0.005566846819426,0.0,-0.0002444016241104,-0.003269501943347
2024-02-09,0.0044671225837969,-0.0012935360327737,0.004870421390845,0.004304399101432,0.0061441611015241,-0.0003666212129755,-0.0017975769785512
2024-02-12,0.0123399571017086,9.24005617201534e-05,0.0007249446183964,0.0078016641799105,0.0121762167639967,0.0001222530881966,0.0009520703890517
2024-02-13,-0.0300053990812289,-0.0110621142324533,-0.0151136916923328,-0.01898070424258,-0.0273687720788689,-0.0031827929990228,-0.0110568944902909
2024-02-14,0.0157534125339279,0.0046628824982101,0.0106108508632455,0.0142062605368943,0.0183288408946822,0.0014702618202601,0.0037347156844578
2024-02-15,0.0166077242315672,0.0036220088689112,0.0084804490072704,0.0047744437056857,-0.0012532982441561,0.000978974990811,0.0027653935403064
2024-02-16,-0.004086744419466,-0.0036220088689112,-0.0036878437427002,0.0047518518451568,0.0062510207516734,-0.0012238218462122,-0.004364301604383
2024-02-20,-0.0007878839395612,0.0033437982248769,-0.0031198478801252,0.0014958257010169,0.0017122053470687,0.0006120514547771,0.0017054327585882
2024-02-21,0.0031476381993872,-0.00250681759835,0.0006537818596804,0.0017423699779118,0.0,-0.0008570517265121,-0.0032000352828375
2024-02-22,0.0050156797727971,0.0015791018178254,0.0178498752512632,0.0101448317164004,0.0128255516827288,-0.0001225226489695,0.0001068547223856
2024-02-23,-0.0009384883890344,0.0029657083981153,0.0010695459877438,-0.0004925008324728,0.0004606095481015,0.0004899071334807,0.0045830115035718
2024-02-26,0.00250072080711,-0.0031513265472732,-0.0038555563564503,-0.0044433623496975,-0.0148426767748982,-0.0007349039899878,-0.0014898309431198
2024-02-27,0.0040505140562946,-0.0013934836686675,0.0025719856061172,0.0019773074377292,-0.0090752936287332,0.0,-0.0022389164428182
2024-02-28,-0.0056127464743701,-9.298690434024778e-05,-0.0031443403427841,-0.0131727708487782,0.0082962453157416,0.0009798142799754,0.0036223812854846
2024-02-29,0.0068557831523871,0.0009293384457398,0.0040715228519404,0.0005002615671739,-0.0006237473282085,0.0006118267616656,0.0020186189208508
2024-03-01,0.0061919936491764,0.0024120477844057,0.0089418986431488,0.0121785488399298,0.012709403700923,-0.0009791212644292,0.0019086030876502
2024-03-04,-0.0072795365668825,-0.0018549156571378,-0.0012017828735223,-0.0022257992069499,0.0102659014692248,-0.0009801744029361,-0.0022270445606856
2024-03-05,-0.011412667532104,0.0054621840311484,-0.0078113651492839,-0.0089530719540941,-0.0198605705060117,0.0007351741312011,0.0061388233054607
2024-03-06,0.017611378063701,0.0026739301426516,0.0074577071277194,0.0143852142180192,0.0119022083025983,0.0002450002717349,0.0024240235403392
2024-03-07,0.0098386552226074,0.0024831416717927,0.0106982227702702,0.0061372475993118,0.0122175531324777,0.0012238218462121,0.0016828323179203
2024-03-08,-0.0035246891623333,0.001376785723051,-0.0053348049570546,-0.000979454421541,0.0059023918259724,0.0004891283327958,0.0007353295382917
2024-03-11,-0.0012289069584971,0.000183474940301,-0.0028898956648788,0.002202378305899,-0.0006036722618466,-0.0008561083147594,-0.0012609305451362
2024-03-12,0.0061293715672291,-0.0032149797473287,0.010462515011888,0.010939716745759,0.0148372572738957,-0.0009793344969746,-0.0041089388884305
2024-03-13,0.0015264615493861,-0.0010125706962498,-0.000908521546146,-0.0031481093410986,-0.0019358934670103,-0.0004900271444858,-0.002219512413
2024-03-14,-0.0181627334277399,-0.0073951441614782,-0.0044144338161062,-0.0051063718123658,-0.000596291747425,-0.0008581023409725,-0.0074342374973373
2024-03-15,0.0083527312329816,0.0002782947261011,-0.004645523978784,-0.0061132357446427,-0.022015465770051,-0.0006134215015661,-0.00170698892933
2024-03-18,-0.0191281716204439,-0.0016710021481077,0.0030290796309507,0.0017154689735853,0.002588593760887,0.0001227331293222,-0.0011752830982294
2024-03-19,0.0028222080290674,0.0028761460512095,0.0049115799321804,-0.0049092087809679,-0.0073260912768254,0.0008585233243971,0.0028822720275596
2024-03-20,0.0141471440491279,0.0018511385010962,0.0093355254297066,0.0112552961244473,0.0234664169653168,0.0015924209415254,0.0023424331940765
2024-03-21,0.0151668613734039,0.001478503875915,0.003184656854569,0.0012158798277944,0.0104198165886216,0.0,0.0001063661004533
2024-03-22,-0.0113150731630838,0.0034105680393937,-0.0018680897941191,-0.0070723598768691,-0.0071332702679491,0.0007341880707177,0.0048796010923186
2024-03-25,0.0038370088466789,-0.0034105680393936,-0.0027738846146105,0.0007339151227743,0.0069851453277375,-0.0004893676964062,-0.0026490081715769
2024-03-26,-0.0032220831394235,-0.0002771058680859,-0.0013203326543222,-0.0007339151227742,-0.001778760012668,0.0002446671146232,0.0014843025424592
2024-03-27,0.0071970484227229,0.0069032445266274,0.0076199184077666,0.0017116936332472,-0.0014847585611487,0.0011004949139406,0.0038067150919563
2024-03-28,0.006387826571705,-0.0009176698496746,0.0,0.0036581316729021,-0.0028272087313242,-0.0006112469057898,-0.0009502807974561
2024-04-01,-0.0060827671749968,-0.013401900782944,-0.0028333777769582,0.0017025345707196,-0.0076285186296924,-0.0053948445529926,-0.0120093357700807
2024-04-02,-0.0079632373204339,-0.0014899310235404,-0.006944472352811,0.0031541273980353,0.0010504945302727,0.000491653366624,-0.0021406081982
2024-04-03,0.0084207101563646,0.0006521002282012,0.0029919841875351,0.0007265430502113,-0.0025531015037127,0.0007370739567299,0.0011779260111812
2024-04-04,-0.013043973971268,0.0011169281514472,-0.0113894928454605,-0.0036377273935616,-0.0058819170839581,0.0009817649550178,0.0034188034047504
2024-04-05,0.0086128675157818,-0.0043816899766759,0.0088155227314826,0.0021842055220298,-0.000151306804611,-0.0015959398953522,-0.0066346176115544
2024-04-08,0.0079316558618661,-9.345607523147366e-05,0.0011139214657053,0.0065241371020797,0.0021157540539083,-0.0009834276460105,-0.0022572061479962
2024-04-09,0.0045475756135024,0.005126094091107,0.0007650886075461,0.0067210713958007,-0.0056013334775371,0.0009834276460105,0.0039736157092046
2024-04-10,-0.0209376139125286,-0.0143254055522998,-0.0111162489619084,-0.0137301856624461,-0.039008261668949,-0.0040628167581981,-0.0133796286930181
2024-04-11,0.0083051986413692,-0.0020768554625455,0.0068661077174904,0.0060452367094337,0.024480831760943,0.0012329689980555,-0.001413090674049
2024-04-12,-0.0215195139583583,0.0022654140978074,-0.0156929132634238,-0.0231689618038491,-0.0362306949359176,0.0006158209410308,0.0041250303588362
2024-04-15,-0.0094340681652834,-0.0110927725353346,-0.0102660229877497,-0.0064356242909841,-0.0056058814512162,-0.0003694658507405,-0.0064119802554319
2024-04-16,-0.005226875211252,-0.0033423941120936,-0.0040929747062643,-0.0132485068708497,-0.0157024256192001,-0.0006161426171134,-0.0039327187102907
2024-04-17,-0.0019075311279714,0.005437644599601,-0.0033152567667683,-0.00075525727205,-0.0067119813372402,0.0007393443917506,0.006328464343993
2024-04-18,-0.007987263104903,-0.0019998966937668,-0.0029642768687081,0.0040211125154899,0.0149986210203162,-0.0004928041808468,-0.0034865984958536
2024-04-19,-0.0036956665671472,0.0010480741127317,-0.0058093479557426,-0.00402111251549,-0.007797303091507,0.0002463854510245,0.0013088474467512
2024-04-22,0.0135904608000219,0.00247284231342,0.0087013599746261,0.0107703060747972,0.0219363733297711,0.0004926828059254,0.0001090210513578
2024-04-23,0.0187215787498996,0.0017084316100166,0.0111283992681904,0.0081876608883122,0.0049335879237866,0.000861587790938,0.0013070772450926
2024-04-24,-0.0084521511040092,-0.0038956392739248,-0.0007856906408215,0.0034533676768593,0.00269517669115,-0.0003691476018315,-0.0030525087486018
2024-04-25,-0.0096344522161508,-0.0029555968722558,-0.0035791019661505,0.0022137544661961,-0.0041249990063462,-0.0007387042652096,-0.0038286814282941
2024-04-26,0.0133997795284246,0.0038120116238884,0.0096343732091043,0.0114816801123622,0.0069708555543218,0.0002462640761032,0.0027362793392344
2024-04-29,0.0053099663164593,0.0041765836486991,0.0030492714308195,0.0096689546169433,0.0106784385864917,0.0004924401891064,0.004036032199904
2024-04-30,-0.0145918727668704,-0.0055091499310003,-0.0146935425543796,-0.0140505704588483,-0.0152674317956323,-0.0012315084460563,-0.0046920300278713
2024-05-01,-0.0017401034223285,0.0001905168811567,-0.0041040634820867,0.0009753012381696,0.000634230490911,-0.0012330269293261,0.0009838354375624
2024-05-02,0.0037926985391236,0.0061708223345257,0.0106215702563778,0.0255067097051389,0.0214825813829683,0.0014794123803507,0.0046874269093057
2024-05-03,0.0084812366432167,0.0069791648529686,0.0120628507679423,0.008987786660139,0.0111078159072006,0.0016003558759455,0.0055311907971931
2024-05-06,0.0162882568822284,0.0028155384579048,0.0097561707658305,0.000941329818757,0.0087069929664121,-0.0001230350697955,0.0008648847139636
2024-05-07,0.00061530407356,0.0004685224023181,0.0010472209578441,-0.0056616774784367,-0.0009129269879237,0.0001230350697956,0.0025900927944653
2024-05-08,-0.006015278339156,-0.0025324464954545,-6.9844506566259e-05,0.0002365067219405,0.0021289452247319,-0.0002460852790821,-0.0028062850867246
2024-05-09,0.0030892356177839,0.0015952536114303,0.0057749462277194,0.003070047758421,-0.0111511635191589,0.0008608460964055,0.0030218715975666
2024-05-10,0.0047696866035616,-0.0031931278891687,0.0016637012683302,0.0021198960417943,-0.0033851583016284,-0.0008608460964055,-0.0032380281590959
2024-05-13,0.0016869969074561,0.0003761959629956,-0.0006236297513969,0.0075012001042206,0.0023093156357812,0.0002460852790822,0.0011884892543559
2024-05-14,0.0083924414709049,0.0029107122083402,0.0058736728659374,0.0053569371169771,0.0082695865116538,0.0009834547326961,0.0029111740456032
2024-05-15,0.0206038233565782,0.0088673463773091,0.0113723473242259,0.0106285450044436,0.0203795791354478,0.0018415268789212,0.007508397186462
2024-05-16,-0.0133365186625628,-0.0015810109457656,-0.0024553320452035,0.0020663572017526,-0.0082526602160605,-0.00073616639636,-0.0019253434329708
2024-05-17,-0.0033242886414242,-0.002329591458556,0.0019783291777807,0.0043483863627656,-0.0138059334537404,-0.0006139487201894,-0.003109765116225
2024-05-20,0.0012101322050992,-0.0004665987238166,0.0003407246988339,-0.003660490103802,-0.0033665100783465,-0.0002456288318931,-0.0015047228577629
2024-05-21,0.0036215199097249,0.0016786379577697,0.0016338022059801,-0.0062076404089645,-0.005995857775536,0.0004912910262512,0.0025781286530228
2024-05-22,-0.0075597578751029,-0.0014919438631904,-0.004841019302807,-0.0032339918850839,-0.0047916864238531,-0.0007370739567298,-0.0012882744619168
2024-05-23,-0.0080762157724873,-0.0043956227640796,-0.0069270501241526,-0.0074315178204368,-0.0102788607417775,-0.000491653366624,-0.0035511923719657
2024-05-24,0.0147318512526394,0.0027144763956325,0.0069270501241526,0.0027932729780579,0.0034380000544976,0.0003688330059666,0.0012927724013566
2024-05-28,-0.002717397514774,-0.0060004588437291,0.0002050147276788,-0.0013957055908503,0.0097804842960095,-0.0008606343720387,-0.005614316723647
2024-05-29,-0.020928018728561,-0.0053745800365403,-0.0104410138959101,-0.0150096485505551,-0.0247119514587008,-0.0003691506315862,-0.0048841138801593
2024-05-30,0.0107479088701254,0.0061266183603863,-0.0013128516889521,-0.002839541217796,-0.0105063021585132,0.0011068557829928,0.0049924031245537
2024-05-31,0.0039627319714521,0.0044067506134672,0.0074396002563194,-0.0097631407534669,-0.0049731612622074,0.0013511100638508,0.0046443923383892
2024-06-03,0.0009123489696351,0.0030825472086595,0.0023990883741957,0.0104737597384449,0.0164290924617578,-0.0020888152152574,0.0035496643641756
2024-06-04,-0.0041118502873201,0.0039095104039771,-0.0002054077837548,-0.0140696290171282,-0.0034864917199098,0.0009834547326961,0.0054612990629944
2024-06-05,0.0103234606858768,0.0033389069358189,0.0104227844901808,0.0159622681008615,0.0187156301563118,0.0009825821578291,0.0036243932896829
2024-06-06,-0.0133801182286894,-0.0006483554594304,0.0006097106689041,0.0049510670497798,0.0079150273592717,0.0001227783247319,-0.0004257228064843
2024-06-07,-0.014648393671813,-0.0090279474306317,-0.004207927565045,-0.011352996453311,-0.0160502483389533,-0.002580952457606,-0.0105946252526434
2024-06-10,0.0128098341568108,-0.0020589733417605,0.0022419373617475,0.0059291053469076,0.0081352209796816,0.0001229866107623,-0.0021539798476562
2024-06-11,-0.0078516630263977,0.0043002692764143,-0.0094774471437193,-0.0102199415345511,-0.006251997994075,0.0011068557829928,0.0052690897689166
2024-06-12,0.015489952637894,0.0061378753990083,0.0092738516423317,0.0099834005315194,0.0246238371979439,0.0013511100638508,0.005561557356269
2024-06-13,-0.0134826195460851,0.0047172277115708,-0.0021744068375639,-0.0023679498444446,-0.0081408392522739,0.0015943739645465,0.0065908085841962
2024-06-14,-0.0077423735444714,0.0008301096923721,-0.0029292073204037,0.0011846758203667,-0.0049474391606461,0.0001225676894687,0.0023283027311076
2024-06-17,0.006198710531597,-0.0047133042810512,0.006053406550937,0.0063732178242933,0.0080272780882709,-0.0009807752576552,-0.0046619580836032
2024-06-18,0.0030849468024986,0.004621080442404,0.003317238799997,0.0091346083677914,0.0090303873202117,0.001348294763132,0.0043447959560066
2024-06-20,0.0050695526788525,-0.0033250295851909,-0.0016234140924931,-0.0016334082635708,-0.0041224067460888,-0.0003675195054767,-0.0025410057275167
2024-06-21,-0.0120241736393248,0.0002775672634117,-0.0033226373896299,-0.0035092217466759,-0.0036786960185251,0.0003675195054767,0.0002119635691005
2024-06-24,-0.0437471029869564,0.0010168765123828,0.0002717048907844,0.0,-0.0021521819695456,0.0001225076390091,0.0008475668647233
2024-06-25,-0.0117341830997291,-0.0003696600583232,0.0034570073510837,-0.0023462816166541,0.0007691012076951,0.0001224926327258,0.000846849103441
2024-06-26,-0.0049301535388397,-0.0054683297187425,-0.000541504224762,-0.0021164065135594,0.003224061898954,-0.0009801744029361,-0.0060493650223419
2024-06-27,0.0034536517087848,0.0019497623589205,0.0002708404064164,0.0007059367289495,0.0083951200051806,0.0007351741312011,0.0022329647222094
2024-06-28,0.0029508268161747,-0.0064206688824213,-0.0016935951661572,0.0018801846311865,0.0045495290576038,0.0001225076390091,-0.0053248261265348
2024-07-01,-0.0031149893880973,-0.009473429385589,0.002167234591063,0.0023451810831158,0.0004539204207612,-0.0041728579106775,-0.0105196693437908
2024-07-02,0.0099665361612366,0.0063880001190465,0.0051958973405669,0.0030406074336375,0.0006047915755768,0.000860528629615,0.0037697118679232
2024-07-03,0.0027599982702301,0.0073704761088867,0.0067746478580363,0.0146055932358298,0.0103751746547857,0.00147351142336,0.0066431483969942
2024-07-05,0.006947282195356,0.005191904444275,0.0060648902835383,0.0041341423463071,0.0310753323566907,0.0018388178577022,0.0055378657397855
2024-07-08,-0.0087322824316041,-9.24967530666785e-05,-0.0010637127984569,0.0002291353620833,-0.0109354448347877,-0.0001225076390091,0.0003185429103095
2024-07-09,-0.0074992050719758,-0.0018513098919158,0.0005984396307067,0.0041161802242047,-0.0011735637727069,-0.0002449668370053,-0.0013811941936782
2024-07-10,0.0205691994077997,0.0024060916006065,0.0105143082213116,0.0056889447260821,0.0097861848245076,0.0003674744760144,0.0009564207489911
2024-07-11,0.0113175524989166,0.0053465669776836,-0.0049457714244433,0.0058824181329533,0.0007264137160555,0.0023242387916687,0.0063525726524821
2024-07-12,0.0130699920106888,0.0036707532765907,0.0074422553851816,0.004052155255829,-0.0029090485713853,0.0014652353040943,0.002108561155076
2024-07-15,-0.0012523172802672,-0.005511160086776,6.567872254051948e-05,-0.0106155126748614,-0.0152652443107918,0.0,-0.0031645113410027
2024-07-16,0.0129174316129673,0.0057859119314101,0.0058225238590938,0.0056606059632844,0.0091284898974686,0.000365950353035,0.0044275653843186
2024-07-17,-0.0077616039166932,0.0004577986113953,-0.0111512923159365,-0.0163901054812175,-0.0169984357759996,0.0001219847109357,0.0008411506177929
2024-07-18,-0.0029652558614099,-0.0043113512026455,-0.0090114614463818,-0.0094546962705534,-0.0166858525128971,-0.0004879350639707,-0.0028417034772615
2024-07-19,-0.0028173489741331,-0.0036839379772345,-0.0070804705920489,-0.0097788476919649,-0.0112805744676565,-0.0004881732608266,-0.0031668497258788
2024-07-22,0.0152437165069104,-0.0005537384492085,0.0106019436979364,0.00838767254391,0.0085483277427751,0.0001220889391034,-0.0009520703890518
2024-07-23,-0.0057279374843343,-0.0007388422201324,-0.0031888088551785,-0.008855738480028,-0.0045704384030346,0.0004881136784521,0.0007405416526656
2024-07-24,-0.017383640317647,-0.0061161902609816,-0.0205707554148942,-0.0146195187822699,-0.0150771429519081,0.0004878755397229,-0.0022232721971722
2024-07-25,0.0040990461773554,0.0039890613429663,-0.0049705324012384,-0.0040461359832887,-0.0070001775890999,0.0001218619389463,0.0022232721971721
2024-07-26,0.016694293503059,0.0055396547031441,0.0110648710998605,0.0102029666809911,0.0153361458027776,0.0013402452745349,0.0047476438637338
2024-07-29,-0.002944060582513,0.0021153903567142,-0.0003376189264334,-0.003310463808797,0.0,0.0001217767875719,0.0016825751414935
2024-07-30,0.0057252785741389,0.0008265966276095,-0.0028403221985724,-0.0045104513596752,-0.0081810506448878,0.0003651485615719,0.0020993455456239
2024-07-31,0.0072258171869402,0.0057668452152089,0.0155229238012607,0.0216530462202869,0.0309783894700779,0.0020667222069386,0.0073129968550039
2024-08-01,-0.0284334857716959,-0.0002738489204053,-0.0178960889796459,-0.0176164270725973,-0.0186553272674828,-0.0015800338387031,0.0012483383005563
2024-08-02,-0.037740364980578,0.0097216021011259,-0.0184296142698376,-0.0143201085336645,-0.0274712778001315,0.0055798190880274,0.015371405381084
2024-08-05,-0.0373500880292069,-0.0025348445730924,-0.0276218234409443,-0.0287754639126711,-0.0556507584251403,-0.0002419143866542,0.0010232117396298
2024-08-06,0.0067727606467714,-0.0065478701271061,0.0076476925642142,0.0056742068560512,-0.011208849899297,-0.0012106353942328,-0.0089372941310947
2024-08-07,0.0052175726959728,-0.004572481738695,-0.0040998280182846,0.0061312268254928,0.0087102806597443,-0.0006059139940995,-0.0036181990297748
2024-08-08,0.0133401885979013,0.0004582181226365,0.021026848088561,0.0224837288715175,0.0248716128120077,-0.0004849771645656,-0.0030078425855616
2024-08-09,0.0098896848255779,0.0051174155088195,0.0058781409779579,0.0054833736974887,0.0121272403111981,0.0002425642326049,0.004042995383552
2024-08-12,-0.0029566431199741,0.0020942721548056,-0.0008968019508831,0.0033230361957854,0.0006426269658359,0.0006059684048952,0.0027893673494905
2024-08-13,0.0182563982453443,0.0069793769625471,0.0172418361361011,0.0110758151668159,0.0211370896244038,0.0015740045732985,0.0044263832953587
2024-08-14,0.0094848416758877,0.0044161927708405,0.0030478330239382,-0.0054047729005464,0.0018852940792924,-0.0001210106579006,0.0013343317805869
2024-08-15,0.0131926226988943,-0.0030622048753512,0.014901613404386,0.0110136140600655,0.0098399431346301,-0.0024228307367966,-0.0062767158343912
2024-08-16,0.0047258945897971,0.0029723221749588,0.0041224152110365,0.0115849303490272,0.0184791923468574,0.0010910234241879,0.0019592936857766
2024-08-19,0.0087623993266979,0.0023355607773491,0.0099693458787433,0.0096287304105424,0.01122751690134,-0.0002423878935509,0.001338315489446
2024-08-20,-0.0062510207516733,0.0025986924635619,-0.0014463300123038,-0.0077874910031424,0.0006033320844803,0.0014531699029076,0.004004311558204
2024-08-21,0.0082741675199907,0.0022348376062771,0.0057073342257192,0.0039012824230229,0.0010549273121672,0.0010885163533556,0.0020473400584493
2024-08-22,-0.0010888963507334,-0.0041159604580321,-0.0090682026408619,-0.0124454457969051,-0.0191612031500991,-0.0013305185669041,-0.0046123649028883
2024-08-23,0.0195736645342333,0.0057219592718266,0.0151334244827882,0.0165597442903433,0.0314368019724399,0.0022969823514189,0.0046123649028881
2024-08-26,-0.0016801803494471,-0.0012488796587914,-0.0028649741966712,-0.0084755730381156,-0.0168046382885681,-0.0004831612236535,-0.001227900974336
2024-08-27,0.001680180349447,-0.0008036464012482,0.0014985878668757,0.0013792544391972,0.0013609130333505,0.0006039380926808,-0.0004096356070077
2024-08-28,-0.0088915840400642,-0.0020568158859821,-0.0047642167765087,-0.0062219457960029,-0.0101754717517537,-0.0001207768690271,-0.0005122219526752
2024-08-29,-0.0001540330490291,-0.0017023024766,0.0006540193884327,0.0004622246080379,-0.0015276273928963,-0.0001206993153944,-0.0017436607746796
2024-08-30,0.0066006886695825,-0.0027836193122536,0.0079442103307272,0.0020773268858603,0.001374934681091,0.0,-0.0034965477974009
2024-09-03,-0.0347143505912202,-0.0006296352382923,-0.0207746801152414,-0.0200286303326485,-0.0351131037587145,-0.0024184361943698,0.0035991450026649
2024-09-04,0.0006333666256336,0.0061892150536129,-0.0019222044843383,-0.0002352269562807,0.0003161524621812,0.0021768095204109,0.0058339012643055
2024-09-05,0.004265079755043,0.0049060838302678,-0.0035226434542571,0.0014108013701933,-0.0066613755290556,0.0003623259893532,0.0023444621921205
2024-09-06,-0.0149279989371523,-0.0004449772897683,-0.0163795191867331,-0.0184971503895486,-0.0379484507788215,0.0018097553219173,0.0014243505139215
2024-09-09,0.014612683495964,0.0022231123462046,0.0106369780447703,0.008342374432751,0.0188298893242289,0.0001205585032746,0.0014223246247691
2024-09-10,0.0,0.0027497915664952,0.0027418591562412,-0.0038049949131325,-0.0060197488487789,0.0014452022141022,0.0042548759647122
2024-09-11,0.0094162418676944,0.000442837994682,0.0097691500383048,0.0073590256995213,0.0061819144710929,-0.0008428114132281,-0.0007078899624363
2024-09-12,0.0194902098503406,-0.0007086079124978,0.0075765020908625,0.0082441237024457,0.0136910971092094,0.0001204713823343,-0.0016198852582718
2024-09-13,0.0123317021150595,0.0030963750539994,0.0051063860830122,0.0046805785463626,0.0125588000048263,0.0014442504178689,0.0019233170104109
2024-09-16,0.015613602964869,0.0044068465821731,0.0034549024523437,0.0032633918162036,0.0034695070481127,0.0006010871575253,0.0026260205035084
2024-09-17,0.0066811113444836,8.795793187793978e-05,-0.0016281875555072,0.0011629082851337,-0.0047340980492032,-0.0007213846641398,-0.0018172676032231
2024-09-18,-0.0041518263845022,-0.0041415331539426,-0.0026760037632001,-0.0034928787856303,0.0006324652483888,-0.0003608875744055,-0.0043546608875121
2024-09-19,0.0250911705916202,0.0008825991287368,0.0171709222245425,0.0210048085173792,0.0102226499299743,0.0008418990747903,-0.000812283858145
2024-09-20,-0.0093172804898563,0.0008818208343862,-0.0035396184859583,-0.0020578526813231,-0.0092746110814153,0.0003605839261008,-0.0003047572537521
2024-09-23,-0.0054264669219225,-0.0014112733595969,0.0030255339762254,0.007751980512585,0.0058263126279285,0.0,-0.0006097932800601
2024-09-24,0.0023502310730825,0.0016757285557006,0.003144590935679,0.0335002304924156,0.0209749364947682,0.0009609830295664,0.0011177221031372
2024-09-25,-0.0138870957924095,-0.0059216735472952,-0.0025021000924556,-0.010598455416774,-0.0261697221766844,-0.0008407867161114,-0.0040704393639983
2024-09-26,0.0198842763889203,0.0,0.0090800127216567,0.0359712138929309,0.0570532071123449,-0.0009617917399407,-0.0007140276218411
2024-09-27,-0.0005835290606504,0.0039811135718806,-0.0030601259661081,-0.0019290575323723,-0.0110929859348155,0.0015623734506446,0.0039716880037119
2024-09-30,-0.0045337929009248,-0.0024752379372042,0.0018499577632767,-0.0162218327407362,-0.0365351046650814,-0.00144207594403,-0.0027479192919243
2024-10-01,-0.0120927543267109,0.0011499603296266,-0.0083195349561587,0.0071700039723881,-0.007532985204632,-0.0026493418468228,0.0007131546629415
2024-10-02,-0.0016333897514905,-0.0022126839903426,0.0001285456376779,0.0195096739146273,-0.0012610029363897,-0.0002411558452116,-0.0028556752765093
2024-10-03,-0.0038713886473525,-0.0064892299708691,-0.0037983217530539,-0.0119607910798081,-0.0111024257037022,-0.0013276280496291,-0.0051198143911291
2024-10-04,0.0164241411169328,-0.0054549710675813,0.0083499945298181,0.0091969484819153,0.0,-0.0033874507253838,-0.0096968205414934
2024-10-07,-0.0131473847935551,-0.0051242950376858,-0.0086079824489296,0.0082688774353419,0.0050906837859443,-0.0013338143098346,-0.00363465239339
2024-10-08,0.0004459790391184,0.0019809229018617,0.0068795545642767,-0.0250147087520766,0.0058539670746473,0.0008490471957011,0.0008318865058271
2024-10-09,0.0002972844751983,-0.0019809229018618,0.0053039493547896,-0.0054271273433562,0.0026782526071697,-0.0009704249753008,-0.0037492297921249
2024-10-10,-0.002678178916844,-0.0010821095640466,-0.001658445952637,0.0019571639416127,-0.0039410470271609,0.0008491502136741,-0.0001042886934887
2024-10-11,0.0125843462385652,-0.0001805113929824,0.0057291767725966,0.0071437003276079,0.0012627944199912,0.0008484297693109,0.0003129926356067
2024-10-14,0.0004412558581201,9.02597695366462e-05,0.0063275334026401,-0.004106834777103,0.0028355454801315,-0.0004847420757236,-0.0017749747937252
2024-10-15,-0.0053081901692571,0.0048609413815897,-0.0099521729971319,-0.021454403826006,-0.0233956917795779,0.0004847420757236,0.0051076137176075
2024-10-16,0.0100030300066062,0.0031380173201885,0.0040689189962124,0.00771528770548,0.0123231210375885,0.000605528065433,0.0015583767551961
2024-10-17,0.0125092629068964,-0.0074577087163537,0.0005708435573328,-0.0015382860561399,-0.0076640890658501,-0.0008479159589839,-0.005204008314685
2024-10-18,0.0038952173382025,-0.0011731017455861,0.0044289662307031,0.0098479174531659,-0.0051422208309297,0.000847915958984,0.0011472140581442
2024-10-21,-0.0073704287563423,-0.0102555442517919,-0.0043654947775967,-0.0069930290783429,-0.0077632533324921,-0.0014539578347439,-0.0077431117800973
2024-10-22,-0.0059650087171625,-9.124787742795033e-05,-0.001586445675555,-0.0021953571011782,-0.0115947910784002,-0.0001212894709782,-0.0009457868294229
2024-10-23,-0.0148477872149677,-0.003381339745908,-0.0100208739855584,-0.0059517525879505,0.0055692223588496,-0.0006064829630963,-0.0023158033581507
2024-10-24,0.0097274706157058,0.0030163345819718,0.0032661626768553,-0.0015488374663213,0.0003266447406173,0.0004851787791978,0.0022106339528847
2024-10-25,-0.0073605513787215,-0.0023757516610468,-0.0015997444446032,-0.0008861523855963,-0.0016342917176603,-0.0003639082976451,-0.0022106339528846
2024-10-28,0.0152495756323667,-0.0008236520704816,0.0044091094332268,0.0044228459089697,0.0094417407932037,-0.0004854480269902,-0.0023211787541121
2024-10-29,-0.0065699131806761,0.0011895252681338,0.0,-0.0030939116314837,-0.0006483130702396,0.0003641775454375,0.0004224407720175
2024-10-30,0.0010248108417711,-0.0012811073422397,-0.0036408463093378,-0.0097865242165182,-0.0143699577790256,-0.0008498613466755,-0.0014792837709334
2024-10-31,-0.0156321955794608,-0.0020165105254775,-0.0163875186329313,-0.0065030144540986,-0.0147463428748933,0.0002429177040677,-0.0005288809973216
2024-11-01,-0.0065613485830641,-0.0090322800925139,0.0040250013589859,0.0008995034208769,0.0018344140901917,-0.0037710348403865,-0.0090334691300079
2024-11-04,-0.0035970943027542,0.007379384317124,-0.0013615141013894,0.0056035110332215,0.0145553521322606,0.0007309644240587,0.0053236924047232
2024-11-05,0.0076285186296924,0.0047676286687681,0.0117383307729188,0.0135421493364172,0.0036059276112235,-0.000243657404771,0.0005308461499445
2024-11-06,0.0335538162345453,-0.0104818849289593,0.0152713189290886,-0.0124252222547721,-0.0290500970907979,-0.001218899195949,-0.0103484277038511
2024-11-07,0.0044568768654492,0.0117615870020988,0.0097402537802832,0.0218623672002205,0.022484122899421,0.0017060617568976,0.0080107237460789
2024-11-08,0.0030079387944911,0.0034652346725562,-0.0001876154888101,-0.0249929463631427,-0.0253515984137299,-0.0007307863870764,0.0021253669157334
2024-11-11,0.0134955464179515,-0.0019135190723354,0.0023115314171735,-0.0076439252925284,-0.0141195138607958,-0.0007313208264047,-0.002763842597893
2024-11-12,-0.0185138160284283,-0.0090705451212926,-0.0066995044352567,-0.019139343121991,-0.0263858475605484,-0.0009759892181749,-0.0063004529458963
2024-11-13,-0.0184236242905399,-0.0037807566199445,-0.0013200785139152,-0.0064621179061027,-0.0172096398528997,0.0014636268514198,-0.0006429228553003
2024-11-14,0.0088915472540717,-0.0002771890035748,-0.0041603921876018,-0.0055722889824075,-0.0028673826837928,-0.0014636268514197,-0.0001072212709054
2024-11-15,-0.0055297707274317,0.0004619859783359,-0.0104772453487523,0.0,0.0085775996556664,0.0010978511571213,0.0004287343672792
2024-11-18,0.0056747973068509,0.001845671870523,0.0046489223702998,0.0113439778184687,0.0278989956969203,0.0007313246949499,0.0022477835119771
2024-11-19,0.0069405044075855,0.002118383065438,0.0029184559850011,-0.000690818215704,-0.0045092365153478,0.0,0.0021361171783272
2024-11-20,0.0007201357590682,-0.0023950097386143,-0.0005703976359816,-0.0011524545886977,-0.0024364681715371,-0.0004874593669265,-0.0014948435334422
2024-11-21,0.0128757366120221,-0.0011996241128994,0.0051213263560853,-0.002077806391732,0.0107453190587627,-0.0002438653280234,-0.0005343389545945
2024-11-22,0.0082107176459108,0.0009229208962324,0.0043418699468401,0.0002310415174077,0.0020665195439759,-0.0001218619389463,0.0006412050961318
2024-11-25,0.0074443602670302,0.0123769488733613,0.0031346023862098,0.0006929806014996,0.0104390542571305,0.0019490325626251,0.010732817986169
2024-11-26,-0.0064579627422025,-0.002554501687786,0.0018136307596915,-0.00416475151017,-0.0023862838009076,0.0,-0.0021161466337432
2024-11-27,0.0028128985148466,0.0036473234437659,-0.0012503717947808,0.0013901197513351,-0.0078807859113103,0.0006083466571638,0.0040168895895834
2024-11-29,0.0063004000143046,0.0061700611974208,0.0080376348727212,0.0016194265492972,-0.0122870644426877,0.0012154915020824,0.0042109917875005
2024-12-02,-0.0055983564217069,-0.0019014602537156,0.0025411625996518,0.003922071848171,-0.012616274308162,-0.0032852330886266,-0.0031566003574651
2024-12-03,-0.0023887901018329,-0.0035407854100651,0.0010517411598291,0.0020701594925806,-0.0159974564750347,0.0001218025325832,-0.0028494203229645
2024-12-04,0.0019676659425968,0.0048088502411245,0.0057957029316981,0.002524398550575,0.0071415713194771,0.0010962057950169,0.0037974792340574
2024-12-05,0.004343230065158,-0.0002716372501195,6.144226958975403e-05,0.0066247438938649,-0.0123513362827875,0.0,-0.0001053133561323
2024-12-06,-0.0001398411264151,0.0022609099108638,0.001719789033276,-0.0015950714900971,-0.0101376931875448,0.0009733767489334,0.0031538653742621
2024-12-09,-0.0095533227091374,-0.0025325518735073,-0.00572357578308,0.0203167607003676,-0.0237514791842026,-0.0003649748703862,-0.0034697916442628
2024-12-10,-0.0004235620337165,-0.0015407459463069,-0.0042678427445053,-0.016220252677552,0.0048327629360499,-0.0001215950712982,-0.0017922707782243
2024-12-11,0.0117929763850541,-0.0027248250820546,0.0077797040560807,0.0040797950862361,0.0286961057445143,-0.0002434202054688,-0.0029588818736732
2024-12-12,-0.0126406390471198,-0.0056548410505456,-0.0064789236313701,-0.0049886136132765,-0.0003604335567254,-0.0004869253491438,-0.0038172098060044
2024-12-13,-0.0056697746527701,-0.0055950671235133,-0.0011767921267395,0.0009088185270402,0.0091505461431126,-0.0004871625609486,-0.0046852903590834
2024-12-16,0.0018462673869372,0.001286877541969,0.0021667913843292,-0.0054656903227814,-0.0073496760799301,0.0001218361235017,0.0003201406431557
2024-12-17,-0.0150099740968867,9.1876508366467e-05,-0.0105689324762729,-0.0191360728310798,-0.0368342530627434,0.0001218212812691,0.0
2024-12-18,-0.034284108170858,-0.0160181503651295,-0.0293000542865784,-0.023552667180405,-0.0276323235622262,-0.0052506415613911,-0.0110510084373769
2024-12-19,-0.0017901708401996,-0.0054282008750635,-0.0014168947733338,0.0033309427351342,0.0091691098688387,0.0011012095278744,-0.0045415930183917
2024-12-20,0.0069935737451897,0.0039337486011958,0.0077041786543413,0.0040299209640347,-0.0047650904853942,0.0001223128893046,0.0036781085639081
2024-12-23,-0.0176519207828885,-0.0029019930103897,0.0066292523779454,0.0056616774784366,0.0081819560749512,-0.0006115274083316,-0.0044370363095132
2024-12-24,0.0122995351397182,0.0030888949901159,0.0086663437929678,0.003053462656876,-0.0011376825942958,0.0004892145190267,0.0005421854574143
2024-12-26,0.0081656667233697,0.0009341287445614,0.0018248331808554,-0.0035239719141773,-0.0141385209890144,0.0002446108199959,0.0007585165335226
2024-12-27,-0.0063784288589189,-0.0042105039817578,-0.0092212580283557,-0.0044817256135121,-0.0098618634464117,0.0002444577426954,-0.0026030151550557
2024-12-30,-0.0091188409883953,0.0043038902501906,-0.0094353051152768,-0.0080703063067923,-0.0052606154203881,0.0014657721953465,0.0058473464078103
2024-12-31,0.0026994664660553,-0.0025239955097167,-0.0039791794171032,-0.0033420750059229,-0.0058777450349664,0.0006101281458335,-0.0018372058835999
2025-01-02,0.001197453128838,9.3613519402907e-05,-0.0019311435335586,-0.001435783321911,0.0045093605678111,-0.0002440438241102,0.0005407196950655
2025-01-03,0.0093800267023174,-0.0023424700669034,0.0114037933963429,0.009295817267812,0.0330926933668529,0.0,-0.0016229543959126
2025-01-06,0.0066464602708585,-0.0025360145341986,0.0049564745524995,0.0035523473668143,0.029095699369282,0.0002440438241103,-0.0009749888383326
2025-01-07,-0.0158768775749619,-0.0046189976772134,-0.0085940679348983,-0.00711744973247,-0.0125787875326659,-0.0006101281458336,-0.004562808587763
2025-01-08,0.0008969586360252,0.0016049642299518,0.0001277906529413,-0.0047732970047978,0.0111070832538546,0.0006101281458335,0.0017406843526691
2025-01-10,-0.0185511046868273,-0.0057707988519315,-0.0140339159671185,-0.0171315346697478,-0.0148370532592239,-0.0018314091087773,-0.0073092362966773
2025-01-13,-0.0067206978671474,-0.002850387219739,-0.0001296957518544,-0.0068376035402631,-0.0005606724508711,0.0002443382591472,-0.0017534652395122
2025-01-14,0.0132452682893729,0.001141144539545,0.001295904773831,0.011208671787854,0.0094892946420397,0.0002443717616826,0.0003289881051778
2025-01-15,0.02035999293268,0.011903797709182,0.0172053290369,0.0129997233580537,0.0145236656958025,0.0021961977935337,0.0104713730659816
2025-01-16,0.0131028646731736,0.001970250473268,0.0001909230191758,-0.0011966748332552,-0.0045733180562878,0.0006091431427896,0.0023842385870994
2025-01-17,0.0048149827087622,0.0008431755535473,0.0079863169844795,0.0078712830265438,0.0053031286072924,-0.0002435941421381,0.0007574495522044
2025-01-21,0.0217415831825232,0.005789564642108,0.01173647881535,0.0106346448858993,0.0153834986959698,0.0003654154234073,0.0033476105936682
2025-01-22,0.0015655110477918,-0.0031707941210612,0.0038609782059687,0.0007049413776066,0.0076930391335974,-0.000243657404771,-0.0025907343370734
2025-01-23,0.017340299617453,-0.0014020088816004,0.006072615911496,0.0023462816166542,-0.0078726913364611,0.0,-0.0025973810026083
2025-01-24,-0.0030795266944228,0.0019623337436113,-0.0008033721502402,0.0065406119057813,0.0041230381534472,0.0006089393485206,0.0020568607133186
2025-01-27,-0.0148297760103801,0.0068843685446672,-0.0109413609161477,-0.0183276418560191,-0.0244467091646126,0.0014598876737399,0.0064676141280079
2025-01-28,0.0113187830971703,-0.0013916737050698,0.0059206616041163,0.0073243418200242,-0.0045934854035825,0.0002430611772649,0.0001074631873015
2025-01-29,-0.0064925996542768,-0.0013006262558329,-0.0032363818601405,0.0002354274716482,0.002207486818937,-0.0006078101422798,-0.0011824845080867
2025-01-30,0.0069145530859794,0.0022286002986569,0.0070816507025596,0.016803135126633,0.0154985744191123,0.0006078101422798,0.0021488882116558
2025-01-31,0.0028085533250621,-0.0032517191246019,-0.0055243576211679,-0.0114047055295332,-0.0238019148787585,0.00012155479445,-0.0016112741018469
2025-02-03,-0.012559248078698,-0.0020493833333038,-0.0080618413064981,-0.0072830433378734,-0.0109921952627001,-0.00401829254296,-0.0024756024759036
2025-02-04,-0.0028440996007267,0.0019563012391963,0.0079373204705393,0.0177615872638283,0.0180084215061389,0.0009756321634212,0.0024756024759036
2025-02-05,0.0125947943543627,0.0069557435207308,0.0056488784571267,-0.0025512433236896,0.011161045763858,0.0006092173855628,0.0057884279137754
2025-02-06,-0.0023934987180676,-0.0018501110833754,0.0031519108067579,0.004171507759747,0.0047195973521585,-0.0003655044867045,-0.0011764143764394
2025-02-07,-0.0117690378360579,-0.0043613600739946,-0.0090497824506331,-0.0009255186777628,-0.0197519556956094,-0.001097315705551,-0.0033227702438111
2025-02-10,-0.0017131017449946,0.0002789416523516,0.0067021882775383,0.0119651783185689,0.0183021216139493,0.0004878755397229,-0.0002147175229665
2025-02-11,-0.0045825614193063,-0.0022337859887592,0.0017921126402506,-0.0038960054494588,-0.0012702967937329,-0.0002439545434164,-0.0025807056598705
2025-02-12,-0.0018676430150097,-0.0054190718214204,-0.0008647275914313,0.0054958159407208,0.0016329524260306,-0.0013425353042208,-0.006914455017016
2025-02-13,0.0057356267971884,0.0077458447145198,0.0105723598003977,0.0063737702085682,0.0213441632483653,0.0013425353042209,0.007452672051857
2025-02-14,0.0137737524179922,0.0038968148560076,6.110792589897919e-05,0.0076853939390214,0.0058392067994793,0.0013407353194508,0.0041879190298418
2025-02-18,0.0038003654090536,-0.0040827263739392,0.0032351548996002,0.0062850663479702,0.0133194806250308,-0.0008529787392891,-0.0053723133578153
2025-02-19,-0.0111606854203856,0.0005577017952006,-0.0003657049869271,-0.0015675671497422,0.014518059549816,0.0007311426157872,0.0016147430726357
2025-02-20,-0.0039857530245379,0.0024132379651151,-0.0019527196054609,0.0091467421384677,0.0030837836408368,0.0001218361235017,0.0020416107281876
2025-02-21,-0.0087386933537575,0.003516543033298,-0.0149546335628229,-0.0028910784726684,-0.0149937998542151,0.0017037778585212,0.0058864130399089
2025-02-24,-0.0117230888025744,0.002583254327714,-0.0040383633465992,-0.0154868416025995,-0.0020858504077846,0.0007293690326306,0.0021320184465296
2025-02-25,0.0039229493110568,0.0076185767865033,-0.0013705535091285,0.0006784080245572,0.0013910281505555,0.0013356884490529,0.0078489779641408
2025-02-26,0.0028961006871228,0.0021008980620279,0.0006231512435047,0.0098965858771489,0.0045076729387274,0.0003639524236253,0.0027432189508649
2025-02-27,-0.0189759454159917,-0.00420628910183,-0.0153815193711803,-0.0196638478589286,-0.0327033464556066,0.0003638200104493,-0.0011596712749605
2025-02-28,0.008656738800345,0.0043888098390105,0.0121991229030705,-0.0137902044163424,-0.0231433689799812,0.0018172095651191,0.0054702075764354
2025-03-03,0.0,-0.0006388290825226,-0.0107450639511608,-0.0088330943770194,-0.0064226017817169,-0.0024237115176411,0.0007340957296819
2025-03-04,-0.0235026170299526,-0.0032918885647288,-0.0084377126912308,0.0083701207971406,0.004591797973438,0.000121348332852,-0.0031499717193133
2025-03-05,0.0101191383920043,-0.0032108506158958,0.0144214940368127,0.0294306844747724,0.0267598603006356,-0.0010924801610801,-0.0055892452001236
2025-03-06,-0.0233683118342748,-0.0031290653890934,-0.0174203873508351,-0.0063148333061515,-0.0200024802354721,0.0006070910531227,-0.0005288562290076
2025-03-07,0.0120518995575546,-0.0015681767971731,0.0073218031775836,0.0049649709001524,0.0133793658361198,-0.0001214072518847,-0.0012705427396066
2025-03-10,-0.0398678330080479,0.0034100096905897,-0.027656294206532,-0.0241524060371139,-0.0289716928027154,0.0018191931460342,0.0069679721707261
2025-03-11,0.0,-0.0065537601585847,-0.0059522280244349,0.0082683200215045,0.0110315235438861,-0.0006059684048953,-0.0035835194699342
2025-03-12,0.0094611116713672,-0.0029679087302993,0.005038811162371,0.0054744174797787,0.0227775961458063,-0.0007277767141486,-0.0029607590646262
2025-03-13,-0.015400442293284,0.0031530799759029,-0.0128762220428276,-0.0041030444969971,-0.0131332197858423,0.0007277767141486,0.0040160406726082
2025-03-14,0.0224762924025582,-0.0004630984335083,0.0210671912642485,0.0181083048191279,0.0165233314535954,-0.0007277767141486,-0.0034866557596206
2025-03-17,0.0158154291323643,0.0020359180239221,0.0090870885669523,0.0169042794136189,0.0301777500349731,-0.0003640407751053,0.000846320419461
2025-03-18,-0.0059014984784554,0.0024007595839529,-0.0086340508286275,-0.0050856834941989,-0.0155014751773286,0.0,0.0011626129601599
2025-03-19,0.0111682096905038,0.0058850688440842,0.0090188972794495,0.0024355288939866,0.0047281490921433,0.0014554610873954,0.0030585998608692
2025-03-20,-0.0024041489348295,-0.0014679884299785,-0.0038552438376214,-0.0093313714535443,-0.0089498207422571,0.0002423248067538,0.0014732128461274
2025-03-21,-0.0080054617499662,-0.0013782473067296,-0.0006440372730457,-0.0049227533598623,0.0022889536878289,0.0006056938174751,-0.0008415930762815
2025-03-24,0.0153501378402227,-0.0043308173112709,0.0140095205677231,0.0044762148794229,0.0078830355690075,-0.0013329369839971,-0.0058050237274307
2025-03-25,0.0059559664866401,0.001015280987228,0.0022842688475497,-0.0029072424138742,-0.0041965733249256,0.0003636876935874,0.00169218479307
2025-03-26,-0.0163141235503792,-0.0040673234123613,-0.0114738834189319,-0.0060653999247889,-0.0045661884587845,-0.0002424129319608,-0.0023274829618615
2025-03-27,-0.00196355711926,-0.0012048497946379,-0.0025676859634255,0.0049448832415479,-0.0056487296926319,0.0004847671141334,-0.0008477464609257
2025-03-28,-0.020159505320119,0.0060099252623493,-0.0175067486769699,-0.0187851631522935,-0.0305559487897293,0.0018161095928139,0.0080244809663964
2025-03-31,-0.0116379621175832,0.0019339608999315,0.0019603207961134,-0.0016005421010794,-0.013783182226418,0.0007255766634491,0.0029403193507277
2025-04-01,0.0090118979322464,-0.0002760412113635,0.002738207783013,0.0031985265602102,0.0148776288684569,-0.0030264533703966,0.0003145020587334
2025-04-02,0.0139775878163478,0.002298111886855,0.0066833376147322,0.0013677087188634,-0.0040189569426821,-0.0007277767141486,-0.0009438831146701
2025-04-03,-0.0663705703511444,-9.18427620334956e-05,-0.0419328280146208,-0.0214121286440188,-0.0276532731134935,0.0037542300845453,0.0102297694261052
2025-04-04,-0.0747726979616834,-0.0011025611776045,-0.0628314912427188,-0.0572268466754033,-0.0362143108274223,-0.0006045952744564,0.0028000707452362
2025-04-07,-0.0265211182126487,-0.0196812432661771,-0.0089447723100979,-0.0379204782637855,-0.0092130657810386,0.0001209667542666,-0.0119811183588285
2025-04-08,-0.0088776353770071,-0.0127378812974141,-0.0124677454048027,-0.0141773024422621,-0.0373162788480805,-0.0006048878331658,-0.0050436520381686
2025-04-09,0.1006725589461096,0.0165744651104704,0.0855918791707413,0.0670178762938731,0.0853747299316404,-0.0006052539439236,-0.003165259612744
2025-04-10,-0.0408082866249195,-0.0171443507574423,-0.0299426949016471,-0.0173874614367711,-0.0277848340762254,-0.0001210208507469,-0.0062542880883298
2025-04-11,0.0205283159344945,-0.0001900099088525,0.0193806631269429,0.0308914376260456,0.0469322280880941,-0.0018180906036671,-0.0056518281150818
2025-04-14,0.0088607549432575,0.0061578887647438,0.0091467563568152,0.0090606500469024,0.0007361881592616,0.0021812939353857,0.0079885388664587
2025-04-15,0.0143768305119238,0.0053690112526437,0.0012132158069442,-0.000949914936011,0.0005518733538479,0.0,0.0029660908903559
2025-04-16,-0.016876648882447,0.0042184696338642,-0.0163676698376506,-0.0117100558203204,-0.0059018925946261,0.0013306795544046,0.0043273700685006
2025-04-17,0.0104574122434311,-0.0014041801961561,0.0043046419598451,0.0076628657456106,0.0046138310815168,0.000362588740004,-0.0028476172485948
2025-04-21,-0.0218688517904884,-0.0108312952861838,-0.0185107814073163,-0.0002385380369128,0.0014719048802011,-0.0006044491290728,-0.0054011477911854
2025-04-22,0.0268103744823645,0.0024591153729398,0.0233399471024528,0.0149203729975218,0.0076923819003989,0.0003627686509718,0.0007430571574642
2025-04-23,0.0140318927754351,0.0044300106879943,0.0124074167543078,0.0114526871882001,0.0143104896991633,-0.0007255766634491,0.0010605418026148
2025-04-24,0.0274865084064677,0.0101988845480768,0.0191165041696262,0.0115528090395497,0.0062752745813571,0.0012088792243107,0.0053914412558281
2025-04-25,0.0,0.0052922430313634,0.0062264459374804,-0.0018394582509833,-0.0025053589871458,0.0008453559804316,0.0037882883879873
2025-04-28,0.0103497844424528,0.0023123536635537,0.0026100758470738,0.0018394582509833,-0.0028709842661211,0.001447560565139,0.0039832050833535
2025-04-29,-0.0029684988473138,0.0023070190173057,0.0047459423486689,0.0027529897213398,0.0080536801886214,0.0006025553160564,0.0034463178647849
2025-04-30,-0.0043907672435999,-0.004711927265168,0.0006484219009916,0.002516802514792,0.0016029953545916,0.0013242716329874,0.0015625976151844
2025-05-01,-0.0051997569336727,-0.0075297142392257,0.0032356205278456,-0.0002285069539133,-0.0105556068713034,-0.0051866745756659,-0.0076276778794187
2025-05-02,0.0209480876731455,-0.0024289483598491,0.0155777879541687,0.0281708769666962,0.0372472790459284,-0.0019368564453116,-0.0067354433991293
2025-05-05,-0.0034092892911665,-0.0014040487335655,-0.0036961666450291,0.0075271586744776,0.0115429308632792,-0.0001212012907618,-0.0017967364426019
2025-05-06,-0.0024867285480923,0.0019650881837037,-0.0058910212936571,-0.0039779125421645,0.0020533705159321,0.000847915958984,0.0025356365363026
2025-05-07,-0.001557366295239,0.0020545507501851,0.0020529426584779,-0.0115814315023275,-0.01221098806581,0.0003632517303751,0.0026344923698675
2025-05-08,0.0105426197522818,-0.0050505242551547,0.0037741695170409,-0.0006722415781871,-0.0102618544481463,-0.0020598032199959,-0.0078182953097749
2025-05-09,0.0004626691764469,-0.0003751375372386,0.0010210828278702,0.0067024208798912,0.0085299127402799,0.0004850359836272,0.0007421905217274
2025-05-12,0.0284191317502285,-0.0001876573433956,0.0242600729930742,0.0213688318397888,0.006048619325928,-0.0018200761095007,-0.0063795907915014
2025-05-13,0.0108786314168862,0.0008440378304034,0.0061442566260556,0.0017421175186664,0.0013773765342625,-0.0002428840476922,-0.0007469423034176
2025-05-14,-0.0008896435406129,-0.0050747305251686,0.0,0.0075865170865038,0.0083955205777914,-0.0007290990470781,-0.0037431033503037
2025-05-15,-0.0034178404644478,0.0071348606555797,0.0054916339422939,-0.000431975325709,0.0032365010273038,0.0019431149229986,0.0065146873910455
2025-05-16,0.0057885043208392,0.0018691309015776,0.0061346124153053,-0.0006483543012958,-0.0001700539424155,-0.0002426482611521,0.0003192887974785
2025-05-19,0.0022174822430304,9.338626843279756e-05,0.0025653458082077,0.0021594111170653,0.0005101399505445,0.000363996594004,-0.0005322588014339
2025-05-20,-0.0060727975391313,-0.0024303819903138,-0.0010375549503812,-0.0010790814900605,-0.0071660119753048,0.0001213336092207,-0.001278448036979
2025-05-21,-0.0226888930409747,-0.0111995410890441,-0.0132158786717955,-0.0025946554358041,0.0119149826312134,-0.0006067227171781,-0.0069537751184332
2025-05-22,0.0006076160368989,0.0050976536763466,-0.0007427738807653,-0.003252690972006,-0.0138003308295776,0.0006067227171782,0.0037503228661646
2025-05-23,-0.0028898767560288,0.0007530293339962,-0.0032873266337059,0.004118324359101,0.0114286645892605,0.0006062623391997,0.0028835033372373
2025-05-27,0.0208026381671322,0.0089921840417829,0.0176733873859499,-0.0023822558568815,0.0171519333357835,0.0003635995470095,0.0041505622125523
2025-05-28,-0.0080887338728055,-0.002427360965488,-0.006491128356864,-0.0045637173038778,0.0127559165317333,-0.0007273313467382,-0.0027650993801723
2025-05-29,0.0037529130292142,0.0044767442987918,0.0035569877598678,0.0036961011865649,0.0171362698976885,0.0010908911586652,0.0041447467230242
2025-05-30,-0.0040537048967663,0.0028806186787136,-0.0002449552725978,-0.0122272562496697,-0.0191135144177645,0.0012106353942329,0.0029651486131548
2025-06-02,-0.0001504872673795,-0.0065164721397522,0.0069563339385749,0.0072233655482764,0.018142208559482,-0.004122265405529,-0.0066839912125935
2025-06-03,-0.0003009276597098,0.0004669037032191,0.0028539426583089,0.002396267637793,0.0024265596293291,-0.0002429725801963,-0.0009585598140254
2025-06-04,0.0061519592314146,0.007255159382539,0.0012119559858859,0.0123258065613379,0.0332119214771854,0.0018211808933562,0.0073252882752925
2025-06-05,-0.0010476644865016,-0.0030630907987743,-0.0041266758454326,0.0051447419035413,0.0213399325234729,-0.0010923475421407,-0.0029660908903559
2025-06-06,0.012795898770813,-0.0060609214616633,0.0085380253180133,0.0032020032348941,0.003207809731278,-0.0017015000668632,-0.0079885388664587
2025-06-09,0.0023627249506763,0.0029884193024144,0.0004821663398008,0.0084890479007556,0.0137829314212526,0.0007295423493831,0.0018163172548059
2025-06-10,0.0038273932438511,0.0024215541200493,0.0037296144287794,0.005689625678327,-0.0048250949748298,0.0,0.0017064427730806
2025-06-11,-0.0026482332976687,0.0031577656375494,-0.0022842332691047,0.0041937734080454,0.0124672165636266,0.001578975056396,0.004147472523373
2025-06-12,0.0032357908453129,0.0055484339390875,0.0048028131778216,0.00167254934422,0.0103951719565946,0.0008491502136741,0.0043415753773825
2025-06-13,-0.0258827162291954,-0.0060121488571971,-0.0118686889711979,-0.0160036754237552,-0.018940306207195,-0.0007277724340746,-0.0037050640336559
2025-06-16,0.0070576344018459,-0.0017642647405042,0.0009692492904096,0.0025439685479721,0.0262997739547774,-0.0001213777795994,-0.002867659295762
2025-06-17,-0.0155322242111034,0.0034327885183429,-0.0092458338596358,-0.0132141507362906,-0.0231430769825135,0.0004853302032249,0.0048807175282118
2025-06-18,0.0093783036702104,0.000740689131839,0.0002443681247787,-0.0002146150920954,0.0184392658309014,0.0004850947720758,0.0006348276293785
2025-06-20,-0.0034687573651278,0.0008325671129366,-0.0040403385816212,-0.0058107694368515,0.0096774366011055,0.0007271550076843,0.0006344248789229
2025-06-23,-0.0164512743927202,0.0024936911436085,0.0089768926046788,0.0081685159632082,0.0129033962721181,0.0013318073126088,0.0034823211804182
2025-06-24,0.0227765689652193,0.0046932815411732,0.011604833262608,0.0255746606827625,0.0454784269622745,0.0008465827882004,0.0034702366895237
2025-06-25,0.0003001597648926,-0.0011942241460155,-0.0017442553725316,0.0008343954733831,-0.003861524189465,0.0001209082619028,0.0004198248848218
2025-06-26,0.0247549259053671,0.003670079536684,0.0094662612621745,0.0066500598755853,-0.0059594146257994,0.0012080029372789,0.0035612935255654
2025-06-27,0.0084560089861806,-0.0016498656483082,0.005293059474283,-0.0039431124829681,-0.0168213186251824,-0.0003622384681583,-0.0026173914497327
2025-06-30,-0.0004356172322927,0.0054889760591111,0.0046750302152897,0.0031143287504809,0.0145947151342922,0.0007243457671219,0.0039757037228593
2025-07-01,0.0015964100669315,-0.0024663568220329,-0.0013588811777483,0.0018639365304776,-0.0019523000404802,-0.0042329200084978,-0.0050245655135925
2025-07-02,0.0034742054438475,-0.0001829017057071,0.0042475507435453,0.0043356954162569,0.0043178222455883,-0.0001212306661805,-0.0021011099285802
2025-07-03,0.0066254989859712,-0.0023811911562694,0.0058695949971862,0.0045220510302911,0.0103699516436653,-0.001091460127662,-0.0034763712051441
2025-07-07,-0.0100997044298187,-0.005977797658635,-0.0082270776756542,-0.0142519946327442,-0.0368466045349175,-0.0002427702935527,-0.0031709470584248
2025-07-08,0.0109606250812417,-0.0028636589236564,0.0005309048776127,0.0062214891954089,0.0282819006760278,0.0001213925139532,-0.0014832017821692
2025-07-09,0.0055782077640332,0.0057190705411179,0.0067007798365367,-0.0016552459083146,0.0,0.0008491502136741,0.0051816101857741
2025-07-10,0.0144437042073658,0.0001839110016272,0.0019313606517444,0.0026883948494366,0.0145987656730873,0.0,-0.00052746134518
2025-07-11,-0.0070542055979438,-0.0060879814788654,-0.0053936823647644,-0.003309888276613,-0.0079616322161016,-0.0002425936548768,-0.0046541488405941
2025-07-14,-0.000141515141276,-0.0002775993967684,0.0020554142714382,0.0014494983262781,0.0087816071164274,0.0001213041838985,-0.0004241878732849
2025-07-15,-0.0152674671445821,-0.0036159640485187,-0.0058247772725676,0.0072157506448492,-0.0017774976499433,-0.0009706605085339,-0.0039321493078258
2025-07-16,0.0238681628702796,0.0015777827266034,0.0031225098419181,0.004713597043153,0.0001368749386472,0.0013343923082627,0.0027647242653632
2025-07-17,0.0120011624990068,0.0024082496730042,0.0055726611832917,0.0057084514576575,-0.0002737686146082,-0.0003637317997287,-0.0003186105882809
2025-07-18,-0.0036130460391413,0.001848642546767,-0.0008192848766949,-0.0022386657388917,-0.009212828077065,0.0008485326375,0.0027580598258756
2025-07-21,-0.0023694785974523,0.0038709556994776,0.0023974730869235,0.0064987979318504,0.0202386688483222,0.0006056938174751,0.0034896860088744
2025-07-22,0.000697432146642,0.00238884839682,0.0017506163480587,0.0006070784106527,-0.013355381701414,0.0007262747946706,0.00284611627624
2025-07-23,0.0167327295725999,-0.0015612637199028,0.0114200897091082,0.0100644971318243,0.0130845412949977,-0.0008474026923427,-0.0035853284354612
2025-07-24,-0.0089538658550047,-0.0014717042788111,-0.0008072851607125,-0.0054222536172216,-0.0073389963825261,-0.0008481213927375,-0.0014801463619633
2025-07-25,-0.000692026093123,0.003216457108702,0.0023047771046649,-0.0030251415356089,-0.0013649807799395,0.0006059139940995,0.0023248581441413
2025-07-28,-0.0149266867700698,-0.0020205850578976,-0.0043258899471226,-0.006687592478431,-0.0068530970825815,-0.0001211719183759,-0.0022190434233586
2025-07-29,-0.0069106522236153,0.0065976711315179,-0.0021409903844785,0.0004065960118331,0.0106703994019905,0.0008477105464046,0.0065373782548217
2025-07-30,-0.0056770165158625,-0.0037516266108632,-0.0028425084376416,-0.0073439866384176,0.002582082616495,-0.0010900984399555,-0.0034742555232232
2025-07-31,-0.0088635711067208,0.0002749784971837,-0.0060598791052988,-0.0057494773352089,-0.0118781212135345,0.0,0.0008433674391928
2025-08-01,-0.0124261188794235,0.0047544813723331,-0.0125861763160343,-0.0074411381463612,-0.0301151441471689,0.0016952058640604,0.0081855716971774
2025-08-04,0.0082531375020779,0.0017316244386032,0.0144546345347244,0.0103200088694779,0.0235008754482197,0.0002418851177462,0.0013577447891661
2025-08-05,0.0030235296299739,0.0007282162219699,-0.0033892502516859,0.0028706066120922,0.0077124408440476,-0.0003628957756469,-0.0007308765295028
2025-08-06,0.012145696154017,-0.0002730015825634,0.0078711079392902,0.0046981915158753,0.0039707167407446,0.0003628957756468,-0.0007314111007329
2025-08-07,0.0002839625481041,-0.0010016902709444,0.000928795899713,0.0083206943901788,0.0035466157945153,-0.0004839210788991,-0.0007319464545192
2025-08-08,0.0083421671571449,-0.0031938564801861,0.007399298101619,-0.0008087529002851,0.0008166266630074,-0.0002420022135484,-0.0023039200224062
2025-08-11,-0.0025377190283713,0.0015525658598919,-0.0030571290357678,-0.0028357197993139,-0.0064151073018641,0.0,0.0003145490727483
2025-08-12,0.0113694143513375,0.0009121452164565,0.0116019278897224,0.0120969677630091,0.0145452127929561,0.0007259232924476,-0.0002096883879902
2025-08-13,0.0054283574458855,0.0052741944995415,0.003704921199977,0.0119523029451061,0.0083322985477372,0.0013295537045289,0.0035580192663137
2025-08-14,-0.0013890608121743,-0.0034523963051436,-0.0009676305728405,-0.012353194055781,-0.014287849524311,-0.001087727081044,-0.0032435831264059
2025-08-15,-0.0036206992800284,-0.0012749240663357,0.0006831100953665,0.0012021151272746,-0.0036722824928872,-0.0003628080124774,-0.0019931274417854
2025-08-18,-0.0011167202687078,-0.0018241244510383,-0.0011388051857912,0.0057901912957935,-0.0080716811180324,0.0,-0.0009455688679168
2025-08-19,-0.008556060696139,0.0015507247709208,-0.0041678059327068,-0.0081959449401345,-0.0188580263799268,0.0004837455190677,0.0025193994850364
2025-08-20,-0.0073518872980626,0.0004556709558928,-0.0006867459785818,-0.0014060401038648,-0.0011204739175758,0.0003626325799812,0.0014667304266414
2025-08-21,-0.0031267964473849,-0.003833923466324,-0.0040730426336111,-0.0022135155637546,-0.001963801835363,-0.000846378099049,-0.0029356153118238
2025-08-22,0.0239110827045407,0.0078346090519196,0.0148353217970986,0.0197473590374594,0.0316477854568784,0.0021749683395821,0.0055494492927998
2025-08-25,-0.011602761093765,-0.0026349866259387,-0.0060786555934729,-0.0057443143399907,-0.0106674801238478,-0.0004829278916179,-0.0019858361741789
2025-08-26,0.0053288198753311,0.0007275507470093,0.0025609491735068,-0.002585800925666,-0.004685840448939,0.0008449478083242,0.0026121951556813
2025-08-27,0.0002796342283045,0.0003636116405634,0.0015334619812637,-0.0059928113883927,0.0011045400918291,0.0007237388821364,0.0018765674966226
2025-08-28,0.0016764847445408,0.0015438242383659,0.0040211389683572,0.0037995972098966,0.0160156481111169,-0.0003617579562259,0.0022888192931743
2025-08-29,-0.000837837754393,-0.003636312156695,-0.0058956705757158,-0.004801887297435,-0.0191944685391285,0.0008439290616313,-0.0008317063482256
2025-09-02,-0.0154867016609,-0.0068540362366382,-0.0075907210401718,-0.0008025866282519,-0.004439514833672,-0.0036219168548375,-0.0062597852794253
2025-09-03,-0.0068337872081552,0.0059428188294826,0.0037169100489632,0.0038064481597216,0.0136714893423833,0.0007253967100563,0.0034476782950073
2025-09-04,0.009808912670301,0.0068135627738447,0.0082988409631072,-0.003204486069748,0.0021920275804969,0.0007249630335206,0.0044747493031692
2025-09-05,-0.0007076070642664,0.006497642538855,-0.00130284642017,0.0119642961238623,0.0076346324514977,0.001448167237203,0.0048682185286817
2025-09-08,0.0055057581685846,0.0035019961002833,0.0046933946944281,0.0090766029947332,0.0075768890307793,0.0006028459033834,0.0030950509677
2025-09-09,-0.0113266878539104,-0.0017943388080477,0.0016910158951336,0.0054848087251255,0.0097914500268373,-0.0008440308412695,-0.0023720256217661
2025-09-10,0.0111858622774328,0.0029589963445104,0.0016881611870536,0.0068140493454905,0.0228287720891634,0.0001206457503123,0.0026809887934885
2025-09-11,0.0210387722975001,0.0046449091062148,0.0090113424397618,0.0144469427210378,0.0156627247964808,0.0003617579562258,0.001543464048342
2025-09-12,-0.0080288616266047,-0.0017839354222901,-0.0012265903631666,-0.0005739377338434,0.0102224635384459,-0.0001206021110142,-0.0028830206478557
2025-09-15,0.0008336370081264,0.0031198355727186,0.0051748310941085,0.0072450474473909,0.006715245492204,0.0003616707424708,0.0016484243424776
2025-09-16,-0.0062688034029168,-0.0008903791247857,-0.0009439361871084,0.0073814927076966,0.0187646230649797,0.0004820549110943,0.0006174494353245
2025-09-17,0.0006985130185156,-0.0017832081928246,-0.0025029740696028,0.0043277807412668,-0.0107152855223977,-0.0004820549110944,-0.0021628216895219
2025-09-18,0.0167559010143426,-0.0020545429368876,0.0052213774558085,-0.0024437883045426,0.011458565508134,-0.0003616707424708,-0.0033047608449636
2025-09-19,-0.0093819715417245,-0.0008051525005166,0.0029871864673523,-0.0022612172301544,-0.0087064845368972,0.0003616707424708,-0.0004138739477045
2025-09-22,-0.0122734768590749,-0.0022398432943915,0.0036940823689305,0.0048927861856775,0.0186874382065175,-0.0004822874001087,-0.0016571317513483
2025-09-23,-0.0019665603310332,0.0019713377684412,-0.0040807681917746,0.0005629873355567,-0.0013496181922003,0.0003617143607288,0.0027948534764835
2025-09-24,-0.0275122510283755,-0.0040363955396921,-0.004485913139135,-0.0033828317971505,-0.0174627764262807,-0.0004822535483026,-0.0026911775396902
2025-09-25,-0.0034748188173922,-0.0017992500168001,-0.0045619401743327,-0.0058528923373712,-0.0018758402998541,-0.0008447339774564,-0.0021790588530743
2025-09-26,0.0067934240783047,0.0013497237676387,0.0053387220312954,-0.00189541922524,-0.0128497186199855,0.0006034279196785,-0.0005194599619965
2025-09-29,0.0037383528667548,0.0033215412292916,0.0034880285147802,0.0090652094376559,0.0172211547966021,0.0003618452453519,0.0029057593870485
2025-09-30,-0.0095170678911803,-0.0009863314751344,0.0034759884913839,0.0039403916050283,-0.0017462820060287,0.0004822874001088,-0.0004146031953786
2025-10-01,-0.0068328185057064,0.0003587847820813,0.0043965945507647,0.0078343650877952,0.0221010408041475,-0.0019304546373116,0.0003109487433329
2025-10-02,0.007991258164404,0.0016129062769369,0.001534240187511,0.0046343581213712,0.0198289583250794,0.0002414761844215,0.0010358243843495
2025-10-03,0.009362712010035,-0.0012542501752086,0.0020237672618293,0.0029547546619906,0.0038236359176304,-0.0003622822234698,-0.0019689608321248
2025-10-06,-0.0012911031924272,-0.0032324765640739,0.0032731801167288,0.0045994010270226,0.0110301814545144,-0.0002416558692108,-0.0029087780023399
2025-10-07,-0.0116961144967502,0.0018868695182566,-0.005406481807632,-0.0077390871874492,-0.0170110606360937,0.0004831612236536,0.0024937446379672
2025-10-08,0.0008711555001839,-0.0012575173429879,0.0049162122110511,0.0079226631468237,0.0100275874584224,-0.0001206993153944,0.0002074986340122
2025-10-09,-0.0065517387836141,-0.0019793188439756,-0.0046424403969353,-0.0103303143903399,-0.0090682177764904,-0.0001208060390482,-0.0007265524914436
2025-10-10,-0.0264945705633461,0.0027878749964114,-0.0247747383535091,-0.0375977352132226,-0.0330215694038111,0.0016895899338889,0.0062106203119092
2025-10-13,0.016217032704701,0.0034068966043686,0.013654925895991,0.0286574719502931,0.0352963676063743,0.0019274314598477,0.0005157623434597
2025-10-14,0.0094007650664535,0.0033060398620511,0.0006641048143171,-0.0090209131433307,-0.0111840535155311,-0.0007223400308938,0.0025750645362566
2025-10-15,0.0020446828673496,0.0,0.0040851897206343,0.0162909495689574,0.0295505323952857,-0.000481880702448,-0.0011322178321716
2025-10-16,-0.0201908377852597,0.0028505248199561,-0.0034768633777109,0.0064796760653026,0.0313229786084637,0.0013245906299034,0.0046237387703872
2025-10-17,-0.0020864298601947,-0.0019588753969767,0.004192847905048,-0.0001845219462971,0.0072562609973344,-0.0001203698965615,-0.0016415686471353
2025-10-20,0.0081718462221966,0.0030257562509329,0.0087700961269918,0.0135657052697941,0.0213475968671417,0.0001203698965616,0.0013339210439671
2025-10-21,0.0047239486563261,0.0001776689760511,-0.002075962922427,-0.0111691502264638,-0.0199928580138685,0.0002406963351053,0.0018440770627418
2025-10-22,0.0022067169061969,0.0009767848082781,-0.0047690653778949,-0.0009211210359002,0.0090965597245766,0.0,0.0002047310686544
2025-10-23,-0.0041232043294828,-0.0012433340104868,0.0064083370867462,0.0088074579780536,0.0069073665696295,-0.0007221710252252,-0.0032800325667878
2025-10-24,0.0108601815822937,0.0016870365058374,0.0061504596300149,0.0065549541909053,0.0217447984249038,0.0006018300995133,0.0009235604142791
2025-10-27,0.0061117501287879,0.0016841952063687,0.0106329501886417,0.0110099591329515,0.0242552618364098,-0.0002407253059549,0.0
2025-10-28,-0.0097675265508341,8.851354347471331e-05,0.0020381068413701,-0.0003590746569031,0.0014833589679305,0.0001203698965616,0.0009227864234658
2025-10-29,-0.0042575254560687,-0.0056838465480583,-0.0023065192939439,0.0057296433124557,0.0256089730069756,-0.001927199245395,-0.0064772229413281
2025-10-30,-0.0107981725478051,-0.005358098875073,-0.0084129969049629,-0.0104092473171504,-0.0170695168456883,0.0001204955920767,-0.0014450806975679
2025-10-31,-0.0059666278321785,-0.0040374819626063,0.0020558592522393,-0.0023480742054045,0.0181009607054063,0.0003616755133287,0.0004131045844845
2025-11-03,0.0005982787711275,-0.0063131935052718,0.0017819159206116,0.0063092104088456,0.0382289326365158,-0.0031382298422839,-0.0036203657529906
2025-11-04,-0.0147614630462091,0.0013561913972302,-0.0123766576300785,-0.0184989031813277,-0.0510948275820098,0.000362588740004,0.0012427792079608
2025-11-05,0.0051460131642265,-0.0029860388008894,0.0045233016365649,0.0089294053679717,0.0089407039950123,-0.0007253089982908,-0.0047722786825042
2025-11-06,-0.0090992209037274,0.0052422556265186,-0.0095062204320114,-0.0074661159858573,-0.0327173822606044,0.001208586950262,0.005082712571619
2025-11-07,0.0030422438240473,-0.0019852128998584,0.0021385657492074,-0.002928793048526,-0.0184560744223034,0.0004830445072065,0.0004137883032717
2025-11-10,0.0077162370333274,0.0005417876216249,0.0141954394206248,0.0174454561718506,0.0412924196808051,-0.0002415391527638,-0.0013454582398378
2025-11-11,0.0018069986374182,0.0039643483749303,0.003181176217066,0.001080327335221,-0.0039798675829006,0.0008449478083242,0.0031020917710122
2025-11-12,0.0010525479311699,-0.0009896146870307,0.0025807056598702,0.0001799754587521,0.0065896086619668,-0.0003620199167062,0.000206427618023
2025-11-13,-0.0217251277264521,-0.004962748002619,-0.0162940230635464,-0.0117638043485954,-0.0194753088901395,-0.0006036272070123,-0.0028943454718606
2025-11-14,-0.0007682731031832,-0.002717420581726,-0.0002182920500597,0.0005459783457764,0.0006375936407987,0.0003622384681583,-0.0016576467943677
2025-11-17,-0.024584995072687,0.000634716391813,-0.0104810883786516,-0.0118972339231196,-0.0118622886728728,-0.0001207622837366,0.0011399618543223
2025-11-18,-0.0028395713496858,0.0004531519512467,-0.0083645107213103,-0.0049838672992487,-0.0154924322764807,0.000603573571598,0.0016557597795641
2025-11-19,0.0036268989664739,9.05504583714593e-05,0.0016118352968956,-0.0035221547669887,-0.011309467935289,-0.0001207039888977,-0.000724072391362
2025-11-20,-0.0128318205589549,0.0013580331503886,-0.0154468848289241,-0.0138371293401467,-0.0226711236615052,0.0008444381277189,0.0023771739207904
2025-11-21,0.018012801339393,0.0035222379609162,0.0105476160005548,-0.0001883464145797,0.0077637795476873,0.0012050914289539,0.0032979488437401
2025-11-24,0.0032830340434817,0.0039589978273048,0.0109897926096787,0.0104909426419289,0.012032250836643,0.0001204568707285,0.0015421161481615
2025-11-25,0.0145649061886373,0.0027798749936891,0.01130698434677,0.0035345331127977,-0.0056638734896719,0.0006018831601653,0.0025650248444387
2025-11-26,0.006898118010571,0.0033971504219287,0.0082076531928456,0.0072162993106539,0.0194116837258132,-0.0001202925553122,0.0008194390841134
2025-11-28,0.0104856585409404,-0.0016971326327844,0.0050217872541947,0.0014738030550058,-0.0074553605221933,0.0,-0.0017420527082238
2025-12-01,-0.0112497056678016,-0.009070172552768,-0.004480570095317,-0.0007366651546652,-0.0027549743848784,-0.0038591423578715,-0.0083423682585138
2025-12-02,-0.0021427467444842,0.0006312819426296,0.0024316941949214,0.0003684004117747,0.0158741844373723,0.0006039188738896,0.0008269844577458
2025-12-03,0.0147520166115166,0.0022513405350694,0.0042010014225982,0.0007363939167837,0.0100503391681075,0.0006036464517274,0.0020646707018828
2025-12-04,0.0067705754253475,-0.0018006392619901,0.0010206680408637,-0.0001840125403313,-0.0122249289734836,-0.0007243457671219,-0.0030985673696943
2025-12-05,0.0071716387662705,-0.0009917560155054,0.001770254086924,0.0075181400091691,0.0261066578218638,-0.000362461908259,-0.0020710056990528
2025-12-08,-0.0050745830970936,-0.0020768742771842,-0.0035974060061758,-0.0021946377848889,0.0081322371592916,-0.0002416220827603,-0.002075382916281
2025-12-09,0.0135247069322214,-0.0012662754291498,-0.0001613748550121,-0.0016491099381017,0.0052455009239433,-0.0004835116224824,-0.0014552954137027
2025-12-10,0.0129072616023789,0.0046052015214029,0.0067022580974491,0.0111244079744553,0.0122713718250202,0.0016912228205143,0.0032196651220711
2025-12-11,-0.0017503321880928,-0.001442514357158,0.0038402159285559,-0.0047263916461546,-0.0186745912496679,0.0001207185601094,0.0001036290826537
2025-12-12,-0.0089450059449253,-0.0060630762234684,-0.0094133965375119,-0.0117303283030467,-0.0244109648204953,0.0001207039888978,-0.0026992801653047
2025-12-15,-0.0019166574530321,0.0011793431955437,0.0009131096276986,-0.0029542089843561,0.0006473051735665,0.0006031174811832,0.0008312813742827
2025-12-16,0.0030943674477644,0.00226398098143,-0.01117567081576,-0.020549990389355,-0.0352300545088833,0.0004822874001088,0.0028007307958575
2025-12-17,-0.0053105391878662,-0.0010860960861195,-0.010369058071701,-0.0071983844690537,-0.0105559073381612,0.0001205585032746,-0.0002072337385838
2025-12-18,0.0060458200967727,0.0037960834745,0.0075418704570441,0.0113423199540069,0.0166810232411951,0.0007228621832083,0.0025867882258716
2025-12-19,0.0020562060222962,-0.0065164610596633,0.0081876262968318,0.0097269836899094,0.0140016252562458,-0.0032570948822899,-0.0054919447335189
2025-12-22,-0.0141847341331492,-0.0001815895687913,0.0059762777937359,0.0053837891493606,0.004478719270989,-0.0004834531725282,-0.0010395933522704
2025-12-23,0.0,0.0009985078616328,0.0049264540211882,0.0055392138050716,0.0103009527163331,-0.0004836870125535,-0.0004161560190298
2025-12-24,0.0053428536866986,0.0038937007569576,0.0027204801460677,0.0020233023754689,0.0202890202770215,0.0006045952744565,0.0025980789253274
2025-12-26,-0.0017777059079791,-9.03984472492807e-05,0.0004793030645011,0.0069584803233407,0.0130226362284471,0.0007249584300722,0.0009336996047146
2025-12-29,0.0019257431528846,0.0013548439562608,-0.0037875345917853,-0.0025580023233772,0.0296074763659034,0.0004830445072065,0.0014506207760817
2025-12-30,-0.0035581632952272,-0.001174055232903,-0.0004812039147292,0.0040168251720311,-0.0010134638762525,0.0002413887388541,-0.0010359316313757
2025-12-31,-0.0038690841908797,-0.0042562999072889,-0.0066526895850186,-0.0031025115388228,-0.0142976444727322,-0.0003621510225907,-0.0033222589025656
2026-01-02,0.0093492892790275,-0.0002722829920695,0.0039754550950003,0.0275817860055766,0.050150901108654,0.0004828695827002,-0.0008323120410641
2026-01-05,0.0177152236719165,0.0028101142703228,0.0080102961903178,0.0109638396100163,0.0252126426493228,0.000361976224729,0.0030137815342473
2026-01-06,0.0044884973298381,0.0,0.0051460430591837,0.0073593843840914,0.0261735779528091,0.0001206603074657,-0.0007266278693885
2026-01-07,-0.0111863486916146,0.0007239329744106,-0.0040296688303195,-0.0075353079851257,-0.0054044282931445,-0.0001206603074656,0.0018674172787709
2026-01-08,-0.0010231631060033,-0.002808147021331,0.0001062756846573,0.0003517491809023,-0.0041194932469661,-0.0003619762247291,-0.0030103402273571
2026-01-09,0.0101849357400682,0.003621893952598,0.0068295432967119,0.0047364435839316,0.021348528408682,-0.0003621072989636,0.0011429229485859
2026-01-12,0.003323880920678,-0.0011756479086046,0.0027398945953917,0.0139035825183127,0.0003672841431738,0.0,-0.0012469114717097
2026-01-13,-0.01394761985998,0.0021693749939012,-0.0027398945953918,-0.0074491520992421,-0.0128425970010334,0.0002413887388541,0.0012469114717098
2026-01-14,0.0010236119420098,0.0025250151465751,-0.0031707795791356,0.0041645328618917,0.0193393859728178,0.0002414225490073,0.0020746578507486
2026-01-15,0.0222584842764832,-0.001261710610813,0.0016923549991705,0.0058701852292879,0.0127783119536551,-0.0007243504406252,-0.0020746578507486
2026-01-16,0.0049903644236513,-0.0028899116667201,-0.0002113474902087,-0.0037944375025929,0.010480663379223,-0.0002415053544426,-0.0038495884831012
2026-01-20,-0.0378278666470476,-0.006077926500463,-0.0190482337421978,-0.0097239446024495,-0.0112013356878231,0.0001208060390483,-0.0039690593859515
2026-01-21,0.0153906017061157,0.0059874626433516,0.0108225232913491,0.0164405701952051,0.0413949788800138,0.0004828940721726,0.0026130142071851
2026-01-22,0.0094101529528056,0.0018976112862252,0.0047844113037385,0.0075240171099622,0.0028490776836323,-0.0003621947567782,-0.0001044118798729
2026-01-23,-0.0063602764202573,0.0006317377317751,0.0015897573864512,0.0062834363214868,0.0169264031249066,0.0003621947567781,0.0016688856955483
2026-01-26,-0.006984832225101,0.0008116875464583,0.0055442919428569,0.0016914495901399,-0.0055251236932988,0.000362155683847,0.001458023529933
2026-01-27,0.003789459490596,-0.0010823735857645,0.0072402710571669,0.019580610516774,0.0448370853371389,0.0002412722358314,-0.0011453427724887
2026-01-28,-0.0046660875572458,-0.0014449206286721,-0.0026172545173231,0.0067718459609411,0.0230413856844487,0.0,-0.0008338736049052
2026-01-29,0.0008766280666497,0.0002710773888076,5.246345933263143e-05,-0.0051159675376781,-0.0084779966248501,0.0003618452453519,0.0010421936672977
2026-01-30,-0.0129338203773829,-0.0009943558817183,-0.0061509441072508,-0.0224202160895215,-0.0169296199005915,0.0008438273841436,-0.0006251699466992
2026-02-02,-0.0037050802763322,-0.0046231523451771,0.0054169253714977,0.0030410618022153,-0.0121642276834128,-0.003500527741439,-0.0052252181509419
2026-02-03,-0.0477439326527854,0.0004542222194972,-0.0064193916898391,0.0053835880736351,0.0276470158438193,-0.000120859869218,0.0009425181335042
2026-02-04,0.0020225173451697,-0.0012722592454356,-0.0024311978366579,-0.0135137065398881,-0.0332028007897214,0.0004836285201896,-0.0002093450904898
2026-02-05,-0.026298629873617,0.004807908534636,-0.0134243918709162,-0.0046024194823156,-0.0004158776747593,0.0015701102362425,0.0058461128318394
2026-02-06,0.0236529482088086,0.0005428169793681,0.0200696869418302,0.0259711213346292,0.0367508288913089,0.0,0.0
2026-02-09,0.0119280210415095,0.0,0.0083752103724223,0.0072980691138276,0.0106876432532157,0.0002413013565967,0.0002081249328833
2026-02-10,0.0052218876868566,0.0023489227482308,-0.0012517747975409,0.0014862550001865,-0.0127746735529793,0.0006031367711222,0.0043614378759216
2026-02-11,-0.0152815795621726,-0.0010834485386369,0.001199675301172,0.015717463383101,0.0482352592851107,-0.0009651566878284,-0.0028016025843395
2026-02-12,-0.0131519062095232,0.0046864205882202,-0.0147567205233098,-0.0114361767812441,0.0015301987778274,0.0009651566878284,0.0061118330639185
2026-02-13,0.0,0.0033211746450785,0.002008296356315,0.0042629728849523,0.0239464410460793,0.0015663266662894,0.0039166948815079
2026-02-17,0.0044031959586836,0.0009852713740672,0.0003168073577999,-0.0040987024242066,-0.0248643727147667,-0.0003612352373355,-0.0001028973452332
2026-02-18,0.0059449653762031,-0.0009852713740673,0.0050017053349995,0.0052433300730352,0.0170710880953009,-0.0006023182125343,-0.0020597015663249
2026-02-19,-0.0247940008507823,0.000806234366585,-0.0027347072961577,-0.0024543530563748,0.0170065562445803,0.0,0.0009273671599617
2026-02-20,-0.0014401178803723,-0.0008062343665849,0.0068227568407533,0.0210738748118522,0.0481524892947335,0.0001204375100862,0.0
2026-02-23,-0.0327151341054117,0.0010748120071165,-0.0088786862413602,-0.0111300224258386,-0.0183517616269383,0.0008431159397836,0.0035984833537246
2026-02-24,0.0033036165859723,-0.0002685776405314,0.0066795118208188,0.0156114444801406,0.036995586880912,0.0,-0.0002053194341427
2026-02-25,0.0144076013693285,-0.0002686497938597,0.0083520391923886,0.0109586174064034,0.0295822845936326,-0.000240778366607,-0.0008215427994536
2026-02-26,0.0043792212513634,0.0006267600506332,-0.0035932988192619,-0.0095224062920231,0.0101571488465207,0.0003611917345468,0.0026675110015684
2026-02-27,-0.0230836119210667,-0.0003581102567735,-0.0043919152579429,-0.0020751424553871,0.0063622155023739,0.0013233158063637,0.0039879330621906
2026-03-02,-0.0034840831676732,-0.0068284375069619,-0.0034644078592209,-0.0174085926876864,-0.0256278585662561,-0.0044581404200395,-0.0089180552557514
2026-03-03,-0.0181121508610244,-0.0004508356824357,-0.015739936316327,-0.05137890919582,-0.1087249390388155,-0.0001206993153944,-0.0011332675975642
2026-03-04,0.0187767283309072,0.000901536955515,0.0085632018108564,0.0107262641064913,0.0152228116368198,-0.0006040839910194,-0.0020638184804701
2026-03-05,-0.012030176856705,-0.0039729392339955,-0.0092044541705169,-0.0243412457405544,-0.0663808865831088,-0.0007253089982908,-0.0031036174595921
2026-03-06,-0.0157563663100181,-0.0033530786148272,-0.0113420768940421,-0.0053936863466894,0.0078425996171877,0.0004836285201896,-0.0006219443429438
2026-03-09,-0.0042782643184469,0.0059733730214587,0.0079154022278958,0.0195221033350341,0.0549596971678482,0.0004833025608615,0.0031056241989808
