date,asset,ret_pc_loading_1,ret_pc_loading_2,ret_pc_loading_3
2014-06-02,alternative,0.3969668255976768,-0.017124796908697937,0.9167848319778551
2014-06-02,corp_bond_ig,0.06416480907293509,-0.024000597365820962,-0.03681623463990846
2014-06-02,developed_equity,0.3503815146842154,0.9190774409636271,-0.13841829893548954
2014-06-02,emerging_equity,0.6278384616974181,-0.19111044513840186,-0.2553705824074877
2014-06-02,korea_equity,0.5665217792169727,-0.3402884869885414,-0.26805660818606925
2014-06-02,short_treasury,0.0023290483348942076,-0.002745973618537599,-0.00215839749295168
2014-06-02,treasury_7_10y,0.019988147468973858,-0.0458298284920159,-0.04378781806603195
2014-06-03,alternative,0.3979034098254178,-0.03058621433120393,0.9158739156077197
2014-06-03,corp_bond_ig,0.06472380573753789,-0.032911118171794485,-0.043962933144540584
2014-06-03,developed_equity,0.3559185429931919,0.9184473082263304,-0.12798528580336332
2014-06-03,emerging_equity,0.6265512859925199,-0.19203032134029102,-0.2587234969073747
2014-06-03,korea_equity,0.5637836744877105,-0.33933228318673697,-0.2713613651849395
2014-06-03,short_treasury,0.0022937514644915235,-0.0028975709655699694,-0.002410278964177106
2014-06-03,treasury_7_10y,0.019541987622339663,-0.04904533781203034,-0.0477634800327987
2014-06-04,alternative,0.3975388203868931,-0.030361859113007924,0.9160672654849192
2014-06-04,corp_bond_ig,0.0643977379701971,-0.029834966617362773,-0.044247553733236855
2014-06-04,developed_equity,0.3594326788354499,0.9164621370980106,-0.12937222733041565
2014-06-04,emerging_equity,0.6258039589892443,-0.19236584112747568,-0.2596728775659839
2014-06-04,korea_equity,0.5626860719088307,-0.34496085695720524,-0.26904084194241795
2014-06-04,short_treasury,0.002277472271284723,-0.002954351138411647,-0.0022750110301300794
2014-06-04,treasury_7_10y,0.019302060204643083,-0.04768485805694631,-0.04803740458750001
2014-06-05,alternative,0.3978954387739615,-0.02776983775743802,0.9160199248471274
2014-06-05,corp_bond_ig,0.06529010897009146,-0.02806096002377836,-0.04233699875247776
2014-06-05,developed_equity,0.3472663124522447,0.9212251535644959,-0.12713911682715065
2014-06-05,emerging_equity,0.6299022192324526,-0.18169602028880652,-0.25714679789076095
2014-06-05,korea_equity,0.5652758530418366,-0.3389482310274502,-0.27343347192965645
2014-06-05,short_treasury,0.0024034276095332473,-0.0027686468930999846,-0.002109430514478455
2014-06-05,treasury_7_10y,0.022431170699543538,-0.04334307975322834,-0.045342384785487674
2014-06-06,alternative,0.39883380851699574,-0.0272568618145065,0.9155950862437837
2014-06-06,corp_bond_ig,0.06503926608216959,-0.02752046455326629,-0.0427262110179093
2014-06-06,developed_equity,0.3480163321816596,0.9207135105739409,-0.1284123459791572
2014-06-06,emerging_equity,0.6293640100295277,-0.1822176232762047,-0.25765976127477874
2014-06-06,korea_equity,0.5647964470246757,-0.3401616264846318,-0.27357911871386065
2014-06-06,short_treasury,0.00236079471498149,-0.002796757216738435,-0.0022329435364820444
2014-06-06,treasury_7_10y,0.02205589586291941,-0.04318915078326165,-0.04616606464877766
2014-06-09,alternative,0.40044425811360496,-0.029796101102009767,0.915419904841274
2014-06-09,corp_bond_ig,0.06452505986818435,-0.027060769381607647,-0.034818239077261504
2014-06-09,developed_equity,0.3482184270280045,0.9209394424072441,-0.12506948657315964
2014-06-09,emerging_equity,0.6295843243643069,-0.18261457809295428,-0.26806848562185065
2014-06-09,korea_equity,0.5633864768995002,-0.33928566249906783,-0.26851869026212133
2014-06-09,short_treasury,0.0023432744890592486,-0.002793591051511813,-0.0015610971546383282
2014-06-09,treasury_7_10y,0.020942900877670916,-0.04218769343975539,-0.03444233656815556
2014-06-10,alternative,0.4025585263269901,-0.039220953517834806,0.91416906539263
2014-06-10,corp_bond_ig,0.0640651958079248,-0.025154746004724327,-0.03030667920429586
2014-06-10,developed_equity,0.34886193390052456,0.9217552638649119,-0.11713218275599581
2014-06-10,emerging_equity,0.6286435780094469,-0.18027420200831645,-0.268974228720972
2014-06-10,korea_equity,0.5625992337648883,-0.33771814566039704,-0.27636914500861554
2014-06-10,short_treasury,0.0022858144327714968,-0.002574136635421767,-0.0009678273371980687
2014-06-10,treasury_7_10y,0.02053688607701025,-0.0404626877316139,-0.030471299923037463
2014-06-11,alternative,0.40245317804822056,-0.03848811993195601,0.9142670773195253
2014-06-11,corp_bond_ig,0.06401592617714646,-0.024974849680207536,-0.030213895755404507
2014-06-11,developed_equity,0.34703262637922216,0.9225758491951227,-0.11687824600893444
2014-06-11,emerging_equity,0.6285154322654086,-0.17914994446953866,-0.26895763018065083
2014-06-11,korea_equity,0.563913231102694,-0.33623825035631577,-0.2762045602575303
2014-06-11,short_treasury,0.002241450301449557,-0.0025753474887407575,-0.0009620843084614621
2014-06-11,treasury_7_10y,0.021609072053211307,-0.03989019890461724,-0.030236003325614144
2014-06-12,alternative,0.4020672236870908,-0.01561265641964388,0.9151101998072929
2014-06-12,corp_bond_ig,0.06352884466333641,-0.020549994657903126,-0.03207977189615313
2014-06-12,developed_equity,0.3476040542193076,0.918461452662706,-0.13963613563180502
2014-06-12,emerging_equity,0.6283754724393938,-0.18209125510139282,-0.26617866477789387
2014-06-12,korea_equity,0.5640680822938141,-0.34838467894049563,-0.2649056213034931
2014-06-12,short_treasury,0.0021931396163778405,-0.00249894599990167,-0.0009460264070394117
2014-06-12,treasury_7_10y,0.021073901754713652,-0.03503067535475311,-0.03192170613341059
2014-06-13,alternative,0.4002100065113904,-0.013107972198396682,0.9157352613362598
2014-06-13,corp_bond_ig,0.060962207183733574,-0.017730346209692344,-0.041440695078721224
2014-06-13,developed_equity,0.3499150630725203,0.9166886655584451,-0.14127375779985363
2014-06-13,emerging_equity,0.626084780725197,-0.18038801239778496,-0.2687321530970281
2014-06-13,korea_equity,0.5668513254235888,-0.35434189289056145,-0.2566696194442974
2014-06-13,short_treasury,0.0021181624192042003,-0.0024726557444095533,-0.001625864699447474
2014-06-13,treasury_7_10y,0.01918187207138781,-0.03303907117774332,-0.04067453999796224
2014-06-16,alternative,0.4005595956491944,-0.015033491111069061,0.9155543181735517
2014-06-16,corp_bond_ig,0.06112378054710177,-0.018258491683345483,-0.04172724986291615
2014-06-16,developed_equity,0.35247764639378365,0.9157562985405652,-0.14052388628610274
2014-06-16,emerging_equity,0.6252740295748772,-0.1816077221504889,-0.2698138672384709
2014-06-16,korea_equity,0.565876455362172,-0.355941768479445,-0.25647309139370833
2014-06-16,short_treasury,0.002317013673579033,-0.002729044415054689,-0.001784912108133769
2014-06-16,treasury_7_10y,0.01965347885894281,-0.03387725392298762,-0.041121879835828
2014-06-17,alternative,0.40017173263636796,-0.015494129685887958,0.9158223066880204
2014-06-17,corp_bond_ig,0.06154663763450552,-0.017960098224489712,-0.039443453678163876
2014-06-17,developed_equity,0.35165404347035484,0.9162981308833061,-0.13945567111515983
2014-06-17,emerging_equity,0.6253615186583716,-0.18101148972074696,-0.2699447636183717
2014-06-17,korea_equity,0.5665044368077168,-0.35486706053664063,-0.25670405865540524
2014-06-17,short_treasury,0.00232132538212601,-0.0027686652356372307,-0.0015279832668100269
2014-06-17,treasury_7_10y,0.02010808326472424,-0.03363995518391104,-0.0386826635638287
2014-06-18,alternative,0.4002245616390126,-0.01495590054192903,0.9159022402405231
2014-06-18,corp_bond_ig,0.06257820064947606,-0.01817416375764922,-0.036565664599807035
2014-06-18,developed_equity,0.3520125640746572,0.9159930214163817,-0.14038670315769547
2014-06-18,emerging_equity,0.625803727799689,-0.18147953728537797,-0.26901732803847567
2014-06-18,korea_equity,0.565608984406011,-0.3554298197320627,-0.25767900793202664
2014-06-18,short_treasury,0.002451016932000437,-0.00275207134127297,-0.001262804222597975
2014-06-18,treasury_7_10y,0.021013979754730936,-0.033616252355519835,-0.0361555456739358
2014-06-19,alternative,0.4003941882093586,-0.018570035279881877,0.9157098300347797
2014-06-19,corp_bond_ig,0.055999007069466256,-0.010921593336306438,-0.03556581358214189
2014-06-19,developed_equity,0.36176369730297364,0.9120055700553042,-0.14087026766402583
2014-06-19,emerging_equity,0.6229134458538538,-0.1876060878951016,-0.2696864958909585
2014-06-19,korea_equity,0.5634393095792225,-0.36326218763057516,-0.25774516440248896
2014-06-19,short_treasury,0.001827821912064056,-0.001999693785805061,-0.0011121920459192243
2014-06-19,treasury_7_10y,0.013684846784286454,-0.02494499597326301,-0.03466316431348381
2014-06-20,alternative,0.4030847776115361,-0.0092049685059237,0.9147036827660096
2014-06-20,corp_bond_ig,0.045362252613598386,-0.014202050890005292,-0.030140197405409574
2014-06-20,developed_equity,0.3481013813509511,0.9163869578730995,-0.14590976279254644
2014-06-20,emerging_equity,0.6242783676533696,-0.17748679535228026,-0.2686430500142997
2014-06-20,korea_equity,0.5696255940262528,-0.35739781124562664,-0.2607718985502617
2014-06-20,short_treasury,0.001795246748771472,-0.002033660857279332,-0.0008922996180491794
2014-06-20,treasury_7_10y,0.009504514539469051,-0.026638692936025304,-0.030776854345159713
2014-06-23,alternative,0.4006572188701856,-0.01502211572964867,0.9090935508406681
2014-06-23,corp_bond_ig,0.04469618985179302,-0.015408690362848317,-0.08376023724277704
2014-06-23,developed_equity,0.3480608005299346,0.9170772830780375,-0.14570024436889456
2014-06-23,emerging_equity,0.6257651157270051,-0.17386613024239347,-0.23012319307440848
2014-06-23,korea_equity,0.5697979640481063,-0.357047169218228,-0.2895184872439289
2014-06-23,short_treasury,0.0017274320684296665,-0.0021621100514091682,-0.005909410858732011
2014-06-23,treasury_7_10y,0.008662493789450259,-0.0280958742597883,-0.09215214421983112
2014-06-24,alternative,0.40293082835179617,0.01691130388631405,0.906515408096271
2014-06-24,corp_bond_ig,0.04131480170171942,-0.026302230203942602,-0.08800688390866784
2014-06-24,developed_equity,0.3119604726166876,0.9235911604370292,-0.16748140695933184
2014-06-24,emerging_equity,0.6361690744010583,-0.14058202635793093,-0.22273115297840107
2014-06-24,korea_equity,0.5778031941422257,-0.3533147239653123,-0.2890081166638867
2014-06-24,short_treasury,0.001436654870211313,-0.0032432053728667382,-0.006257525719714934
2014-06-24,treasury_7_10y,0.007128245673552253,-0.03736910706809822,-0.09623183963134228
2014-06-25,alternative,0.4007806842190983,0.011662160872637314,0.9078856141542132
2014-06-25,corp_bond_ig,0.040398142838542817,-0.0263751919959447,-0.08736225061046565
2014-06-25,developed_equity,0.3193766944781103,0.9212940195779873,-0.16424987624054627
2014-06-25,emerging_equity,0.6350814695025219,-0.14330420266502586,-0.22324204919677076
2014-06-25,korea_equity,0.576501868283581,-0.35827281994277926,-0.28686786132608716
2014-06-25,short_treasury,0.0014837093665661192,-0.0033807107045552244,-0.006091833569373041
2014-06-25,treasury_7_10y,0.007502119892272828,-0.038454330376622325,-0.09469020069390734
2014-06-26,alternative,0.4062654243684171,0.08085651987748625,0.9038923360388588
2014-06-26,corp_bond_ig,0.03848154007995486,-0.04814203122852863,-0.06384012919401305
2014-06-26,developed_equity,0.2983952009133337,0.9158674245274111,-0.22963667928580145
2014-06-26,emerging_equity,0.6353081013002083,-0.15246908718030475,-0.21274384550269
2014-06-26,korea_equity,0.5837517285306502,-0.3546678979504061,-0.2751201269384867
2014-06-26,short_treasury,0.0013767861748675832,-0.0051074925787465645,-0.0039531679830546555
2014-06-26,treasury_7_10y,0.006597001390551763,-0.057176934592746566,-0.07213475374790766
2014-06-27,alternative,0.4056678094634045,0.09581521645094294,0.9016298687817448
2014-06-27,corp_bond_ig,0.035983484092568574,-0.03402499556436169,-0.06808726849205177
2014-06-27,developed_equity,0.3117178548205212,0.91146782718194,-0.24766452115081383
2014-06-27,emerging_equity,0.6365076732403958,-0.1922348161157027,-0.20095732762546012
2014-06-27,korea_equity,0.5760242736863272,-0.34576057739326194,-0.27400345419316197
2014-06-27,short_treasury,0.0011993967487429157,-0.004173305501453366,-0.004238010476729764
2014-06-27,treasury_7_10y,0.004834842447363,-0.04864284223161883,-0.07490185167331329
2014-06-30,alternative,0.40500874763945655,0.09723045950529204,0.9018829990780262
2014-06-30,corp_bond_ig,0.03618299426465543,-0.03443142747760212,-0.06734959231719495
2014-06-30,developed_equity,0.3124415692687004,0.9108611812196556,-0.24906219644212363
2014-06-30,emerging_equity,0.6367188764703474,-0.19326612994634237,-0.20012307246073455
2014-06-30,korea_equity,0.5758484362927834,-0.3463019103927465,-0.2730224644688337
2014-06-30,short_treasury,0.001218683264808045,-0.004202864398304833,-0.004108357895621057
2014-06-30,treasury_7_10y,0.0050136444897558455,-0.0489708984819011,-0.07370021609058627
2014-07-01,alternative,0.4045993075701253,0.09710377376759953,0.9019445650883855
2014-07-01,corp_bond_ig,0.03477416778692222,-0.036905128855470114,-0.06644835820867945
2014-07-01,developed_equity,0.31422197060718055,0.9100872510937684,-0.2498941988759672
2014-07-01,emerging_equity,0.6371162443956059,-0.19547347074741223,-0.1985121725884192
2014-07-01,korea_equity,0.5748221885011915,-0.3465881471357626,-0.27368892407598333
2014-07-01,short_treasury,0.0010329223675075595,-0.004373725084984828,-0.004087428472196663
2014-07-01,treasury_7_10y,0.003998319842690472,-0.05096776440730944,-0.07282918143075226
2014-07-02,alternative,0.4072386248645229,0.09131223459145908,0.9006419466281428
2014-07-02,corp_bond_ig,0.03551323841324083,-0.03891331632703804,-0.07219391362600752
2014-07-02,developed_equity,0.31662347997159324,0.9100730705289337,-0.24678764558011845
2014-07-02,emerging_equity,0.6355200484832697,-0.19573292537222406,-0.19914309966243524
2014-07-02,korea_equity,0.5733626683113617,-0.34771578644033946,-0.27770594255629166
2014-07-02,short_treasury,0.0010334761909476377,-0.004482360295591788,-0.004497570938348926
2014-07-02,treasury_7_10y,0.003678958574803014,-0.051740681827486826,-0.07700122063750697
2014-07-03,alternative,0.4079365062728713,0.08323711436073551,0.901217708037666
2014-07-03,corp_bond_ig,0.03499690162435831,-0.03659923277769301,-0.07133566449267875
2014-07-03,developed_equity,0.3193638571380772,0.9109139235058403,-0.2399496509079371
2014-07-03,emerging_equity,0.6349288942435835,-0.1959593119016537,-0.2010017647044299
2014-07-03,korea_equity,0.5720348622086115,-0.3478857516950186,-0.28082470427864864
2014-07-03,short_treasury,0.0010012234306480258,-0.0044047071709616544,-0.0044733964397326445
2014-07-03,treasury_7_10y,0.003188056571900401,-0.050238962146317366,-0.07653623649416066
2014-07-07,alternative,0.4091444112986615,0.07119940845697799,0.9040524466764784
2014-07-07,corp_bond_ig,0.032838361186399156,-0.02088653591843582,-0.05611865415791761
2014-07-07,developed_equity,0.32291389193589115,0.9138808759662719,-0.22668630552675573
2014-07-07,emerging_equity,0.63305604258524,-0.20108375956756824,-0.20823672551252484
2014-07-07,korea_equity,0.5713914577224161,-0.3434381052958457,-0.2852565750072107
2014-07-07,short_treasury,0.0008930562751994666,-0.0029709263476662786,-0.0031047331992292418
2014-07-07,treasury_7_10y,0.0004032011113394957,-0.030379342676131925,-0.05839265703104937
2014-07-08,alternative,0.4121243789157991,0.0810276522031409,0.9013414150461213
2014-07-08,corp_bond_ig,0.03134125120760489,-0.02337133236264673,-0.06402475523530943
2014-07-08,developed_equity,0.32561982618161384,0.909947903476269,-0.23879718324879246
2014-07-08,emerging_equity,0.6311100129509614,-0.2075281219978529,-0.2105199690507144
2014-07-08,korea_equity,0.5699484276447149,-0.34743454174949706,-0.2788172178539998
2014-07-08,short_treasury,0.0007910399717207756,-0.003103846058501823,-0.0036977370099529634
2014-07-08,treasury_7_10y,-0.001125481044639075,-0.03308772098815747,-0.0662496634874675
2014-07-09,alternative,0.41196738257027016,0.07708688835971257,0.9017759259695859
2014-07-09,corp_bond_ig,0.031387332385123035,-0.02285247044266764,-0.06469645291493858
2014-07-09,developed_equity,0.32821779836842196,0.9097197011504078,-0.23574832085532363
2014-07-09,emerging_equity,0.6305868316257439,-0.20805865008999705,-0.21151545729086707
2014-07-09,korea_equity,0.5691467669461562,-0.34872122708292846,-0.27903837520421465
2014-07-09,short_treasury,0.0008297124854390073,-0.0031096831110158265,-0.0037707030349440522
2014-07-09,treasury_7_10y,-0.0015181996798462227,-0.03226259989444563,-0.06649703621114265
2014-07-10,alternative,0.41341376567118304,0.07431373642904371,0.9014170861394153
2014-07-10,corp_bond_ig,0.031156423198823946,-0.022067907414508505,-0.06113080660938397
2014-07-10,developed_equity,0.3300643342578851,0.9094617636450955,-0.23473821134903858
2014-07-10,emerging_equity,0.6290008552793709,-0.20911098396493527,-0.20940608762747542
2014-07-10,korea_equity,0.5687949243007823,-0.34943733319875325,-0.2842921854013469
2014-07-10,short_treasury,0.0007205218174216218,-0.003237697511258317,-0.0036999753848768217
2014-07-10,treasury_7_10y,-0.0023685214219333695,-0.03202249794815044,-0.06262257898154193
2014-07-11,alternative,0.41960716986866026,0.054574210768134644,0.9004375439058513
2014-07-11,corp_bond_ig,0.019289165896212768,-0.010527876555596068,-0.05630003463397759
2014-07-11,developed_equity,0.3488511658289403,0.904868459906947,-0.2248400027576829
2014-07-11,emerging_equity,0.6265992941858565,-0.22312897895967895,-0.2215607630508792
2014-07-11,korea_equity,0.5558830299812746,-0.3577064307039024,-0.28842975688115974
2014-07-11,short_treasury,-0.00028054251608191494,-0.0022369991920525418,-0.0032683364115095185
2014-07-11,treasury_7_10y,-0.015096952478918456,-0.019453884342081108,-0.056550246540793075
2014-07-14,alternative,0.42058526702454613,0.05586809815621988,0.8996694038788126
2014-07-14,corp_bond_ig,0.01819494775825814,-0.008100062890022072,-0.05842512773653907
2014-07-14,developed_equity,0.3530973936142682,0.9023092484848051,-0.2283374297133996
2014-07-14,emerging_equity,0.6253554646870807,-0.22696583469213444,-0.22121455199824486
2014-07-14,korea_equity,0.5538770383530697,-0.3616533611851831,-0.2875796378709601
2014-07-14,short_treasury,-0.00042558422207018967,-0.0016952030884664305,-0.0034538044395772084
2014-07-14,treasury_7_10y,-0.015804926766109673,-0.01848370095035269,-0.0582548836262269
2014-07-15,alternative,0.42059152739569294,0.056036404421406366,0.8995893715433176
2014-07-15,corp_bond_ig,0.017246150604752986,-0.003984537893613577,-0.05916173869616137
2014-07-15,developed_equity,0.35515819777007634,0.9011268409863503,-0.2291398508334445
2014-07-15,emerging_equity,0.6246653559398925,-0.2276352165078169,-0.2210650784538947
2014-07-15,korea_equity,0.5533476434367722,-0.36433953064053803,-0.28703566940011604
2014-07-15,short_treasury,-0.0004990177955347229,-0.0013946203960184013,-0.00360279444673049
2014-07-15,treasury_7_10y,-0.01634996947047448,-0.01585657413434828,-0.05883498528212059
2014-07-16,alternative,0.4207043449481423,0.06663264029135633,0.8985799416992868
2014-07-16,corp_bond_ig,0.01764155907363585,-0.001727296864222282,-0.061181809186981906
2014-07-16,developed_equity,0.35147217607166875,0.9006284751002211,-0.23795402430004517
2014-07-16,emerging_equity,0.6251880302494219,-0.22988047382129487,-0.21772907008199524
2014-07-16,korea_equity,0.5550111314393589,-0.3623447884254743,-0.28499450485097366
2014-07-16,short_treasury,-0.000520044563905889,-0.0015741298371062167,-0.0035504968045837358
2014-07-16,treasury_7_10y,-0.016316842450512223,-0.0168582829447917,-0.05956790359032585
2014-07-17,alternative,0.41984994328686037,0.06007851557934435,0.8997119549612813
2014-07-17,corp_bond_ig,0.015251918626503547,-0.0009167449333249119,-0.05808578903755213
2014-07-17,developed_equity,0.3563254375658046,0.8997434911193027,-0.23324247231861933
2014-07-17,emerging_equity,0.6256587603198784,-0.2313597462424977,-0.21953594084679343
2014-07-17,korea_equity,0.5519957867584464,-0.3647947816707118,-0.285298687109102
2014-07-17,short_treasury,-0.0009219071152557977,-0.001606565957708704,-0.0031709729690082827
2014-07-17,treasury_7_10y,-0.01940370498013972,-0.01569190119798142,-0.056044295508986576
2014-07-18,alternative,0.41961644561280953,0.017655815795954186,0.9019609057083913
2014-07-18,corp_bond_ig,0.01442601841086899,0.005772816635995481,-0.05195081709678967
2014-07-18,developed_equity,0.35904958180389085,0.907887306032892,-0.19221293239268716
2014-07-18,emerging_equity,0.6251409272124708,-0.21912672381731643,-0.22614447297571352
2014-07-18,korea_equity,0.550985644277225,-0.3568418670134593,-0.30549810636275454
2014-07-18,short_treasury,-0.0012223054143305804,-0.0013806615231537656,-0.0027188876127626654
2014-07-18,treasury_7_10y,-0.020235445741334214,-0.006406319551926783,-0.048415057566174445
2014-07-21,alternative,0.41962277336391546,0.01788215276601005,0.9017261673199689
2014-07-21,corp_bond_ig,0.014447688256534752,0.005886008192629,-0.053695558744783656
2014-07-21,developed_equity,0.3590068855493539,0.9079233926756226,-0.19241882648844605
2014-07-21,emerging_equity,0.6251575542799088,-0.21955262490677047,-0.22551533543170887
2014-07-21,korea_equity,0.5509901960206337,-0.3564758349694547,-0.305931388320107
2014-07-21,short_treasury,-0.0012190124011979924,-0.0013902288060955365,-0.0028800378696286844
2014-07-21,treasury_7_10y,-0.020208877535451163,-0.0063551393093503345,-0.050221766813408196
2014-07-22,alternative,0.4186130716713563,0.029778163536412022,0.9018714095586501
2014-07-22,corp_bond_ig,0.014465052586423499,0.008743200129939097,-0.055159079074031114
2014-07-22,developed_equity,0.359419011431331,0.9041905387041748,-0.2043263125917071
2014-07-22,emerging_equity,0.6249890205460743,-0.21660005948595257,-0.2226603581165002
2014-07-22,korea_equity,0.5516908272860949,-0.36676059219513885,-0.2993738583455959
2014-07-22,short_treasury,-0.0012154994029877858,-0.0014024143410520846,-0.0029072698441213814
2014-07-22,treasury_7_10y,-0.019907550017855477,-0.006738146860201865,-0.051238659660756435
2014-07-23,alternative,0.41849479797022304,0.03453959907141707,0.901803200789551
2014-07-23,corp_bond_ig,0.014755402049431376,0.007146184621736705,-0.05406090138170272
2014-07-23,developed_equity,0.36177265428289335,0.90152371302095,-0.21050730517404037
2014-07-23,emerging_equity,0.6242218759472657,-0.2171677490719964,-0.22054919533434142
2014-07-23,korea_equity,0.5511083287145097,-0.372534530316969,-0.2971756885086529
2014-07-23,short_treasury,-0.0011951673562908484,-0.001447744194458526,-0.0027050683023821928
2014-07-23,treasury_7_10y,-0.01975246771163864,-0.008064708520654343,-0.0505215365774335
2014-07-24,alternative,0.4187304893639014,0.034143809183074414,0.901983643921254
2014-07-24,corp_bond_ig,0.01387739743769345,0.007548833424932881,-0.051422485953038444
2014-07-24,developed_equity,0.36203747523554614,0.9014467789246051,-0.21032926864388315
2014-07-24,emerging_equity,0.6235253955455823,-0.216916145648752,-0.22106992997307537
2014-07-24,korea_equity,0.5515202660568268,-0.3729074672698279,-0.2973335624240507
2014-07-24,short_treasury,-0.0012842081223761398,-0.0014070035301178537,-0.0024544735652315282
2014-07-24,treasury_7_10y,-0.020997373414900926,-0.007506472354109884,-0.04751470368332652
2014-07-25,alternative,0.4197710107977521,0.03524367643086798,0.9015653477001477
2014-07-25,corp_bond_ig,0.013810207377517925,0.0062563564656408525,-0.05298403704662652
2014-07-25,developed_equity,0.36185690935768694,0.9009232585175463,-0.2118541600142181
2014-07-25,emerging_equity,0.6237277122103093,-0.21635203327580688,-0.22335086864038292
2014-07-25,korea_equity,0.5505996809449376,-0.37438582101098405,-0.29561159644942764
2014-07-25,short_treasury,-0.0013813974703781886,-0.0015124994430194864,-0.002117557645429252
2014-07-25,treasury_7_10y,-0.021516921745037592,-0.008988359490404569,-0.04705443657136803
2014-07-28,alternative,0.41873489369667677,0.04390734310781498,0.9018882911502454
2014-07-28,corp_bond_ig,0.01366648581743335,0.007623960458296058,-0.050387434496775185
2014-07-28,developed_equity,0.3606596044355615,0.8996923648445291,-0.2193103507309441
2014-07-28,emerging_equity,0.6240074561021037,-0.21767801228034037,-0.22055363812989504
2014-07-28,korea_equity,0.5518552705827027,-0.3756611834693023,-0.2921150284713615
2014-07-28,short_treasury,-0.001429875538584175,-0.0011667499218096648,-0.001626146799135801
2014-07-28,treasury_7_10y,-0.021618885485508103,-0.007827259248643383,-0.04454037818232203
2014-07-29,alternative,0.41793087789249594,0.0719265181060344,0.9002594259656423
2014-07-29,corp_bond_ig,0.013447911313204441,0.011091724731069036,-0.053827115367835854
2014-07-29,developed_equity,0.3654540939918233,0.8886992411577442,-0.24872525037465226
2014-07-29,emerging_equity,0.6225440360729537,-0.2204723256019164,-0.21339548272232514
2014-07-29,korea_equity,0.5509555812597282,-0.3953417266309098,-0.27738723881310834
2014-07-29,short_treasury,-0.0014460940274992915,-0.0008966832443721422,-0.0018536747463612125
2014-07-29,treasury_7_10y,-0.02193215928154752,-0.003643787674124227,-0.04781850086039786
2014-07-30,alternative,0.41868715227022124,0.07956947787881367,0.8994282451004728
2014-07-30,corp_bond_ig,0.01385959522464808,0.01347397498115892,-0.04596311684467025
2014-07-30,developed_equity,0.3657246627597102,0.8858043337149751,-0.25799092670935947
2014-07-30,emerging_equity,0.622661001629121,-0.2204637194896245,-0.20598929643488822
2014-07-30,korea_equity,0.5500828871505247,-0.40029131877676505,-0.2801948490158583
2014-07-30,short_treasury,-0.001403243062658677,-0.0006259201157448425,-0.0010670356415907892
2014-07-30,treasury_7_10y,-0.02132079774838488,-0.0002220018822352502,-0.037616795653439346
2014-07-31,alternative,0.42347755059981174,0.10999978653062709,0.8944342426170953
2014-07-31,corp_bond_ig,0.015262894951018291,0.014407520656319808,-0.04637149243143518
2014-07-31,developed_equity,0.3638045251796799,0.876780410854559,-0.28880556019297743
2014-07-31,emerging_equity,0.6204222155723605,-0.2263926986870862,-0.2049912375877047
2014-07-31,korea_equity,0.5502097265052271,-0.4095047989366778,-0.2664298013418451
2014-07-31,short_treasury,-0.0016291197609097485,-0.0007788650491547549,-0.001161885483838929
2014-07-31,treasury_7_10y,-0.020565818403743958,0.0003747688751126841,-0.03769379546573835
2014-08-01,alternative,0.42423207984241695,0.12486109157286941,0.8916672743555578
2014-08-01,corp_bond_ig,0.019814103844529085,0.015830004676310624,-0.05383611515857173
2014-08-01,developed_equity,0.36176822675233783,0.8730346917081226,-0.30229874851456784
2014-08-01,emerging_equity,0.6197037550202822,-0.2290553775630636,-0.2013020210344517
2014-08-01,korea_equity,0.551769001104382,-0.41170580205772583,-0.26073663173287437
2014-08-01,short_treasury,-0.0013680957650919897,-0.0011176648799488785,-0.002312033324628715
2014-08-01,treasury_7_10y,-0.01657249473969804,0.0005130535519183147,-0.046207909457545604
2014-08-04,alternative,0.4243142107925055,0.12516748820929302,0.8911315194456911
2014-08-04,corp_bond_ig,0.019657255376310245,0.015842962458727183,-0.05662233744378542
2014-08-04,developed_equity,0.36236409020050175,0.8722411348309989,-0.30309897319614715
2014-08-04,emerging_equity,0.6201506408010351,-0.22837012301076284,-0.20016560686467832
2014-08-04,korea_equity,0.5508128234134685,-0.4136698043241854,-0.26121762318849834
2014-08-04,short_treasury,-0.0013884596070686424,-0.0011028539823549097,-0.0026455796385518493
2014-08-04,treasury_7_10y,-0.01672714623104766,0.0008165562878453706,-0.05001622209723287
2014-08-05,alternative,0.4226028537753908,0.14787032964205654,0.8883757023563355
2014-08-05,corp_bond_ig,0.019127427295462684,0.022519361628426812,-0.06128634667455435
2014-08-05,developed_equity,0.36447414155127755,0.8620749896391713,-0.32421517000577227
2014-08-05,emerging_equity,0.6197963942830114,-0.22891152904447606,-0.19556757710464773
2014-08-05,korea_equity,0.551153883433713,-0.4266233940950637,-0.2463765617697518
2014-08-05,short_treasury,-0.00137321818926116,-0.0007741237563243222,-0.0029018218923213194
2014-08-05,treasury_7_10y,-0.016718562376379496,0.006734123236061424,-0.05441149453876249
2014-08-06,alternative,0.4243738040155167,0.15371413725590385,-0.8863482593354827
2014-08-06,corp_bond_ig,0.01956906770117084,0.022633669229711717,0.06277265341631055
2014-08-06,developed_equity,0.3625893333725087,0.8607164335826104,0.3302038145527884
2014-08-06,emerging_equity,0.6194723534741741,-0.22966785396235923,0.1942221860539025
2014-08-06,korea_equity,0.5513815337015435,-0.4268911305248332,0.24629084128930584
2014-08-06,short_treasury,-0.0014416590830459053,-0.0008226255131394861,0.002834198601855625
2014-08-06,treasury_7_10y,-0.016829455498493795,0.006547122155801412,0.054975715280080134
2014-08-07,alternative,0.42665936062805404,0.15360431837771713,-0.8850550549323678
2014-08-07,corp_bond_ig,0.01981566209409691,0.02228535420876856,0.06691552282409818
2014-08-07,developed_equity,0.3620074765678457,0.8606220684044863,0.33042304714868026
2014-08-07,emerging_equity,0.6191677137780817,-0.23013894074467056,0.19829681470082955
2014-08-07,korea_equity,0.5503389444518412,-0.4268921841341827,0.24511917307292488
2014-08-07,short_treasury,-0.0014584141798610274,-0.0008645937149621851,0.003264477782197046
2014-08-07,treasury_7_10y,-0.0166125824527592,0.006092232305741753,0.060039819396655404
2014-08-08,alternative,0.427893503981354,0.17204517731450095,-0.880958988489317
2014-08-08,corp_bond_ig,0.018998894237746144,0.01995669903456516,0.06656552019879891
2014-08-08,developed_equity,0.35420639159493755,0.8584246568552006,0.3463884527810146
2014-08-08,emerging_equity,0.619671308062658,-0.23114568054290258,0.19396325970736997
2014-08-08,korea_equity,0.5538748472408929,-0.42387769905570594,0.24166024530693844
2014-08-08,short_treasury,-0.0015719220704678329,-0.001139726607596328,0.0032067668817978684
2014-08-08,treasury_7_10y,-0.017654349050359213,0.0027142701330187635,0.05885259780642537
2014-08-11,alternative,0.4287145050399023,0.17375908397960074,-0.8796902522210693
2014-08-11,corp_bond_ig,0.018982421365524305,0.019851624030244513,0.0664152000845335
2014-08-11,developed_equity,0.3541099313752465,0.8574342457757052,0.3494440901814751
2014-08-11,emerging_equity,0.620668170682548,-0.23179121230876334,0.1894261137214825
2014-08-11,korea_equity,0.5521824718904145,-0.42483544251891525,0.24557569173954893
2014-08-11,short_treasury,-0.0015861295755813976,-0.0011233313120383478,0.0032441786206462843
2014-08-11,treasury_7_10y,-0.017683924351005954,0.0025742439542968338,0.05850394477554779
2014-08-12,alternative,0.42904834615419013,0.1695512369534607,-0.880097532399607
2014-08-12,corp_bond_ig,0.019042582113173,0.01964717359134345,0.06661142755402538
2014-08-12,developed_equity,0.354715664215057,0.8581109857086279,0.346310926844155
2014-08-12,emerging_equity,0.6202141764817947,-0.2286653415006235,0.18912128674051626
2014-08-12,korea_equity,0.5520467605829587,-0.4268715901287744,0.24859989111519554
2014-08-12,short_treasury,-0.0015855821168530295,-0.001135517847355328,0.003266751425198776
2014-08-12,treasury_7_10y,-0.017547924079792585,0.0018494756404438138,0.058996224505737674
2014-08-13,alternative,0.4295159211059365,0.1647112477670147,-0.8804457905478051
2014-08-13,corp_bond_ig,0.02059867403964244,0.015300707369554498,0.07016975637944611
2014-08-13,developed_equity,0.35606037311788985,0.8595982082581565,0.3422624166547676
2014-08-13,emerging_equity,0.620186091300382,-0.23093504880462096,0.19089425981023084
2014-08-13,korea_equity,0.5508529220088502,-0.4247172345533143,0.24953045151601827
2014-08-13,short_treasury,-0.001432618509232107,-0.0014207095860913454,0.003651826891723633
2014-08-13,treasury_7_10y,-0.015524075352483,-0.0030445136977372282,0.06347009406016958
2014-08-14,alternative,0.4294113758299105,0.1633939513058325,-0.8805413726229658
2014-08-14,corp_bond_ig,0.020832339232173314,0.015401871588543739,0.0709608170347032
2014-08-14,developed_equity,0.35651034432698614,0.8600695368913459,0.341140101676057
2014-08-14,emerging_equity,0.6196834577041094,-0.23151034148704172,0.1895393340289262
2014-08-14,korea_equity,0.5512058586615233,-0.4239569377904085,0.251358061477954
2014-08-14,short_treasury,-0.0014027075667128943,-0.0013853967063009406,0.003747837884189125
2014-08-14,treasury_7_10y,-0.015323327785038062,-0.002673593021173011,0.06414673858109181
2014-08-15,alternative,0.42747169094343357,0.1620857973745025,-0.8812880959999838
2014-08-15,corp_bond_ig,0.017800572288751204,0.008196796799832984,0.07169548084187871
2014-08-15,developed_equity,0.3516264935560094,0.8637562394120212,0.33792308370574825
2014-08-15,emerging_equity,0.6213556867553652,-0.2267082536484352,0.18980210833873548
2014-08-15,korea_equity,0.5539828818114134,-0.4196292679172538,0.2524852718465795
2014-08-15,short_treasury,-0.0015702039816162744,-0.0019446757411180258,0.003837524178057631
2014-08-15,treasury_7_10y,-0.018097341070099325,-0.00985033804832799,0.06488959819020562
2014-08-18,alternative,0.4289081076876346,0.21955823898883584,-0.8677017090997565
2014-08-18,corp_bond_ig,0.01638720618312861,-0.006903934833195714,0.06318502211707044
2014-08-18,developed_equity,0.3484497949899235,0.8428736689344238,0.39568447123405837
2014-08-18,emerging_equity,0.6212916603338088,-0.24542646608790503,0.1658575180758214
2014-08-18,korea_equity,0.5549491046894007,-0.42482078216911423,0.23657175808330655
2014-08-18,short_treasury,-0.0015643106341547577,-0.002383478906332228,0.0034150896071847552
2014-08-18,treasury_7_10y,-0.019435841662662018,-0.024453331104204265,0.05521431306942053
2014-08-19,alternative,0.42888438349752056,0.22066629472267626,-0.8674652382056763
2014-08-19,corp_bond_ig,0.014500795293581281,-0.004113179666828268,0.06483912857940316
2014-08-19,developed_equity,0.3508205008380302,0.8406630520175024,0.39720348632199104
2014-08-19,emerging_equity,0.6188754267601648,-0.24410076560131916,0.16650762971665312
2014-08-19,korea_equity,0.5561609471816361,-0.42954920926753654,0.23359414334096287
2014-08-19,short_treasury,-0.001663888563780429,-0.002194994337821874,0.00352973540788297
2014-08-19,treasury_7_10y,-0.021173737904666323,-0.021738816650208413,0.05679669686154849
2014-08-20,alternative,0.42943865434533796,0.21277921563939892,-0.8686356498444701
2014-08-20,corp_bond_ig,0.015017956763693552,-0.006805389512242653,0.07124695993545926
2014-08-20,developed_equity,0.3503381832445177,0.8442593600328132,0.3895563086069707
2014-08-20,emerging_equity,0.6185612583250806,-0.24208328307627994,0.17107487176182043
2014-08-20,korea_equity,0.5563960037100629,-0.42742214830050007,0.23537108976809062
2014-08-20,short_treasury,-0.0015381840262146717,-0.002546868050922127,0.003797365230896801
2014-08-20,treasury_7_10y,-0.020570640104426826,-0.024583118654480002,0.06293869488718644
2014-08-21,alternative,0.43280626020976337,0.21692011335540243,-0.8666667167388225
2014-08-21,corp_bond_ig,0.011172284037468505,0.001628580978834386,0.06300891851598311
2014-08-21,developed_equity,0.3525124566187322,0.8396418661431602,0.39636339505946316
2014-08-21,emerging_equity,0.6174527543838146,-0.24249499336417066,0.1704089688746353
2014-08-21,korea_equity,0.5535384487282098,-0.4345991057361729,0.23632709749389966
2014-08-21,short_treasury,-0.0019397006437956855,-0.0019298765894497168,0.0030508209849883423
2014-08-21,treasury_7_10y,-0.02514773480994338,-0.01614372412068645,0.053997371695675374
2014-08-22,alternative,0.4335224823993394,0.23508191516896662,-0.861496244833774
2014-08-22,corp_bond_ig,0.00943952666183312,-0.00460120767068363,0.06024431123682883
2014-08-22,developed_equity,0.3456507861793105,0.8351490294207309,0.41245739141229376
2014-08-22,emerging_equity,0.6179690110791998,-0.24141639391870545,0.16631875278606117
2014-08-22,korea_equity,0.5567495591527359,-0.43432047663040463,0.2315267142333083
2014-08-22,short_treasury,-0.0018016732829655541,-0.0015986566067730215,0.0031306100484730964
2014-08-22,treasury_7_10y,-0.025212502984665815,-0.017964223611206354,0.05289041235434844
2014-08-25,alternative,0.4345008788422017,0.23041508942035607,-0.8625267119353465
2014-08-25,corp_bond_ig,0.007980844984017188,0.0007289708818115498,0.058658773868742464
2014-08-25,developed_equity,0.3484957743844189,0.8355110944219708,0.4090499088301688
2014-08-25,emerging_equity,0.6175131908498727,-0.24316845905815082,0.16797639110722143
2014-08-25,korea_equity,0.5546714814248365,-0.4353529335906932,0.23328180821813602
2014-08-25,short_treasury,-0.0018740994787924542,-0.00153444627972745,0.0030460865428756628
2014-08-25,treasury_7_10y,-0.026636107193607126,-0.012811536775146286,0.05137356201482337
2014-08-26,alternative,0.433400233903746,0.23073277164895775,-0.8635241022631612
2014-08-26,corp_bond_ig,0.00835120331217265,0.0009655087981307042,0.05776129841824296
2014-08-26,developed_equity,0.34864995419606165,0.8358800572352973,0.40815156627902555
2014-08-26,emerging_equity,0.6165054986017671,-0.2433052284672436,0.16970136564697613
2014-08-26,korea_equity,0.556560673001025,-0.43440518753252927,0.23031236953132062
2014-08-26,short_treasury,-0.0017630368979880337,-0.0015367730347569193,0.00300588917561461
2014-08-26,treasury_7_10y,-0.02637770380133215,-0.012582645597693332,0.05050425455644189
2014-08-27,alternative,0.43370659345582235,0.2807181261311354,-0.8483825516293874
2014-08-27,corp_bond_ig,0.011561769496463925,0.010128912760644246,0.06287938571637108
2014-08-27,developed_equity,0.3279993459915826,0.824186291055809,0.4480955833155164
2014-08-27,emerging_equity,0.6191900890151418,-0.2427169329352636,0.15906512964257014
2014-08-27,korea_equity,0.5659108349177472,-0.42764655375302413,0.21736118825394596
2014-08-27,short_treasury,-0.0014561128007189417,-0.0007229666870077869,0.003331663238701758
2014-08-27,treasury_7_10y,-0.022973585522970068,-0.004253148505522623,0.054266707552209525
2014-08-28,alternative,0.436704281797583,0.32731038958324066,-0.8308257313678772
2014-08-28,corp_bond_ig,0.011295828868533864,0.008983832822514137,0.07089481139329723
2014-08-28,developed_equity,0.32268979986771706,0.7983222509474329,0.4897086059550358
2014-08-28,emerging_equity,0.6216669181594453,-0.2420266923939532,0.1709100020429577
2014-08-28,korea_equity,0.5639734163423779,-0.4437180051210924,0.1760337320916483
2014-08-28,short_treasury,-0.0013576824608031485,-0.00032417263410023105,0.0049709780578277955
2014-08-28,treasury_7_10y,-0.022258768940426263,-0.0024678478909648752,0.06830224603062231
2014-08-29,alternative,0.4351838280364469,0.40418566708827847,-0.795764807203554
2014-08-29,corp_bond_ig,0.011172005301060217,0.0065531807663550545,0.07721883305988048
2014-08-29,developed_equity,0.3297929565622311,0.7469510152442718,0.5638370607375939
2014-08-29,emerging_equity,0.6218408100069096,-0.27040950180716683,0.13156614209804282
2014-08-29,korea_equity,0.560832012972724,-0.4533400853666235,0.14150086365725265
2014-08-29,short_treasury,-0.0014365232510161923,-1.6376123430009788e-05,0.0057598227412066026
2014-08-29,treasury_7_10y,-0.022499434457386384,-0.0040805920897376766,0.07428373076004986
2014-09-02,alternative,0.4346264104900238,0.41337105503069427,-0.7873443408304887
2014-09-02,corp_bond_ig,0.012813057509930448,0.0039050799835800842,0.09240927727206016
2014-09-02,developed_equity,0.3296862330723239,0.7405752788654969,0.5726797773158978
2014-09-02,emerging_equity,0.6204914207489972,-0.26982758189705197,0.11361520472447144
2014-09-02,korea_equity,0.562859217267406,-0.45585605040497595,0.14856536027932482
2014-09-02,short_treasury,-0.0012008969536308179,-0.0003709046590939426,0.0075501370297296625
2014-09-02,treasury_7_10y,-0.02052200635674559,-0.006751098645712278,0.09246729963071307
2014-09-03,alternative,0.43274354548395916,0.4119694813143563,-0.7904786896333433
2014-09-03,corp_bond_ig,0.01478432095229587,0.0035055323645789283,0.08178922087477047
2014-09-03,developed_equity,0.3317780457070159,0.7403056613801208,0.5721364064074359
2014-09-03,emerging_equity,0.6221903257586552,-0.26777185499731165,0.11255124423007393
2014-09-03,korea_equity,0.5612223287011648,-0.4587664519651676,0.14709030872293724
2014-09-03,short_treasury,-0.0010214559964989117,-0.0003570049166334664,0.006659822047370652
2014-09-03,treasury_7_10y,-0.018585720594411773,-0.006916227804475991,0.0822569287038261
2014-09-04,alternative,0.4350756697891733,0.4161868682248202,-0.7877068842673661
2014-09-04,corp_bond_ig,0.017457555039403716,-0.0016206314324178628,0.07318894459507769
2014-09-04,developed_equity,0.33680400909090924,0.7335411874139358,0.5795832017117161
2014-09-04,emerging_equity,0.6217456113162528,-0.27613500572175986,0.10783436713262264
2014-09-04,korea_equity,0.5568820680101297,-0.4607900075690268,0.14447373540718667
2014-09-04,short_treasury,-0.0005876594425110803,-0.0013298056652811443,0.005980771184910353
2014-09-04,treasury_7_10y,-0.016788882748974335,-0.011110796317246981,0.07555047702754147
2014-09-05,alternative,0.4368188567446051,0.428231742087213,-0.777786470044725
2014-09-05,corp_bond_ig,0.019520331815105707,0.004045394241017408,0.09046664751283662
2014-09-05,developed_equity,0.3334295713597987,0.7272507353549703,0.5890123785320328
2014-09-05,emerging_equity,0.6213798229133876,-0.2817795206293583,0.09648440303755508
2014-09-05,korea_equity,0.5579393021868518,-0.4563662883387613,0.14878612166457117
2014-09-05,short_treasury,-0.0003522196868325098,-0.000853901219757477,0.0076396994025360295
2014-09-05,treasury_7_10y,-0.014956292109119541,-0.0060795768387997325,0.09177960341345787
2014-09-08,alternative,0.43966986573551103,0.4205538405631471,-0.7811274337811798
2014-09-08,corp_bond_ig,0.019686499326883933,0.0054978636462716945,0.08872929401828761
2014-09-08,developed_equity,0.3338832960451166,0.7315583735321716,0.5834650444245318
2014-09-08,emerging_equity,0.6209894944102903,-0.28362316327318493,0.10165636378738838
2014-09-08,korea_equity,0.5558043364481425,-0.4555013876274504,0.1533207422560468
2014-09-08,short_treasury,-0.00048807680510022596,-0.0003090570193226128,0.006995309714673531
2014-09-08,treasury_7_10y,-0.016677671568384247,-0.001696586577858351,0.08743789710245696
2014-09-09,alternative,0.43724851852253954,0.4419492843935436,-0.7710556965264211
2014-09-09,corp_bond_ig,0.0197192113868907,0.004625374721190345,0.09480181531628917
2014-09-09,developed_equity,0.34094177031505324,0.710645150361646,0.6015197640436101
2014-09-09,emerging_equity,0.6171671280509147,-0.28190154183128047,0.10082525733467482
2014-09-09,korea_equity,0.5576788839858141,-0.46922283004644955,0.12471541983538194
2014-09-09,short_treasury,-0.00040493382242371144,-0.0004265522813598347,0.007682040188859311
2014-09-09,treasury_7_10y,-0.016805637294783824,-0.002044683275374315,0.09423916345675518
2014-09-10,alternative,0.4363704798104864,0.44481988041555093,-0.7705889238249353
2014-09-10,corp_bond_ig,0.020801601695806915,0.002783771856309125,0.08998066616238748
2014-09-10,developed_equity,0.3422876759375267,0.7082763738123354,0.6044762366659627
2014-09-10,emerging_equity,0.6171893283692721,-0.2840168445777494,0.0984969987966969
2014-09-10,korea_equity,0.5575074957283693,-0.46881799899106136,0.12217364561638686
2014-09-10,short_treasury,-0.0003173287398940767,-0.0005331011522739717,0.007247701052850058
2014-09-10,treasury_7_10y,-0.01580724752702325,-0.003991806843095428,0.08957723971941167
2014-09-11,alternative,0.4357198474513963,0.4437621734658123,-0.7715044606364019
2014-09-11,corp_bond_ig,0.020637939010157424,0.0037862508222847313,0.09107543021524661
2014-09-11,developed_equity,0.34315074010147456,0.7088842702338073,0.602941506774789
2014-09-11,emerging_equity,0.6175263706999145,-0.2844159721369974,0.09886975336283121
2014-09-11,korea_equity,0.5571160040990767,-0.4686612558268154,0.12165888528210826
2014-09-11,short_treasury,-0.00036426961353115185,-0.00044651422036330824,0.007277836794329479
2014-09-11,treasury_7_10y,-0.015895482146616565,-0.002805677447755703,0.09120632231852842
2014-09-12,alternative,0.43559058701795,0.4726629806083821,-0.7542984120133284
2014-09-12,corp_bond_ig,0.021091734874012058,0.001995773453501548,0.09508954928044794
2014-09-12,developed_equity,0.3464494053962475,0.6827171814204982,0.6287335982417686
2014-09-12,emerging_equity,0.6171751216896134,-0.28728268854722266,0.09163279166394418
2014-09-12,korea_equity,0.5555580976368988,-0.4774151711842439,0.0965566265275776
2014-09-12,short_treasury,-0.00033621054202555333,-0.0006230917231119585,0.007526597535101789
2014-09-12,treasury_7_10y,-0.015451375404866075,-0.005098704235163405,0.09439038822254617
2014-09-15,alternative,0.43582831204595346,0.47801388703750863,-0.7508030946850675
2014-09-15,corp_bond_ig,0.02102257180165079,0.0017180611260563805,0.09630484942212936
2014-09-15,developed_equity,0.34702989006972434,0.6773650014868451,0.633278653695551
2014-09-15,emerging_equity,0.6168060776641141,-0.28687388165716504,0.0922087336640858
2014-09-15,korea_equity,0.5554123828693039,-0.4799505208400046,0.09016623693762524
2014-09-15,short_treasury,-0.0004064001176637096,-0.0007043549861443121,0.007689355182079222
2014-09-15,treasury_7_10y,-0.015785171624368963,-0.005177284847966434,0.09636757095679728
2014-09-16,alternative,0.43324547677151565,0.4826994542261345,-0.7493425883727654
2014-09-16,corp_bond_ig,0.02062857464971224,0.0017472676175071533,0.09590451354950252
2014-09-16,developed_equity,0.34808678382514924,0.6741762426705673,0.6360024132506341
2014-09-16,emerging_equity,0.6174068715208504,-0.2869309097877149,0.08967913941409937
2014-09-16,korea_equity,0.5560977006978121,-0.4797157218765638,0.08545259597593824
2014-09-16,short_treasury,-0.0004402833327332251,-0.0008339953579570211,0.008172477285022151
2014-09-16,treasury_7_10y,-0.01650206409022554,-0.005230813401955873,0.09683829965954863
2014-09-17,alternative,0.43273603633489743,0.4801058918365986,-0.7511352156875907
2014-09-17,corp_bond_ig,0.0211639420579548,0.0004634994464741693,0.09840181695539524
2014-09-17,developed_equity,0.3488152466801447,0.6760861366632662,0.6328758515172517
2014-09-17,emerging_equity,0.6179650637601133,-0.28691820227294346,0.09305757604695608
2014-09-17,korea_equity,0.555413057224118,-0.4796290271531792,0.08334068798035167
2014-09-17,short_treasury,-0.0002580933021153607,-0.0009527438920827642,0.008862824300498964
2014-09-17,treasury_7_10y,-0.015968197204591805,-0.006219919567042422,0.09948464380391821
2014-09-18,alternative,0.44440832065498037,0.46575767711143645,-0.7563709301407119
2014-09-18,corp_bond_ig,0.004690842085355085,0.00535167313826293,0.07105656518534625
2014-09-18,developed_equity,0.34132726749485265,0.6849568515672569,0.6290694729335248
2014-09-18,emerging_equity,0.6177307787887445,-0.2823912714049564,0.11391682096723939
2014-09-18,korea_equity,0.5507215296785023,-0.48385923111597984,0.09627459658122214
2014-09-18,short_treasury,-0.0019275307018802033,-0.0005000568813681619,0.006024118346965793
2014-09-18,treasury_7_10y,-0.03295001227106853,-0.0032282408074960378,0.06959489030995236
2014-09-19,alternative,0.44553845176722295,0.4718894723566591,-0.7498624364779339
2014-09-19,corp_bond_ig,0.0021392807889135668,-0.0007608775155320546,0.07861313097642669
2014-09-19,developed_equity,0.3394137308214668,0.6798202611602031,0.635943192501338
2014-09-19,emerging_equity,0.6183742086780709,-0.2815180600500421,0.10888820325525313
2014-09-19,korea_equity,0.5501700193662586,-0.4856390530673509,0.09706607497853252
2014-09-19,short_treasury,-0.0020010816507281103,-0.0008150658271640497,0.0061458282078523385
2014-09-19,treasury_7_10y,-0.03480681411667057,-0.008110926558657052,0.07606788405371619
2014-09-22,alternative,0.4093706285546411,0.42980701426416423,-0.7876909615988247
2014-09-22,corp_bond_ig,0.0028226107090003616,0.0031081250850168857,0.1044319675337817
2014-09-22,developed_equity,0.35606123246291155,0.7201521468486383,0.5785712354204133
2014-09-22,emerging_equity,0.626281906342372,-0.26747754592471007,0.09165037297517709
2014-09-22,korea_equity,0.558679794796087,-0.47441184104810347,0.112419115422757
2014-09-22,short_treasury,-0.00223716597975888,-0.00025960473184371706,0.009142558111952456
2014-09-22,treasury_7_10y,-0.03565074817871282,-0.005124016189025629,0.11300798188129667
2014-09-23,alternative,0.4097676938003894,0.42249817391285494,-0.791433051633368
2014-09-23,corp_bond_ig,0.002620337872695999,0.0030999501030715276,0.10449726895538414
2014-09-23,developed_equity,0.35902680369866546,0.7231711108346289,0.5727524593460028
2014-09-23,emerging_equity,0.6256064916446821,-0.2680507136998475,0.09419028417278724
2014-09-23,korea_equity,0.5572277466261422,-0.4760557845696232,0.11403464910860091
2014-09-23,short_treasury,-0.002280321965612147,-0.00035319023902280396,0.009068062102741848
2014-09-23,treasury_7_10y,-0.035942750403681785,-0.005367301307889938,0.11274185245992543
2014-09-24,alternative,0.40818625725598917,0.44039781094202324,-0.7815872026679795
2014-09-24,corp_bond_ig,0.0023254735362154833,0.005728701609927694,0.10903786954854855
2014-09-24,developed_equity,0.3558325779014174,0.7138117158578983,0.5864690722787987
2014-09-24,emerging_equity,0.6267081063074833,-0.2708072331644187,0.08465309281589081
2014-09-24,korea_equity,0.5591922719730014,-0.47238359759631315,0.10966950302403526
2014-09-24,short_treasury,-0.002355669339944354,-0.00012116229701363396,0.009273422122340403
2014-09-24,treasury_7_10y,-0.03601598728806673,-0.0026360779267478643,0.11834978882831713
2014-09-25,alternative,0.4067420445144221,0.46738580808798746,-0.7669013252484396
2014-09-25,corp_bond_ig,0.0008058366421505037,-0.0008373752400261392,0.10479072183405413
2014-09-25,developed_equity,0.35653205561929396,0.6929166101251275,0.6113797984900647
2014-09-25,emerging_equity,0.6275235705935113,-0.2732458106525115,0.07501720128665136
2014-09-25,korea_equity,0.5587561771751071,-0.4761017218903042,0.09154706705956402
2014-09-25,short_treasury,-0.0026985720240872784,-0.0007561565171124822,0.008713677764764722
2014-09-25,treasury_7_10y,-0.03799439030537429,-0.008926489489627557,0.11406853111903358
2014-09-26,alternative,0.4064840162647737,0.468463128247079,-0.765906448285564
2014-09-26,corp_bond_ig,0.001152341067240159,-0.0013521489348643917,0.10418633475573813
2014-09-26,developed_equity,0.357251056259634,0.6919993131140341,0.6129573353502081
2014-09-26,emerging_equity,0.6282460406156636,-0.27540301294876635,0.06962183830632439
2014-09-26,korea_equity,0.5576861464829376,-0.47512502307519383,0.09469050399797062
2014-09-26,short_treasury,-0.0026460412380309036,-0.0008188108695887733,0.008643999243928419
2014-09-26,treasury_7_10y,-0.03777793496500107,-0.009281286075874444,0.11369966809828708
2014-09-29,alternative,0.4060734405267292,0.46894208967506373,-0.7650524717363103
2014-09-29,corp_bond_ig,0.0011573360835163138,-0.0013131114140086664,0.10419146376393745
2014-09-29,developed_equity,0.3542169997736936,0.6941079555833143,0.6131900222693966
2014-09-29,emerging_equity,0.6297727308275568,-0.2752666113573195,0.06575065481995614
2014-09-29,korea_equity,0.5581435553068825,-0.47166157438898787,0.10104336457821578
2014-09-29,short_treasury,-0.0026061775571953848,-0.0007697000638560797,0.00905798979820902
2014-09-29,treasury_7_10y,-0.03858271059987127,-0.008294440555128154,0.11498649331301175
2014-09-30,alternative,0.4061662558945989,0.4712702269712204,-0.7633394773973974
2014-09-30,corp_bond_ig,0.00036655061943424716,-1.577852468313823e-05,0.10554290251638426
2014-09-30,developed_equity,0.35636189707867927,0.6905586512407291,0.6156628344055961
2014-09-30,emerging_equity,0.6286985661217389,-0.27535052550853195,0.06342686981877788
2014-09-30,korea_equity,0.5579506602109,-0.4744816909105015,0.09884061586717635
2014-09-30,short_treasury,-0.0025252092559429995,-0.0009113399465401271,0.009039897031229378
2014-09-30,treasury_7_10y,-0.038181586774194164,-0.009027993714338383,0.1151462435705416
2014-10-01,alternative,0.40434977633741687,0.4876674129918669,-0.7556470417316138
2014-10-01,corp_bond_ig,8.341064503991635e-05,-0.004446528568008465,0.09958359962167668
2014-10-01,developed_equity,0.35972865763141204,0.6746510684655093,0.6296663548257379
2014-10-01,emerging_equity,0.6249847101050029,-0.2705158124615675,0.0648405966377612
2014-10-01,korea_equity,0.5611222235881037,-0.4834282489739594,0.07667554347474227
2014-10-01,short_treasury,-0.002756783615464881,-0.0011562835920063054,0.008503882088731589
2014-10-01,treasury_7_10y,-0.040310132372059194,-0.01111956916185488,0.11155796098465097
2014-10-02,alternative,0.4046835266939476,0.4913172744755444,-0.7529721303962092
2014-10-02,corp_bond_ig,0.00010735541736428544,-0.0016902728777835746,0.10394945858550414
2014-10-02,developed_equity,0.36048593770974946,0.6722150744309929,0.6316318660368123
2014-10-02,emerging_equity,0.6243282760722757,-0.27503906480906476,0.06286368419147093
2014-10-02,korea_equity,0.5611433561348179,-0.480661223209633,0.07564136663655
2014-10-02,short_treasury,-0.002746482191099593,-0.0008954296478714013,0.008869948929259037
2014-10-02,treasury_7_10y,-0.04007386690641742,-0.0069908529219453825,0.11626061922444428
2014-10-03,alternative,0.40321106264562595,0.4918678384553831,-0.7538038700897591
2014-10-03,corp_bond_ig,0.0006351349695046249,-0.0010775801795534778,0.10623182408496018
2014-10-03,developed_equity,0.36012435212355354,0.672622512699835,0.6303764788736699
2014-10-03,emerging_equity,0.6252425854655197,-0.27377815096128144,0.06653323253404936
2014-10-03,korea_equity,0.5614296846782113,-0.48025852726483587,0.07112368088342375
2014-10-03,short_treasury,-0.0028998159478074315,-0.0009769870276862744,0.008150505247844119
2014-10-03,treasury_7_10y,-0.03988603917828904,-0.006335634579665853,0.1164832182011003
2014-10-06,alternative,0.40414159837545677,0.4890572242199261,-0.753964943016942
2014-10-06,corp_bond_ig,0.0009613017719385386,-0.0011859841528623072,0.10410254964304977
2014-10-06,developed_equity,0.35888838387239635,0.6759117445374525,0.6303858050922947
2014-10-06,emerging_equity,0.6252618840841054,-0.2757477774371503,0.05453749242897479
2014-10-06,korea_equity,0.5615874947966462,-0.4773664935819343,0.08672815473749078
2014-10-06,short_treasury,-0.002691234632700151,-0.001243829138508991,0.007222369916220411
2014-10-06,treasury_7_10y,-0.039084415547212564,-0.006912699115533303,0.11298224225779005
2014-10-07,alternative,0.4092288563058865,0.4962430001755063,-0.7454496918035559
2014-10-07,corp_bond_ig,-0.00021796562084686055,-0.006103014567126613,0.10910834472170727
2014-10-07,developed_equity,0.36105435053870044,0.6663037846950439,0.6393949773535784
2014-10-07,emerging_equity,0.6223210555574227,-0.2829742736586589,0.055536195037178195
2014-10-07,korea_equity,0.5596319769152561,-0.4790558043111654,0.07964103895157058
2014-10-07,short_treasury,-0.002924776989798492,-0.0018730619475024204,0.007803454010936741
2014-10-07,treasury_7_10y,-0.041127260035390564,-0.01313365650318568,0.11868585045445151
2014-10-08,alternative,0.41057926067225065,0.48505579553155265,-0.7520357319447779
2014-10-08,corp_bond_ig,0.0020281019226504604,0.0015932044709984772,0.1148972149908512
2014-10-08,developed_equity,0.36625449337623556,0.6713644788140604,0.6287177308399001
2014-10-08,emerging_equity,0.6212811946195015,-0.2840674931128734,0.06042380765033064
2014-10-08,korea_equity,0.5565415230955484,-0.48296905437670906,0.08200544112219993
2014-10-08,short_treasury,-0.002633712491173111,-0.0008907238635256986,0.008717545930130908
2014-10-08,treasury_7_10y,-0.03927438645355301,-0.005816527273763968,0.12451095647171379
2014-10-09,alternative,0.4195268609967703,0.4779035796920383,-0.7506604155404856
2014-10-09,corp_bond_ig,0.005499252586782966,0.009961777263583188,0.12684923307548585
2014-10-09,developed_equity,0.37675636642682997,0.6675687508512846,0.6251680295553049
2014-10-09,emerging_equity,0.6139377865753857,-0.300496120748615,0.05631016837739189
2014-10-09,korea_equity,0.551142757292476,-0.48534300032954303,0.08908777491974605
2014-10-09,short_treasury,-0.002596337227389283,-0.000488536097224889,0.008963538542453534
2014-10-09,treasury_7_10y,-0.036563996116396186,0.0022156662146681156,0.1356294057520014
2014-10-10,alternative,0.4176733054877721,0.48624499346959354,-0.7454064520792532
2014-10-10,corp_bond_ig,0.004431101924022296,0.01005180885689684,0.135245335171311
2014-10-10,developed_equity,0.382232005562606,0.6577554327219282,0.6300835971771036
2014-10-10,emerging_equity,0.6123048694974385,-0.30229894551403114,0.055034500064202733
2014-10-10,korea_equity,0.5505457212788409,-0.4893211536326527,0.07548417129719996
2014-10-10,short_treasury,-0.0028558907302709,-0.0004171541524276695,0.009912280956783379
2014-10-10,treasury_7_10y,-0.037444206516747534,0.0015938382531419145,0.14229431279525664
2014-10-13,alternative,0.4145406895476445,0.5009355408503239,-0.736219596053696
2014-10-13,corp_bond_ig,0.0041898244171231225,0.002033734850253169,0.13671810661359812
2014-10-13,developed_equity,0.37589542994345854,0.6505491597715797,0.6414590554423489
2014-10-13,emerging_equity,0.6160170945301066,-0.2975866991921528,0.055921861282538045
2014-10-13,korea_equity,0.5531034935382804,-0.48697131096535795,0.062417067608357434
2014-10-13,short_treasury,-0.0028486177001186153,-0.0013064431991040364,0.01008713801467279
2014-10-13,treasury_7_10y,-0.03784756118923898,-0.012026243087919074,0.14385496393964745
2014-10-14,alternative,0.41415267729957833,0.5077409846820817,-0.7335398040747292
2014-10-14,corp_bond_ig,0.004536390359852982,-0.002779116306991347,0.129225531266619
2014-10-14,developed_equity,0.3764339464083127,0.6443712943623303,0.6485912581645318
2014-10-14,emerging_equity,0.6159748833420676,-0.2985417597083383,0.05628139898291107
2014-10-14,korea_equity,0.5530961084002187,-0.4874003486682533,0.05335602096806428
2014-10-14,short_treasury,-0.002794323573465133,-0.002017945091266408,0.009016235739248805
2014-10-14,treasury_7_10y,-0.0375005967897215,-0.016930732835872427,0.13584455965364772
2014-10-15,alternative,0.41399690249817905,0.5079469960883879,-0.7323061036214349
2014-10-15,corp_bond_ig,0.004399124030046719,-0.002482070126529498,0.1302550154699159
2014-10-15,developed_equity,0.3750361453733689,0.6460550904068562,0.64886018255865
2014-10-15,emerging_equity,0.6165375143760166,-0.3010974113314692,0.04964320501705345
2014-10-15,korea_equity,0.5534710305098249,-0.48340513059899964,0.061484319358191326
2014-10-15,short_treasury,-0.002956979733591693,-0.001691016522577661,0.009785349562361496
2014-10-15,treasury_7_10y,-0.03844047499001283,-0.015920983488223153,0.13928870247193895
2014-10-16,alternative,0.4101381268833534,0.5416653999360532,-0.7119439468278497
2014-10-16,corp_bond_ig,0.0011073334657910605,-0.02070159381649532,0.11540423376393977
2014-10-16,developed_equity,0.36257094261677175,0.6227315844599149,0.6782659483305833
2014-10-16,emerging_equity,0.62256203714277,-0.28823570789835906,0.05658550823680808
2014-10-16,korea_equity,0.5577234574099476,-0.48388007532032434,0.02847138645045395
2014-10-16,short_treasury,-0.003093526238922659,-0.0032100434055100362,0.008787684245550695
2014-10-16,treasury_7_10y,-0.04097910831073397,-0.033843127268033416,0.12523266249876133
2014-10-17,alternative,0.41225429039508404,0.5362351219365917,-0.7120512520397888
2014-10-17,corp_bond_ig,-0.0013414371275651815,-0.024374260532614503,0.11819643322414669
2014-10-17,developed_equity,0.36664826202915735,0.6204732622997646,0.6771666876524678
2014-10-17,emerging_equity,0.6230674090245805,-0.2838833103540213,0.055746103343464144
2014-10-17,korea_equity,0.5526969997460333,-0.49472248023831067,0.02953432304456065
2014-10-17,short_treasury,-0.003415002155603989,-0.004065304961238683,0.009023131133720231
2014-10-17,treasury_7_10y,-0.04376094824936183,-0.03891178666024299,0.1280491062222092
2014-10-20,alternative,0.41228197010962064,0.5331588367086016,-0.7143555652911289
2014-10-20,corp_bond_ig,-0.0010123903120604627,-0.024512510912217983,0.11976671382301868
2014-10-20,developed_equity,0.36662841783837086,0.6235824898515454,0.6740095029164545
2014-10-20,emerging_equity,0.6216017025360954,-0.2830360035857646,0.058697139305672
2014-10-20,korea_equity,0.5543812653337749,-0.4946284020554347,0.030022885677206474
2014-10-20,short_treasury,-0.00323896930625969,-0.004014454299623239,0.008901316581181965
2014-10-20,treasury_7_10y,-0.04322499914055712,-0.03876749553192806,0.1289856166865369
2014-10-21,alternative,0.4184909232754073,0.537298826294668,-0.7087225089942365
2014-10-21,corp_bond_ig,-0.0014887747378392602,-0.02548659923914065,0.11747230640138073
2014-10-21,developed_equity,0.371237026106147,0.6140703658898977,0.6805718022428079
2014-10-21,emerging_equity,0.6179382713079972,-0.2946377821553757,0.06106101798218431
2014-10-21,korea_equity,0.550675550468884,-0.4950467380636361,0.021913583919039834
2014-10-21,short_treasury,-0.00331861081707144,-0.004208035109527448,0.008856123940590275
2014-10-21,treasury_7_10y,-0.044089895947489216,-0.04095835881814642,0.12824819865083015
2014-10-22,alternative,0.41709938907334787,0.535969204548581,-0.7091491106046411
2014-10-22,corp_bond_ig,-0.0030215529833532706,-0.027915074192304976,0.11980409509054513
2014-10-22,developed_equity,0.3712319329003197,0.6157508775207824,0.679156521628871
2014-10-22,emerging_equity,0.6181708270040053,-0.29411062866073356,0.06163501115580101
2014-10-22,korea_equity,0.5512837879039949,-0.49427772489147137,0.021799136561867806
2014-10-22,short_treasury,-0.0035356120923353417,-0.004542007738954427,0.009163253891432679
2014-10-22,treasury_7_10y,-0.046306966320865874,-0.04445735250084705,0.13093087748982746
2014-10-23,alternative,0.4205874594269351,0.5292012009085394,-0.7120583461783829
2014-10-23,corp_bond_ig,-0.003621489529221922,-0.02925884015538649,0.11773498965187368
2014-10-23,developed_equity,0.3749063214566264,0.6174345722525102,0.6769071169706726
2014-10-23,emerging_equity,0.6147915433335892,-0.29795476728779624,0.060306567223477214
2014-10-23,korea_equity,0.5498771239256786,-0.4968412362933978,0.027443845370067967
2014-10-23,short_treasury,-0.003860281112054387,-0.0046385330978425295,0.008782353780613011
2014-10-23,treasury_7_10y,-0.04679667698363055,-0.047061500153571086,0.12822231633740033
2014-10-24,alternative,0.4219796896029607,0.5323905913828172,-0.7091593641756786
2014-10-24,corp_bond_ig,-0.003502043702518054,-0.028912787863601616,0.1120247753456996
2014-10-24,developed_equity,0.37372085011013917,0.6137634319195763,0.6828008899829211
2014-10-24,emerging_equity,0.6153904632051778,-0.29630108323713006,0.04896508462056691
2014-10-24,korea_equity,0.5489725503719992,-0.49905476266678234,0.03638068745349828
2014-10-24,short_treasury,-0.0038154863828192094,-0.004547652127002557,0.00789369336589534
2014-10-24,treasury_7_10y,-0.04650550766619981,-0.046347484673377126,0.12059413842629468
2014-10-27,alternative,0.4222680212197817,0.5339109357030525,-0.7064396197752745
2014-10-27,corp_bond_ig,-0.003565339191694994,-0.02928479974871838,0.11170962154975222
2014-10-27,developed_equity,0.3735003351270549,0.6118235947577162,0.6860641191701482
2014-10-27,emerging_equity,0.6155813354642389,-0.29524579340127616,0.03819994549447477
2014-10-27,korea_equity,0.5486748786165797,-0.5003578454576725,0.044733207528252834
2014-10-27,short_treasury,-0.00382483170676393,-0.004588071812603716,0.007724157013497668
2014-10-27,treasury_7_10y,-0.046640904119844284,-0.04694997021259312,0.11941561941031334
2014-10-28,alternative,0.42340602870603106,0.5282745157844735,-0.7098715050995087
2014-10-28,corp_bond_ig,-0.00540359977891125,-0.03015664745855634,0.11077353000010193
2014-10-28,developed_equity,0.3756984643357434,0.6138827043718038,0.6821685562185926
2014-10-28,emerging_equity,0.6166714087642207,-0.29567892902427223,0.04409621084522042
2014-10-28,korea_equity,0.5449939555643177,-0.5034690204466695,0.042971273584517806
2014-10-28,short_treasury,-0.003942404567275141,-0.00457537687911744,0.007548153090791511
2014-10-28,treasury_7_10y,-0.04723578429452544,-0.04729291879177476,0.12087080468935561
2014-10-29,alternative,0.4230425350465506,0.5269480124640544,-0.7108913599404318
2014-10-29,corp_bond_ig,-0.005775803643049304,-0.02822958695323584,0.11301607721307988
2014-10-29,developed_equity,0.37529225542200284,0.6152023743675251,0.6800434344776661
2014-10-29,emerging_equity,0.6166209288480551,-0.29246169699859537,0.047609704006794644
2014-10-29,korea_equity,0.5455620740398398,-0.505485699906406,0.04172670659042498
2014-10-29,short_treasury,-0.004073437884892201,-0.0038419101771324784,0.008147701152847778
2014-10-29,treasury_7_10y,-0.047764392947457296,-0.04461528727034179,0.12380460768750023
2014-10-30,alternative,0.42197484010543274,0.5269041982979213,-0.711227637194592
2014-10-30,corp_bond_ig,-0.006020109856770595,-0.029285926530630793,0.11347255179303833
2014-10-30,developed_equity,0.37420005088370134,0.6167801244425772,0.6794750852606655
2014-10-30,emerging_equity,0.6173486292019427,-0.2924803679091432,0.047742374526292014
2014-10-30,korea_equity,0.5462920819898681,-0.503380118663611,0.042235008904819855
2014-10-30,short_treasury,-0.004014525053698944,-0.004028301388703652,0.008154592188918428
2014-10-30,treasury_7_10y,-0.04800863755818405,-0.04630379817821119,0.12435115163848964
2014-10-31,alternative,0.4241219853090525,0.5239837567436473,-0.7107762421479986
2014-10-31,corp_bond_ig,-0.0066474526773946385,-0.027734983230097307,0.11407690947556309
2014-10-31,developed_equity,0.3779003433685365,0.6125117955063972,0.6798175279910036
2014-10-31,emerging_equity,0.6176886780350249,-0.28705392098997057,0.04608214912393292
2014-10-31,korea_equity,0.5415862151435752,-0.5148077588838341,0.04246992907718622
2014-10-31,short_treasury,-0.00403534994518204,-0.004184013546196946,0.008171335481484469
2014-10-31,treasury_7_10y,-0.048953733023873215,-0.04534981375378321,0.12505075326211507
2014-11-03,alternative,0.4243072984023868,0.5169523599855556,-0.7148365201662151
2014-11-03,corp_bond_ig,-0.004883872196907668,-0.034167222708216344,0.11802659797624049
2014-11-03,developed_equity,0.37511309875004695,0.6199558162141703,0.6728584175694898
2014-11-03,emerging_equity,0.61740659909008,-0.2833049375000341,0.05927946147559625
2014-11-03,korea_equity,0.543828750057497,-0.5141491903626343,0.038951521744490444
2014-11-03,short_treasury,-0.0038453265396429003,-0.004892039090574817,0.008592065168652595
2014-11-03,treasury_7_10y,-0.04768881352786151,-0.05111393871616344,0.1312818431078107
2014-11-04,alternative,0.4229840983606308,0.515450844123458,-0.7164884060947193
2014-11-04,corp_bond_ig,-0.00493158737145738,-0.034380410797066274,0.11673044119556186
2014-11-04,developed_equity,0.374937041421044,0.6228509644480206,0.6710153369279963
2014-11-04,emerging_equity,0.6172727242892689,-0.28431375428647365,0.05851543607912687
2014-11-04,korea_equity,0.5451041826318049,-0.5114182411999336,0.040959496664019074
2014-11-04,short_treasury,-0.0038787442631715357,-0.005085215631415332,0.0088467903219367
2014-11-04,treasury_7_10y,-0.04799079306734766,-0.05269063489358352,0.13257746155378433
2014-11-05,alternative,0.42326681532178007,0.5119018149685569,-0.719065727190471
2014-11-05,corp_bond_ig,-0.006504437995992207,-0.03358191358115235,0.11441499852688719
2014-11-05,developed_equity,0.3742102739655209,0.6254548558154412,0.6686870889022504
2014-11-05,emerging_equity,0.6151665911621413,-0.27845860901750635,0.060233919190302354
2014-11-05,korea_equity,0.5475230082770945,-0.5153591958196124,0.044618318596050734
2014-11-05,short_treasury,-0.0038729407373943284,-0.005195115525421,0.008658811330774691
2014-11-05,treasury_7_10y,-0.050430021292482745,-0.04973653960507284,0.1304506452208706
2014-11-06,alternative,0.42247314130382274,0.5167052498044858,-0.7131252329783723
2014-11-06,corp_bond_ig,-0.006277527280550088,-0.03343871438506063,0.121419874637618
2014-11-06,developed_equity,0.37525571440388966,0.6208774623057317,0.6722044146008109
2014-11-06,emerging_equity,0.6161559886985064,-0.27974029008131845,0.05267369646646421
2014-11-06,korea_equity,0.5463104111823678,-0.5154893605656733,0.044841289853262106
2014-11-06,short_treasury,-0.003873073565701022,-0.005121667054571657,0.009614607013740931
2014-11-06,treasury_7_10y,-0.05041743608337957,-0.04897521598674604,0.14132636300610854
2014-11-07,alternative,0.42049638950406143,0.5227735739375168,-0.7106031752588561
2014-11-07,corp_bond_ig,-0.004254539841863969,-0.03648355440660059,0.11456040603989526
2014-11-07,developed_equity,0.38204451427939945,0.6117165592529066,0.6784549850034779
2014-11-07,emerging_equity,0.6158331844906778,-0.2839077052179035,0.04019752616530214
2014-11-07,korea_equity,0.5436735196692186,-0.517554286297736,0.04036290823420533
2014-11-07,short_treasury,-0.0036789611564766035,-0.0054021277525529805,0.0088501999201688
2014-11-07,treasury_7_10y,-0.04859765991449708,-0.05181104568267125,0.13525731955933898
2014-11-10,alternative,0.4213600202266446,0.5277293262890617,-0.7133014735895307
2014-11-10,corp_bond_ig,-0.005592838679679635,-0.04041573954240693,0.08121734352989979
2014-11-10,developed_equity,0.3812411474484885,0.6067466695810733,0.6872550897744277
2014-11-10,emerging_equity,0.6150029658912178,-0.28496908462029297,0.03272765254919323
2014-11-10,korea_equity,0.544393854999552,-0.517031649749156,0.04351028464439682
2014-11-10,short_treasury,-0.0038346896791029246,-0.005736110185511256,0.005740709437456889
2014-11-10,treasury_7_10y,-0.049715377309866145,-0.056256520797931336,0.09637423207492599
2014-11-11,alternative,0.4220688940807247,0.5235145062179026,-0.7164962618899182
2014-11-11,corp_bond_ig,-0.005804447688508185,-0.03920861443623509,0.08056164540895433
2014-11-11,developed_equity,0.38127162449709384,0.6099422744181812,0.6837235441400261
2014-11-11,emerging_equity,0.6147824911078238,-0.28386431836458614,0.037754525534510384
2014-11-11,korea_equity,0.5440596727300082,-0.5183437378941631,0.043760933991054574
2014-11-11,short_treasury,-0.0038074613988277033,-0.005882183211045841,0.005858818994452262
2014-11-11,treasury_7_10y,-0.049831413422906146,-0.055424599926212896,0.09638617054983967
2014-11-12,alternative,0.42196135656258904,0.5228712392801237,-0.7175981241381962
2014-11-12,corp_bond_ig,-0.005775627158617569,-0.03895562077420058,0.08105073556854853
2014-11-12,developed_equity,0.38135069456247933,0.610698384031784,0.6822843487124436
2014-11-12,emerging_equity,0.6146239950759705,-0.28407923154950926,0.04251380313897301
2014-11-12,korea_equity,0.5442630173266162,-0.5180048598898491,0.040120339409058514
2014-11-12,short_treasury,-0.003825930375630793,-0.006025369597659228,0.0060180590977140696
2014-11-12,treasury_7_10y,-0.049873623887181605,-0.05540090918641977,0.09756277913341259
2014-11-13,alternative,0.4212547719385885,0.5323776329260996,-0.711088953887476
2014-11-13,corp_bond_ig,-0.005854086077699883,-0.04342935288036245,0.07540909277037999
2014-11-13,developed_equity,0.3803023817458939,0.6032875833376836,0.6915932191929216
2014-11-13,emerging_equity,0.6148098370148157,-0.28777367794748004,0.03131468001116609
2014-11-13,korea_equity,0.5452944318390225,-0.513814392604946,0.0406348919611779
2014-11-13,short_treasury,-0.003841270314972395,-0.006281695222194523,0.005296824920019552
2014-11-13,treasury_7_10y,-0.05028256945605783,-0.062238730680327065,0.08777771681926123
2014-11-14,alternative,0.42321226575699,0.5284671668636302,-0.7127120505911899
2014-11-14,corp_bond_ig,-0.007116187873209667,-0.038044003081603495,0.07371146483959629
2014-11-14,developed_equity,0.3822358277249153,0.6023578416618296,0.6901411759254906
2014-11-14,emerging_equity,0.6130653226046089,-0.2802979745561268,0.03176717518835755
2014-11-14,korea_equity,0.5442604615228801,-0.5240972413380329,0.04288938388807081
2014-11-14,short_treasury,-0.003969739684400185,-0.005511574065395346,0.005146293996857846
2014-11-14,treasury_7_10y,-0.051499625201376825,-0.05625733372703144,0.0862448443319062
2014-11-17,alternative,0.4284900077164851,0.522753489993168,-0.7140317109238931
2014-11-17,corp_bond_ig,-0.006914354925341759,-0.03950160295536652,0.07267596456993292
2014-11-17,developed_equity,0.3867155722500362,0.6025621994269543,0.6887120162798803
2014-11-17,emerging_equity,0.6128850110619369,-0.293125717913598,0.03087555688764633
2014-11-17,korea_equity,0.5371025419943841,-0.5224163538943652,0.04773398029634867
2014-11-17,short_treasury,-0.004017516321619992,-0.0055239552438771595,0.005052410080018425
2014-11-17,treasury_7_10y,-0.05173251708360112,-0.05670238518342848,0.08541263878934856
2014-11-18,alternative,0.4337571495205807,0.5390022206760228,-0.7036926196835239
2014-11-18,corp_bond_ig,-0.00805964935741088,-0.04282387986736133,0.05091893751142573
2014-11-18,developed_equity,0.38066168570874825,0.5877891589853975,0.7043141809174939
2014-11-18,emerging_equity,0.6118384816756228,-0.29524702761251903,0.03544322842444586
2014-11-18,korea_equity,0.5382962612796379,-0.5209266426743908,0.03536443539174571
2014-11-18,short_treasury,-0.004196411428974222,-0.005941317947432854,0.0025605639376056195
2014-11-18,treasury_7_10y,-0.052532427030752935,-0.05979926736732718,0.060432368353100584
2014-11-19,alternative,0.43324988782191065,0.5692897688169045,-0.6740433435721496
2014-11-19,corp_bond_ig,-0.0075822618166903055,-0.05228989980630533,0.03322849901021713
2014-11-19,developed_equity,0.37642404476254154,0.560525302146003,0.7342467855014123
2014-11-19,emerging_equity,0.6107260542617384,-0.2986887323824496,-0.023257756674086198
2014-11-19,korea_equity,0.5429285938165912,-0.5145388335159639,0.05907556957938643
2014-11-19,short_treasury,-0.004228906116385956,-0.0068809193854925755,3.420924949530159e-05
2014-11-19,treasury_7_10y,-0.052595889078324014,-0.07052513064845277,0.037579894671684565
2014-11-20,alternative,0.43389149626070805,0.5708020647526877,-0.6717646525294294
2014-11-20,corp_bond_ig,-0.009224406187200995,-0.04831345646298697,0.04093226840552627
2014-11-20,developed_equity,0.37895502429089145,0.5570326022137004,0.7357860749147661
2014-11-20,emerging_equity,0.6095438049634722,-0.2997474492750385,-0.02332693920977253
2014-11-20,korea_equity,0.5417382158942665,-0.5170734477972316,0.05493692872101419
2014-11-20,short_treasury,-0.0042415766658500526,-0.006746138298296819,0.0005494384063470002
2014-11-20,treasury_7_10y,-0.054810890027117,-0.06562391884026134,0.04596889017539815
2014-11-21,alternative,0.4249403851481175,0.593126100105381,-0.6626287339725863
2014-11-21,corp_bond_ig,-0.0067892060862662085,-0.05785350567972815,0.04155263877277432
2014-11-21,developed_equity,0.3744161741450907,0.5437341419711648,0.7461007915168301
2014-11-21,emerging_equity,0.6181071864839921,-0.3045761603895035,-0.008638277708792459
2014-11-21,korea_equity,0.5425314589337251,-0.5008302317526903,0.018915156128242357
2014-11-21,short_treasury,-0.00407489225339938,-0.008119944578702083,0.00019474291422055896
2014-11-21,treasury_7_10y,-0.0527126325148963,-0.07445866030355745,0.04580073279909188
2014-11-24,alternative,0.42452799084847087,0.5956498732096238,-0.6629650896108892
2014-11-24,corp_bond_ig,-0.0074169711264250315,-0.057208190359259864,0.039846904147565365
2014-11-24,developed_equity,0.3743648313737906,0.542241074988025,0.7462349256833856
2014-11-24,emerging_equity,0.618163036611117,-0.30747129240801435,0.0005921736077805515
2014-11-24,korea_equity,0.542762160495706,-0.497820411854623,0.008052088380313576
2014-11-24,short_treasury,-0.004050320638691288,-0.008047262483192909,2.498580434279343e-05
2014-11-24,treasury_7_10y,-0.05328450769617664,-0.07399021252418674,0.04424660954509831
2014-11-25,alternative,0.42649200283642774,0.594582027395879,-0.657597295518414
2014-11-25,corp_bond_ig,-0.007531970370739827,-0.05716339870955346,0.0462939894915419
2014-11-25,developed_equity,0.3726593310154004,0.5431418186157178,0.7492932893520085
2014-11-25,emerging_equity,0.6172397545705021,-0.30721862742221573,-0.02314118313410549
2014-11-25,korea_equity,0.5434208282686201,-0.4982915499408136,0.03391012187473369
2014-11-25,short_treasury,-0.004073831210126327,-0.008039444864266991,0.00024775094897390383
2014-11-25,treasury_7_10y,-0.05352715784465437,-0.07388597272321905,0.04792450201028505
2014-11-26,alternative,0.4261140906174571,0.5943469141140554,-0.658420815434032
2014-11-26,corp_bond_ig,-0.006627933376246786,-0.05812144482563701,0.04427443892768801
2014-11-26,developed_equity,0.3709711585121482,0.545314177077957,0.7486862173124708
2014-11-26,emerging_equity,0.6179239360807782,-0.30773858126889414,-0.022909728725941228
2014-11-26,korea_equity,0.5441626525645262,-0.4957074659209293,0.036253788109429134
2014-11-26,short_treasury,-0.004024558868681892,-0.008091228381162104,0.00010184689491428963
2014-11-26,treasury_7_10y,-0.05295348455825389,-0.0742408072721015,0.046384789228768174
2014-11-28,alternative,0.4244140844005701,0.5955749642983841,-0.6576410017634479
2014-11-28,corp_bond_ig,-0.0075657599787117835,-0.05662312895665737,0.045499911836282214
2014-11-28,developed_equity,0.369126608555445,0.5472644562703074,0.7487697682537203
2014-11-28,emerging_equity,0.6208298295583827,-0.30966359586416903,-0.0278922114100882
2014-11-28,korea_equity,0.5433610699074742,-0.49121780393566944,0.04216651949594847
2014-11-28,short_treasury,-0.004131013223125403,-0.007926799853922452,0.0002471197312257202
2014-11-28,treasury_7_10y,-0.05360033828243098,-0.07305197059949031,0.047178947421724855
2014-12-01,alternative,0.42593195874855033,0.5953058965239393,-0.6567427797515848
2014-12-01,corp_bond_ig,-0.004941777288279936,-0.057907137150438534,0.036627815167581845
2014-12-01,developed_equity,0.3658210476994426,0.5485724796774554,0.7496862475312369
2014-12-01,emerging_equity,0.6234176591393199,-0.3099309483170984,-0.03337192321174166
2014-12-01,korea_equity,0.5416538861643587,-0.4895816326172542,0.05248563435063567
2014-12-01,short_treasury,-0.00402737364632203,-0.008044113656491074,-0.0007538138319294279
2014-12-01,treasury_7_10y,-0.051747237141219385,-0.07425504754538002,0.03806388518547876
2014-12-02,alternative,0.4297635604150956,0.5921237880814216,-0.6579240533826036
2014-12-02,corp_bond_ig,-0.009508434687929501,-0.055001496960083454,0.021420122934581842
2014-12-02,developed_equity,0.3637939626098213,0.5505319042664205,0.7488591774635945
2014-12-02,emerging_equity,0.6219908097084406,-0.3109879659867867,-0.03641220475970484
2014-12-02,korea_equity,0.5411393710094158,-0.49133536433708414,0.06361399764659918
2014-12-02,short_treasury,-0.004558770879778341,-0.007709706475823344,-0.0026104404160719953
2014-12-02,treasury_7_10y,-0.056050476961463175,-0.07138264841155806,0.022531020647329245
2014-12-03,alternative,0.4298059428351304,0.5915996567119243,-0.6590358055199603
2014-12-03,corp_bond_ig,-0.00891309217659042,-0.054248136590360874,0.023535829445479273
2014-12-03,developed_equity,0.36349582098005395,0.5509597417614603,0.7484223372019498
2014-12-03,emerging_equity,0.6229599974137688,-0.30987564684053115,-0.03054095112223242
2014-12-03,korea_equity,0.5402289210211294,-0.4923423944343982,0.05882461187340814
2014-12-03,short_treasury,-0.004558439380123927,-0.007791069289627289,-0.002570618053309861
2014-12-03,treasury_7_10y,-0.055776084180353507,-0.07089215887558806,0.02412849389120034
2014-12-04,alternative,0.42984888152427936,0.588294033006737,-0.6639782945861187
2014-12-04,corp_bond_ig,-0.009107049540669432,-0.05363558834957774,0.020877403109567982
2014-12-04,developed_equity,0.36292768165104905,0.5544424885206528,0.7450828356080609
2014-12-04,emerging_equity,0.6230522357330478,-0.30772915065992223,-0.019379504981341607
2014-12-04,korea_equity,0.5404524203886988,-0.49378153060643276,0.052507245906841346
2014-12-04,short_treasury,-0.004529236067522554,-0.008049457590233606,-0.0030419282652252026
2014-12-04,treasury_7_10y,-0.05592027769134944,-0.07102575175725769,0.020166730685651495
2014-12-05,alternative,0.4292221727233623,0.5889593684057352,-0.6624880138487766
2014-12-05,corp_bond_ig,-0.009579990951894213,-0.05814620072598364,0.023250170622767796
2014-12-05,developed_equity,0.3625116322409618,0.5530017149294038,0.7462596585495223
2014-12-05,emerging_equity,0.6232386415692713,-0.30638560921478925,-0.020565164058363974
2014-12-05,korea_equity,0.5409427559690745,-0.4940474399947162,0.05204624306422541
2014-12-05,short_treasury,-0.004516743239214536,-0.009417191460476558,-0.002470318059865695
2014-12-05,treasury_7_10y,-0.05653314210244278,-0.07675471971896197,0.022972662734252816
2014-12-08,alternative,0.4288519181806859,0.587668497044855,-0.6619700532377691
2014-12-08,corp_bond_ig,-0.012270806456652017,-0.05983309672007028,0.02552358712193259
2014-12-08,developed_equity,0.3639759103037781,0.5516494532644595,0.7464365463135079
2014-12-08,emerging_equity,0.6241032756824909,-0.30373268782763607,-0.023238487477996502
2014-12-08,korea_equity,0.5389456032242279,-0.49837717424146555,0.05286888117207664
2014-12-08,short_treasury,-0.004367602134210149,-0.009372584676459565,-0.002412832909458032
2014-12-08,treasury_7_10y,-0.058912294128138865,-0.07763646068390567,0.02521328588411545
2014-12-09,alternative,0.42890775525235747,0.5866644408744491,-0.6642952099962914
2014-12-09,corp_bond_ig,-0.012452380852725486,-0.059728450608638614,0.02479157797867465
2014-12-09,developed_equity,0.3641842020748904,0.5518409698666613,0.7451730799460832
2014-12-09,emerging_equity,0.6246830501281051,-0.302447098149035,-0.014426557612150026
2014-12-09,korea_equity,0.5380481693360287,-0.5000824139874237,0.04509005125386581
2014-12-09,short_treasury,-0.004390584508896314,-0.009431759954627915,-0.002553479380890137
2014-12-09,treasury_7_10y,-0.05923613575364694,-0.07799528142061558,0.023802815325432065
2014-12-10,alternative,0.4272348013699778,0.5860314800830917,-0.6655989806294024
2014-12-10,corp_bond_ig,-0.011977336501897362,-0.059848856504556985,0.027157764472107326
2014-12-10,developed_equity,0.36658328227907233,0.5521842995154446,0.743873216074403
2014-12-10,emerging_equity,0.623976665929115,-0.30290428031952044,-0.017515327836401005
2014-12-10,korea_equity,0.5384447858127317,-0.5001092954851294,0.04516234167082965
2014-12-10,short_treasury,-0.004710813411414603,-0.00948299318466879,-0.0029736708585450257
2014-12-10,treasury_7_10y,-0.060430177115804805,-0.07827822474414767,0.023191047589927405
2014-12-11,alternative,0.4328362732609236,0.5779873901190261,-0.6700095283494278
2014-12-11,corp_bond_ig,-0.013751140680238305,-0.0576726220034558,0.019609302840913223
2014-12-11,developed_equity,0.36576181969827115,0.5574705227862589,0.739818897019863
2014-12-11,emerging_equity,0.6221524463497153,-0.3053305126947834,-0.014317147285834114
2014-12-11,korea_equity,0.5362508392796725,-0.5029203658796715,0.05472861142199737
2014-12-11,short_treasury,-0.004907729138695087,-0.009302357632750332,-0.004161328064711813
2014-12-11,treasury_7_10y,-0.06339749993658853,-0.07475902288371733,0.012376934577555933
2014-12-12,alternative,0.43488955355812087,0.5794281476982527,-0.6676238103084522
2014-12-12,corp_bond_ig,-0.014906237584307758,-0.060125427130271886,0.012120401969776762
2014-12-12,developed_equity,0.36675328362385384,0.5522579371403276,0.742136664965467
2014-12-12,emerging_equity,0.6207457587087928,-0.3080062953675121,-0.017725219693269973
2014-12-12,korea_equity,0.5349823718055139,-0.5041933842713296,0.05494422747479463
2014-12-12,short_treasury,-0.005448944964389274,-0.009998770202341417,-0.005504234134986932
2014-12-12,treasury_7_10y,-0.06767409503929532,-0.0805003316659579,0.001168819857626861
2014-12-15,alternative,0.43587273524379755,0.5763530809844143,-0.6669489459003722
2014-12-15,corp_bond_ig,-0.015489502675767208,-0.06044758888242063,0.011265829894589796
2014-12-15,developed_equity,0.3676788054535984,0.5502983382459012,0.7425258870494604
2014-12-15,emerging_equity,0.6221789698568304,-0.29647449040736734,-0.020196858043293082
2014-12-15,korea_equity,0.5319287181458006,-0.5172986719874305,0.0571619715615723
2014-12-15,short_treasury,-0.005350268707834781,-0.009275131940269672,-0.005664515636102722
2014-12-15,treasury_7_10y,-0.06711090002805965,-0.07585437618950396,2.9925948311062383e-05
2014-12-16,alternative,0.43769366942817184,0.5665302900872144,-0.6854976689793777
2014-12-16,corp_bond_ig,-0.01579188749445115,-0.05981014172596533,0.009449877293937536
2014-12-16,developed_equity,0.3643023173026426,0.5578068796190591,0.7258178927892233
2014-12-16,emerging_equity,0.6232612197420901,-0.28603849078065186,0.055786662348051644
2014-12-16,korea_equity,0.5315131122756621,-0.5253702954023814,0.0010393498648803958
2014-12-16,short_treasury,-0.005327669776005167,-0.009782663218835043,-0.0063586066026035505
2014-12-16,treasury_7_10y,-0.06685483542114941,-0.07993745311900446,-0.00619421730132116
2014-12-17,alternative,0.44101816016965956,0.5685794173749165,-0.6547927348321907
2014-12-17,corp_bond_ig,-0.015430053455690484,-0.06102681808232814,0.016754808116225872
2014-12-17,developed_equity,0.36462629968160526,0.5412582824801104,0.7504935085049631
2014-12-17,emerging_equity,0.6231107565125122,-0.26406700978903347,-0.039993453813622286
2014-12-17,korea_equity,0.5286794133933671,-0.5496651945276375,0.07747905955440242
2014-12-17,short_treasury,-0.005391059520209503,-0.010998726277873225,-0.004475761617239756
2014-12-17,treasury_7_10y,-0.06719045230628588,-0.08971321834192196,0.010135632612106567
2014-12-18,alternative,0.442941781370167,0.5428205198137724,-0.6827956919291913
2014-12-18,corp_bond_ig,-0.015043648254384867,-0.05683454197134904,0.022227639234553676
2014-12-18,developed_equity,0.3738307721346874,0.5567176645381969,0.7279765983283306
2014-12-18,emerging_equity,0.6219751810995147,-0.2616162004456144,0.0024836191794361073
2014-12-18,korea_equity,0.5217923958592824,-0.5615093972629565,0.056894830962958276
2014-12-18,short_treasury,-0.005660740283730281,-0.011395576192509537,-0.004422236305922916
2014-12-18,treasury_7_10y,-0.0683691926828244,-0.09118915172421009,0.009126943345377943
2014-12-19,alternative,0.44447624723683726,0.5576656720006619,-0.6793312240637037
2014-12-19,corp_bond_ig,-0.016089067650690514,-0.054401561688208505,0.021811070724751802
2014-12-19,developed_equity,0.3782563379030633,0.5382837670927935,0.7321537008868968
2014-12-19,emerging_equity,0.6201401494305974,-0.2693883485082375,0.04037190383408982
2014-12-19,korea_equity,0.5190600961271439,-0.5619243334987655,0.002993058090591586
2014-12-19,short_treasury,-0.006009068584162245,-0.01018095509129618,-0.005398397630117993
2014-12-19,treasury_7_10y,-0.07120992310051039,-0.08869816066710987,0.017785718165833294
2014-12-22,alternative,0.4249134835310539,0.49446085349993724,-0.5719290306135846
2014-12-22,corp_bond_ig,-0.013304258766048571,-0.050644864228650846,0.01369365333523559
2014-12-22,developed_equity,0.3793331411087335,0.6099069418910464,0.6693851414852511
2014-12-22,emerging_equity,0.6270079399776006,-0.2462715217002335,-0.311764761189221
2014-12-22,korea_equity,0.5265967941803651,-0.5585445696160659,0.35536358001663154
2014-12-22,short_treasury,-0.006052228997796487,-0.011895627636795289,-0.0006454257785293447
2014-12-22,treasury_7_10y,-0.06998661555568166,-0.09052005143320013,0.03394470890236333
2014-12-23,alternative,0.4227439325566555,0.49581007795278886,-0.5867393853348913
2014-12-23,corp_bond_ig,-0.011279940240653819,-0.05820398195186233,0.017162115669791755
2014-12-23,developed_equity,0.37625679469666423,0.6097310733112979,0.6773160089771241
2014-12-23,emerging_equity,0.62971047329271,-0.2420253841280093,-0.2875805713975071
2014-12-23,korea_equity,0.5276993626781539,-0.5571873181375047,0.33548404371809454
2014-12-23,short_treasury,-0.005834140064728966,-0.012978831894666283,-0.00036994371425815606
2014-12-23,treasury_7_10y,-0.06749237100250417,-0.0990466414934045,0.03785649181788377
2014-12-24,alternative,0.42269320022620427,0.49812903970569045,-0.5895264876492664
2014-12-24,corp_bond_ig,-0.01119549365643846,-0.058814340737875954,0.011182405580511978
2014-12-24,developed_equity,0.37702777184484004,0.6060005449588035,0.6803716499273519
2014-12-24,emerging_equity,0.6290794535187976,-0.2404040293652993,-0.28436774515269775
2014-12-24,korea_equity,0.5279622942226084,-0.559424171380648,0.3284673253616356
2014-12-24,short_treasury,-0.005794455540786473,-0.013179789913949105,-0.0016084176785061768
2014-12-24,treasury_7_10y,-0.06735324778146072,-0.10123470211799197,0.02587482984680468
2014-12-26,alternative,0.42271697509205297,0.5056950174184434,-0.6089318686325782
2014-12-26,corp_bond_ig,-0.011132749505667672,-0.05475591762014888,0.019443661075317475
2014-12-26,developed_equity,0.3767966187529785,0.596441551550179,0.6981469563042575
2014-12-26,emerging_equity,0.6292901274054243,-0.23316288874995303,-0.2439620826274039
2014-12-26,korea_equity,0.5278927638657244,-0.566658593094984,0.28447287931248777
2014-12-26,short_treasury,-0.005852457439861317,-0.012845384857566495,-0.0009380942646100012
2014-12-26,treasury_7_10y,-0.06707937912635673,-0.09949832509847187,0.03116976043600651
2014-12-29,alternative,0.427196871492588,0.5073009118852282,-0.5994635129216641
2014-12-29,corp_bond_ig,-0.0112414089418722,-0.05830220910134554,0.020170326338484423
2014-12-29,developed_equity,0.3831339426680369,0.5883532045173958,0.6988955843401589
2014-12-29,emerging_equity,0.6279528883746158,-0.24495714785006445,-0.25658598941406635
2014-12-29,korea_equity,0.5211493450452558,-0.5679301004052326,0.2913887040883551
2014-12-29,short_treasury,-0.006273209377838051,-0.012542188915311616,-0.000393645196220964
2014-12-29,treasury_7_10y,-0.06800016670989176,-0.10188834190675895,0.03221358425290114
2014-12-30,alternative,0.4266440225829385,0.508379808157614,-0.5460840424894781
2014-12-30,corp_bond_ig,-0.011830112665218828,-0.05968571313348321,0.013574416872971617
2014-12-30,developed_equity,0.3825806758645806,0.5875952911760479,0.6808226081004887
2014-12-30,emerging_equity,0.6277678902644548,-0.2439569923003426,-0.3351354597808026
2014-12-30,korea_equity,0.5221362418023885,-0.5677430969358904,0.35379744540307007
2014-12-30,short_treasury,-0.006354660644162693,-0.012700710433996447,-0.0014503411900847092
2014-12-30,treasury_7_10y,-0.068613352352649,-0.10349306178192448,0.024454402024201384
2014-12-31,alternative,0.42668700493728423,0.5049444652112559,-0.5644216378583363
2014-12-31,corp_bond_ig,-0.010994195358845715,-0.059844640252518816,0.01606853182108725
2014-12-31,developed_equity,0.3833326707781417,0.5907066785499443,0.6844222730189372
2014-12-31,emerging_equity,0.6287074088670707,-0.24586488245522642,-0.3116113130330836
2014-12-31,korea_equity,0.5205875855666825,-0.5667334799639678,0.3389086244080382
2014-12-31,short_treasury,-0.006286474327454589,-0.01242987851658546,-0.000782730606773757
2014-12-31,treasury_7_10y,-0.06744947019951646,-0.10355890297473673,0.02783685367396236
2015-01-02,alternative,0.44121165396696704,0.4942816434957801,-0.5770286995771489
2015-01-02,corp_bond_ig,-0.011060286324777846,-0.06234786027167781,0.022192881889430638
2015-01-02,developed_equity,0.4010421751083042,0.5809533558017915,0.6850570466710768
2015-01-02,emerging_equity,0.6265097611468775,-0.2805456491240442,-0.29194912675169665
2015-01-02,korea_equity,0.49694397117107914,-0.5699722600738105,0.33288267698665647
2015-01-02,short_treasury,-0.006547660733738651,-0.012370285488979628,0.00024027743611812377
2015-01-02,treasury_7_10y,-0.06974566006472327,-0.10278296136098555,0.03459727853344954
2015-01-05,alternative,0.4390691138083855,0.4804453276014529,-0.627315647271866
2015-01-05,corp_bond_ig,-0.013385956745954886,-0.06558281259669237,0.012175997679110595
2015-01-05,developed_equity,0.4091969880285572,0.5885128737910655,0.6846726492891513
2015-01-05,emerging_equity,0.6248874392263,-0.2853104760941524,-0.23227784693242842
2015-01-05,korea_equity,0.4938171248053283,-0.5710198744660969,0.2881522979956444
2015-01-05,short_treasury,-0.006464636908146218,-0.012110835002561653,-0.00031403385354299536
2015-01-05,treasury_7_10y,-0.0722184080807189,-0.10445736992291531,0.02377695209183145
2015-01-06,alternative,0.44481825161617,0.4758112193115369,-0.5706422497012568
2015-01-06,corp_bond_ig,-0.014336258925663259,-0.07023829422227174,0.02323158415505222
2015-01-06,developed_equity,0.4112353760119023,0.5873339788572257,0.6662812047416902
2015-01-06,emerging_equity,0.6216329087188289,-0.29340170104403474,-0.31309928193226033
2015-01-06,korea_equity,0.4908207582867169,-0.5704422678019555,0.3614286026113963
2015-01-06,short_treasury,-0.006596884468363256,-0.01246865336403397,0.0008129675658251404
2015-01-06,treasury_7_10y,-0.07376077123668844,-0.1098392302161304,0.03513711019862738
2015-01-07,alternative,0.44301120037195646,0.48134027418860886,-0.5203156850539392
2015-01-07,corp_bond_ig,-0.013306960247698063,-0.07071660442029747,0.02267643585230039
2015-01-07,developed_equity,0.40847287265751997,0.5854237234653058,0.6478882756899681
2015-01-07,emerging_equity,0.6246979693955838,-0.292472833116503,-0.37349564919785716
2015-01-07,korea_equity,0.49098744232353597,-0.5678935811854647,0.4106611879370992
2015-01-07,short_treasury,-0.006258920268217697,-0.012718232896908191,0.0004360130895714423
2015-01-07,treasury_7_10y,-0.07320189811460717,-0.1112858265748608,0.029263424480294644
2015-01-08,alternative,0.44042793130843727,0.4782379799356579,-0.5244891330799296
2015-01-08,corp_bond_ig,-0.015869511652930157,-0.07083113314097296,0.010604649031192237
2015-01-08,developed_equity,0.4142540860158129,0.5867513541329892,0.6402126856700379
2015-01-08,emerging_equity,0.6212543107215305,-0.29578945025509507,-0.37969431594906633
2015-01-08,korea_equity,0.49245825972099183,-0.5675013385193192,0.4127865956768756
2015-01-08,short_treasury,-0.006335447499909446,-0.012579171778731957,-0.0002750994022483192
2015-01-08,treasury_7_10y,-0.07518479959363782,-0.11084597368448497,0.019125506344423074
2015-01-09,alternative,0.4415583252690831,-0.4709480258312241,-0.42800034281118143
2015-01-09,corp_bond_ig,-0.015675671985597273,0.07265095283969304,0.016233686656265456
2015-01-09,developed_equity,0.4135025576540748,-0.5896560864430237,0.592186746908436
2015-01-09,emerging_equity,0.6212060245673412,0.2888190920134859,-0.4747191499137147
2015-01-09,korea_equity,0.49216063882930594,0.5732737405250092,0.48982877536391567
2015-01-09,short_treasury,-0.006334718135534033,0.013182488862979246,0.00043181934934927835
2015-01-09,treasury_7_10y,-0.07507999388261573,0.11402836593673178,0.02400716184386677
2015-01-12,alternative,0.4415100893261175,-0.4724956800706172,-0.45279101340581146
2015-01-12,corp_bond_ig,-0.01818898704589078,0.0753543292768134,0.0310327324456508
2015-01-12,developed_equity,0.41169117992382115,-0.5891904401488373,0.6087104770753392
2015-01-12,emerging_equity,0.619728528448485,0.2897794472308049,-0.44947356412385164
2015-01-12,korea_equity,0.4948215851088337,0.570776493298507,0.4686007794804136
2015-01-12,short_treasury,-0.006838985198036432,0.013685844611958826,0.0027873660076302353
2015-01-12,treasury_7_10y,-0.07930795902895595,0.11823259672692883,0.043218954285113
2015-01-13,alternative,0.44048091642330545,0.4685292862068316,-0.5034826571377229
2015-01-13,corp_bond_ig,-0.017625475521291234,-0.07508423199404592,0.0270474412379616
2015-01-13,developed_equity,0.41027286121575246,0.5961310414079406,0.6263698386876457
2015-01-13,emerging_equity,0.6195307605635914,-0.2903701182875527,-0.4015341473549196
2015-01-13,korea_equity,0.49728598159372883,-0.5665961584772959,0.43664155324696946
2015-01-13,short_treasury,-0.006706710278890261,-0.014073880870330806,0.0018488826448193813
2015-01-13,treasury_7_10y,-0.07864727263210383,-0.11801000391474242,0.039313346148941136
2015-01-14,alternative,0.4394146048639199,-0.47010861540422955,-0.47806668840300887
2015-01-14,corp_bond_ig,-0.01706860103810215,0.075369204502008,0.01888182159650298
2015-01-14,developed_equity,0.411910095445119,-0.5941499355038099,0.612808628711569
2015-01-14,emerging_equity,0.6189422065307745,0.2898794759726711,-0.4312392737605628
2015-01-14,korea_equity,0.4976669221372426,0.5676467251032168,0.45676490588563307
2015-01-14,short_treasury,-0.006738262514984976,0.013971752165289533,0.001140089286519546
2015-01-14,treasury_7_10y,-0.0783984474643434,0.11770769688982077,0.030959853736650646
2015-01-15,alternative,0.44056309187381354,-0.4768129630247955,-0.4782531794863808
2015-01-15,corp_bond_ig,-0.0177026410614195,0.08094294396612434,0.02062372565476117
2015-01-15,developed_equity,0.41193961475605995,-0.586285945677222,0.6187893174270918
2015-01-15,emerging_equity,0.6183257646776028,0.29387793957166697,-0.4288229475595427
2015-01-15,korea_equity,0.49722655054560866,0.5657912217684467,0.45047620621128526
2015-01-15,short_treasury,-0.006889911998818542,0.01522201697196628,0.001732874146981654
2015-01-15,treasury_7_10y,-0.07929733698987955,0.1251030304075898,0.033576827134538134
2015-01-16,alternative,0.44073195381661334,-0.4691087268302657,-0.5241487808582548
2015-01-16,corp_bond_ig,-0.019047307713144,0.08564651148793564,0.013234258908182361
2015-01-16,developed_equity,0.4145549375570254,-0.5875012080777609,0.6380720795538611
2015-01-16,emerging_equity,0.6180015902588102,0.29187621863550994,-0.3820158855109344
2015-01-16,korea_equity,0.4949816334965869,0.5701337119489729,0.41396537110424125
2015-01-16,short_treasury,-0.007112587305677027,0.015894857096606502,0.0006934250614188479
2015-01-16,treasury_7_10y,-0.0809529291712996,0.13018135427551172,0.02555357343456452
2015-01-20,alternative,0.440702853864239,-0.4693499874674845,-0.5093042625583063
2015-01-20,corp_bond_ig,-0.018801050427134647,0.08440746851520858,0.01553548419202816
2015-01-20,developed_equity,0.4151883945135799,-0.587701992423437,0.6306030981180664
2015-01-20,emerging_equity,0.6179274758555996,0.2933254091395783,-0.39871239077858717
2015-01-20,korea_equity,0.49463384173013825,0.5694763126532222,0.4277249144706068
2015-01-20,short_treasury,-0.007150492536429796,0.01598926119806846,0.0008633360117954793
2015-01-20,treasury_7_10y,-0.08061004785065837,0.1288162017409978,0.02804694540269985
2015-01-21,alternative,0.4371238054731558,-0.46852316208836864,-0.38404990998751737
2015-01-21,corp_bond_ig,-0.018660638597100654,0.08227916136870987,0.03070249137756126
2015-01-21,developed_equity,0.41042182960396384,-0.5970953021061371,0.5584152872139703
2015-01-21,emerging_equity,0.6228784114864618,0.29535959547380264,-0.5097435953938357
2015-01-21,korea_equity,0.49541292187722524,0.5605453231797376,0.526642478771899
2015-01-21,short_treasury,-0.007082240764939864,0.015881330185057455,0.003014347799009755
2015-01-21,treasury_7_10y,-0.08165074554019516,0.12447015613546324,0.050353459492196315
2015-01-22,alternative,0.4408866333275968,-0.46620815306376456,-0.4286062872513865
2015-01-22,corp_bond_ig,-0.018263401746893004,0.08376791463310101,0.0233078543407034
2015-01-22,developed_equity,0.4117541178931614,-0.5938978394222295,0.5870091871366492
2015-01-22,emerging_equity,0.621278279022227,0.29465069199260774,-0.47240994087860316
2015-01-22,korea_equity,0.49302298447646553,0.565714265835037,0.4962025240178168
2015-01-22,short_treasury,-0.007093344719836776,0.016135447285315362,0.0019595238253139738
2015-01-22,treasury_7_10y,-0.08145730391744113,0.1257228591164262,0.042209854958117354
2015-01-23,alternative,0.44927649210570936,-0.45343939267510164,-0.3395401446811343
2015-01-23,corp_bond_ig,-0.017325302691470812,0.0893084369832214,0.041742137355857606
2015-01-23,developed_equity,0.4140205509334753,-0.5952981355045343,0.537220681944866
2015-01-23,emerging_equity,0.6191681936952131,0.2987953051368723,-0.5360116659761279
2015-01-23,korea_equity,0.48639976341481417,0.5702765118363333,0.550553898882316
2015-01-23,short_treasury,-0.006733005369640026,0.016934773518803178,0.004598392211831652
2015-01-23,treasury_7_10y,-0.08023799372798661,0.13136258691380917,0.06264803398044326
2015-01-26,alternative,0.45216941565209956,-0.45289418310448704,-0.35133278954338903
2015-01-26,corp_bond_ig,-0.01925605561216981,0.08762623703806265,0.04148482793229458
2015-01-26,developed_equity,0.4198557930438919,-0.5909399297387614,0.5409567975526861
2015-01-26,emerging_equity,0.6194491076177536,0.31240592036585707,-0.5250636724428385
2015-01-26,korea_equity,0.478079184743456,0.5684196448474581,0.5499993594507179
2015-01-26,short_treasury,-0.006888387935684842,0.01714914470677549,0.0045472202778722255
2015-01-26,treasury_7_10y,-0.08104803030816687,0.13040726989203474,0.06323124620798282
2015-01-27,alternative,0.44965414976485885,-0.44755535789169204,-0.32135324076662924
2015-01-27,corp_bond_ig,-0.019592620355640356,0.09200771625957807,0.060402865689896335
2015-01-27,developed_equity,0.41915857541549073,-0.5987708291294668,0.5148000456530859
2015-01-27,emerging_equity,0.6198996587465492,0.31702211302182326,-0.5433991345408279
2015-01-27,korea_equity,0.48036490685102057,0.559583062335526,0.5702119481771869
2015-01-27,short_treasury,-0.006967642585968964,0.01759789897631932,0.006895613634347474
2015-01-27,treasury_7_10y,-0.08160137738552946,0.13695388314589857,0.08713590941555939
2015-01-28,alternative,0.4492226320753984,-0.442674410200637,-0.35704465670916513
2015-01-28,corp_bond_ig,-0.024229784399706245,0.09864833787452629,0.05884800913005078
2015-01-28,developed_equity,0.4218361175788476,-0.5962374087529819,0.5412548591211936
2015-01-28,emerging_equity,0.620861648888199,0.3161710800074576,-0.5166861634135791
2015-01-28,korea_equity,0.47630806021142497,0.5641819527742943,0.549317392212213
2015-01-28,short_treasury,-0.007279299945946696,0.018068939909221794,0.006710368268613768
2015-01-28,treasury_7_10y,-0.08529179793482015,0.1421861812304568,0.08567370963364844
2015-01-29,alternative,0.44866642460692585,-0.4477013627956517,-0.4718880518919996
2015-01-29,corp_bond_ig,-0.023717418503608423,0.09917075517736365,0.06084422950524193
2015-01-29,developed_equity,0.42017807489263787,-0.5950772180605476,0.6066717210277406
2015-01-29,emerging_equity,0.6201440153629746,0.316913746734294,-0.4196047806856889
2015-01-29,korea_equity,0.4794432939230168,0.5607969886049994,0.47105019078598187
2015-01-29,short_treasury,-0.007056828609133108,0.017999836199458087,0.006576083040704309
2015-01-29,treasury_7_10y,-0.08421423965812502,0.14268908932703012,0.08700212664511794
2015-01-30,alternative,0.4410689900393882,-0.454566300485345,-0.4393763464319034
2015-01-30,corp_bond_ig,-0.029101050766451197,0.09263445569996204,0.06666804699098033
2015-01-30,developed_equity,0.4154057213501216,-0.5992327327403337,0.5892602410790466
2015-01-30,emerging_equity,0.6244980974311098,0.3131390687826397,-0.44898768928184996
2015-01-30,korea_equity,0.48398604392253836,0.5553831575870722,0.4949957612521318
2015-01-30,short_treasury,-0.007692635735385809,0.0171777734957518,0.007307283639541581
2015-01-30,treasury_7_10y,-0.08803306474322521,0.13750223293122693,0.09280097419533175
2015-02-02,alternative,0.43621015656546724,-0.4359111309814954,-0.3087362205055327
2015-02-02,corp_bond_ig,-0.029220184847850494,0.09135493650626239,0.06825828997831238
2015-02-02,developed_equity,0.41739142496675485,-0.6159637536079687,0.49897894901990647
2015-02-02,emerging_equity,0.6246453694129596,0.3064332987549794,-0.5526107912864023
2015-02-02,korea_equity,0.48654795836551323,0.556193792291485,0.5798563957109988
2015-02-02,short_treasury,-0.007898079914193086,0.017121943957787353,0.007593150556350569
2015-02-02,treasury_7_10y,-0.08762502773623733,0.1366687732044732,0.09681414258092186
2015-02-03,alternative,0.44267834827283764,-0.4363073792165481,-0.3627385390050559
2015-02-03,corp_bond_ig,-0.03202410402975209,0.09534013442184679,0.09414007389279747
2015-02-03,developed_equity,0.4160418444584378,-0.6084441644876071,0.5483981049313938
2015-02-03,emerging_equity,0.6262695157425727,0.30932649678083785,-0.500275878577854
2015-02-03,korea_equity,0.4786525542854278,0.5612078103450521,0.5426505489456702
2015-02-03,short_treasury,-0.008666090953131146,0.017335830713405824,0.009738337627499816
2015-02-03,treasury_7_10y,-0.09231817365143817,0.13929899239072632,0.1182265162218871
2015-02-04,alternative,0.44346600686309,-0.4373795726783447,-0.3733661212983242
2015-02-04,corp_bond_ig,-0.030197472202282305,0.09594345837838394,0.08104578876592888
2015-02-04,developed_equity,0.41967648775884103,-0.6030526387813043,0.5570126165417304
2015-02-04,emerging_equity,0.6235070948492564,0.3067088222022368,-0.49811251399961803
2015-02-04,korea_equity,0.4785520111716291,0.5676010946800732,0.5326704569980838
2015-02-04,short_treasury,-0.008812731838213548,0.01718742325856786,0.009132247436998524
2015-02-04,treasury_7_10y,-0.09190685548792625,0.13886959796888124,0.10876108816332576
2015-02-05,alternative,0.4459855863266302,-0.43847119174533916,-0.3772636945678565
2015-02-05,corp_bond_ig,-0.031235022412819724,0.09823334982402596,0.08517120526493505
2015-02-05,developed_equity,0.42161319457110336,-0.5963444114627453,0.5677818585122844
2015-02-05,emerging_equity,0.6225553436686654,0.306157863729893,-0.4922501038260142
2015-02-05,korea_equity,0.47546396499640836,0.573401150919514,0.5225967394586786
2015-02-05,short_treasury,-0.00892225199412857,0.017259566457042845,0.009454740906889166
2015-02-05,treasury_7_10y,-0.09296665964822697,0.1401683126643281,0.11195902269975709
2015-02-06,alternative,0.44803328811884324,-0.436578125913883,-0.35216470859394916
2015-02-06,corp_bond_ig,-0.025689149876093498,0.10978435847421536,0.0869902712668024
2015-02-06,developed_equity,0.4154369721823378,-0.5987580659336494,0.555339101837798
2015-02-06,emerging_equity,0.6241342315864468,0.3021557079622908,-0.5088094430723842
2015-02-06,korea_equity,0.47837015412084505,0.5688203239388242,0.5368405889359414
2015-02-06,short_treasury,-0.007980207154132585,0.019611313776969452,0.009514060963690554
2015-02-06,treasury_7_10y,-0.08702376320410662,0.15361144709689392,0.11329522519115984
2015-02-09,alternative,0.44496051056824126,-0.4331335889646363,-0.3800758336956636
2015-02-09,corp_bond_ig,-0.026851923717975512,0.11288202965794088,0.08411582370434412
2015-02-09,developed_equity,0.414242318008838,-0.6021222102807857,0.5702049855367309
2015-02-09,emerging_equity,0.6260118769638268,0.29798736109389184,-0.4879175455672405
2015-02-09,korea_equity,0.47953566313580737,0.5685660184080547,0.5223533645714367
2015-02-09,short_treasury,-0.008088019606278623,0.01996045541836172,0.009221664078877746
2015-02-09,treasury_7_10y,-0.08821384142035167,0.15697000011753567,0.11104753699338527
2015-02-10,alternative,0.4463649826653493,-0.4243405103977793,-0.3991143148669458
2015-02-10,corp_bond_ig,-0.026881705241089682,0.11505891955682596,0.08235376539368974
2015-02-10,developed_equity,0.4147839793536983,-0.6060232381917142,0.5786237219751114
2015-02-10,emerging_equity,0.6248371427910818,0.2941124514609161,-0.47326931924222077
2015-02-10,korea_equity,0.47927106760997856,0.5722281179622564,0.5129035839798037
2015-02-10,short_treasury,-0.008139227938551971,0.01994066682607025,0.009059331988435768
2015-02-10,treasury_7_10y,-0.08832592119099193,0.15839074389923435,0.10947238405204629
2015-02-11,alternative,0.4491044662657023,-0.42464960633947385,-0.37480563234239417
2015-02-11,corp_bond_ig,-0.025890366315700075,0.11450499760108672,0.08449509402794653
2015-02-11,developed_equity,0.41116446626413544,-0.6068175814069473,0.5686327266098129
2015-02-11,emerging_equity,0.6242329320780009,0.2909061759547265,-0.4903732363902955
2015-02-11,korea_equity,0.4809789568998363,0.5727973293217662,0.5252331979692902
2015-02-11,short_treasury,-0.008134665808308026,0.019858298270692038,0.009284958560054795
2015-02-11,treasury_7_10y,-0.08663120531887503,0.15879611002342126,0.11232143876176967
2015-02-12,alternative,0.4505855470552681,-0.42468380997677146,-0.37418577608027664
2015-02-12,corp_bond_ig,-0.023764424149135155,0.11425484200058961,0.0774052832887949
2015-02-12,developed_equity,0.40965034990147386,-0.6068210561413921,0.5688856156237394
2015-02-12,emerging_equity,0.6263864941128532,0.2906925967155913,-0.48958299121208454
2015-02-12,korea_equity,0.47851444633260937,0.5729817108685232,0.5287771891136397
2015-02-12,short_treasury,-0.007754314776674313,0.019822712651795183,0.008195531326486939
2015-02-12,treasury_7_10y,-0.08484257776443475,0.15860180243153307,0.10487418981695712
2015-02-13,alternative,0.4498988704549329,-0.42320733451743686,-0.36585436323444
2015-02-13,corp_bond_ig,-0.02519681631919446,0.1158735993697977,0.08811902158185228
2015-02-13,developed_equity,0.4085750105976013,-0.6085818808204092,0.5656289004801929
2015-02-13,emerging_equity,0.6269239431706817,0.29064548463123696,-0.4925836301914449
2015-02-13,korea_equity,0.47912975725866425,0.5712747416821984,0.5312873361302163
2015-02-13,short_treasury,-0.007752418777547561,0.020157884971327866,0.009494055755455
2015-02-13,treasury_7_10y,-0.08581102911396418,0.1608135155070012,0.11599382104119399
2015-02-17,alternative,0.4516245611342537,-0.4198070030135569,-0.3724200889158239
2015-02-17,corp_bond_ig,-0.02663122817249941,0.11855418482989744,0.0831788433176063
2015-02-17,developed_equity,0.41201151867716806,-0.6071748656648439,0.5643257324854711
2015-02-17,emerging_equity,0.6260164062131199,0.29834180188998866,-0.48884772363656115
2015-02-17,korea_equity,0.4754501442794808,0.5693777707761991,0.5334640641203284
2015-02-17,short_treasury,-0.007878180103546082,0.020445265517495842,0.00899345168057517
2015-02-17,treasury_7_10y,-0.08695456099904987,0.16561637145479505,0.11083383177286232
2015-02-18,alternative,0.4533608444113298,-0.41335640997183265,-0.3626326011076049
2015-02-18,corp_bond_ig,-0.026217751222315067,0.12129746564581358,0.09101012349708937
2015-02-18,developed_equity,0.41328519399146374,-0.6090186495929709,0.5594531036363077
2015-02-18,emerging_equity,0.624954351341706,0.2981672455269877,-0.49404049616952994
2015-02-18,korea_equity,0.47419402374853314,0.5707999828361412,0.5372865668151299
2015-02-18,short_treasury,-0.0077772014487852295,0.020806853639902534,0.010462517685170826
2015-02-18,treasury_7_10y,-0.08650736628055133,0.16843525682520627,0.11985260887833435
2015-02-19,alternative,0.4524743561269462,-0.4169271423369821,-0.37368554470707394
2015-02-19,corp_bond_ig,-0.02661631832168021,0.12083845246175366,0.09235128574507524
2015-02-19,developed_equity,0.41494207559445306,-0.6055417819382126,0.5677486900720904
2015-02-19,emerging_equity,0.6251314081631498,0.30029958768622156,-0.4850310632948135
2015-02-19,korea_equity,0.47323131281350317,0.5709787170922676,0.5281997727365134
2015-02-19,short_treasury,-0.007842738806620748,0.020808510337755052,0.010993915780490011
2015-02-19,treasury_7_10y,-0.0870800843858618,0.1681054576066408,0.12296658145871876
2015-02-20,alternative,0.4517543790692132,-0.4174432822706424,-0.37562398390190194
2015-02-20,corp_bond_ig,-0.026040889234149378,0.12082643640983466,0.09287604650328576
2015-02-20,developed_equity,0.41504805791063965,-0.6058493091986809,0.5680786612982963
2015-02-20,emerging_equity,0.624832828575045,0.29985317632406283,-0.48456727437150127
2015-02-20,korea_equity,0.4742918047472155,0.5705152336186824,0.5268151613396926
2015-02-20,short_treasury,-0.00785582247989022,0.02084271524554004,0.011036249963126937
2015-02-20,treasury_7_10y,-0.08685890306694444,0.16809138875528,0.12290582109354826
2015-02-23,alternative,0.45220447081111526,-0.41669165852986695,-0.3676045669028678
2015-02-23,corp_bond_ig,-0.026827063422873554,0.1195097059805508,0.1033209931524175
2015-02-23,developed_equity,0.41446235946000337,-0.607222714990401,0.5652771831083012
2015-02-23,emerging_equity,0.6253949085075472,0.30128531273209486,-0.4860278775659616
2015-02-23,korea_equity,0.4734010975467343,0.5696395343937386,0.5293401853315945
2015-02-23,short_treasury,-0.007964922885896206,0.02066247934770611,0.012479141814609454
2015-02-23,treasury_7_10y,-0.08787233407163351,0.16636432737390497,0.1344377270884484
2015-02-24,alternative,0.45051419174658536,-0.41488473225373784,-0.39275141003216124
2015-02-24,corp_bond_ig,-0.02418202698602867,0.12242732012848945,0.09562636817534079
2015-02-24,developed_equity,0.4121581037546581,-0.6089710603554187,0.5805827026881908
2015-02-24,emerging_equity,0.6288449627441857,0.2943217432983568,-0.46640635933393454
2015-02-24,korea_equity,0.4732108294490741,0.5711520128094678,0.5156677916237614
2015-02-24,short_treasury,-0.007585958037139424,0.021099447932078838,0.011331763632243246
2015-02-24,treasury_7_10y,-0.08453323062071379,0.16956226249071368,0.1262896700222927
2015-02-25,alternative,0.45045897779388483,-0.41497976062478553,-0.40149045829391067
2015-02-25,corp_bond_ig,-0.023244719840940564,0.12184028941618927,0.09015625670862482
2015-02-25,developed_equity,0.4120661159940093,-0.6097983374583927,0.5826012571271163
2015-02-25,emerging_equity,0.6277565108569505,0.29357911836330364,-0.4622381521356563
2015-02-25,korea_equity,0.47494892514142634,0.5708007365495668,0.5124200702851412
2015-02-25,short_treasury,-0.007628139296600425,0.021122381277745957,0.011144374892018262
2015-02-25,treasury_7_10y,-0.08387491549085628,0.16924655152885434,0.12202623347702479
2015-02-26,alternative,0.4506169425019482,-0.41702976350438264,-0.4114151238690729
2015-02-26,corp_bond_ig,-0.023262873801851436,0.11860529902851538,0.09413474466164254
2015-02-26,developed_equity,0.41244630590651526,-0.6102003312244466,0.5862214839928158
2015-02-26,emerging_equity,0.627735365987868,0.2974443914706585,-0.4525884371865478
2015-02-26,korea_equity,0.4744954293490678,0.568468003004375,0.5071195922771614
2015-02-26,short_treasury,-0.007629284544200001,0.020635328715212443,0.01172298648221117
2015-02-26,treasury_7_10y,-0.0838775679726676,0.16619164214572718,0.12679359071406507
2015-02-27,alternative,0.4525538841294658,-0.41835961600179283,-0.4171684586606469
2015-02-27,corp_bond_ig,-0.024249710398522528,0.11842474987239873,0.09748070017418425
2015-02-27,developed_equity,0.4176556401708535,-0.6005535843279094,0.5994581162485139
2015-02-27,emerging_equity,0.6242117461878162,0.2940389211905771,-0.4476223951253246
2015-02-27,korea_equity,0.47246574006145986,0.5794822081547713,0.48964960803632596
2015-02-27,short_treasury,-0.0076894498159003725,0.020928482105154276,0.011665531337955518
2015-02-27,treasury_7_10y,-0.08513161862233601,0.16610142853485083,0.12984346408956446
2015-03-02,alternative,0.45153044708345097,-0.41901951927721076,-0.4235474625876057
2015-03-02,corp_bond_ig,-0.02566895916061518,0.12409059869118805,0.07724204968971202
2015-03-02,developed_equity,0.4157314235957346,-0.5951798723388959,0.6091582728488757
2015-03-02,emerging_equity,0.6247198667409825,0.28264952089627865,-0.44671988755403264
2015-03-02,korea_equity,0.4742001268087609,0.5869316810055455,0.48181930605948364
2015-03-02,short_treasury,-0.007839158564262576,0.021949034574794996,0.008782666458082544
2015-03-02,treasury_7_10y,-0.08617783214946519,0.17298489932406502,0.10854388263307489
2015-03-03,alternative,0.44817783922323523,-0.4184904027869929,-0.4079663345701869
2015-03-03,corp_bond_ig,-0.02612839518565635,0.12456044703199441,0.07485634517033549
2015-03-03,developed_equity,0.41472297330351093,-0.5988692374299316,0.5978718384175664
2015-03-03,emerging_equity,0.6254932359417165,0.2790908665437107,-0.46395138611424663
2015-03-03,korea_equity,0.47738641745008636,0.5853796886202479,0.4943164247041017
2015-03-03,short_treasury,-0.0077029979963614825,0.02184984039015483,0.00825284384556015
2015-03-03,treasury_7_10y,-0.08520487577427747,0.17224287244507233,0.10412269892386328
2015-03-04,alternative,0.44680397471711253,-0.42054816160373865,-0.40402406743356695
2015-03-04,corp_bond_ig,-0.022814338905929654,0.12198634949169516,0.06201247145065489
2015-03-04,developed_equity,0.4127146870168869,-0.6023822918985752,0.5900237988017873
2015-03-04,emerging_equity,0.6266400385746593,0.2775583584864785,-0.4719328096124933
2015-03-04,korea_equity,0.47971897091621507,0.5823395828208642,0.50370489665936
2015-03-04,short_treasury,-0.007338284350027734,0.021542531114819012,0.006825646945232072
2015-03-04,treasury_7_10y,-0.08155011844788387,0.16962321770296354,0.09113250793732776
2015-03-05,alternative,0.44694919952847273,-0.4218479575679899,-0.41008303378852484
2015-03-05,corp_bond_ig,-0.022781549719531835,0.12184025553981898,0.061166330355310466
2015-03-05,developed_equity,0.4126650636185652,-0.6014714745398843,0.5933256279050283
2015-03-05,emerging_equity,0.6265694263444269,0.2782611529794087,-0.4669335995113052
2015-03-05,korea_equity,0.4797226646040162,0.5819688154556059,0.49986525455644454
2015-03-05,short_treasury,-0.0073285051167793205,0.021587539278827797,0.006553297788614435
2015-03-05,treasury_7_10y,-0.08153631920998317,0.16984794631722158,0.09011148607974054
2015-03-06,alternative,0.44628896284369063,-0.4211005124342821,-0.4163922603916035
2015-03-06,corp_bond_ig,-0.016385452344962914,0.12049504269216495,0.07053108250606444
2015-03-06,developed_equity,0.4166845203499861,-0.6011196677406635,0.59787906877385
2015-03-06,emerging_equity,0.6276813702083881,0.2787620489190428,-0.4606113847221743
2015-03-06,korea_equity,0.47677587720506437,0.5833649271557534,0.49187196616329437
2015-03-06,short_treasury,-0.006560096508265963,0.021439059349003402,0.00767350894720683
2015-03-06,treasury_7_10y,-0.07476305664242822,0.16830893247478443,0.10011847699611383
2015-03-09,alternative,0.4473378772946416,-0.41748395184609094,-0.44698108536079995
2015-03-09,corp_bond_ig,-0.017875551324019967,0.11457743324721356,0.09783558979801893
2015-03-09,developed_equity,0.41679071187573413,-0.6038564829268211,0.6176969063866962
2015-03-09,emerging_equity,0.6262040067072335,0.27525944386717804,-0.42427105055614917
2015-03-09,korea_equity,0.4772890862258957,0.5879582194819264,0.4607338921832062
2015-03-09,short_treasury,-0.0068129390891557215,0.020563196894471312,0.011198779127490267
2015-03-09,treasury_7_10y,-0.07662926797855307,0.16140333146423477,0.1291494565943225
2015-03-10,alternative,0.44569505761687156,-0.4148311157495033,-0.4310405231433247
2015-03-10,corp_bond_ig,-0.019020327092369893,0.1138161475217187,0.08471957902685365
2015-03-10,developed_equity,0.4194565198370755,-0.6064068395949144,0.6018339473298039
2015-03-10,emerging_equity,0.6233784292528199,0.2766029267911908,-0.4483414272955928
2015-03-10,korea_equity,0.4800039377858944,0.5867220692585372,0.47921059899954865
2015-03-10,short_treasury,-0.006778086810172852,0.020605276603157998,0.01018468783958234
2015-03-10,treasury_7_10y,-0.07745955028837487,0.16141633056626578,0.11860016311086319
2015-03-11,alternative,0.44514102024015745,-0.41721930634634247,-0.4265226511898136
2015-03-11,corp_bond_ig,-0.01836777014036195,0.11609249756325946,0.0816348217248336
2015-03-11,developed_equity,0.417818668026798,-0.6063189888058942,0.599222048559856
2015-03-11,emerging_equity,0.6239427618666211,0.2770168440588431,-0.45299112640721123
2015-03-11,korea_equity,0.4812611138004315,0.5840482289399315,0.4834027042795663
2015-03-11,short_treasury,-0.006805749097909127,0.020725490953602422,0.009846756996387512
2015-03-11,treasury_7_10y,-0.07730788966834014,0.1629345102774155,0.11563315567725056
2015-03-12,alternative,0.44512242704486377,-0.4169646871801862,-0.41964367532693686
2015-03-12,corp_bond_ig,-0.018421832637052438,0.11664135404171223,0.08060039432750152
2015-03-12,developed_equity,0.419623254954197,-0.6062053736285737,0.5936039896726556
2015-03-12,emerging_equity,0.6228600633556678,0.27953842130519785,-0.46077523072573406
2015-03-12,korea_equity,0.48124524982875994,0.5830725238966877,0.4887617075080254
2015-03-12,short_treasury,-0.006679234443733682,0.020685374403894945,0.0101611567449164
2015-03-12,treasury_7_10y,-0.07646387216654603,0.1628100344960436,0.11718360189953829
2015-03-13,alternative,0.44328619375459594,-0.4186854759530013,-0.4148401036279748
2015-03-13,corp_bond_ig,-0.01511199668952079,0.11929540005347938,0.08049322458545421
2015-03-13,developed_equity,0.42053996121611326,-0.6048650081107569,0.5923056075414586
2015-03-13,emerging_equity,0.6234612649842349,0.27739655414506653,-0.46684545724084986
2015-03-13,korea_equity,0.48204176395898546,0.5829606547384396,0.4888356373024775
2015-03-13,short_treasury,-0.006394270452089558,0.020808570735341734,0.009926204721875144
2015-03-13,treasury_7_10y,-0.07284244073286666,0.16548242164830484,0.1166152035936676
2015-03-16,alternative,0.4423076731394787,-0.4180296063485335,-0.4310314698510913
2015-03-16,corp_bond_ig,-0.014430412168095486,0.12066188675363126,0.08837585725743624
2015-03-16,developed_equity,0.4211985743941154,-0.6042092329331017,0.6041319409388429
2015-03-16,emerging_equity,0.6225044021946216,0.27235598149785645,-0.4513546560501836
2015-03-16,korea_equity,0.48399221514173135,0.5857100703243392,0.4701525885652573
2015-03-16,short_treasury,-0.00625920079291037,0.021056442076252926,0.010881728755388622
2015-03-16,treasury_7_10y,-0.07034254580916305,0.16716973185844008,0.12862069699698564
2015-03-17,alternative,0.4359667434808084,-0.43450440568469556,-0.38991132700060754
2015-03-17,corp_bond_ig,-0.013117494289048737,0.12031370434552832,0.0613545994028723
2015-03-17,developed_equity,0.4218762673784706,-0.5898189046461894,0.5962811318394704
2015-03-17,emerging_equity,0.624050064232312,0.25941182490510406,-0.49576327622700245
2015-03-17,korea_equity,0.4875409193730961,0.5938610176936912,0.4827646740778778
2015-03-17,short_treasury,-0.006162953133741536,0.02026720955522417,0.006719431178512662
2015-03-17,treasury_7_10y,-0.06788764410612579,0.16872471866706065,0.09882041627500684
2015-03-18,alternative,0.4393132947501842,-0.4331176159987832,-0.40184486898032146
2015-03-18,corp_bond_ig,-0.003687954068601673,0.12051271860195423,0.08030108216639323
2015-03-18,developed_equity,0.4233610887669332,-0.5896012085573196,0.6067911695037531
2015-03-18,emerging_equity,0.6227464159666913,0.25745356900502847,-0.48188666894120236
2015-03-18,korea_equity,0.4864338739799012,0.5957926125901344,0.466421403378556
2015-03-18,short_treasury,-0.004204230679221578,0.020397751568363043,0.00922923988061516
2015-03-18,treasury_7_10y,-0.05750590107584259,0.1690827742704594,0.11844006073840979
2015-03-19,alternative,0.4428137951823111,-0.4450451831201185,-0.3839859983490227
2015-03-19,corp_bond_ig,-0.003670578908414157,0.10805610916777719,0.13591895616764743
2015-03-19,developed_equity,0.4304650506744385,-0.5689831463540915,0.6281985024155239
2015-03-19,emerging_equity,0.6188012564877929,0.2485946077156338,-0.47578407820590934
2015-03-19,korea_equity,0.48197184593857545,0.617288431575822,0.42528874200419653
2015-03-19,short_treasury,-0.004107534908752457,0.017592884361775057,0.017543879639463297
2015-03-19,treasury_7_10y,-0.05808255024731258,0.15284974679502786,0.17860190683901586
2015-03-20,alternative,0.4384169877655664,-0.4488137069040558,-0.4767783217439371
2015-03-20,corp_bond_ig,-0.002384643442605805,0.10900646325229826,0.18535627929698117
2015-03-20,developed_equity,0.43279354215849497,-0.5663942631112983,0.6711490773691309
2015-03-20,emerging_equity,0.6205759466698143,0.24766787357526415,-0.36071006689675217
2015-03-20,korea_equity,0.481876420914257,0.6167311890810349,0.32331900886680837
2015-03-20,short_treasury,-0.0037885379434651405,0.017812237768314754,0.024348987966963432
2015-03-20,treasury_7_10y,-0.05604341658128332,0.1544906960886665,0.2294440901755565
2015-03-23,alternative,0.4384269584665845,-0.4369921110617257,-0.4573624291865136
2015-03-23,corp_bond_ig,-0.0018508983270025814,0.10571091122419907,0.1789798143296882
2015-03-23,developed_equity,0.43255004487539495,-0.5744202835805075,0.6588781283090354
2015-03-23,emerging_equity,0.6206436471738742,0.24080539768030812,-0.38759329522083613
2015-03-23,korea_equity,0.4820422745697951,0.6211904956483575,0.3507166545500936
2015-03-23,short_treasury,-0.003721554425119425,0.017814956597516533,0.0238587478348028
2015-03-23,treasury_7_10y,-0.05569285166309349,0.15402010198302205,0.2255337498910137
2015-03-24,alternative,0.4391869518397954,-0.4382822572163228,-0.46093014055031023
2015-03-24,corp_bond_ig,-0.0021462877268588754,0.10595789541562277,0.18223597471576627
2015-03-24,developed_equity,0.4338807574037698,-0.570598007234136,0.6631432074975876
2015-03-24,emerging_equity,0.6197491776392603,0.24057074431978206,-0.3814956429957419
2015-03-24,korea_equity,0.48128549524689296,0.6232954441541684,0.34146088625013016
2015-03-24,short_treasury,-0.0036668758280041444,0.01846291204508828,0.02383744644253543
2015-03-24,treasury_7_10y,-0.05585235930083422,0.15616378806173142,0.22775393538887137
2015-03-25,alternative,0.4391975783954014,-0.4385764120739763,-0.4589463737017594
2015-03-25,corp_bond_ig,-0.0008188971819571567,0.10622847446277456,0.18137735599333826
2015-03-25,developed_equity,0.4336239679190665,-0.5706578806081621,0.6625446998326492
2015-03-25,emerging_equity,0.6208498074946581,0.2407482025515358,-0.38392938661355475
2015-03-25,korea_equity,0.4803367661639414,0.6228227352336231,0.3436187045046204
2015-03-25,short_treasury,-0.0035710134257165233,0.01849519148114088,0.023715009277006042
2015-03-25,treasury_7_10y,-0.05370685666906027,0.15654359335922302,0.2268634211736933
2015-03-26,alternative,0.4406433900384639,-0.4324357615280648,-0.4721549889013727
2015-03-26,corp_bond_ig,0.0007450487602984612,0.10250209132351201,0.2303418368649
2015-03-26,developed_equity,0.43466782957808897,-0.5780531815409263,0.6566817642392934
2015-03-26,emerging_equity,0.6209111012924987,0.24725928345339115,-0.34165983950045087
2015-03-26,korea_equity,0.47815776395555143,0.6194702319545743,0.31208941204946156
2015-03-26,short_treasury,-0.0035028251534278605,0.01791088208602322,0.02958535827733506
2015-03-26,treasury_7_10y,-0.05214415522698626,0.15213754141408956,0.2788813810485872
2015-03-27,alternative,0.4417909871641855,-0.4412658297475632,-0.46412214562148363
2015-03-27,corp_bond_ig,0.0008990057863077494,0.10732525930553385,0.23304401727291119
2015-03-27,developed_equity,0.4379351991073503,-0.5612457150424198,0.6689258054329505
2015-03-27,emerging_equity,0.6194216546309723,0.24140410025249193,-0.34269441883423346
2015-03-27,korea_equity,0.4760379834702407,0.6288794160588601,0.2919181571015714
2015-03-27,short_treasury,-0.003463003467236266,0.018830813771430473,0.029537548934289955
2015-03-27,treasury_7_10y,-0.05220475559465177,0.15700046003173157,0.2815870111353427
2015-03-30,alternative,0.4396800348677781,-0.4426266168051717,-0.40146513268774336
2015-03-30,corp_bond_ig,0.0017068675380006448,0.10786681675427705,0.16844129025366247
2015-03-30,developed_equity,0.43709459954905994,-0.5636130309183637,0.6433743861568653
2015-03-30,emerging_equity,0.6221893865062879,0.2445077127753131,-0.447439504284513
2015-03-30,korea_equity,0.47525508667918487,0.6244538752969744,0.38798801346466255
2015-03-30,short_treasury,-0.003474362118119791,0.018806337507753054,0.021524803000846006
2015-03-30,treasury_7_10y,-0.051261713776322215,0.15718281396973405,0.2128909403429844
2015-03-31,alternative,0.43857811639209493,-0.44754600435047154,-0.4041096316581777
2015-03-31,corp_bond_ig,0.001630222633887013,0.10913500796442735,0.1676153757095049
2015-03-31,developed_equity,0.432449360753864,-0.5600537289832457,0.6532618861325737
2015-03-31,emerging_equity,0.6245400759316162,0.23653260930872277,-0.4407468007840489
2015-03-31,korea_equity,0.4773761116711961,0.6262231275169966,0.37843646929268004
2015-03-31,short_treasury,-0.003812267234618805,0.019521260623040472,0.02041480142532782
2015-03-31,treasury_7_10y,-0.05178162569148551,0.16014925650348558,0.20966814670818817
2015-04-01,alternative,0.44016926715138344,-0.4450469653913838,-0.38876927576694364
2015-04-01,corp_bond_ig,0.003539276175536732,0.11460902791936661,0.07342912009963312
2015-04-01,developed_equity,0.4327007559280605,-0.5607262076998097,0.632750325218839
2015-04-01,emerging_equity,0.6252792000603458,0.24046651443477565,-0.48944303290095714
2015-04-01,korea_equity,0.4749050521759687,0.6234718899403977,0.4387491776021159
2015-04-01,short_treasury,-0.0035410320657789807,0.020293118485179597,0.0076977675710734285
2015-04-01,treasury_7_10y,-0.049871034482911795,0.1656228744641654,0.10478101712187397
2015-04-02,alternative,0.43951818088526357,-0.4459238662494005,-0.3886852939699623
2015-04-02,corp_bond_ig,0.002846876073315685,0.11328762865949879,0.07861375244210037
2015-04-02,developed_equity,0.43132404447259126,-0.5619752314587829,0.6334724155780329
2015-04-02,emerging_equity,0.6261263672655738,0.2399840545352631,-0.4874901561271757
2015-04-02,korea_equity,0.4755898160007316,0.622656536788795,0.43774914794943803
2015-04-02,short_treasury,-0.0035453771344716844,0.02012577458211483,0.00832338407119097
2015-04-02,treasury_7_10y,-0.05042580747909918,0.1637165290653721,0.11007302715213696
2015-04-06,alternative,0.43783121786698675,-0.45118599591105446,-0.38237064166847395
2015-04-06,corp_bond_ig,0.003659489999245036,0.11312771089518552,0.08531147768565098
2015-04-06,developed_equity,0.4313612615018488,-0.5589089475476117,0.6338049865005128
2015-04-06,emerging_equity,0.6257007699999442,0.23867066049013103,-0.4923274509109719
2015-04-06,korea_equity,0.4777764611394671,0.621820681430061,0.43439595506235995
2015-04-06,short_treasury,-0.00312919438197342,0.02026434725302731,0.009854447028395124
2015-04-06,treasury_7_10y,-0.049358916262767304,0.16498126763379817,0.11671593049341793
2015-04-07,alternative,0.4363704239898948,-0.45390081837922186,-0.3737473704497041
2015-04-07,corp_bond_ig,0.0034543103137213427,0.10861451138511893,0.055870480756273905
2015-04-07,developed_equity,0.43096843386816314,-0.558628116203392,0.6259601402669727
2015-04-07,emerging_equity,0.6254432811343078,0.2353007181505301,-0.507190659247705
2015-04-07,korea_equity,0.47989149493519023,0.6233216180269776,0.44736948140588717
2015-04-07,short_treasury,-0.002835893756389663,0.019862759237605974,0.007160719300550151
2015-04-07,treasury_7_10y,-0.04849683181178223,0.16068841312253515,0.08906290830952979
2015-04-08,alternative,0.4341860541772638,-0.4496954992013934,-0.3872354036771094
2015-04-08,corp_bond_ig,0.0035796854024525704,0.10614924704526046,0.07235357049427935
2015-04-08,developed_equity,0.4260786677531095,-0.5646276818870359,0.6371232506102782
2015-04-08,emerging_equity,0.6297455077796725,0.22685605744506776,-0.48842682393792247
2015-04-08,korea_equity,0.4806464781372367,0.6248260283450615,0.4349879724252873
2015-04-08,short_treasury,-0.0027866318936322267,0.01985472594142463,0.009021833450937693
2015-04-08,treasury_7_10y,-0.048149956016764084,0.1594880232412899,0.10502844629900367
2015-04-09,alternative,0.4401598681368821,-0.4338434334586532,-0.2531418772525028
2015-04-09,corp_bond_ig,0.001940110922879823,0.10554372074763066,0.08310442673965607
2015-04-09,developed_equity,0.4237381759664018,-0.5762758690937826,0.5617075559017272
2015-04-09,emerging_equity,0.630269889491094,0.2308415723995322,-0.5800749878946734
2015-04-09,korea_equity,0.47644195956340046,0.6241835299448085,0.5133903101491345
2015-04-09,short_treasury,-0.0029092880537882255,0.019888385015352856,0.010631078554191474
2015-04-09,treasury_7_10y,-0.04955750489369036,0.15892785311263077,0.11544628150357877
2015-04-10,alternative,0.43486728081390497,-0.4443232717554014,-0.19210344398395965
2015-04-10,corp_bond_ig,0.002014955473283564,0.10591239546836025,0.042928644785632825
2015-04-10,developed_equity,0.4289066652138366,-0.563790804201931,0.5263976014474968
2015-04-10,emerging_equity,0.6296304035268933,0.2253313448955579,-0.6268555621348227
2015-04-10,korea_equity,0.47751339390770886,0.6301320160973823,0.5354696364707181
2015-04-10,short_treasury,-0.003128340602443921,0.019566271794921066,0.004486453399873099
2015-04-10,treasury_7_10y,-0.04962043576474528,0.15898399939843838,0.06680724385226129
2015-04-13,alternative,0.4311073328453457,-0.4467217445748328,-0.18056366145791372
2015-04-13,corp_bond_ig,0.002616559199628554,0.10611438717447451,0.029331667217557665
2015-04-13,developed_equity,0.4322088239015481,-0.5618140852604115,0.5154057038101514
2015-04-13,emerging_equity,0.6305312569443153,0.22604385139105104,-0.6359972478254935
2015-04-13,korea_equity,0.47686298378611475,0.6299092408508291,0.5420575252059927
2015-04-13,short_treasury,-0.002983021183544277,0.019519690263867177,0.0022860472057803787
2015-04-13,treasury_7_10y,-0.048562166570401834,0.1590027062431538,0.05068818455259742
2015-04-14,alternative,0.4295119556558141,-0.45199418564604243,-0.15488196419615255
2015-04-14,corp_bond_ig,0.003247813969165292,0.10757863312115679,0.03703175154828638
2015-04-14,developed_equity,0.4313674418379387,-0.5540018263080491,0.5136600698322378
2015-04-14,emerging_equity,0.6296759220795278,0.21413899564766958,-0.6494556655378496
2015-04-14,korea_equity,0.48027850104204783,0.6364001840710444,0.5342896451138994
2015-04-14,short_treasury,-0.002847896154068843,0.01990377504877106,0.003383188222165824
2015-04-14,treasury_7_10y,-0.04757883828895829,0.1610999884588921,0.05936351460495256
2015-04-15,alternative,0.4259182764343384,-0.435300399935236,-0.09531028709779717
2015-04-15,corp_bond_ig,0.003481218470120395,0.1084314264596786,0.040703381744835045
2015-04-15,developed_equity,0.4318247925046847,-0.5698746173859109,0.4673859415809686
2015-04-15,emerging_equity,0.6305504041748847,0.21180874465023283,-0.6759645063270258
2015-04-15,korea_equity,0.4818996327013233,0.633850510427139,0.5562429547573992
2015-04-15,short_treasury,-0.0028666175646617155,0.02023219138482272,0.004395548799499769
2015-04-15,treasury_7_10y,-0.04774479863198503,0.16419607968559627,0.06675332291287758
2015-04-16,alternative,0.4282027297312983,-0.4322775278385474,-0.0977369153490612
2015-04-16,corp_bond_ig,0.004047169819027752,0.10836128595929947,0.036679199137170174
2015-04-16,developed_equity,0.4303881555290076,-0.571416996293828,0.4691557806021255
2015-04-16,emerging_equity,0.6288668541187736,0.20870150442380936,-0.6762706081060161
2015-04-16,korea_equity,0.48339002633354666,0.6355050492945782,0.5546092546325373
2015-04-16,short_treasury,-0.0027586398038563324,0.020398645228510922,0.0040973734104238465
2015-04-16,treasury_7_10y,-0.047381751612843595,0.16443082625455427,0.06359902574184585
2015-04-17,alternative,0.42746065772820707,-0.4321668785397774,-0.09493673887667203
2015-04-17,corp_bond_ig,0.002646597172940912,0.10924289260697886,0.04214838364721922
2015-04-17,developed_equity,0.4281979590703681,-0.5699207749131915,0.47630796085288885
2015-04-17,emerging_equity,0.6330758326401591,0.20513875801665782,-0.6725392497640675
2015-04-17,korea_equity,0.48049242274396575,0.6378531135242846,0.5526117969376781
2015-04-17,short_treasury,-0.0023458340113593403,0.020224633411239878,0.004511360635567984
2015-04-17,treasury_7_10y,-0.04747007837931014,0.16474389081399016,0.0680592597143387
2015-04-20,alternative,0.42604134099829366,-0.4345587171459816,-0.11497609999104647
2015-04-20,corp_bond_ig,0.0034118607424092895,0.10343724210434807,-0.019228673517728674
2015-04-20,developed_equity,0.42881660683980083,-0.5741384195697993,0.4648448882413104
2015-04-20,emerging_equity,0.6309598018600792,0.20893205341303148,-0.6713516963435444
2015-04-20,korea_equity,0.4840542884701181,0.6334816413304476,0.5652972601681626
2015-04-20,short_treasury,-0.0023062125912883522,0.01990419056144124,-0.002538666495759264
2015-04-20,treasury_7_10y,-0.04657583385093973,0.15961442235639975,0.007031860135112565
2015-04-21,alternative,0.4265219136740659,-0.43737980548116956,-0.13635219885538816
2015-04-21,corp_bond_ig,0.0034978713191260447,0.10345361631731001,-0.006016328568747217
2015-04-21,developed_equity,0.4282868852594809,-0.571281206302505,0.4852105846516737
2015-04-21,emerging_equity,0.6308486812382569,0.20822379091022808,-0.6613232097746435
2015-04-21,korea_equity,0.4842291291628504,0.6341104085060209,0.5549537838096026
2015-04-21,short_treasury,-0.002304712715953499,0.019918647296734666,-0.0009626143872312113
2015-04-21,treasury_7_10y,-0.046732709275372125,0.1605743708281241,0.024890834098985147
2015-04-22,alternative,0.424374881781046,-0.43234493595486817,-0.1440919060366411
2015-04-22,corp_bond_ig,0.001613391708938372,0.10299959034955994,0.002643303515235812
2015-04-22,developed_equity,0.4267400141560101,-0.5741562662707224,0.4974293695975399
2015-04-22,emerging_equity,0.6324579493476457,0.2002973989873068,-0.6564422948145368
2015-04-22,korea_equity,0.4852473978566087,0.637655488498825,0.5474888009044017
2015-04-22,short_treasury,-0.0024663387708388895,0.019507603270317954,0.0003920311530952225
2015-04-22,treasury_7_10y,-0.048188581137781954,0.16034152925851697,0.033673885987618064
2015-04-23,alternative,0.4224029516101997,-0.4359898617105664,-0.1398200102946629
2015-04-23,corp_bond_ig,0.002875893188630796,0.1061108426662532,0.0078078711856653035
2015-04-23,developed_equity,0.42700593309877016,-0.5685819851693825,0.5035806067273652
2015-04-23,emerging_equity,0.6318227756267099,0.19267406685079952,-0.6597168818463496
2015-04-23,korea_equity,0.48770104559044736,0.6409972491689099,0.5385564437103271
2015-04-23,short_treasury,-0.0022192215298930304,0.020056936088827977,0.0010990350411292393
2015-04-23,treasury_7_10y,-0.04664926787156905,0.16420963897072166,0.03905584801075579
2015-04-24,alternative,0.42242338854580475,-0.43527472947345835,-0.1360679400951586
2015-04-24,corp_bond_ig,0.002960746601084363,0.10444376462565952,-0.002258503425014477
2015-04-24,developed_equity,0.4272058809461584,-0.5685574811994847,0.500301515726882
2015-04-24,emerging_equity,0.6319394308647609,0.19097369928652955,-0.6620605005783828
2015-04-24,korea_equity,0.4873730219688268,0.6429009841658376,0.5404659522697782
2015-04-24,short_treasury,-0.0021931895647026695,0.019792974624519337,-0.0002968947706911824
2015-04-24,treasury_7_10y,-0.04647723280155271,0.1618190637089889,0.027407445456330528
2015-04-27,alternative,0.4228967143197966,-0.43591327536421015,-0.14184294744221213
2015-04-27,corp_bond_ig,0.0027403058177816186,0.10507823338977247,0.0043926523196331155
2015-04-27,developed_equity,0.42967728045360204,-0.5658187671254645,0.5054960699381201
2015-04-27,emerging_equity,0.6324640842958431,0.19509805968571778,-0.6581440510493715
2015-04-27,korea_equity,0.48407946011921266,0.6433296049725337,0.5384719829449451
2015-04-27,short_treasury,-0.0021950655172385952,0.01992290561588277,0.0006106149710191446
2015-04-27,treasury_7_10y,-0.04668762638461346,0.16264731261881493,0.03505659630709085
2015-04-28,alternative,0.422913995155195,-0.4361316016149519,-0.13792502054972794
2015-04-28,corp_bond_ig,0.002156273547148091,0.11258961985948157,-0.01445048472902244
2015-04-28,developed_equity,0.4294490502496173,-0.560237203528138,0.5045748674854049
2015-04-28,emerging_equity,0.6324117985102767,0.1899460775966415,-0.6609961659610094
2015-04-28,korea_equity,0.4842921749316438,0.6459323003263757,0.5376291123102647
2015-04-28,short_treasury,-0.0022425274733068024,0.02080205660544687,-0.0018522697468870252
2015-04-28,treasury_7_10y,-0.04715923983135381,0.17177399336732366,0.014410085969462515
2015-04-29,alternative,0.4209907099097153,-0.44934967281533006,-0.11983496141073233
2015-04-29,corp_bond_ig,0.0054534374401629115,0.12232925919534102,-0.015210780859906695
2015-04-29,developed_equity,0.4240918684627485,-0.5499563485433318,0.502493565829879
2015-04-29,emerging_equity,0.6339465317862055,0.18201020276403548,-0.6682818971391372
2015-04-29,korea_equity,0.4887897194604304,0.6437100211825995,0.5349922462670879
2015-04-29,short_treasury,-0.00217672710340862,0.021218354543313393,-0.0024428428811071566
2015-04-29,treasury_7_10y,-0.04555036924906559,0.18090858114452613,0.009223089382755683
2015-04-30,alternative,0.41992501852261627,-0.45297148824332384,-0.10457088508995994
2015-04-30,corp_bond_ig,0.005894451773833631,0.12036373715446767,0.007123942345429603
2015-04-30,developed_equity,0.42025185698274586,-0.5494366182581851,0.5035174194643672
2015-04-30,emerging_equity,0.6366537695876378,0.1783826352737993,-0.6712359078344794
2015-04-30,korea_equity,0.4896057069660345,0.6431473871782062,0.5329513080359877
2015-04-30,short_treasury,-0.001931101667387859,0.02103741417824016,0.0008290022809709901
2015-04-30,treasury_7_10y,-0.04439719790832137,0.1804087169101375,0.0298154286314396
2015-05-01,alternative,0.4208388254652097,-0.45966637225954204,-0.05639270624369008
2015-05-01,corp_bond_ig,0.004358440234024985,0.12850970359713423,-0.02492478405900058
2015-05-01,developed_equity,0.4165250016879363,-0.5361914365255932,0.4775283275794528
2015-05-01,emerging_equity,0.6385969254567038,0.1685795029509957,-0.6893531351825494
2015-05-01,korea_equity,0.4893653890591589,0.6482674362428154,0.5412080346038837
2015-05-01,short_treasury,-0.0020060241660644755,0.021747082443815242,-0.0027449079355604707
2015-05-01,treasury_7_10y,-0.045760994350234376,0.1885422297229261,-0.006625553253229702
2015-05-04,alternative,0.42044581108350304,-0.4624703422509587,-0.036129152086668184
2015-05-04,corp_bond_ig,0.0035621222742410197,0.12823819134352807,-0.050886189189622885
2015-05-04,developed_equity,0.4170913761850858,-0.5297843214408545,0.4618993100215096
2015-05-04,emerging_equity,0.6381178961790387,0.1627996106101364,-0.697380235107452
2015-05-04,korea_equity,0.48981351149021846,0.6529674024201462,0.5432938387059522
2015-05-04,short_treasury,-0.002018236320681426,0.02188248952813804,-0.006506554110184326
2015-05-04,treasury_7_10y,-0.046169431435566795,0.18882726600944238,-0.03470712866467549
2015-05-05,alternative,0.4207911567315091,-0.46384629435098795,-0.02637835774314434
2015-05-05,corp_bond_ig,0.0041531182472029915,0.12666921417217325,-0.01756692907806335
2015-05-05,developed_equity,0.41944572733423047,-0.526816140874636,0.46765023278282697
2015-05-05,emerging_equity,0.6363748053348054,0.1620908244153977,-0.7027718881346942
2015-05-05,korea_equity,0.489882346687813,0.6551785125151659,0.5351645657003956
2015-05-05,short_treasury,-0.0018817523204624261,0.02183575388160595,-0.002607605743344138
2015-05-05,treasury_7_10y,-0.044963189314999784,0.1877689014266985,-0.0016143984326898522
2015-05-06,alternative,0.4203201334627514,-0.4639852204517326,-0.026381652075285356
2015-05-06,corp_bond_ig,0.00561674732508799,0.1288899556716186,-0.028859730789944485
2015-05-06,developed_equity,0.4186714696410272,-0.526733785094381,0.46444540244414123
2015-05-06,emerging_equity,0.6367997565181224,0.16039270149888965,-0.7026524744294551
2015-05-06,korea_equity,0.490564926309328,0.6541933092323723,0.5374269281376465
2015-05-06,short_treasury,-0.0017029888394329382,0.022287837021379858,-0.004274893416743303
2015-05-06,treasury_7_10y,-0.04292855770415909,0.1909585346400256,-0.013968353445649603
2015-05-07,alternative,0.41974203264430376,-0.4635740773860506,0.02069268115360318
2015-05-07,corp_bond_ig,0.0053184117864645275,0.12229452202985965,0.13855113348165438
2015-05-07,developed_equity,0.417593870702341,-0.5255840181161235,-0.4266038409027316
2015-05-07,emerging_equity,0.6374443275118097,0.1520949457397493,0.6947134918733169
2015-05-07,korea_equity,0.4911218687013884,0.6606183386426365,-0.5468015170360639
2015-05-07,short_treasury,-0.0016475503728945928,0.021952593672192388,0.017277188306769838
2015-05-07,treasury_7_10y,-0.04318593131537582,0.1840466960273947,0.12832506857631443
2015-05-08,alternative,0.4217754405947888,-0.46356838379783044,-0.026410398778107334
2015-05-08,corp_bond_ig,0.007629899859524669,0.11682627073540645,0.503648883557326
2015-05-08,developed_equity,0.4187884799505524,-0.5239922073484735,-0.13625078143328898
2015-05-08,emerging_equity,0.6376529659454506,0.15242495653694785,0.4920733039192722
2015-05-08,korea_equity,0.4882100069263358,0.6642622538579388,-0.4673207820997733
2015-05-08,short_treasury,-0.0010970223473832517,0.020893588879192893,0.06462582416229994
2015-05-08,treasury_7_10y,-0.041375742891673846,0.17881244731625198,0.5122252146523337
2015-05-11,alternative,0.4207172589168836,-0.46310070544338267,-0.005506708582699265
2015-05-11,corp_bond_ig,0.010404703379736202,0.13042903092796795,0.6327573892512632
2015-05-11,developed_equity,0.41735429156683773,-0.5224065987634762,0.05991908479170845
2015-05-11,emerging_equity,0.6380755777734874,0.14973890125943276,0.24618098246644732
2015-05-11,korea_equity,0.48998756563068036,0.6599756430590805,-0.3293733692118152
2015-05-11,short_treasury,-0.0007824795048449732,0.022305300400652563,0.08047872781626707
2015-05-11,treasury_7_10y,-0.03840905895698989,0.19269207474573644,0.6484047714824602
2015-05-12,alternative,0.4205440710165684,-0.4626555643311526,-0.0035742533120243967
2015-05-12,corp_bond_ig,0.011757148156169461,0.13233032825690233,0.6144328201366966
2015-05-12,developed_equity,0.4214003259542414,-0.5185943178614554,0.01840022663917457
2015-05-12,emerging_equity,0.6369484648762331,0.15009692215378737,0.29606447727514795
2015-05-12,korea_equity,0.488167178526157,0.6622372321419371,-0.36536481282723315
2015-05-12,short_treasury,-0.0006909348124578959,0.022567960479778864,0.07812520056886586
2015-05-12,treasury_7_10y,-0.037619151989515306,0.1946840927846578,0.6283882540208264
2015-05-13,alternative,0.4216292911601539,-0.46412450799738947,-0.009815110203749899
2015-05-13,corp_bond_ig,0.0109772309248094,0.12919098495350975,0.5914557283037694
2015-05-13,developed_equity,0.4226079250210595,-0.5192894435621422,-0.0184989677071396
2015-05-13,emerging_equity,0.6361278400972519,0.1558307775862639,0.34921386937669874
2015-05-13,korea_equity,0.48720666837752113,0.6608811575780024,-0.39693594122102527
2015-05-13,short_treasury,-0.0006687013008439213,0.022203397244849894,0.07485204360365126
2015-05-13,treasury_7_10y,-0.038488558386316665,0.1915632473984807,0.603846236083662
2015-05-14,alternative,0.42283059246863725,-0.4623972256335967,-0.002432967558227898
2015-05-14,corp_bond_ig,0.011269076018570856,0.12758653916986154,0.5796336533013903
2015-05-14,developed_equity,0.42209875863279606,-0.5208892109102062,-0.04632350925786633
2015-05-14,emerging_equity,0.6351570584515392,0.15470044716349549,0.3720208390512147
2015-05-14,korea_equity,0.48791261628219423,0.6618050342816839,-0.40945397192700556
2015-05-14,short_treasury,-0.00039618663240231766,0.022214378947385757,0.0738937558972213
2015-05-14,treasury_7_10y,-0.037902097131500875,0.1901927977636598,0.5919127420013962
2015-05-15,alternative,0.4219178072284482,-0.46344080442896934,-0.0038168879758724754
2015-05-15,corp_bond_ig,0.012514089926649041,0.1182827603372322,0.554781648358496
2015-05-15,developed_equity,0.42140429839417004,-0.5197844110863897,-0.10018991093001917
2015-05-15,emerging_equity,0.6360024432687182,0.14678948275590561,0.41734144589630834
2015-05-15,korea_equity,0.4882897299226301,0.6682394829827135,-0.4257581655209494
2015-05-15,short_treasury,-0.000343255959080105,0.021581030816025373,0.06872311328950756
2015-05-15,treasury_7_10y,-0.036346839964645744,0.18027500002212177,0.5674486509701615
2015-05-18,alternative,0.42234956261098155,-0.44868297022430254,-0.02534902043935201
2015-05-18,corp_bond_ig,0.01453055019693128,0.1347320844505828,0.5791124449693245
2015-05-18,developed_equity,0.42365237104180437,-0.5144589502675556,-0.0368691834315335
2015-05-18,emerging_equity,0.6354690021961744,0.13043124495657946,0.3739072852787887
2015-05-18,korea_equity,0.48675541982296455,0.6768997504481503,-0.40962894604657163
2015-05-18,short_treasury,-0.00019776035145269827,0.023382471002315632,0.07118762899852574
2015-05-18,treasury_7_10y,-0.03430230306490087,0.20027612032401237,0.5915713453264103
2015-05-19,alternative,0.4209705586744713,-0.43816801014469464,0.01888080717420725
2015-05-19,corp_bond_ig,0.01357091335902283,0.1398787866532912,0.5576121264139805
2015-05-19,developed_equity,0.4265757779182985,-0.5247569228161602,-0.09750379801907237
2015-05-19,emerging_equity,0.6348880772626686,0.1364788650111598,0.4062200079011447
2015-05-19,korea_equity,0.4861288805141151,0.6724897059524095,-0.43609449715525406
2015-05-19,short_treasury,-0.00033606196769191967,0.023952796096960664,0.06847191688182716
2015-05-19,treasury_7_10y,-0.03504928922906292,0.20403497307863816,0.5650873669607327
2015-05-20,alternative,0.4205584949092706,-0.43611413022584233,0.024586755714409752
2015-05-20,corp_bond_ig,0.013631888409070925,0.14224376028617433,0.5515773753278114
2015-05-20,developed_equity,0.42879621202984014,-0.5222718639516757,-0.10920476336076224
2015-05-20,emerging_equity,0.6345153531551152,0.13484190591773015,0.4143937796912266
2015-05-20,korea_equity,0.4850511932462606,0.6742884107424171,-0.44259003946546294
2015-05-20,short_treasury,-0.00031303978975864843,0.0244205679814806,0.0676499670768612
2015-05-20,treasury_7_10y,-0.034554899418479834,0.2082299536758575,0.5577163655505563
2015-05-21,alternative,0.4186016442907348,-0.43784931757143825,0.03422514714797499
2015-05-21,corp_bond_ig,0.014147033142890009,0.1355625510203149,0.5753976445922098
2015-05-21,developed_equity,0.42870755124112325,-0.5244132795179456,-0.09056031383240168
2015-05-21,emerging_equity,0.6353558940222906,0.13400604539485972,0.37450711616235877
2015-05-21,korea_equity,0.4857235946455616,0.6751948169355021,-0.41482532816562157
2015-05-21,short_treasury,-0.0003126819626373822,0.02378119006129274,0.07070382971658355
2015-05-21,treasury_7_10y,-0.03431821855670688,0.2012219573223963,0.5849874827536565
2015-05-22,alternative,0.4179774614703398,-0.4383732883792352,0.031669415811263875
2015-05-22,corp_bond_ig,0.014157454398409763,0.13453006975013973,0.5792529396214547
2015-05-22,developed_equity,0.4293769435282237,-0.5241586901824541,-0.0839768490281939
2015-05-22,emerging_equity,0.6351167804984252,0.1335233122921673,0.3682108372120025
2015-05-22,korea_equity,0.4859798081866834,0.6758482278760589,-0.40936852305578314
2015-05-22,short_treasury,-0.00033040775753409606,0.023441536417985038,0.07151068063127222
2015-05-22,treasury_7_10y,-0.03435171828295973,0.1995980465748505,0.5900299849294004
2015-05-26,alternative,0.417254992640234,-0.43719634856950235,0.03893224519025288
2015-05-26,corp_bond_ig,0.011242110609661515,0.1361707889445637,0.5774897839366558
2015-05-26,developed_equity,0.4308126255463515,-0.524163520321956,-0.08645894140539442
2015-05-26,emerging_equity,0.6335158052620996,0.1342725175931852,0.3730531074155945
2015-05-26,korea_equity,0.48726939330888075,0.6755764329649134,-0.41008806896669725
2015-05-26,short_treasury,-0.0004321631025702351,0.02351514751009311,0.07075618450243519
2015-05-26,treasury_7_10y,-0.037395772465071864,0.20145442432117003,0.5875094878192954
2015-05-27,alternative,0.4178615063825927,-0.42799340252994394,0.025483937333692933
2015-05-27,corp_bond_ig,0.011504920642237404,0.13811969007341102,0.5668859604838034
2015-05-27,developed_equity,0.43119154361381357,-0.5206342852494186,-0.1020761264305429
2015-05-27,emerging_equity,0.6328808105713212,0.11798879920855816,0.3962759040600078
2015-05-27,korea_equity,0.48723621253400934,0.6867499512163222,-0.41531449628317935
2015-05-27,short_treasury,-0.00041782491796630824,0.02354607779794716,0.06953067251661811
2015-05-27,treasury_7_10y,-0.03736079802495948,0.20145289676181677,0.5772487364863809
2015-05-28,alternative,0.4163811512808594,-0.43009736156580236,0.009154077136065057
2015-05-28,corp_bond_ig,0.010528027435858789,0.13519543661264685,0.5506333262465337
2015-05-28,developed_equity,0.4316230110891784,-0.5216666013212098,-0.11566231859057707
2015-05-28,emerging_equity,0.6351063661171257,0.12288728558985693,0.4267949936194082
2015-05-28,korea_equity,0.4851013359439542,0.6854899862998215,-0.43053872238907553
2015-05-28,short_treasury,-0.0005911497790196346,0.023228685805558053,0.06698689428418272
2015-05-28,treasury_7_10y,-0.03916276189794727,0.19764876027438977,0.5579754196161945
2015-05-29,alternative,0.4164195359860759,-0.42791928490859527,0.0050480622629572305
2015-05-29,corp_bond_ig,0.010780682069914005,0.13533199086154657,0.5470717393121759
2015-05-29,developed_equity,0.43243709390900725,-0.5211908105804288,-0.11859838312165867
2015-05-29,emerging_equity,0.6358166086815381,0.12186189007612379,0.43119204432568203
2015-05-29,korea_equity,0.4834142604607422,0.6875015339220351,-0.43260017871010237
2015-05-29,short_treasury,-0.0006223306303577297,0.02327302124336153,0.06662451834886327
2015-05-29,treasury_7_10y,-0.03904116247333225,0.19718053631992122,0.5559794353024907
2015-06-01,alternative,0.41779174186553864,-0.4221162036517874,0.01816939149785602
2015-06-01,corp_bond_ig,0.011649803415926807,0.14910629004672402,0.5602770965387673
2015-06-01,developed_equity,0.4342029686646507,-0.5175536659066603,-0.10082861170479587
2015-06-01,emerging_equity,0.6346270442237564,0.11885026812260299,0.40764841956371295
2015-06-01,korea_equity,0.4822001127050542,0.6884921103079054,-0.4292554250384485
2015-06-01,short_treasury,-0.0004659641619519626,0.025157095001551562,0.0683037581373246
2015-06-01,treasury_7_10y,-0.038903385927005145,0.2072288015014274,0.5661185230099386
2015-06-02,alternative,0.41846103519580863,-0.42253914079337296,0.01173363578051512
2015-06-02,corp_bond_ig,0.011041351990714876,0.15612559983891797,0.540103274262363
2015-06-02,developed_equity,0.43439718413738904,-0.51237017745244,-0.11408938309080345
2015-06-02,emerging_equity,0.6346094345463789,0.11796130199090636,0.4354866929994164
2015-06-02,korea_equity,0.4814138416569344,0.6883070615274728,-0.4484225804808661
2015-06-02,short_treasury,-0.0004863481412958128,0.025630258805650938,0.0653119416234135
2015-06-02,treasury_7_10y,-0.039735111600447716,0.2149974021877295,0.5478478505982287
2015-06-03,alternative,0.4180313199579631,-0.42924469640809787,-0.005701500167429008
2015-06-03,corp_bond_ig,0.012383806632454197,0.16224837152461546,0.5478693150128056
2015-06-03,developed_equity,0.433900009453396,-0.5065120503209062,-0.07739031474308894
2015-06-03,emerging_equity,0.6347495808937595,0.11938930889587394,0.4201967850826047
2015-06-03,korea_equity,0.4821454756066164,0.6843055812766149,-0.448431066032066
2015-06-03,short_treasury,-0.00039841149649205156,0.026098651072437657,0.06585620388688042
2015-06-03,treasury_7_10y,-0.03815481410493573,0.22284731138176514,0.5584126135577556
2015-06-04,alternative,0.4181925038617444,-0.42611773381476187,0.0017944490379819514
2015-06-04,corp_bond_ig,0.01004915357005609,0.16506998110385687,0.5585850520968862
2015-06-04,developed_equity,0.4345746518435252,-0.5045843186737208,-0.06584671556152692
2015-06-04,emerging_equity,0.6353650287464224,0.1179210896370167,0.4033031458381246
2015-06-04,korea_equity,0.48049089016638596,0.6865889842827971,-0.43961760399142824
2015-06-04,short_treasury,-0.00045758710384406824,0.026320163162799694,0.06715342813766403
2015-06-04,treasury_7_10y,-0.03998113966188281,0.2248725770451812,0.5685218390559819
2015-06-05,alternative,0.41707378936927286,-0.42305978299446895,0.006217480389721294
2015-06-05,corp_bond_ig,0.010436600193758472,0.16981120007447442,0.5716206757500137
2015-06-05,developed_equity,0.43476437243556265,-0.5063376215905078,-0.038023804624176816
2015-06-05,emerging_equity,0.6345839496612665,0.11621552717781627,0.37527428053042106
2015-06-05,korea_equity,0.48238653991240044,0.6842943500286053,-0.429772302712347
2015-06-05,short_treasury,-0.00031411364372117714,0.02704030481399984,0.06917843734964958
2015-06-05,treasury_7_10y,-0.039074420463142884,0.23089132721105873,0.5843326640486275
2015-06-08,alternative,0.41549951140203945,-0.42178366068106954,0.005038283829156022
2015-06-08,corp_bond_ig,0.009756706963244821,0.16916820025020016,0.5707445887696172
2015-06-08,developed_equity,0.4356110167728519,-0.5087059841090188,-0.03739749735953541
2015-06-08,emerging_equity,0.6349670395465049,0.1173688279729678,0.37674344405822535
2015-06-08,korea_equity,0.482485822245724,0.6833561948254251,-0.4305242809530555
2015-06-08,short_treasury,-0.00027715130840818517,0.027204336659900654,0.06914535584766478
2015-06-08,treasury_7_10y,-0.03914355590118295,0.2306678968108067,0.5837454906988172
2015-06-09,alternative,0.4164892924591714,-0.4217588124245957,0.01991598807547837
2015-06-09,corp_bond_ig,0.010519798297797811,0.1693090128280244,0.5712112273428711
2015-06-09,developed_equity,0.4348759428829935,-0.509021430446057,-0.04995775193113501
2015-06-09,emerging_equity,0.6349958197744153,0.11767110031003564,0.3743435497379204
2015-06-09,korea_equity,0.48229388648706967,0.6830010168777294,-0.43089823348971
2015-06-09,short_treasury,-0.00017635667374016307,0.027193787185943424,0.06923965126019302
2015-06-09,treasury_7_10y,-0.03849418445426267,0.23081327236175936,0.5832879220735189
2015-06-10,alternative,0.41877957224574847,-0.42191507271550716,0.024596734186433735
2015-06-10,corp_bond_ig,0.009016241739743025,0.1742103841143375,0.5651286180430017
2015-06-10,developed_equity,0.43781169328886865,-0.502996376988709,-0.05638891081501736
2015-06-10,emerging_equity,0.6333659010083852,0.1210954832931461,0.38384700146588924
2015-06-10,korea_equity,0.47969224553828466,0.6839430363275144,-0.43927050944454554
2015-06-10,short_treasury,-0.00030936893416567436,0.027725294438234797,0.0683433788804387
2015-06-10,treasury_7_10y,-0.04007727255226435,0.23541914376670506,0.576087682592194
2015-06-11,alternative,0.418531296020635,-0.4221712250316672,0.03340178212022385
2015-06-11,corp_bond_ig,0.008331924352822484,0.1731507229518032,0.592356760174237
2015-06-11,developed_equity,0.4375946735737449,-0.5033197741495304,-0.018110625733790867
2015-06-11,emerging_equity,0.6335642442775876,0.1211800042402138,0.3325392243479328
2015-06-11,korea_equity,0.47981013460660304,0.6841440126166981,-0.410911493937175
2015-06-11,short_treasury,-0.00030082927095850207,0.02765095350102735,0.07039790016043196
2015-06-11,treasury_7_10y,-0.04063899052961535,0.23442971268622004,0.6027299054601494
2015-06-12,alternative,0.41869832307928023,-0.4237125660212169,0.024893169200205848
2015-06-12,corp_bond_ig,0.009256666625048982,0.17262728397781935,0.586813159664427
2015-06-12,developed_equity,0.4373423942066634,-0.5007127364592636,-0.024955471120173947
2015-06-12,emerging_equity,0.6330633485146949,0.11743341643886879,0.3455979676265235
2015-06-12,korea_equity,0.4806101727724418,0.6861152365028749,-0.4160222693938331
2015-06-12,short_treasury,-0.00019058348015951775,0.027605039502037312,0.06973608045537857
2015-06-12,treasury_7_10y,-0.039777894314781334,0.2337679929028406,0.5975217698599222
2015-06-15,alternative,0.4191865209566416,-0.4261763603903019,0.031185750031714515
2015-06-15,corp_bond_ig,0.009177843878604652,0.17421188572628607,0.5898448496793627
2015-06-15,developed_equity,0.4375461108616661,-0.5000843918366589,-0.01896140938699237
2015-06-15,emerging_equity,0.6338571098655905,0.1231933302505642,0.33545016969753155
2015-06-15,korea_equity,0.4788906655776843,0.6834074134518412,-0.4143645830987027
2015-06-15,short_treasury,-0.0003721255580007355,0.02750079122260705,0.07035649168534597
2015-06-15,treasury_7_10y,-0.04050413457673888,0.2344375116326238,0.6013119882862915
2015-06-16,alternative,0.4193164668417839,-0.42541608020332167,0.02366545606593835
2015-06-16,corp_bond_ig,0.009018737882353633,0.1727869562492781,0.5935778576490813
2015-06-16,developed_equity,0.43733279642624817,-0.5009418877949617,-0.006887756611962602
2015-06-16,emerging_equity,0.6336632752770262,0.12219830181301766,0.3281653987428086
2015-06-16,korea_equity,0.47921315798801656,0.6843710503368683,-0.40792800402433377
2015-06-16,short_treasury,-0.0003953518895283515,0.027329294730786546,0.07075319114197053
2015-06-16,treasury_7_10y,-0.04071651563625786,0.23276598044240815,0.6065921467103709
2015-06-17,alternative,0.4187831636959459,-0.426346946637194,0.017488745596662345
2015-06-17,corp_bond_ig,0.00919118070154179,0.17203666630491155,0.5927636024893078
2015-06-17,developed_equity,0.436860328087774,-0.5007494563917677,-0.00566517888325459
2015-06-17,emerging_equity,0.6336533840875618,0.1205886539160697,0.3320791905192975
2015-06-17,korea_equity,0.4801549946731811,0.6845323190235862,-0.40888821930022423
2015-06-17,short_treasury,-0.00021743974274709017,0.027520802208272667,0.07006957007636234
2015-06-17,treasury_7_10y,-0.04029591033722743,0.23237498718213645,0.6049111106438919
2015-06-18,alternative,0.41819486707199677,-0.425174924061334,0.007735894925277786
2015-06-18,corp_bond_ig,0.0071528255272038654,0.16860191473586816,0.5961441852682664
2015-06-18,developed_equity,0.4353724329696213,-0.5048603093911102,0.0073773584646124905
2015-06-18,emerging_equity,0.6333811111256976,0.12018471254784906,0.32911243761941833
2015-06-18,korea_equity,0.4822631808148884,0.684126974283014,-0.40142216246036055
2015-06-18,short_treasury,-0.00039242213270153836,0.027325730322874362,0.0700958888921412
2015-06-18,treasury_7_10y,-0.04199015784773628,0.22955384703557355,0.6083828220231876
2015-06-19,alternative,0.428384332727024,-0.458530403354495,-0.06959560204751503
2015-06-19,corp_bond_ig,0.004868621635912285,0.17376173387725596,0.613073806752608
2015-06-19,developed_equity,0.43079232906375,-0.46455372420454494,0.14486846690423502
2015-06-19,emerging_equity,0.6320779487813839,0.12058787208295962,0.2633520233498157
2015-06-19,korea_equity,0.47898340558768904,0.688463043856129,-0.36431902835139257
2015-06-19,short_treasury,-0.0005100493426142361,0.02742721802092191,0.07115033619636633
2015-06-19,treasury_7_10y,-0.04396854447015247,0.23339133752072053,0.6254319099503358
2015-06-22,alternative,0.4290336689447873,-0.4596838402451736,-0.09107316611007407
2015-06-22,corp_bond_ig,0.0018537700418926883,0.17544466605637116,0.6266385293705721
2015-06-22,developed_equity,0.4282366719065969,-0.4671799805627577,0.2498648765760815
2015-06-22,emerging_equity,0.633162215999132,0.12699982662083095,0.16932014457752662
2015-06-22,korea_equity,0.4789891051426204,0.6839475026174341,-0.3050575167347611
2015-06-22,short_treasury,-0.0008165076225073922,0.02751322309056965,0.07228446583066914
2015-06-22,treasury_7_10y,-0.047057475323380143,0.23448386338514096,0.6400335393555833
2015-06-23,alternative,0.42874241518749995,-0.46056030089143263,-0.09244389930572948
2015-06-23,corp_bond_ig,0.0013144189037460619,0.17515780512501322,0.6283911376410394
2015-06-23,developed_equity,0.4272401644245075,-0.4686469880921619,0.26722370468668166
2015-06-23,emerging_equity,0.6337106593070352,0.12893524243296922,0.15048384209184243
2015-06-23,korea_equity,0.4793555330559204,0.6820627838919688,-0.29219659128969894
2015-06-23,short_treasury,-0.0008752074617084888,0.0274949141155731,0.07244516262277612
2015-06-23,treasury_7_10y,-0.047669307167936305,0.23448676910391245,0.6417925357850426
2015-06-24,alternative,0.42797872473307136,-0.449312060355965,-0.0857651039741718
2015-06-24,corp_bond_ig,0.0007918627946499335,0.1733489977116041,0.6294072874728477
2015-06-24,developed_equity,0.42741216279587835,-0.4822336722968819,0.2476366569958927
2015-06-24,emerging_equity,0.63305579616702,0.13068668998942856,0.16569775395688405
2015-06-24,korea_equity,0.48071440789887404,0.6799489434949127,-0.29871503777178476
2015-06-24,short_treasury,-0.0009754273027942517,0.02785607389404738,0.07280039339795231
2015-06-24,treasury_7_10y,-0.04801554688505405,0.2352316840076867,0.642791243555806
2015-06-25,alternative,0.4267940899652631,-0.4539683010866324,-0.10564687752626993
2015-06-25,corp_bond_ig,0.001407225706452131,0.17337466652713043,0.6243019191007473
2015-06-25,developed_equity,0.42795522335481323,-0.4782628947775192,0.2687952518306283
2015-06-25,emerging_equity,0.6335966133493316,0.1304402847345264,0.16030021232586603
2015-06-25,korea_equity,0.4806620587831041,0.6795898894294866,-0.29590177524489086
2015-06-25,short_treasury,-0.0008885467658834747,0.02786033076986429,0.07208907131306397
2015-06-25,treasury_7_10y,-0.04709223474370157,0.23555323467772235,0.6390493805660146
2015-06-26,alternative,0.425459277454138,-0.45169147476808996,-0.09408159971018731
2015-06-26,corp_bond_ig,0.0017177178844829388,0.17810111978433896,0.6216097227289034
2015-06-26,developed_equity,0.42711614851710206,-0.48243929882419617,0.24441983561242972
2015-06-26,emerging_equity,0.6349902942687465,0.133798463455233,0.18533231762275199
2015-06-26,korea_equity,0.4807766233613973,0.6744545611954786,-0.3188492267992226
2015-06-26,short_treasury,-0.0008406335887873802,0.028449028994525498,0.07181765804786597
2015-06-26,treasury_7_10y,-0.04683701846041628,0.24063830641091133,0.6354827108353913
2015-06-29,alternative,0.43513514935848097,-0.44886963235821054,-0.07592476601183962
2015-06-29,corp_bond_ig,-0.0066433833370264095,0.19528462410972558,0.6114060178501297
2015-06-29,developed_equity,0.4347170091897126,-0.4714805094659497,0.2386672748352973
2015-06-29,emerging_equity,0.6279066416920911,0.15855868094258768,0.21645395953910637
2015-06-29,korea_equity,0.4735501773989675,0.6681029388269705,-0.35420993759074026
2015-06-29,short_treasury,-0.0023093918952165585,0.030974825489037405,0.07101352738007412
2015-06-29,treasury_7_10y,-0.05579009486639525,0.2561723364086971,0.621366337683522
2015-06-30,alternative,0.4350466374951195,-0.4485367694559128,-0.07995908517352136
2015-06-30,corp_bond_ig,-0.007093054226805173,0.194440944276118,0.61386601088191
2015-06-30,developed_equity,0.4327672184112825,-0.4737622576112483,0.25529979251996077
2015-06-30,emerging_equity,0.6295957425706253,0.15951616595993298,0.19947423283177473
2015-06-30,korea_equity,0.47310358405937925,0.6670236887587534,-0.34154196116504587
2015-06-30,short_treasury,-0.0023085838797370297,0.030934701838906228,0.07124192725300799
2015-06-30,treasury_7_10y,-0.05633397360447781,0.25540917084631914,0.6245644789150233
2015-07-01,alternative,0.4354290152325231,-0.44932021808820494,-0.0649979654244999
2015-07-01,corp_bond_ig,-0.006293582906337081,0.19371720155600075,0.6000460609706975
2015-07-01,developed_equity,0.43292258779089005,-0.4744276931182108,0.1891368260481288
2015-07-01,emerging_equity,0.6283548594752901,0.16033359798116176,0.2669419373097392
2015-07-01,korea_equity,0.47428087853216355,0.6661290520008362,-0.385720724087688
2015-07-01,short_treasury,-0.0023478357435606986,0.030928237289711686,0.07088752608595768
2015-07-01,treasury_7_10y,-0.056234357719669704,0.2551705684792961,0.6122774975423078
2015-07-02,alternative,0.4349421767168316,-0.45116169668072803,-0.0704511973200475
2015-07-02,corp_bond_ig,-0.005377302538190243,0.19522941361088203,0.5964954517520578
2015-07-02,developed_equity,0.4331379033215038,-0.47355380236655353,0.1896800463774269
2015-07-02,emerging_equity,0.6285438689090896,0.16154051436848646,0.2731159054686778
2015-07-02,korea_equity,0.47440375710614235,0.6642230315985634,-0.3925117371131404
2015-07-02,short_treasury,-0.0021859891672774668,0.03145999610476982,0.07135605819943576
2015-07-02,treasury_7_10y,-0.05528874920106147,0.25653087714769063,0.6078666269900213
2015-07-06,alternative,0.4349723854521308,-0.4510962410792851,-0.0867308856237582
2015-07-06,corp_bond_ig,-0.008472550841220006,0.1890776719801167,0.5979091049932265
2015-07-06,developed_equity,0.42648475801962477,-0.48062203522344327,0.2088982718778126
2015-07-06,emerging_equity,0.6272171283111581,0.15500841255727937,0.27073937896258715
2015-07-06,korea_equity,0.48165554682582856,0.6650128918906719,-0.37397444124232093
2015-07-06,short_treasury,-0.002278213196635216,0.030888587506015436,0.0710609478262949
2015-07-06,treasury_7_10y,-0.05864647357612129,0.2500808175729488,0.6108499122714655
2015-07-07,alternative,0.43446019195557567,-0.4503305610244765,-0.1043666666880711
2015-07-07,corp_bond_ig,-0.009048754107428336,0.18502981790273076,0.6098865031529876
2015-07-07,developed_equity,0.42346917939401446,-0.48694395235449645,0.2689409075452871
2015-07-07,emerging_equity,0.6302172410776318,0.15787721499258456,0.20914616870635178
2015-07-07,korea_equity,0.4808440139202891,0.6625836989293606,-0.32882444368448
2015-07-07,short_treasury,-0.0022900523647742675,0.03069543178970576,0.07215412986726438
2015-07-07,treasury_7_10y,-0.058705491600678214,0.2469156878899327,0.6226901214079954
2015-07-08,alternative,0.4324819530175154,-0.4426450737562118,-0.10672538621349308
2015-07-08,corp_bond_ig,-0.008821177842441075,0.18117611485523522,0.614815733602347
2015-07-08,developed_equity,0.42588876307085777,-0.48839630125021266,0.2728205375691734
2015-07-08,emerging_equity,0.6318991525616181,0.14940523314113274,0.19273901735750043
2015-07-08,korea_equity,0.4783304932152564,0.6709007365851912,-0.31258144243882746
2015-07-08,short_treasury,-0.003038276636569122,0.030902498287431433,0.0729264144677163
2015-07-08,treasury_7_10y,-0.05826214682828188,0.24356707611973824,0.6292904822392167
2015-07-09,alternative,0.43716170032338025,-0.44136417268504374,-0.09195566816076936
2015-07-09,corp_bond_ig,-0.013189897645461857,0.18813644053371187,0.6133799040171334
2015-07-09,developed_equity,0.42784831554470676,-0.4830753256495407,0.26416253055201305
2015-07-09,emerging_equity,0.6292573370195972,0.1576804118868371,0.20549636195796198
2015-07-09,korea_equity,0.47525308496652463,0.6698894941936365,-0.3263984247053825
2015-07-09,short_treasury,-0.003484471348548615,0.031533307062397334,0.07262424065167346
2015-07-09,treasury_7_10y,-0.06179854975852685,0.24865876293394962,0.6256903700194291
2015-07-10,alternative,0.44465639212593,-0.4454664037201795,-0.09796848625729779
2015-07-10,corp_bond_ig,-0.01757006843324116,0.19504875732493576,0.6116748928648238
2015-07-10,developed_equity,0.4277969989226686,-0.4643264913664593,0.2921919854669212
2015-07-10,emerging_equity,0.6293557839444808,0.15931015956211755,0.1903806921825451
2015-07-10,korea_equity,0.4675808519502479,0.6766811845715327,-0.3203544962678292
2015-07-10,short_treasury,-0.0039935155627812595,0.03214289885541808,0.07213236749586315
2015-07-10,treasury_7_10y,-0.06500160988867196,0.25220280806972056,0.6219364558318485
2015-07-13,alternative,0.44495181463165995,-0.44895634144057445,-0.08171961044903607
2015-07-13,corp_bond_ig,-0.017595096362857277,0.1979643078013749,0.6144137568521604
2015-07-13,developed_equity,0.4279286901335689,-0.4593307801245988,0.29149998521924053
2015-07-13,emerging_equity,0.6297965462845593,0.1609030630226376,0.1779260292962715
2015-07-13,korea_equity,0.466550059580357,0.6756315973675425,-0.31818912677590405
2015-07-13,short_treasury,-0.00404780952458269,0.032473705038670614,0.07274460586366288
2015-07-13,treasury_7_10y,-0.06524031600323443,0.254639309959641,0.6266192059730094
2015-07-14,alternative,0.44429272606990083,-0.44615400019511076,-0.0886515283234228
2015-07-14,corp_bond_ig,-0.017092267168330122,0.19083352342801507,0.6151328343913437
2015-07-14,developed_equity,0.4285938819410798,-0.4643258306035117,0.2833452047676949
2015-07-14,emerging_equity,0.630176633130298,0.1575828234355817,0.18132340699891875
2015-07-14,korea_equity,0.46614467839889584,0.6804392350984775,-0.3102650312010297
2015-07-14,short_treasury,-0.0040024763290808065,0.0313037059496187,0.07353281433505052
2015-07-14,treasury_7_10y,-0.0647274467848525,0.24519558839995012,0.6315998378869666
2015-07-15,alternative,0.4436603458941307,-0.4467714493581798,-0.0895326456629312
2015-07-15,corp_bond_ig,-0.01750568164162636,0.18858351528091366,0.6176077674712989
2015-07-15,developed_equity,0.4277099636171738,-0.4667189230451657,0.2950725721986792
2015-07-15,emerging_equity,0.6309556445741825,0.1586219456530858,0.16515499390211008
2015-07-15,korea_equity,0.46642056280735245,0.6796687087918233,-0.29624697949812845
2015-07-15,short_treasury,-0.004039232925019227,0.03097271547712893,0.07374028474940592
2015-07-15,treasury_7_10y,-0.06522080482320211,0.2427657146647854,0.6348233247040282
2015-07-16,alternative,0.44445217216867144,-0.44545704660444585,-0.08379188101918687
2015-07-16,corp_bond_ig,-0.016995127910451546,0.18809241946643931,0.618275976751457
2015-07-16,developed_equity,0.426809617561189,-0.46880942582642154,0.28321866280971775
2015-07-16,emerging_equity,0.6306482280055447,0.15837079884221442,0.1730538706734409
2015-07-16,korea_equity,0.4669563262251061,0.6794523022105723,-0.3011617692733711
2015-07-16,short_treasury,-0.004157885925774064,0.030913362056841958,0.07407239559434625
2015-07-16,treasury_7_10y,-0.06499458850993561,0.24231097120679862,0.6358994834622544
2015-07-17,alternative,0.4456135729585283,-0.4482423435881228,-0.08966029804710007
2015-07-17,corp_bond_ig,-0.01550112540231574,0.18494538944765798,0.6171374644927493
2015-07-17,developed_equity,0.42517642591965965,-0.4682513597793825,0.2760889012388484
2015-07-17,emerging_equity,0.629709160895184,0.15531604759765225,0.18361913852450878
2015-07-17,korea_equity,0.4689071722033809,0.6806027151750393,-0.3052374172335552
2015-07-17,short_treasury,-0.0038332234291497454,0.0306014809500288,0.07375820512741964
2015-07-17,treasury_7_10y,-0.06317442906457844,0.23944746233801148,0.6344691936972026
2015-07-20,alternative,0.4464340758517471,-0.4483716773718947,-0.09086191857274029
2015-07-20,corp_bond_ig,-0.014807665792484381,0.18645199346909266,0.6166613144560781
2015-07-20,developed_equity,0.4244215225736277,-0.4673867989948558,0.28084811118191216
2015-07-20,emerging_equity,0.6298341666488202,0.15500492561892318,0.17991467207261574
2015-07-20,korea_equity,0.46874691439009103,0.6802317498247512,-0.3048322799664313
2015-07-20,short_treasury,-0.0034476820577471405,0.031004504256331233,0.07367939166325131
2015-07-20,treasury_7_10y,-0.06258663106800041,0.24092536908243264,0.6339373885169877
2015-07-21,alternative,0.4464618312347679,-0.4471813349169363,-0.08924512253779243
2015-07-21,corp_bond_ig,-0.014737907642101145,0.18756311040299112,0.6167987765877028
2015-07-21,developed_equity,0.42443306232423017,-0.46700879003736495,0.28061714338143445
2015-07-21,emerging_equity,0.6297285333868443,0.15345146669892507,0.17925474142805164
2015-07-21,korea_equity,0.4688650328553708,0.6808760994155781,-0.3053395426772827
2015-07-21,short_treasury,-0.003447025717758942,0.031045992351969674,0.0736616309789042
2015-07-21,treasury_7_10y,-0.06250500902002525,0.24217401660202298,0.6340804851265246
2015-07-22,alternative,0.4463140330157724,-0.4473348909219391,-0.08858943813706041
2015-07-22,corp_bond_ig,-0.01534883323123526,0.18668414121643329,0.6175104135571534
2015-07-22,developed_equity,0.4245173500222936,-0.46776841709662054,0.28106449109931153
2015-07-22,emerging_equity,0.6301672921713348,0.1551809603050007,0.17772498370805911
2015-07-22,korea_equity,0.4682511400642533,0.6804303030826919,-0.3033593630649794
2015-07-22,short_treasury,-0.0034082249863757997,0.031175925043753654,0.07368103070367141
2015-07-22,treasury_7_10y,-0.06302106386044626,0.24123591907579142,0.6346602123682745
2015-07-23,alternative,0.4458293992057627,-0.4460307124916579,-0.09963977373831329
2015-07-23,corp_bond_ig,-0.015916662406972204,0.18331432579916174,0.6183291765160635
2015-07-23,developed_equity,0.42288138953587046,-0.4736206416443947,0.3037860490796415
2015-07-23,emerging_equity,0.6306535369782597,0.15577831237902479,0.1568998365770649
2015-07-23,korea_equity,0.46944157040608253,0.6795119361889768,-0.28201014076345693
2015-07-23,short_treasury,-0.0034377655997854715,0.03099426801870019,0.07338744063973328
2015-07-23,treasury_7_10y,-0.06358495958185108,0.23700622480933253,0.6371200724258668
2015-07-24,alternative,0.4454105746745582,-0.4471470869000634,-0.10385265238800748
2015-07-24,corp_bond_ig,-0.015422820289490935,0.18277034381127077,0.6162712708391397
2015-07-24,developed_equity,0.42328122408117935,-0.47340774393711177,0.2978087906966571
2015-07-24,emerging_equity,0.6291252220444012,0.15392047721689373,0.16905481531798297
2015-07-24,korea_equity,0.471615396081521,0.6796773298952505,-0.2891670317060026
2015-07-24,short_treasury,-0.003468950492981403,0.03088212045508745,0.07323028513617567
2015-07-24,treasury_7_10y,-0.06303095645527663,0.2365017983784822,0.6349602302861963
2015-07-27,alternative,0.44657647665479466,-0.444369672320629,-0.10749999092187625
2015-07-27,corp_bond_ig,-0.015250385929212462,0.17508165465045455,0.6136940731840966
2015-07-27,developed_equity,0.4239714623218224,-0.464650980819897,0.2514171813147934
2015-07-27,emerging_equity,0.6311152305108257,0.14013109204528634,0.21684481388894608
2015-07-27,korea_equity,0.4671560104920745,0.694458721502265,-0.31191871502144775
2015-07-27,short_treasury,-0.003640576988648545,0.030682242867846002,0.07297043055746127
2015-07-27,treasury_7_10y,-0.06348739435416902,0.23050040280628029,0.6316431711048015
2015-07-28,alternative,0.44864525441865716,-0.4408172914625095,-0.10175326000324016
2015-07-28,corp_bond_ig,-0.015327847484985613,0.18282711057413517,0.6076645720420935
2015-07-28,developed_equity,0.42771237702585063,-0.4625854921440713,0.2387883472484999
2015-07-28,emerging_equity,0.6273752416807831,0.14464648268955244,0.2376348302106278
2015-07-28,korea_equity,0.46672913773915503,0.6922436734697845,-0.33429697843618283
2015-07-28,short_treasury,-0.003668162163628624,0.0321611054528142,0.07188892833559346
2015-07-28,treasury_7_10y,-0.06399514056220765,0.23897861939355122,0.6244816785494252
2015-07-29,alternative,0.4483774204853243,-0.4426760445024697,-0.10327094339510104
2015-07-29,corp_bond_ig,-0.015494135228299344,0.18359283085592365,0.611198503913998
2015-07-29,developed_equity,0.4274369750626953,-0.4668101044611381,0.26679311394025307
2015-07-29,emerging_equity,0.627973001650229,0.1537108950910176,0.2083215424013623
2015-07-29,korea_equity,0.4664030801546139,0.6857668269323531,-0.3183848931698528
2015-07-29,short_treasury,-0.00372175102252144,0.03222684389293344,0.07218580902435262
2015-07-29,treasury_7_10y,-0.0641831559813269,0.2397460506391908,0.6281841602315981
2015-07-30,alternative,0.4463022665326346,-0.4370476719055651,-0.13776791014325665
2015-07-30,corp_bond_ig,-0.01583040904897104,0.1846563557320407,0.6075888741681078
2015-07-30,developed_equity,0.42482677167714533,-0.47389483666491383,0.3167269371994974
2015-07-30,emerging_equity,0.6276666274231679,0.14761001301068488,0.18526064755937868
2015-07-30,korea_equity,0.4711063137021266,0.684444252662064,-0.29600003538963654
2015-07-30,short_treasury,-0.003605377830116816,0.03295941373312266,0.07090856369836422
2015-07-30,treasury_7_10y,-0.06454724133122108,0.24284989737540366,0.620140514144629
2015-07-31,alternative,0.44323706440358385,-0.43713188091683647,-0.12630864861068192
2015-07-31,corp_bond_ig,-0.01648786083127851,0.19078629346024029,0.6037719248615709
2015-07-31,developed_equity,0.42220071367587764,-0.47421089489875456,0.2920657749449523
2015-07-31,emerging_equity,0.6316096913192434,0.14719757948273784,0.21320395583324714
2015-07-31,korea_equity,0.47105437453778465,0.6801387980906322,-0.3225917663749233
2015-07-31,short_treasury,-0.0032109479348551495,0.033776185511225104,0.07111762909577853
2015-07-31,treasury_7_10y,-0.0646705221060348,0.2494866595465562,0.6161364130262535
2015-08-03,alternative,0.44215010618004263,-0.4335348109784071,-0.12735679283242762
2015-08-03,corp_bond_ig,-0.016298617646473,0.1886844789913355,0.6065014764663632
2015-08-03,developed_equity,0.42048552962651686,-0.4796239287677099,0.29231451058372376
2015-08-03,emerging_equity,0.6325029153189307,0.14309317617895417,0.2084108770559609
2015-08-03,korea_equity,0.47240210601747035,0.6815197069891106,-0.3137072128316536
2015-08-03,short_treasury,-0.0031755682817171055,0.03300790200281403,0.07134781380248585
2015-08-03,treasury_7_10y,-0.0647748882816424,0.24570781903102076,0.6193146322133236
2015-08-04,alternative,0.4422335555880137,-0.4334158632990263,-0.13258884340148755
2015-08-04,corp_bond_ig,-0.017189045945695702,0.18602943497006547,0.6071626767008406
2015-08-04,developed_equity,0.4192921194356456,-0.4820781743829265,0.30027999035951936
2015-08-04,emerging_equity,0.6317281732660954,0.1421818974036341,0.20368900916624125
2015-08-04,korea_equity,0.47424961851358594,0.6816812876608925,-0.30473072436868065
2015-08-04,short_treasury,-0.0034102221633348652,0.03242053044827561,0.07280441736772264
2015-08-04,treasury_7_10y,-0.06575197652558708,0.24328627552380463,0.6196411058015548
2015-08-05,alternative,0.44369541733961754,-0.4297725478610003,-0.1270505825125341
2015-08-05,corp_bond_ig,-0.016901512441851008,0.1881828558871809,0.6082598457561337
2015-08-05,developed_equity,0.41790225593139374,-0.4834307340427723,0.29637433030396093
2015-08-05,emerging_equity,0.6322355267415878,0.14146380094967514,0.20456252621488188
2015-08-05,korea_equity,0.4733798049071095,0.6819114242398214,-0.30675066869618994
2015-08-05,short_treasury,-0.003450944274467025,0.032406955634693105,0.0727807922956905
2015-08-05,treasury_7_10y,-0.06621412245103912,0.24517766410636627,0.6203237237577376
2015-08-06,alternative,0.4430726914700469,-0.4294455823040369,-0.12222361675272582
2015-08-06,corp_bond_ig,-0.017619745090421413,0.18857213561547015,0.6081083123280828
2015-08-06,developed_equity,0.41895486043615027,-0.48378628003798185,0.2889451195824255
2015-08-06,emerging_equity,0.6313426969720184,0.14205173127826487,0.21075221350172357
2015-08-06,korea_equity,0.47411049668815625,0.681525200983595,-0.3111262127228814
2015-08-06,short_treasury,-0.003478717358044963,0.03242925078533433,0.0728851764911214
2015-08-06,treasury_7_10y,-0.06683183380032567,0.2454810104969392,0.6206835918272449
2015-08-07,alternative,0.44256712777435603,-0.4299996391921111,-0.12647386719746948
2015-08-07,corp_bond_ig,-0.017231109660687305,0.18909693079664455,0.6093571263568504
2015-08-07,developed_equity,0.41889498997031743,-0.4827354000245973,0.3036770224888845
2015-08-07,emerging_equity,0.6318740917716527,0.14071452273001664,0.19559562144772727
2015-08-07,korea_equity,0.47402360062801924,0.6819463934263842,-0.30149051874081473
2015-08-07,short_treasury,-0.003396641425123715,0.03221352968693745,0.07216161275324842
2015-08-07,treasury_7_10y,-0.06625431815068519,0.24580484680281367,0.6213751210913149
2015-08-10,alternative,0.44447070872235434,-0.43078395791185464,-0.13298820470162515
2015-08-10,corp_bond_ig,-0.018791311084858542,0.19003085577846457,0.6085592445718349
2015-08-10,developed_equity,0.4169518642596352,-0.48145294275009365,0.3229772601166902
2015-08-10,emerging_equity,0.6315328291940432,0.1413237371632002,0.183593138481601
2015-08-10,korea_equity,0.47419353382579094,0.6816918012508065,-0.2911831852221733
2015-08-10,short_treasury,-0.003272601407377374,0.0321868392961106,0.07167973331439693
2015-08-10,treasury_7_10y,-0.06737868219236552,0.24658551492932304,0.6196962164498298
2015-08-11,alternative,0.4408164543930659,-0.42976280884276963,-0.1437666972367689
2015-08-11,corp_bond_ig,-0.021087856931391147,0.17368074722642174,0.6105481795295193
2015-08-11,developed_equity,0.4110672431730737,-0.4939014578856671,0.3007076665119383
2015-08-11,emerging_equity,0.629420908926153,0.12550242979619838,0.20831211026958257
2015-08-11,korea_equity,0.48498655454600936,0.6870957550690207,-0.2775939765152193
2015-08-11,short_treasury,-0.003927152334384151,0.0292445276453019,0.07370684081876062
2015-08-11,treasury_7_10y,-0.06972672520034871,0.22911481218167307,0.6247014543554256
2015-08-12,alternative,0.44105135406479434,-0.4269587274612149,-0.1454679053785245
2015-08-12,corp_bond_ig,-0.020681351397753178,0.17097041053838197,0.608140255468586
2015-08-12,developed_equity,0.4117930256546191,-0.49156487812607963,0.27302395621584186
2015-08-12,emerging_equity,0.6306820030588507,0.12003520711380697,0.23690650909414052
2015-08-12,korea_equity,0.4825809392912323,0.6929571356090052,-0.2935759409641711
2015-08-12,short_treasury,-0.003911600256676397,0.028955920112202434,0.07348988486763851
2015-08-12,treasury_7_10y,-0.06937604945575862,0.22672195815600343,0.6218923919566864
2015-08-13,alternative,0.4416775858742161,-0.4264993990726694,-0.14903233343327518
2015-08-13,corp_bond_ig,-0.021304522562800132,0.1702103529024087,0.6064963661652423
2015-08-13,developed_equity,0.41142664015604213,-0.49245071743510116,0.2675162662290105
2015-08-13,emerging_equity,0.6306305503776931,0.12110009677722397,0.2477597428272054
2015-08-13,korea_equity,0.4822370346829349,0.6930067456902823,-0.2982487645093688
2015-08-13,short_treasury,-0.00404406461063829,0.02884107780718042,0.07355081731298696
2015-08-13,treasury_7_10y,-0.070223529365658,0.22552959555760288,0.6185787179479282
2015-08-14,alternative,0.44225787969868124,-0.4255469794914552,-0.14882068034759688
2015-08-14,corp_bond_ig,-0.021447145261281553,0.16960769362195652,0.6059134373761205
2015-08-14,developed_equity,0.4109727996244994,-0.4948820858706534,0.26342899243393475
2015-08-14,emerging_equity,0.6310711054294725,0.12379354161224713,0.25223826138905886
2015-08-14,korea_equity,0.48143936054393555,0.6918637330742193,-0.30041327073184065
2015-08-14,short_treasury,-0.004123619452623933,0.028738540087535364,0.07357403439219463
2015-08-14,treasury_7_10y,-0.07069472078628004,0.22451848436062252,0.6180947056690044
2015-08-17,alternative,0.4419180068443078,-0.42364068932906607,-0.16159057790287798
2015-08-17,corp_bond_ig,-0.02189394933052702,0.1629134562783076,0.6075644587397203
2015-08-17,developed_equity,0.40892082391637147,-0.5013192618447566,0.27401711800736134
2015-08-17,emerging_equity,0.6313772844874467,0.12201148744106816,0.24480857955454138
2015-08-17,korea_equity,0.48308327978995347,0.6920941129424419,-0.28545256057336976
2015-08-17,short_treasury,-0.0042302117367846,0.02784093805238033,0.07422472137240534
2015-08-17,treasury_7_10y,-0.07062764831369493,0.21911318477643754,0.6186637361475515
2015-08-18,alternative,0.4419383935531024,-0.42603963134478645,-0.15499459697890602
2015-08-18,corp_bond_ig,-0.020810398195073132,0.1645103103633197,0.6076000926906662
2015-08-18,developed_equity,0.4068561699716683,-0.5029318474267692,0.26435553670560963
2015-08-18,emerging_equity,0.6317697033781351,0.12390062500428613,0.252200662843408
2015-08-18,korea_equity,0.48448097020955155,0.6883808707549149,-0.2939436450150155
2015-08-18,short_treasury,-0.0042003774246580396,0.02806724379426918,0.07407953083839114
2015-08-18,treasury_7_10y,-0.06966368361245771,0.22017899282108128,0.6175913979405205
2015-08-19,alternative,0.44229476633739173,-0.4233787722034327,-0.1481529444338743
2015-08-19,corp_bond_ig,-0.02217364011526124,0.16824912769213912,0.6082896725738094
2015-08-19,developed_equity,0.4082762781116636,-0.5018359771651482,0.26473908472189217
2015-08-19,emerging_equity,0.6316438192504611,0.12589227402859274,0.2506982885025765
2015-08-19,korea_equity,0.4828550147492176,0.6883809851796022,-0.2965382390410351
2015-08-19,short_treasury,-0.0044625675792035685,0.028638287862740412,0.07429019913482593
2015-08-19,treasury_7_10y,-0.07107289153188238,0.22375410912966573,0.6177734241265675
2015-08-20,alternative,0.45184218842008234,-0.43225848489336943,-0.15330557785282922
2015-08-20,corp_bond_ig,-0.022364818345274706,0.1657202914306155,0.5997022887771384
2015-08-20,developed_equity,0.4129581621389026,-0.4997104721169235,0.25485382272936347
2015-08-20,emerging_equity,0.6223677947925715,0.14861817755600087,0.2783454492063819
2015-08-20,korea_equity,0.4820496118876861,0.6817819617900264,-0.31573087667883915
2015-08-20,short_treasury,-0.004204935118850099,0.02762794009843483,0.07281659545587199
2015-08-20,treasury_7_10y,-0.0712237754657951,0.21977607264239588,0.6078154831187073
2015-08-21,alternative,0.44864572152256244,-0.4272824297029461,-0.16311053486579855
2015-08-21,corp_bond_ig,-0.021730885338693495,0.1774414601776556,0.5933239585339858
2015-08-21,developed_equity,0.42063131120617825,-0.49714059539213235,0.27692769226914493
2015-08-21,emerging_equity,0.6212418828519217,0.1535768447223578,0.27053603203726756
2015-08-21,korea_equity,0.4798461261390342,0.6791009966429974,-0.3234297729346455
2015-08-21,short_treasury,-0.004788923076679349,0.028974557781189507,0.07171383448683732
2015-08-21,treasury_7_10y,-0.07139586578083032,0.2306337920065548,0.6014426408162377
2015-08-24,alternative,0.4613323111443096,-0.42983346179315585,-0.150708700211377
2015-08-24,corp_bond_ig,-0.017696104359203546,0.15952534873567206,0.6037268593623502
2015-08-24,developed_equity,0.42921024830360033,-0.48382997688612733,0.2397435858806955
2015-08-24,emerging_equity,0.6189576301432435,0.16361361890117293,0.2701333531422088
2015-08-24,korea_equity,0.4635412520940072,0.6949317414085053,-0.3189003622487837
2015-08-24,short_treasury,-0.004907186608484047,0.027709387151011018,0.07254534276749734
2015-08-24,treasury_7_10y,-0.06807928135702729,0.21268770546687332,0.6126919974298857
2015-08-25,alternative,0.4616649998450523,-0.42872317743052274,-0.15582962767299555
2015-08-25,corp_bond_ig,-0.0198078863880915,0.15460270343685953,0.6015113897820531
2015-08-25,developed_equity,0.426507158401202,-0.4869178917909231,0.23023959758019016
2015-08-25,emerging_equity,0.6176029776059717,0.15800175369717467,0.2870256312413039
2015-08-25,korea_equity,0.4671531219199334,0.6972915616858912,-0.3182425678727284
2015-08-25,short_treasury,-0.004994017660826224,0.02713568690039131,0.07240921223328671
2015-08-25,treasury_7_10y,-0.06981620089734132,0.20806005432203342,0.6099063565793762
2015-08-26,alternative,0.46308069766772164,-0.4273027064616766,-0.15505617048177786
2015-08-26,corp_bond_ig,-0.01952768534867988,0.15458621422331642,0.6000658426810281
2015-08-26,developed_equity,0.4270038248982164,-0.4882302269599579,0.22887197980008298
2015-08-26,emerging_equity,0.6154427422333946,0.1599068237958865,0.29139790900590856
2015-08-26,korea_equity,0.46789727099092127,0.6967393295173228,-0.31969498283098363
2015-08-26,short_treasury,-0.0052915339864727205,0.027031825575024628,0.07237854507478213
2015-08-26,treasury_7_10y,-0.07153352343028253,0.20832700189510306,0.6092125311399657
2015-08-27,alternative,0.4575295710006388,-0.4319292066305228,-0.16810791503856115
2015-08-27,corp_bond_ig,-0.017765085441927897,0.15625478119288827,0.5928430719421934
2015-08-27,developed_equity,0.4269141292106751,-0.4883479123353645,0.23096695751139587
2015-08-27,emerging_equity,0.6205543816999589,0.1611482454056076,0.2987400515894148
2015-08-27,korea_equity,0.4671684944232736,0.6924704587740885,-0.3312026259761128
2015-08-27,short_treasury,-0.004972826086919715,0.027271678594737392,0.07150508124515262
2015-08-27,treasury_7_10y,-0.0688225824238385,0.21049960238941462,0.6023929871508009
2015-08-28,alternative,0.4571577662452454,-0.4337025774710904,-0.16823504627812516
2015-08-28,corp_bond_ig,-0.017739188597457933,0.1552105924507436,0.590856155354194
2015-08-28,developed_equity,0.426662176511046,-0.490303312418107,0.22811481120091895
2015-08-28,emerging_equity,0.6208417333588337,0.16528414556766777,0.3035798493302563
2015-08-28,korea_equity,0.4673992752418108,0.6893080174336873,-0.33545799894786893
2015-08-28,short_treasury,-0.004910423588383711,0.027362033016456348,0.0714337669898079
2015-08-28,treasury_7_10y,-0.06870831425693676,0.2102411367755252,0.6006280286090406
2015-08-31,alternative,0.45741314659400106,-0.43448632993142905,-0.1682267543356906
2015-08-31,corp_bond_ig,-0.01757657497698417,0.15326091631533983,0.5934210970654237
2015-08-31,developed_equity,0.4271499006155728,-0.4929290451961018,0.23430326064236484
2015-08-31,emerging_equity,0.6203975298429275,0.16983166517575152,0.29474300965900463
2015-08-31,korea_equity,0.4673207452279472,0.6869432881070975,-0.3291642883167497
2015-08-31,short_treasury,-0.004885188783459121,0.027164776826587723,0.07166236946628522
2015-08-31,treasury_7_10y,-0.06856821941759622,0.20804296758881805,0.6035686183792703
2015-09-01,alternative,0.4601717275133579,-0.42667806340587217,-0.1668956705889896
2015-09-01,corp_bond_ig,-0.01987518955347778,0.1426817929076858,0.5818668650297836
2015-09-01,developed_equity,0.4302611814038372,-0.5022432421074835,0.17866496374686408
2015-09-01,emerging_equity,0.6215394908024388,0.17963422325430023,0.3460641010953663
2015-09-01,korea_equity,0.460077051470866,0.6891308365032356,-0.3532163959182445
2015-09-01,short_treasury,-0.004737444788313773,0.025202676382916744,0.07075223288740647
2015-09-01,treasury_7_10y,-0.0686847764381346,0.1937382849556097,0.5934033656606799
2015-09-02,alternative,0.4604701858174127,-0.4285927031483119,-0.1562585122193646
2015-09-02,corp_bond_ig,-0.02041944598052725,0.1440344871590368,0.5881756689239445
2015-09-02,developed_equity,0.4307593312741002,-0.5020542611811766,0.18498772782363423
2015-09-02,emerging_equity,0.618996023291855,0.1816990959482087,0.3336886536263968
2015-09-02,korea_equity,0.46262364696658365,0.6868095907525913,-0.3468409673567873
2015-09-02,short_treasury,-0.004651959882856367,0.0254091265081765,0.07120570320330531
2015-09-02,treasury_7_10y,-0.06926973657284431,0.19528512748960625,0.5989116579553645
2015-09-03,alternative,0.46052317260753517,-0.42947412555458114,-0.15776498288372065
2015-09-03,corp_bond_ig,-0.020403514500078046,0.14224700913884722,0.5832441461377562
2015-09-03,developed_equity,0.43073648375329815,-0.5005401258451807,0.1726566773237833
2015-09-03,emerging_equity,0.6191230956114376,0.179940332868396,0.34812254230103923
2015-09-03,korea_equity,0.46242337695073105,0.6886042289835742,-0.35430636848935015
2015-09-03,short_treasury,-0.004655507977670092,0.025288472171395446,0.07071996494888676
2015-09-03,treasury_7_10y,-0.06926561070865386,0.1938647257689121,0.5944766835584283
2015-09-04,alternative,0.4568294548325942,-0.4352111719871828,-0.16215842377965467
2015-09-04,corp_bond_ig,-0.021080695982035214,0.14034056040407278,0.5877263359836036
2015-09-04,developed_equity,0.4305604169181288,-0.49665181850676837,0.18594832131027791
2015-09-04,emerging_equity,0.619996221598474,0.17457307875294845,0.33484617994823246
2015-09-04,korea_equity,0.46504881832816836,0.6899075468333441,-0.34272255695630033
2015-09-04,short_treasury,-0.004619823291753231,0.025073820658904993,0.07109176337647555
2015-09-04,treasury_7_10y,-0.06923236125900742,0.1927585395556126,0.599225222514799
2015-09-08,alternative,0.45841615915395406,-0.4340529419941382,-0.16071187579052063
2015-09-08,corp_bond_ig,-0.023624720662507093,0.14123432906580466,0.5864956297556199
2015-09-08,developed_equity,0.43448302959919655,-0.49519779888825505,0.184374628160469
2015-09-08,emerging_equity,0.6171263895445241,0.18010642654835207,0.3400867499132179
2015-09-08,korea_equity,0.46340265934452035,0.6903095027944285,-0.34594274424704247
2015-09-08,short_treasury,-0.0048190667376704225,0.024911388238496777,0.07072860945208065
2015-09-08,treasury_7_10y,-0.07007685656765711,0.19194774293936204,0.5965422447651169
2015-09-09,alternative,0.45976431174333493,-0.4333560960802104,-0.1679145308901276
2015-09-09,corp_bond_ig,-0.024342511008786816,0.13235161461527858,0.5866000904982617
2015-09-09,developed_equity,0.436143511939115,-0.4911124986309171,0.16855831084141756
2015-09-09,emerging_equity,0.6166866912614987,0.1717211319946167,0.3492038797141727
2015-09-09,korea_equity,0.4609522278059684,0.7015569909324045,-0.335447224351674
2015-09-09,short_treasury,-0.004916029180776242,0.022497075405946806,0.07128455879983685
2015-09-09,treasury_7_10y,-0.07070684519289858,0.17696773911050087,0.5997861800122667
2015-09-10,alternative,0.46000647984201815,-0.43169760853507483,-0.17717845772919022
2015-09-10,corp_bond_ig,-0.0245822277184099,0.13062280059049206,0.5912155854276365
2015-09-10,developed_equity,0.43478742065235787,-0.493722568940057,0.18792341671802473
2015-09-10,emerging_equity,0.6168646344984593,0.1700589827663745,0.33316483814045006
2015-09-10,korea_equity,0.4617227797067253,0.7018941665015626,-0.320676321823976
2015-09-10,short_treasury,-0.004834977761800889,0.02250525411251224,0.07162821591766699
2015-09-10,treasury_7_10y,-0.07082634976648627,0.17530236341560904,0.6039817886707607
2015-09-11,alternative,0.46013159036453366,-0.43316967245998933,-0.17432710710046442
2015-09-11,corp_bond_ig,-0.024635644399908174,0.13131568241482225,0.5895511584652102
2015-09-11,developed_equity,0.4344993404841064,-0.4931857203641168,0.18401888983848924
2015-09-11,emerging_equity,0.6168868047427403,0.17179609820595756,0.33767043404112557
2015-09-11,korea_equity,0.4618226906965421,0.7004751714507121,-0.32578697469904966
2015-09-11,short_treasury,-0.00482137964595346,0.022669956303534005,0.07161223381811228
2015-09-11,treasury_7_10y,-0.0709193519632739,0.17662043920583528,0.6024033138383463
2015-09-14,alternative,0.4604978412912941,-0.4325124305279924,-0.18559029808615168
2015-09-14,corp_bond_ig,-0.024869224277677238,0.13078204022236967,0.5926520490981638
2015-09-14,developed_equity,0.4344417108336008,-0.49328609650679045,0.20972535773344345
2015-09-14,emerging_equity,0.6161768562216415,0.17047607303986131,0.31759337015201483
2015-09-14,korea_equity,0.46240983165652993,0.7013731785939585,-0.30937269819818114
2015-09-14,short_treasury,-0.0048135456094840195,0.02264262694358892,0.07213456740012739
2015-09-14,treasury_7_10y,-0.07115981282099863,0.17606466625119352,0.6070870228481915
2015-09-15,alternative,0.45899943132214566,-0.433904551817556,-0.16023395961797748
2015-09-15,corp_bond_ig,-0.02628259288381607,0.12814300990404806,0.5992889535619808
2015-09-15,developed_equity,0.43485990273481445,-0.49306662017978736,0.18377352849149167
2015-09-15,emerging_equity,0.6160744471563985,0.16924309373967408,0.3215405314374037
2015-09-15,korea_equity,0.46336346883230034,0.7021426007534893,-0.310589280078837
2015-09-15,short_treasury,-0.0050468206248637645,0.022179993857249454,0.07371626905895243
2015-09-15,treasury_7_10y,-0.0724341995533546,0.17335543917125515,0.613283797249371
2015-09-16,alternative,0.45612136112695945,-0.4324642764963333,-0.16158108390329695
2015-09-16,corp_bond_ig,-0.02483841873840764,0.12710863614530996,0.5982188064899551
2015-09-16,developed_equity,0.43044681190825695,-0.49348630933274057,0.1684883344420766
2015-09-16,emerging_equity,0.6147779298314436,0.14715893155572027,0.3340986192314067
2015-09-16,korea_equity,0.4722385535686683,0.708570072417943,-0.3078042035577556
2015-09-16,short_treasury,-0.005107393350057408,0.021143773056322066,0.07377524420160687
2015-09-16,treasury_7_10y,-0.07116641795810444,0.1706310313831719,0.6130492576344415
2015-09-17,alternative,0.4564101600363719,-0.43276087455587053,-0.13590224210844737
2015-09-17,corp_bond_ig,-0.025059092116740067,0.12709473437704047,0.6115685000229122
2015-09-17,developed_equity,0.4302371741757023,-0.49339632934683936,0.16638713088622017
2015-09-17,emerging_equity,0.6144705432577833,0.14736597265027557,0.30903549612614784
2015-09-17,korea_equity,0.47249963265606837,0.7084098682281667,-0.2942183467416559
2015-09-17,short_treasury,-0.005193156004931223,0.021148640884006704,0.07643923174344538
2015-09-17,treasury_7_10y,-0.07142031513678579,0.17063551747769834,0.6260347781634965
2015-09-18,alternative,0.4584349081561483,-0.43858920577324423,-0.12509679454934455
2015-09-18,corp_bond_ig,-0.02598297459495158,0.1341704381500306,0.6093685217055315
2015-09-18,developed_equity,0.43082283483064315,-0.4852957375047335,0.16507460930259443
2015-09-18,emerging_equity,0.6135864815480427,0.15247008854574645,0.3114643245313467
2015-09-18,korea_equity,0.4709794045646844,0.7067777627759819,-0.30475978554876176
2015-09-18,short_treasury,-0.005304590961419334,0.021910132206440208,0.07620944246435218
2015-09-18,treasury_7_10y,-0.07222116348877058,0.17568113591529064,0.624559635781297
2015-09-21,alternative,0.45689572056634314,-0.43977419204813867,-0.11479511911795331
2015-09-21,corp_bond_ig,-0.025371174239448346,0.13834852238900205,0.6106715163767245
2015-09-21,developed_equity,0.4314434818808073,-0.4801647366106911,0.16135864731411576
2015-09-21,emerging_equity,0.6136701116057294,0.14718732692232173,0.30759135934283477
2015-09-21,korea_equity,0.4719124644037016,0.7085312649986877,-0.30746910727613364
2015-09-21,short_treasury,-0.005307189520453362,0.022636433525487495,0.07685586947663221
2015-09-21,treasury_7_10y,-0.07168388793912883,0.18085104718203998,0.6267449606540451
2015-09-22,alternative,0.4581249051588686,-0.4407191567081296,-0.10760476302185704
2015-09-22,corp_bond_ig,-0.026531242953575895,0.14237563598140562,0.6094651458017567
2015-09-22,developed_equity,0.43414790267347697,-0.47416453877168174,0.1566065458414045
2015-09-22,emerging_equity,0.612583043749294,0.1500198157955578,0.31205772266546306
2015-09-22,korea_equity,0.46945525559565804,0.7096343617967975,-0.3152611204154853
2015-09-22,short_treasury,-0.005332674057051559,0.023419807622845058,0.07644966287527433
2015-09-22,treasury_7_10y,-0.07251622657450052,0.1844679739077564,0.6243666339202895
2015-09-23,alternative,0.4580141701479203,-0.44330761867085633,-0.10296169389998741
2015-09-23,corp_bond_ig,-0.02615366499612015,0.14290539182905046,0.6069763996461953
2015-09-23,developed_equity,0.43160738324647213,-0.4737084887340807,0.14654874186645614
2015-09-23,emerging_equity,0.6139770519853949,0.14964195063201144,0.3202278064388506
2015-09-23,korea_equity,0.47019709973492124,0.7079069028656761,-0.3225941461214779
2015-09-23,short_treasury,-0.005230956043390103,0.023635660868612535,0.07631235580003487
2015-09-23,treasury_7_10y,-0.07192757894702556,0.1859385138622708,0.6221459630528133
2015-09-24,alternative,0.45980853889318174,-0.4375657989226367,-0.10737233559700761
2015-09-24,corp_bond_ig,-0.025853795855375172,0.14580228507464185,0.6051358930684556
2015-09-24,developed_equity,0.4319114834071224,-0.47423879484786585,0.14983022861172046
2015-09-24,emerging_equity,0.6129871110240934,0.1467426860523165,0.3222136032326015
2015-09-24,korea_equity,0.469508425095935,0.7103445365474288,-0.32443296770505753
2015-09-24,short_treasury,-0.005219443057213545,0.024032308132796804,0.07616669112776102
2015-09-24,treasury_7_10y,-0.07170465255677572,0.18887853873489938,0.6204457378235805
2015-09-25,alternative,0.46100383139354073,-0.43511243446340264,-0.10183349328276699
2015-09-25,corp_bond_ig,-0.025303425037107363,0.14937997314376014,0.6001955609650661
2015-09-25,developed_equity,0.4336366325462052,-0.474401980801921,0.13567901917702332
2015-09-25,emerging_equity,0.6118835992202384,0.14978115446477103,0.3363495693048087
2015-09-25,korea_equity,0.4683146682123046,0.7094147547849943,-0.3383642717795687
2015-09-25,short_treasury,-0.005080914311868946,0.02462088226830179,0.07552117056243049
2015-09-25,treasury_7_10y,-0.07105274018710393,0.19234260377511506,0.6145417574154345
2015-09-28,alternative,0.4623262645257978,-0.42815557290969863,-0.09276958959090295
2015-09-28,corp_bond_ig,-0.025582181804034265,0.14861648842468558,0.5938670781203693
2015-09-28,developed_equity,0.4411412754253124,-0.4825111072799892,0.1170289326933466
2015-09-28,emerging_equity,0.606961551902552,0.16450304540714783,0.3542001331407862
2015-09-28,korea_equity,0.4662220935575488,0.7051221593998063,-0.3523602747052169
2015-09-28,short_treasury,-0.005290086062827041,0.024833364070927125,0.0748746161265887
2015-09-28,treasury_7_10y,-0.07211796724954513,0.1921035359127232,0.6081103683026424
2015-09-29,alternative,0.4637809017074457,-0.4331395696290453,-0.10615462905917725
2015-09-29,corp_bond_ig,-0.025886065371602984,0.15029955723875127,0.5837029203551063
2015-09-29,developed_equity,0.4427727398822331,-0.4765010261034147,0.12323461742718403
2015-09-29,emerging_equity,0.6050361521404343,0.16894908975049097,0.3685066068452614
2015-09-29,korea_equity,0.4657348521700365,0.7037462499829497,-0.3642823808172472
2015-09-29,short_treasury,-0.005296309241572327,0.025257338163837954,0.07370190914283407
2015-09-29,treasury_7_10y,-0.07199818632337252,0.19572024937161522,0.5990864552733739
2015-09-30,alternative,0.46011353974255886,-0.4384409101422072,-0.10181281530032507
2015-09-30,corp_bond_ig,-0.024861949104479475,0.15144747236100517,0.5812106953838965
2015-09-30,developed_equity,0.4431320947927346,-0.47159589455231155,0.11209773070869344
2015-09-30,emerging_equity,0.6017199720680114,0.15631208164072785,0.3777881486575132
2015-09-30,korea_equity,0.47370655459091415,0.7057350300999083,-0.36706499325421105
2015-09-30,short_treasury,-0.00498598780137147,0.025460751910169593,0.07360644285223183
2015-09-30,treasury_7_10y,-0.06943828824663792,0.19820921826629076,0.5969789560895808
2015-10-01,alternative,0.4612777340896664,-0.43577360936512877,-0.1044278149757446
2015-10-01,corp_bond_ig,-0.02443162404478949,0.15392462651427444,0.5756311408474232
2015-10-01,developed_equity,0.444858652263098,-0.4689171999632074,0.10260710123388639
2015-10-01,emerging_equity,0.6012937662421383,0.15600853968085712,0.39245635289145425
2015-10-01,korea_equity,0.47171897229921717,0.7071110194363267,-0.3797789913728627
2015-10-01,short_treasury,-0.004876468502828132,0.025909510532152454,0.07271095653796812
2015-10-01,treasury_7_10y,-0.06804384757312223,0.2037382372416755,0.5862375367619748
2015-10-02,alternative,0.46150798725920533,-0.43517961702662034,-0.08162277958105818
2015-10-02,corp_bond_ig,-0.022660262435747924,0.15664936671694513,0.5639009655182625
2015-10-02,developed_equity,0.4425462326953364,-0.46748638953904165,0.057293453247582636
2015-10-02,emerging_equity,0.6043065826124357,0.15320534794175159,0.4163121038650427
2015-10-02,korea_equity,0.47021307458416894,0.7071637107685255,-0.40006054070565844
2015-10-02,short_treasury,-0.004383522422086414,0.026471174051547783,0.07304557416824893
2015-10-02,treasury_7_10y,-0.06590694623499166,0.20804575676029718,0.5773829086457181
2015-10-05,alternative,0.4600781601366746,-0.431753127551413,-0.058482078744393644
2015-10-05,corp_bond_ig,-0.023712707757221008,0.1569563711843796,0.5585674863430823
2015-10-05,developed_equity,0.4461431557149068,-0.47005111256059245,0.029000956796489095
2015-10-05,emerging_equity,0.6023729288338111,0.1555599742698881,0.4276401212797798
2015-10-05,korea_equity,0.4704589712295915,0.7067846831061898,-0.4069532655510834
2015-10-05,short_treasury,-0.004529031601727083,0.026661644908711115,0.07363836524819974
2015-10-05,treasury_7_10y,-0.06720697534734452,0.20869007833902906,0.5743095956569857
2015-10-06,alternative,0.4598990924316025,-0.43242015960183744,-0.07234207793849984
2015-10-06,corp_bond_ig,-0.02381464213213469,0.15641416129835403,0.5751513102433495
2015-10-06,developed_equity,0.4468393263770974,-0.4683907119847485,0.07030193818333567
2015-10-06,emerging_equity,0.6016386522314788,0.15386134682359576,0.39507922077479907
2015-10-06,korea_equity,0.4708783254823023,0.7081754357516028,-0.3865926009880035
2015-10-06,short_treasury,-0.004605501626115755,0.026515916640205008,0.07448834241971512
2015-10-06,treasury_7_10y,-0.0674064395322346,0.20801130007300433,0.589860397542873
2015-10-07,alternative,0.4560128036947368,-0.4276924366122409,-0.06906021750342915
2015-10-07,corp_bond_ig,-0.021080498242337375,0.1553338917759534,0.5806369734697737
2015-10-07,developed_equity,0.4418487141008237,-0.47936291466153075,0.06351438360556312
2015-10-07,emerging_equity,0.6040959936834637,0.14246732392153227,0.3887782678532103
2015-10-07,korea_equity,0.4764990414918581,0.7082627596936065,-0.37654135021004126
2015-10-07,short_treasury,-0.004490551228732961,0.025624209320929354,0.07538139692913416
2015-10-07,treasury_7_10y,-0.0661375697343103,0.20142512881995342,0.5961904305651964
2015-10-08,alternative,0.4551054637871144,-0.433062090695921,-0.04573234578444445
2015-10-08,corp_bond_ig,-0.023128460089224978,0.1616125795560276,0.5679128199965241
2015-10-08,developed_equity,0.43840302490025207,-0.47547442152202263,0.03011884702967734
2015-10-08,emerging_equity,0.6049772389700824,0.14247042130182752,0.4147455901653396
2015-10-08,korea_equity,0.47908832419344644,0.7041465429884648,-0.3972230028108923
2015-10-08,short_treasury,-0.004831933002481089,0.026796243929692605,0.07332165636213062
2015-10-08,treasury_7_10y,-0.06782661200764527,0.20838536554268322,0.5824949378929112
2015-10-09,alternative,0.45169519008913434,-0.4367895443691007,-0.0404238914572165
2015-10-09,corp_bond_ig,-0.025079224643629217,0.1692782915458602,0.5576097829270025
2015-10-09,developed_equity,0.4337462858831384,-0.46595265097644506,0.01127549271965468
2015-10-09,emerging_equity,0.608906462916877,0.12944401489204965,0.4336543369384972
2015-10-09,korea_equity,0.48122355575500925,0.7065371295891207,-0.40844781637773375
2015-10-09,short_treasury,-0.004912735132183584,0.02740471849507096,0.07231962575357186
2015-10-09,treasury_7_10y,-0.06956522883080385,0.21620914391849846,0.5720089783640131
2015-10-12,alternative,0.4507885473620148,-0.4380115040682471,-0.03624049277446309
2015-10-12,corp_bond_ig,-0.025364420285445055,0.16967472895023492,0.5597374311123439
2015-10-12,developed_equity,0.43596156112629664,-0.46320331347928784,0.010414578661607351
2015-10-12,emerging_equity,0.6089525188257302,0.13048974908553856,0.4301776712227111
2015-10-12,korea_equity,0.4800341732818116,0.70704636222809,-0.4080745303532472
2015-10-12,short_treasury,-0.004796145457651294,0.027555380573548883,0.07221234626827654
2015-10-12,treasury_7_10y,-0.06931715702007035,0.2170199693263474,0.5731316579559462
2015-10-13,alternative,0.45115244237546215,-0.4331470028229195,-0.040623210182785884
2015-10-13,corp_bond_ig,-0.02507941145308501,0.16809002717288374,0.5717914882169669
2015-10-13,developed_equity,0.43582580473257837,-0.4571931663378556,0.016771442308777234
2015-10-13,emerging_equity,0.6089353350942593,0.11332780951428602,0.4153878145811035
2015-10-13,korea_equity,0.47987294044314016,0.7184146745186724,-0.3892702401074356
2015-10-13,short_treasury,-0.004854404849938003,0.027436861350631236,0.07372723237318335
2015-10-13,treasury_7_10y,-0.06917021213406585,0.21304508215553086,0.5844731870588927
2015-10-14,alternative,0.45050269486479083,-0.437086826850062,-0.049350440343113394
2015-10-14,corp_bond_ig,-0.02462913988742832,0.17114194185315854,0.5770658760315679
2015-10-14,developed_equity,0.4357739452684271,-0.44975402585402796,0.041116623994064766
2015-10-14,emerging_equity,0.6090412887890848,0.10926727139560118,0.40056728320606005
2015-10-14,korea_equity,0.4805134251227324,0.719246232902121,-0.3841456966696114
2015-10-14,short_treasury,-0.004708137931319223,0.02826043713033904,0.07464360652773273
2015-10-14,treasury_7_10y,-0.068521429329279,0.21756315246851635,0.5909950924913498
2015-10-15,alternative,0.4480478602064887,-0.44034942035111047,-0.048037321635748476
2015-10-15,corp_bond_ig,-0.024230121284924078,0.1694757923662616,0.5770150282683598
2015-10-15,developed_equity,0.435321323359807,-0.4503175636612042,0.03671630741509968
2015-10-15,emerging_equity,0.6081060011117649,0.10520384355670839,0.40264019079445784
2015-10-15,korea_equity,0.48445080639508614,0.7188180870948618,-0.3810237733330772
2015-10-15,short_treasury,-0.004736561122977789,0.027608951082336734,0.07497772138124084
2015-10-15,treasury_7_10y,-0.0682160846055217,0.21460403174874898,0.5920118984115361
2015-10-16,alternative,0.44842438232520515,-0.4384430057400113,-0.04324339160126581
2015-10-16,corp_bond_ig,-0.024418988561706545,0.16795927172880526,0.578816242279701
2015-10-16,developed_equity,0.4353049134588353,-0.4506936966431297,0.02966688187024935
2015-10-16,emerging_equity,0.6077325674220244,0.10249525761403375,0.4026511192810437
2015-10-16,korea_equity,0.484543766777392,0.7209401968952852,-0.3779846971294238
2015-10-16,short_treasury,-0.004772903370638381,0.02744691585851247,0.07489686679442623
2015-10-16,treasury_7_10y,-0.06844415692885779,0.2131178712384769,0.5929685886269195
2015-10-19,alternative,0.4469129590803261,-0.4405870268702082,-0.03744553522023866
2015-10-19,corp_bond_ig,-0.024371750520698066,0.17387030021391783,0.575076192736039
2015-10-19,developed_equity,0.43299768237960456,-0.45034116159451937,0.02672088449048416
2015-10-19,emerging_equity,0.6083877573604539,0.10138193186073795,0.40660969761742377
2015-10-19,korea_equity,0.48725770177278604,0.7170784863847954,-0.385439615305344
2015-10-19,short_treasury,-0.004693741203213085,0.02767066752337748,0.07453943999477854
2015-10-19,treasury_7_10y,-0.06789749175818138,0.21817312173129433,0.5896778166205165
2015-10-20,alternative,0.4463944691340306,-0.4425428047574224,-0.033029432611673674
2015-10-20,corp_bond_ig,-0.024809423747192527,0.17267640418877572,0.5771773918687779
2015-10-20,developed_equity,0.4332209907336323,-0.45036225014163267,0.027334768254471387
2015-10-20,emerging_equity,0.6092740864902254,0.10441317768144108,0.40132280684303545
2015-10-20,korea_equity,0.4863314639655002,0.7161462585971304,-0.3832313065361402
2015-10-20,short_treasury,-0.004816941243550435,0.02737019825397974,0.07517122151609872
2015-10-20,treasury_7_10y,-0.06840786046487395,0.21678529911543523,0.5928331832778845
2015-10-21,alternative,0.4435877591364532,-0.4354071755978723,-0.031076986008589977
2015-10-21,corp_bond_ig,-0.02568760806232495,0.17797689684649853,0.5823309112139753
2015-10-21,developed_equity,0.43134848270392623,-0.44784703477055743,0.03087156173557631
2015-10-21,emerging_equity,0.611604987606226,0.08873668343547461,0.39328361994556554
2015-10-21,korea_equity,0.4875802998563871,0.7216671389364814,-0.3770821416429585
2015-10-21,short_treasury,-0.004831773866418082,0.027876950928739586,0.07566522360433875
2015-10-21,treasury_7_10y,-0.06848341035466633,0.22073302035041176,0.5969788138072468
2015-10-22,alternative,0.44172621686895047,-0.43715332142203583,-0.03866590866898452
2015-10-22,corp_bond_ig,-0.024979906909246452,0.18017968441301194,0.5812003188006496
2015-10-22,developed_equity,0.4316235711691035,-0.44681543138051255,0.0398289667702294
2015-10-22,emerging_equity,0.6125501829734573,0.08864623095067618,0.3925762122152108
2015-10-22,korea_equity,0.48798987530379645,0.7200470430364051,-0.3798916407064582
2015-10-22,short_treasury,-0.004716924149017128,0.02819025651377129,0.07545959084112111
2015-10-22,treasury_7_10y,-0.06768273014160249,0.222862370455876,0.595816162430195
2015-10-23,alternative,0.44255582644527824,-0.44149685441598197,-0.04901866955750273
2015-10-23,corp_bond_ig,-0.025310200967220364,0.18192118528248086,0.5844127710950423
2015-10-23,developed_equity,0.43116351553649873,-0.43931563672227686,0.0603429145631085
2015-10-23,emerging_equity,0.6126187054765938,0.08682825413932892,0.38339662919871004
2015-10-23,korea_equity,0.48748765570242925,0.7213034012558727,-0.3760155496780024
2015-10-23,short_treasury,-0.004787688260337371,0.028465865168150344,0.07573101846261676
2015-10-23,treasury_7_10y,-0.06806572085563316,0.22440796188541362,0.59858312675842
2015-10-26,alternative,0.4419520727902059,-0.4388329175031542,-0.05880633912103673
2015-10-26,corp_bond_ig,-0.025507422361456866,0.18303052466191577,0.5857325230996789
2015-10-26,developed_equity,0.4314731859506886,-0.4419634849909801,0.07703415084706662
2015-10-26,emerging_equity,0.6127013982414786,0.08737496005100746,0.3776322549209062
2015-10-26,korea_equity,0.48760931467436697,0.7205320901001959,-0.3739823021627621
2015-10-26,short_treasury,-0.004806563070008068,0.02863286279324009,0.07565695746304059
2015-10-26,treasury_7_10y,-0.06833503020898189,0.22577213767972373,0.5994431649168789
2015-10-27,alternative,0.44227888991262837,-0.4378446909042107,-0.06241631020612204
2015-10-27,corp_bond_ig,-0.025454306493902012,0.1834088901638671,0.5884312150979137
2015-10-27,developed_equity,0.4307749348746075,-0.4462582607887466,0.09194854497937799
2015-10-27,emerging_equity,0.6127352946690222,0.09157795496435099,0.368365628836667
2015-10-27,korea_equity,0.48786552032519953,0.7176177687612513,-0.3712974013560753
2015-10-27,short_treasury,-0.004847158119089219,0.02879675839286918,0.07578842432871058
2015-10-27,treasury_7_10y,-0.06850996354694082,0.22652976220000565,0.6017470335370046
2015-10-28,alternative,0.4421779649138952,-0.44362379999583196,-0.05856726108839986
2015-10-28,corp_bond_ig,-0.02441435790565538,0.1877930790788979,0.5821018091664465
2015-10-28,developed_equity,0.42953844748101616,-0.447141301060239,0.0921211531605423
2015-10-28,emerging_equity,0.6124168418523579,0.10062397073744007,0.3750941176332198
2015-10-28,korea_equity,0.48958626875643285,0.7090389541071137,-0.3847860247079044
2015-10-28,short_treasury,-0.00471760468417999,0.030117060088254727,0.07561337048553371
2015-10-28,treasury_7_10y,-0.0678818832608587,0.23286880679224406,0.5956238654926335
2015-10-29,alternative,0.4423839896163584,-0.44165893006917056,-0.021256475800935017
2015-10-29,corp_bond_ig,-0.024090049212219244,0.19707033929671477,0.5727826785944122
2015-10-29,developed_equity,0.42954173184676364,-0.4492520882164136,0.04810465557725672
2015-10-29,emerging_equity,0.6127032725967057,0.1083750694039255,0.39581087116652763
2015-10-29,korea_equity,0.48910776741738404,0.7017823286588414,-0.40954362416540435
2015-10-29,short_treasury,-0.0046274305145960655,0.031879439801874375,0.0734610857539785
2015-10-29,treasury_7_10y,-0.06750447652009026,0.24292661633631593,0.5825507278359844
2015-10-30,alternative,0.44261836929885906,-0.43520523476301226,-0.025563101522689164
2015-10-30,corp_bond_ig,-0.02414486375756819,0.19598219836361372,0.575240475857559
2015-10-30,developed_equity,0.4297523146633349,-0.4548844194492483,0.05248350678058075
2015-10-30,emerging_equity,0.6123300461813207,0.10616334904109642,0.39262405308425574
2015-10-30,korea_equity,0.4891567865679203,0.7037485175653985,-0.40444658674075634
2015-10-30,short_treasury,-0.004667046426396528,0.031251927069916606,0.07373362839217473
2015-10-30,treasury_7_10y,-0.06763670697657695,0.24032942163009496,0.5852547033124049
2015-11-02,alternative,0.44238689996974034,-0.4380143285687068,-0.02118510815445005
2015-11-02,corp_bond_ig,-0.02610546015730064,0.2070097779247537,0.5768617599903948
2015-11-02,developed_equity,0.4271800098817324,-0.45328762207647955,0.07621450861688715
2015-11-02,emerging_equity,0.6125778360686742,0.11235517847021274,0.3822968467527771
2015-11-02,korea_equity,0.49110989622181855,0.6949743018774504,-0.41156757637393726
2015-11-02,short_treasury,-0.004933043031754154,0.032499199081591254,0.07386282006135415
2015-11-02,treasury_7_10y,-0.0682986421493369,0.2512997555594344,0.5830768256265254
