date,asset,target,future_return,fold,image_score,image_factor_pc1,image_factor_pc2,image_factor_pc3
2014-06-02,alternative,0.03093649351874639,0.03093649351874639,0,0.004094967618584633,1.4840572332989677,-0.23661241737771632,-2.226371915417122
2014-06-02,corp_bond_ig,0.005649766582594751,0.005649766582594751,0,0.006299667060375214,-2.309835457817376,-2.203035389752777,1.1310510103525997
2014-06-02,developed_equity,0.002197747609997913,0.002197747609997913,0,0.004962839186191559,2.4052601293011997,-2.9192672797006174,-0.8823497391874123
2014-06-02,emerging_equity,0.012886579970193823,0.012886579970193823,0,0.002822544425725937,-3.4240460258770553,0.7163353739101828,2.090808183657439
2014-06-02,korea_equity,0.005412068718585017,0.005412068718585017,0,0.0030524898320436478,-3.621979305590513,-0.17448043614372466,2.24749873230229
2014-06-02,short_treasury,-0.000118270500964468,-0.000118270500964468,0,0.0061325617134571075,-1.9407460666816376,-1.2923755524194072,2.8909260793375626
2014-06-02,treasury_7_10y,0.0024194328420583666,0.0024194328420583666,0,0.007200717926025391,3.0526577063344678,-3.229706889561316,1.9624226526899369
2014-06-03,alternative,0.03505840435102203,0.03505840435102203,0,0.0038164015859365463,0.8923074802373309,-0.8448206666488157,-1.798819531265816
2014-06-03,corp_bond_ig,0.0035577988825734597,0.0035577988825734597,0,0.006784169003367424,-1.9008296142805547,-3.3327737580768,1.6105942064219299
2014-06-03,developed_equity,0.005051232035249598,0.005051232035249598,0,0.0053823571652174,2.275933411619223,-2.295754183529551,-0.8169151349543372
2014-06-03,emerging_equity,0.016775425242773645,0.016775425242773645,0,0.002564549446105957,-3.847253725288488,0.4604365823567055,2.355579888089559
2014-06-03,korea_equity,0.011575860308720154,0.011575860308720154,0,0.002952679991722107,-3.156724440498661,0.4785875170893332,1.6854135024460752
2014-06-03,short_treasury,-0.0005914021283618398,-0.0005914021283618398,0,0.005666591227054596,-1.4363052855381966,-1.2640383127716894,1.9238799100916815
2014-06-03,treasury_7_10y,0.0023344567538508,0.0023344567538508,0,0.007313307374715805,2.779208707693103,-3.97466005149026,2.751908633732956
2014-06-04,alternative,0.03660567086181832,0.03660567086181832,0,0.0037622302770614624,0.2235132868256725,-1.0629287815713924,-1.6631560163768941
2014-06-04,corp_bond_ig,0.0005085616499254098,0.0005085616499254098,0,0.005958877503871918,-2.6680054836327227,-3.0914496754830707,1.1514057081733793
2014-06-04,developed_equity,0.007778380244532146,0.007778380244532146,0,0.005418822169303894,3.2257202988592444,-1.3175914507130702,-1.2114925532067464
2014-06-04,emerging_equity,0.02858484564151187,0.02858484564151187,0,0.0039688460528850555,-3.8206352028449415,0.670725380130406,2.3962024647999516
2014-06-04,korea_equity,0.016064271699788746,0.016064271699788746,0,0.0036579910665750504,-2.87149023597046,1.0460035738003701,1.8330916184688049
2014-06-04,short_treasury,-0.0013005510519056296,-0.0013005510519056296,0,0.006372552365064621,-0.7600073807174101,-0.07853036379555457,1.3160693632982607
2014-06-04,treasury_7_10y,-0.0009734848656450801,-0.0009734848656450801,0,0.007231112569570541,2.7948923799598506,-4.007043114509073,1.5820440901114146
2014-06-05,alternative,0.027983551653324223,0.027983551653324223,0,0.005955131724476814,2.951920599439996,-1.5670941138200016,-0.7772278137515042
2014-06-05,corp_bond_ig,-0.002621765597043524,-0.002621765597043524,0,0.007029769942164421,-1.5981889045928126,-2.2349624265975887,1.2133258890065826
2014-06-05,developed_equity,0.008297070704628373,0.008297070704628373,0,0.004434695467352867,3.3492160006826204,-1.6275706438567694,-1.336388302819402
2014-06-05,emerging_equity,0.023881260231600754,0.023881260231600754,0,0.0034495294094085693,-3.574151630095827,1.370159383324694,2.4577668323845443
2014-06-05,korea_equity,0.01617866560364556,0.01617866560364556,0,0.004674093797802925,-2.6155652932009996,1.8448195164705405,2.484006578992135
2014-06-05,short_treasury,-0.0015367922809537138,-0.0015367922809537138,0,0.007463829591870308,-0.3826802195293433,0.18428396522630264,1.3304921707487263
2014-06-05,treasury_7_10y,-0.004471219836248097,-0.004471219836248097,0,0.007838979363441467,2.601995232945994,-4.347155869599082,1.8555820623559076
2014-06-06,alternative,0.008943077025374668,0.008943077025374668,0,0.005488496273756027,2.161296205935025,-2.364968503639847,-0.7863011711315163
2014-06-06,corp_bond_ig,-0.0029538229422830797,-0.0029538229422830797,0,0.006987009197473526,-1.4554305936247338,-1.7896326302843673,0.5285846149793472
2014-06-06,developed_equity,-0.006484676429447278,-0.006484676429447278,0,0.006680291146039963,2.832636280053157,-4.255217021972246,1.8218249979795393
2014-06-06,emerging_equity,0.013085392030628196,0.013085392030628196,0,0.0037919487804174423,-3.7927235091027396,0.3205293587391819,0.5188649492843987
2014-06-06,korea_equity,-0.003058525005489532,-0.003058525005489532,0,0.005138926208019257,-2.512780592627012,2.0438695187090885,1.7789198922550982
2014-06-06,short_treasury,-0.0015371556566994293,-0.0015371556566994293,0,0.007712600752711296,0.18063383177687825,0.8377796216966701,0.7138779001693436
2014-06-06,treasury_7_10y,-0.0012646389003220238,-0.0012646389003220238,0,0.007865691557526588,2.7855974458867716,-4.9048185767775205,1.41856778694088
2014-06-09,alternative,-0.005704946745332395,-0.005704946745332395,0,0.005186818540096283,1.753307451919841,-1.9969659211158974,-0.6263095435774185
2014-06-09,corp_bond_ig,0.0027907131590247936,0.0027907131590247936,0,0.0067675914615392685,-1.0739644440770644,-1.9626767312884523,-0.15914287685310033
2014-06-09,developed_equity,-0.01997035952968096,-0.01997035952968096,0,0.00702466256916523,2.775684474250371,-3.6949599959752297,1.9782204278677176
2014-06-09,emerging_equity,0.0048032726122893,0.0048032726122893,0,0.004883214831352234,-3.9226280609458133,0.2780988879063679,0.45203069010087976
2014-06-09,korea_equity,-0.006894392084973222,-0.006894392084973222,0,0.004542674869298935,-3.367054762817117,1.8235774958722268,1.2603256139446495
2014-06-09,short_treasury,-0.0005916820553052426,-0.0005916820553052426,0,0.007718633860349655,0.2996535469620287,0.06743898963984245,0.3952314221085664
2014-06-09,treasury_7_10y,0.004773481310138994,0.004773481310138994,0,0.00843997672200203,2.820121756657278,-4.517553600641977,1.4040232735017233
2014-06-10,alternative,-0.008136696400198429,-0.008136696400198429,0,0.004544544965028763,1.5097879031843382,-1.703840513899855,-0.8847889267066658
2014-06-10,corp_bond_ig,0.006269574442284265,0.006269574442284265,0,0.00634247250854969,-0.9475404875154582,-2.0915490770215306,-0.5224760160647275
2014-06-10,developed_equity,-0.006645944267653192,-0.006645944267653192,0,0.006215158849954605,2.9684123893534307,-1.9647534871395922,0.306629209864078
2014-06-10,emerging_equity,0.005233209061290323,0.005233209061290323,0,0.0030761994421482086,-3.976620247000873,-0.20227947487095893,-0.8918363304345351
2014-06-10,korea_equity,-0.009747288811259969,-0.009747288811259969,0,0.004448089748620987,-3.0993930029840935,2.40393752689705,1.2450212988040497
2014-06-10,short_treasury,-0.0002366746783287743,-0.0002366746783287743,0,0.00585494190454483,0.2395321917151813,1.0123382702341674,-0.27861775087992785
2014-06-10,treasury_7_10y,0.006733701895056177,0.006733701895056177,0,0.008486904203891754,2.0798734061911492,-5.142812986181275,0.3913923761319074
2014-06-11,alternative,-0.0138662069282246,-0.0138662069282246,0,0.003934986889362335,2.1404689485893047,-1.985343493835347,-0.6791069404264147
2014-06-11,corp_bond_ig,0.0047409206364070755,0.0047409206364070755,0,0.005500493571162224,-0.06348432827699374,-2.5475673987093854,-1.3900180205292247
2014-06-11,developed_equity,-0.014540015600915113,-0.014540015600915113,0,0.006332140415906906,2.3044599877994014,-2.721224302499252,0.958015867326751
2014-06-11,emerging_equity,0.003196333152672093,0.003196333152672093,0,0.0025729630142450333,-3.552675039014844,-0.05712339630003137,-0.9477948073627843
2014-06-11,korea_equity,-0.013300759790142114,-0.013300759790142114,0,0.005686454474925995,-2.7909746770499297,2.1374925147601576,1.1083862439476535
2014-06-11,short_treasury,-0.00011825020389133467,-0.00011825020389133467,0,0.0066878218203783035,1.3925028964111055,0.8317036533212939,-0.17853293687956132
2014-06-11,treasury_7_10y,0.007504109136402315,0.007504109136402315,0,0.007820883765816689,1.8188606898992483,-4.982371425962789,0.08405330758864125
2014-06-12,alternative,-0.020408163265306145,-0.020408163265306145,0,0.004096269607543945,1.946759970481831,-2.603645463438291,-0.8829847521028988
2014-06-12,corp_bond_ig,0.004641375964200778,0.004641375964200778,0,0.005133964121341705,-0.048036376947334626,-2.320337612923783,-1.8852019956274717
2014-06-12,developed_equity,-0.002465757605147667,-0.002465757605147667,0,0.0070099662989377975,2.5054120643072584,-1.9647492504471815,1.0068351414037393
2014-06-12,emerging_equity,0.006882294930268262,0.006882294930268262,0,0.0032336898148059845,-4.023005983236212,-0.43110740634775213,-0.6225139241467667
2014-06-12,korea_equity,-0.01600001408503604,-0.01600001408503604,0,0.005325045436620712,-2.224463697553022,2.3060047665593095,1.1392871183966056
2014-06-12,short_treasury,-0.00023659694546307453,-0.00023659694546307453,0,0.005393248051404953,1.5318952653141829,1.7087371834343366,-1.053493086947119
2014-06-12,treasury_7_10y,0.0052422182732621,0.0052422182732621,0,0.00763927586376667,2.5857318243962264,-4.770995125562489,-1.4910274288589747
2014-06-13,alternative,-0.00899432605124395,-0.00899432605124395,0,0.00449785590171814,2.380196232216229,-2.6584592400734457,-0.7582132016618578
2014-06-13,corp_bond_ig,0.002700875132997549,0.002700875132997549,0,0.0038101263344287872,0.1482676540342912,-2.6955767484120257,-2.5711526543195333
2014-06-13,developed_equity,0.001093817770335015,0.001093817770335015,0,0.0077692121267318726,1.9716733685631302,-2.269004446821302,1.9980755750160302
2014-06-13,emerging_equity,0.014216898032732406,0.014216898032732406,0,0.002579977735877037,-3.886304942298296,-0.7309969318790185,-0.3858478268185772
2014-06-13,korea_equity,0.0012447772714068162,0.0012447772714068162,0,0.004410440102219582,-2.4027470350104454,2.90953223416896,0.5775851442693876
2014-06-13,short_treasury,0.00023664666350775576,0.00023664666350775576,0,0.00419912114739418,2.7317022386009153,2.618234185758834,-2.1642897339097233
2014-06-13,treasury_7_10y,0.0049606278410792015,0.0049606278410792015,0,0.007120558992028236,2.7788156755205646,-4.53926048758968,-1.6000803088753652
2014-06-16,alternative,-0.008163265306122436,-0.008163265306122436,0,0.00327359139919281,2.5254346004970083,-2.447308851551659,-1.062957117820435
2014-06-16,corp_bond_ig,0.0016881653260862883,0.0016881653260862883,0,0.002683216705918312,-0.9610473584723104,-3.385151159306505,-2.5811568396253124
2014-06-16,developed_equity,0.0019133441731840062,0.0019133441731840062,0,0.00710209459066391,2.3829206578097732,-1.6841503558503013,0.8242487784342746
2014-06-16,emerging_equity,0.01819859291186887,0.01819859291186887,0,0.002511385828256607,-3.3359098418685984,-0.6971038917944942,-0.18442553983527296
2014-06-16,korea_equity,-0.0012424573973136566,-0.0012424573973136566,0,0.0042256321758031845,-2.000447344473372,2.2023751832834244,0.8005458755309842
2014-06-16,short_treasury,0.0,0.0,0,0.0026916321367025375,2.0773961214323458,1.8492718030862445,-2.9344990986268993
2014-06-16,treasury_7_10y,0.004085262214897467,0.004085262214897467,0,0.0074858348816633224,3.0165518083129843,-4.880827778072275,-1.958877082957458
2014-06-17,alternative,-0.008176614677407601,-0.008176614677407601,0,0.0040756091475486755,2.9107650239081226,-2.4024433493677217,-1.214402743222884
2014-06-17,corp_bond_ig,0.007453182482362264,0.007453182482362264,0,0.0031361225992441177,-0.6043536055611263,-2.6621736338806805,-2.394525412398899
2014-06-17,developed_equity,0.004634628340538072,0.004634628340538072,0,0.006446626037359238,2.359174422543526,-4.604262245198002,2.5881878086339447
2014-06-17,emerging_equity,0.020497541268489794,0.020497541268489794,0,0.0036689192056655884,-3.1774371590148167,-0.7475390963847158,-0.12770222643982262
2014-06-17,korea_equity,0.0003098333248023888,0.0003098333248023888,0,0.00412488728761673,-2.056810984504773,2.5508847641961965,0.8464088821375865
2014-06-17,short_treasury,0.0007107872999736475,0.0007107872999736475,0,0.0028635449707508087,2.2439734796865385,3.1170370231885656,-1.7495158959532626
2014-06-17,treasury_7_10y,0.009767532983271376,0.009767532983271376,0,0.007203824818134308,2.131848414855917,-3.682609526499076,-1.6438259384750913
2014-06-18,alternative,-0.02353891208051473,-0.02353891208051473,0,0.004260331392288208,2.5829296888641844,-2.580178319152367,0.013945532020012011
2014-06-18,corp_bond_ig,0.005473697060032867,0.005473697060032867,0,0.004167962819337845,-1.268609878592489,-2.841551297973677,-1.3671110021923
2014-06-18,developed_equity,-0.014380648104187044,-0.014380648104187044,0,0.00680144689977169,2.4088810557922904,-3.66178774164874,2.061172382757224
2014-06-18,emerging_equity,-0.009567243030617845,-0.009567243030617845,0,0.003650521859526634,-2.7307973359519107,-0.3100895265583305,0.08124031519946577
2014-06-18,korea_equity,-0.01266604451470199,-0.01266604451470199,0,0.004488052800297737,-1.11644200852465,1.5583273000449431,1.0644678475594251
2014-06-18,short_treasury,0.0007101983452848515,0.0007101983452848515,0,0.0023235976696014404,0.36481368924661856,1.7707630825090808,-1.7624059948041657
2014-06-18,treasury_7_10y,0.01029931215358415,0.01029931215358415,0,0.007848566398024559,3.677708736854925,-3.3774944452433964,-1.3965537032970767
2014-06-19,alternative,-0.017017815625234745,-0.017017815625234745,0,0.005421778187155724,1.4507268435227356,-3.5343213772200417,1.4280713790248794
2014-06-19,corp_bond_ig,0.007690323828559498,0.007690323828559498,0,0.004395999014377594,-0.912953366792978,-2.469544174278824,-1.3395452547420457
2014-06-19,developed_equity,-0.007288342729430686,-0.007288342729430686,0,0.006367281079292297,1.5130666045932213,-3.761490190076277,1.6484557162434337
2014-06-19,emerging_equity,0.011683809935970846,0.011683809935970846,0,0.002842918038368225,-3.3743612699364163,-0.7418730959111185,0.39653155337077656
2014-06-19,korea_equity,0.003564838327658304,0.003564838327658304,0,0.0042777471244335175,-0.9830421211949394,1.8742371291256605,0.8892194865583767
2014-06-19,short_treasury,0.0,0.0,0,0.002632416784763336,0.21800725407277455,1.775997869470768,-1.19166575084734
2014-06-19,treasury_7_10y,0.010812321657521107,0.010812321657521107,0,0.007403803989291191,3.1967691848465196,-2.9626091763350035,-1.2359393114425001
2014-06-20,alternative,-0.01622059976073531,-0.01622059976073531,0,0.006118981167674065,1.076617929828588,-4.274222830501154,2.6993403907103555
2014-06-20,corp_bond_ig,0.005735495269723501,0.005735495269723501,0,0.004404878243803978,-1.9895554062971852,-2.619279557247183,-0.8613224322249997
2014-06-20,developed_equity,-0.010783165189806265,-0.010783165189806265,0,0.005560943856835365,0.9319120006072233,-3.2527242122759463,0.7006551051939796
2014-06-20,emerging_equity,0.017217630311184173,0.017217630311184173,0,0.005098868161439896,-3.6357199352560636,-0.5681408765898501,1.4080641425775664
2014-06-20,korea_equity,0.018393305419256878,0.018393305419256878,0,0.004787173122167587,0.0810715310364028,1.8326443838867843,-0.41937866927438194
2014-06-20,short_treasury,0.00011841051362515564,0.00011841051362515564,0,0.002534724771976471,-0.394127986686628,0.6827933222367008,-1.7223837264502186
2014-06-20,treasury_7_10y,0.00992415143583747,0.00992415143583747,0,0.008643144741654396,4.199374269814385,-2.4880867904158213,-1.0368812968883814
2014-06-23,alternative,-0.013798676869743454,-0.013798676869743454,0,0.006579963490366936,0.9401234927110045,-3.935503290526754,4.199935856587283
2014-06-23,corp_bond_ig,0.006579491853377029,0.006579491853377029,0,0.005650890991091728,-2.1774684395625967,-2.666768033424161,-0.22332900935344016
2014-06-23,developed_equity,-0.0066162284623606515,-0.0066162284623606515,0,0.006670832633972168,1.34653262841731,-2.7323757017398167,0.6757984010620435
2014-06-23,emerging_equity,0.0287554627305755,0.0287554627305755,0,0.005670405924320221,-3.20196519721504,-0.34179323274212403,2.1149586524906234
2014-06-23,korea_equity,0.025500702902153893,0.025500702902153893,0,0.0020995531231164932,-0.15815896596727738,1.2852375898332256,-1.5629625983052182
2014-06-23,short_treasury,0.00011841051362515564,0.00011841051362515564,0,0.002234797924757004,-0.28984931824042487,0.8002069307062855,-1.546367224494949
2014-06-23,treasury_7_10y,0.011878115388743726,0.011878115388743726,0,0.008149728178977966,4.287420919231442,-3.0630025241450864,-1.0630779295917947
2014-06-24,alternative,0.004942326742831238,0.004942326742831238,0,0.007324645295739174,1.8387370288391105,-2.861325004222555,3.2485640458761527
2014-06-24,corp_bond_ig,0.003527913970424068,0.003527913970424068,0,0.005950123071670532,-2.681434934365783,-2.8386321137785075,0.27261278374181125
2014-06-24,developed_equity,0.0032608406079508434,0.0032608406079508434,0,0.00640004500746727,1.455302297411214,-2.9347964331656895,0.920106952165017
2014-06-24,emerging_equity,0.030149540519941898,0.030149540519941898,0,0.0057339295744895935,-1.8760319036780508,0.22382181242741034,1.491060010299513
2014-06-24,korea_equity,0.010988996715144861,0.010988996715144861,0,0.002073073759675026,0.08495392570798768,2.2303060371376495,-1.8475123317834903
2014-06-24,short_treasury,0.00011836847610013912,0.00011836847610013912,0,0.0031461305916309357,-1.0488456246793976,-0.6174350629742168,-1.9397817476526302
2014-06-24,treasury_7_10y,0.007660243736709482,0.007660243736709482,0,0.008749257773160934,3.8097425005912737,-4.193774219017695,-0.11025268868081074
2014-06-25,alternative,0.0,0.0,0,0.007385442033410072,0.7921054296515807,-3.325570250286662,3.5542527901855614
2014-06-25,corp_bond_ig,-0.001426518180392411,-0.001426518180392411,0,0.0047174543142318726,-2.4658889344347297,-2.986636257297797,-0.06013014796718493
2014-06-25,developed_equity,0.01664830874232237,0.01664830874232237,0,0.0072988905012607574,1.0479861859832595,-3.1088615293710458,1.4005331167244985
2014-06-25,emerging_equity,0.04074070116783601,0.04074070116783601,0,0.005264677107334137,-2.03919445037181,0.45170218957040115,1.3726105443903711
2014-06-25,korea_equity,0.009604881299391632,0.009604881299391632,0,0.0004329551011323929,-0.36284494128205486,2.2333338074584987,-3.100416679661455
2014-06-25,short_treasury,-0.00035497312198051745,-0.00035497312198051745,0,0.002292076125741005,-1.1572431955843694,-0.22328470860737692,-2.131087455797631
2014-06-25,treasury_7_10y,0.0026154861405249807,0.0026154861405249807,0,0.007421394810080528,3.7615548907777994,-4.18561223958328,-1.0092517093318374
2014-06-26,alternative,-0.011391387375891182,-0.011391387375891182,0,0.009432235732674599,0.6390375897837975,-2.729238442565572,3.9483357483343626
2014-06-26,corp_bond_ig,0.0005863112084938393,0.0005863112084938393,0,0.00384383462369442,-2.7147554006127783,-2.885872339454931,-1.0782727350174028
2014-06-26,developed_equity,0.008917567997280162,0.008917567997280162,0,0.008057370781898499,1.9729119349574025,-2.5379565805309183,0.7861098018327376
2014-06-26,emerging_equity,0.035375694319003115,0.035375694319003115,0,0.00762261264026165,-1.760030841464984,0.19905926740094843,1.8026800274913182
2014-06-26,korea_equity,0.006937973234776296,0.006937973234776296,0,0.0028961263597011566,0.04148296504255116,2.232978729321438,-2.6500304420973175
2014-06-26,short_treasury,-0.0004732156169998669,-0.0004732156169998669,0,0.0025396496057510376,-1.9991143163227048,1.729336442511016,-1.6324284403632003
2014-06-26,treasury_7_10y,0.0038647490423082687,0.0038647490423082687,0,0.005659338086843491,4.155834777035919,-3.5021622157598036,-2.165782017816724
2014-06-27,alternative,-0.016260162601625994,-0.016260162601625994,0,0.010086052119731903,1.790970168414003,-2.6358630517890522,3.838965191987397
2014-06-27,corp_bond_ig,-0.00041889126754890427,-0.00041889126754890427,0,0.0024054348468780518,-1.9175948864829606,-3.399645446886498,-1.681621036732794
2014-06-27,developed_equity,0.005076179855676877,0.005076179855676877,0,0.008401650935411453,3.2828297569098175,-2.400071741723487,1.2252250845483539
2014-06-27,emerging_equity,0.040138448436291,0.040138448436291,0,0.006526939570903778,-1.603940512862006,1.7297465868256416,1.1632969516816827
2014-06-27,korea_equity,0.018008283006965442,0.018008283006965442,0,0.00138118676841259,-1.0227663617638378,2.294784141409619,-2.830682972458666
2014-06-27,short_treasury,-0.0011828042567237906,-0.0011828042567237906,0,0.002060983330011368,-1.9079515791672734,1.0177160859683638,-1.8154832694130005
2014-06-27,treasury_7_10y,0.00270530221542864,0.00270530221542864,0,0.004998240619897842,2.6985263669519344,-2.1969618768863577,-1.7176975234359715
2014-06-30,alternative,-0.01865371447551656,-0.01865371447551656,0,0.01081610843539238,2.6054554515934627,-1.9760280584838903,4.107496978055174
2014-06-30,corp_bond_ig,0.001425441605737321,0.001425441605737321,0,0.003320479765534401,-4.195644449669135,-1.6523088615700725,-0.4104292629558864
2014-06-30,developed_equity,0.005071309638499999,0.005071309638499999,0,0.009341500699520111,2.566509614192268,-3.219957017357631,2.9278982737712593
2014-06-30,emerging_equity,0.03678001779839102,0.03678001779839102,0,0.005776580423116684,-1.8994255070636858,2.4055841496621793,0.8562052954105833
2014-06-30,korea_equity,0.028299047405154987,0.028299047405154987,0,0.003446469083428383,0.10175011771008421,3.143436449325541,-2.466322626836207
2014-06-30,short_treasury,-0.0010642897408821295,-0.0010642897408821295,0,0.002858620136976242,-1.9331997655664535,1.5702824238503161,-1.8401173430559437
2014-06-30,treasury_7_10y,0.0032824515531986176,0.0032824515531986176,0,0.00439082458615303,2.452196713266893,-2.914229412134295,-1.361275813189354
2014-07-01,alternative,-0.033870943130985376,-0.033870943130985376,0,0.009824847802519798,2.49015315516052,-2.5058139585669834,2.9449361423249822
2014-07-01,corp_bond_ig,0.0034607582382903956,0.0034607582382903956,0,0.004470642656087875,0.30877329923168606,-3.1108430779700584,-0.15518780289833578
2014-07-01,developed_equity,-0.007606698819558,-0.007606698819558,0,0.00867047905921936,2.4951097529515445,-3.609965151160836,1.974858362521651
2014-07-01,emerging_equity,0.0219981461480121,0.0219981461480121,0,0.004796728491783142,-1.6667479382806574,2.6973229965033485,0.4798072934734311
2014-07-01,korea_equity,0.02776929614587531,0.02776929614587531,0,0.0028124190866947174,-0.4840514400468962,3.020692757155637,-1.603944841140781
2014-07-01,short_treasury,-0.0008283987553161509,-0.0008283987553161509,0,0.0037794262170791626,-2.0561633638670314,0.7520552287026255,-1.079777122850685
2014-07-01,treasury_7_10y,0.0013585578408776833,0.0013585578408776833,0,0.004966257140040398,1.57949802150615,-2.414729539220308,-0.35717389889276085
2014-07-02,alternative,-0.05778488793270409,-0.05778488793270409,0,0.009474232792854309,3.187383335997755,-1.4311456448659245,1.0954388773330583
2014-07-02,corp_bond_ig,0.004235493325491779,0.004235493325491779,0,0.004710398614406586,0.28483153995701727,-3.858202135022287,0.03346871003036115
2014-07-02,developed_equity,-0.028300560339524106,-0.028300560339524106,0,0.008856024593114853,3.046391198535305,-4.613471042202802,1.78460331364642
2014-07-02,emerging_equity,-0.0018223651087466708,-0.0018223651087466708,0,0.00546099990606308,-1.8656356901235103,2.2524770242094334,0.17624289773354218
2014-07-02,korea_equity,0.004864695967810473,0.004864695967810473,0,0.002565193921327591,-1.6108566337351922,2.681363791626086,-2.065879749993545
2014-07-02,short_treasury,0.0,0.0,0,0.0033541005104780197,-2.5550736261124767,0.3941505034046017,-1.8230084690738435
2014-07-02,treasury_7_10y,0.0051642445958826055,0.0051642445958826055,0,0.0045529622584581375,1.618924303484711,-3.4528844178280957,-0.655153096393299
2014-07-03,alternative,-0.06725381443761191,-0.06725381443761191,0,0.006599497050046921,-0.6546339935203741,-0.01442689133002696,0.01110714312492594
2014-07-03,corp_bond_ig,0.00754684463109756,0.00754684463109756,0,0.00469011627137661,0.9293242889384703,-2.8240678440040923,-1.4032878363777408
2014-07-03,developed_equity,-0.03574792924145409,-0.03574792924145409,0,0.008014829829335213,2.9536082966356934,-3.9246588225836345,0.3766376753763602
2014-07-03,emerging_equity,-0.002264458208030451,-0.002264458208030451,0,0.002628456801176071,-2.511861111422489,0.685297852485203,-2.018379500439087
2014-07-03,korea_equity,0.009855975071371592,0.009855975071371592,0,0.0018353648483753204,-2.2303682103485696,1.7300775022546653,-2.1570587478748355
2014-07-03,short_treasury,0.0010656401641104818,0.0010656401641104818,0,0.0036924555897712708,-2.6282526386805327,0.6052065759194801,-1.6790940567907922
2014-07-03,treasury_7_10y,0.011228290826386544,0.011228290826386544,0,0.0063796937465667725,2.2760202208534963,-2.806722011290409,-0.13817737638631813
2014-07-07,alternative,-0.0564061247870179,-0.0564061247870179,0,0.004425473511219025,-1.8351614468574975,-0.38224336357748395,-0.7445702618477003
2014-07-07,corp_bond_ig,0.006009811140517574,0.006009811140517574,0,0.005126923322677612,1.216907728435222,-2.766199823060096,-0.6960376985454866
2014-07-07,developed_equity,-0.0214849308047953,-0.0214849308047953,0,0.006413795053958893,2.443336899494991,-4.727088902497322,0.8307192033657858
2014-07-07,emerging_equity,0.007704512675245523,0.007704512675245523,0,0.0011588558554649353,-3.0229003016965685,-0.37055983559484196,-1.9319545089134287
2014-07-07,korea_equity,0.021782453072027863,0.021782453072027863,0,0.003310633823275566,-1.8532253561340317,1.3405917169749144,-1.8238400016024847
2014-07-07,short_treasury,0.0013027073326754568,0.0013027073326754568,0,0.0047157276421785355,-2.388661856539464,0.07771276948523295,-1.0031116412335206
2014-07-07,treasury_7_10y,0.009350337017566934,0.009350337017566934,0,0.006123404949903488,2.3429481633723523,-2.749716054578833,0.02449875776631313
2014-07-08,alternative,-0.047541008620965775,-0.047541008620965775,0,0.0037894584238529205,-2.136434727592142,-0.7782705720805884,-1.2182952918970098
2014-07-08,corp_bond_ig,0.003288913675377536,0.003288913675377536,0,0.005170278251171112,2.174833186045921,-2.773914230241314,-1.1708113657644403
2014-07-08,developed_equity,-0.022717801994777354,-0.022717801994777354,0,0.006497487425804138,2.840583315365928,-4.630628988228533,0.01483519505550072
2014-07-08,emerging_equity,-0.0031868743154082058,-0.0031868743154082058,0,0.0006690509617328644,-3.627118872248556,-1.1890230529921235,-1.8534691582272564
2014-07-08,korea_equity,0.012187610602386822,0.012187610602386822,0,0.0024874284863471985,-2.43740093681847,1.1867969579937248,-1.602246839191695
2014-07-08,short_treasury,0.0010656401641104818,0.0010656401641104818,0,0.004860859364271164,-2.969048803063353,-0.9893590505192548,-0.6483740887267063
2014-07-08,treasury_7_10y,0.005235611001773277,0.005235611001773277,0,0.006483590230345726,2.2084215253044355,-3.357491086295885,0.031486631371487224
2014-07-09,alternative,-0.05004100408338463,-0.05004100408338463,0,0.00391804613173008,-1.5227649403743948,-1.4906763129413538,-1.1401457064119505
2014-07-09,corp_bond_ig,-8.415009782281047e-05,-8.415009782281047e-05,0,0.004408717155456543,2.4078376335367406,-2.97677314492199,-1.9814533886317247
2014-07-09,developed_equity,-0.03399778722551394,-0.03399778722551394,0,0.0044774748384952545,2.545901851318201,-2.3002869979511082,-1.3542376496553954
2014-07-09,emerging_equity,-0.015617895471769616,-0.015617895471769616,0,0.0016846060752868652,-4.107143248634808,-1.5690312132909778,-0.6512132178352145
2014-07-09,korea_equity,0.0058444309817267115,0.0058444309817267115,0,0.0027746446430683136,-2.5175035672379065,0.47267640716846937,-1.3555014413206414
2014-07-09,short_treasury,0.001183834173978715,0.001183834173978715,0,0.0032363086938858032,-1.8815356094235511,-0.6039830353178737,0.19902198970899157
2014-07-09,treasury_7_10y,0.005913076379436832,0.005913076379436832,0,0.0069159939885139465,2.257381548918737,-3.711678422819246,-0.2105850451131344
2014-07-10,alternative,-0.049627790936923044,-0.049627790936923044,0,0.005616160109639168,-0.794676940999291,-1.60008303858815,-0.18621649416652766
2014-07-10,corp_bond_ig,0.0032861424725783017,0.0032861424725783017,0,0.003388799726963043,2.821926965619649,-3.00531668643966,-2.7738069601081348
2014-07-10,developed_equity,-0.028405924627007084,-0.028405924627007084,0,0.005753360688686371,3.054888225474636,-2.419929108723639,-1.2958459146584418
2014-07-10,emerging_equity,-0.014110126337325224,-0.014110126337325224,0,0.001589205116033554,-3.8953822451103113,-1.0759422920414081,0.020434068098050994
2014-07-10,korea_equity,0.006817515264403884,0.006817515264403884,0,0.004834383726119995,-2.1419036328448673,-0.7616278055116749,-1.0343651131196816
2014-07-10,short_treasury,0.0011832738326038594,0.0011832738326038594,0,0.003083551302552223,-0.8549060855916092,-0.5355120564259249,-0.8022718412057057
2014-07-10,treasury_7_10y,0.008318829881987844,0.008318829881987844,0,0.006101731210947037,2.9699794846685506,-4.289413739826306,-1.0688005138733507
2014-07-11,alternative,-0.03749999999999998,-0.03749999999999998,0,0.005005326122045517,-1.1142249076513218,-2.132465268336804,-0.03382299701455723
2014-07-11,corp_bond_ig,-8.401626185683408e-05,-8.401626185683408e-05,0,0.0022334717214107513,3.0340272229624987,-2.4610916888049164,-3.3402091735643618
2014-07-11,developed_equity,-0.026229003580325427,-0.026229003580325427,0,0.006128253415226936,3.313401960983511,-1.3749353651402991,-0.998305641883492
2014-07-11,emerging_equity,-0.0041011690061275585,-0.0041011690061275585,0,0.0036626197397708893,-3.5530511205104633,-1.215663395384946,0.21673471860574603
2014-07-11,korea_equity,0.018605416798624486,0.018605416798624486,0,0.004613516852259636,-1.7855083074472662,-0.22836924154909743,-0.4841507813790439
2014-07-11,short_treasury,0.0003548891485873895,0.0003548891485873895,0,0.003936368972063065,1.5811827088046293,-1.4841879820881203,-0.7937273151061502
2014-07-11,treasury_7_10y,0.00579428736299703,0.00579428736299703,0,0.003506302833557129,2.9661994372309715,-3.6913681802911853,-2.169303538565348
2014-07-14,alternative,-0.03712871380617033,-0.03712871380617033,0,0.005962833762168884,-0.4029215094688851,-1.9865330931133582,-0.3349164037414843
2014-07-14,corp_bond_ig,0.0024410208643386166,0.0024410208643386166,0,0.0024947095662355423,3.1743325709640478,-2.124057100109313,-3.9482086974939055
2014-07-14,developed_equity,-0.027178336937897396,-0.027178336937897396,0,0.007446657866239548,3.3625876069089684,-0.18063813532961948,-1.089656961191335
2014-07-14,emerging_equity,0.0009043842627478593,0.0009043842627478593,0,0.0037626326084136963,-3.3689130687241806,-1.03232742407343,0.2312317810561144
2014-07-14,korea_equity,0.015695449264643724,0.015695449264643724,0,0.004414590075612068,-1.564047045299803,-0.7155103991366322,-0.5678178040178726
2014-07-14,short_treasury,0.0004732716175590568,0.0004732716175590568,0,0.00211213156580925,2.179246594734466,-2.3785123297131143,-2.6261484477183625
2014-07-14,treasury_7_10y,0.00754934941541574,0.00754934941541574,0,0.004097145050764084,3.184408476895067,-3.3295724114355836,-2.719389842114821
2014-07-15,alternative,-0.04115226337448563,-0.04115226337448563,0,0.00422542542219162,-1.2313223731780907,-1.8325282944314523,-0.9733289526519536
2014-07-15,corp_bond_ig,0.0030336278411249307,0.0030336278411249307,0,0.0029800646007061005,3.456060355658335,-1.5280617641345997,-3.7977857879717325
2014-07-15,developed_equity,-0.031100789186012,-0.031100789186012,0,0.005757646635174751,2.9779507449991796,-0.5559253167467347,-1.4387615218561105
2014-07-15,emerging_equity,0.002714907914331599,0.002714907914331599,0,0.005852730944752693,-3.7317229511971672,-0.29157097243158175,1.787589307628577
2014-07-15,korea_equity,0.01865968936701301,0.01865968936701301,0,0.003906574100255966,-1.8317575336383674,-0.3692579174379473,-0.6244985126610704
2014-07-15,short_treasury,0.0009469010236917708,0.0009469010236917708,0,0.0028870031237602234,1.6900080434602107,-2.121353912309235,-3.0493257978375548
2014-07-15,treasury_7_10y,0.006974654343651521,0.006974654343651521,0,0.0048217084258794785,3.922175757590831,-2.514611717317912,-2.5631514880623048
2014-07-16,alternative,-0.03709810294134852,-0.03709810294134852,0,0.003173433244228363,-1.6314941490674566,-1.4067903069755223,-1.6410832272641516
2014-07-16,corp_bond_ig,0.0026902034723332857,0.0026902034723332857,0,0.0030971020460128784,2.947831302319082,-1.1239850454036444,-3.952178785071746
2014-07-16,developed_equity,-0.030257745181524687,-0.030257745181524687,0,0.006535084918141365,3.3050660898552047,-0.5328863338077051,-1.2362250062002067
2014-07-16,emerging_equity,0.005642067078578172,0.005642067078578172,0,0.00460081547498703,-3.384885235989417,-0.3674212408441254,0.7710037544078842
2014-07-16,korea_equity,0.021220613357964213,0.021220613357964213,0,0.0034088846296072006,-1.3290299202189146,0.05041863592693628,-1.1264129289502545
2014-07-16,short_treasury,0.0015389753940966422,0.0015389753940966422,0,0.0021456051617860794,2.2258759281956197,-1.5386964497133704,-4.238826511870221
2014-07-16,treasury_7_10y,0.008802511958659442,0.008802511958659442,0,0.0029227379709482193,2.850231411625554,-1.0580103007963102,-2.63253033459424
2014-07-17,alternative,-0.027431446118401315,-0.027431446118401315,0,0.002825198695063591,-1.688639314857622,-1.6862657165999553,-1.7140435674280419
2014-07-17,corp_bond_ig,0.0,0.0,0,0.0042969416826963425,2.6567725099763364,-1.1464829538055767,-2.6366763282341332
2014-07-17,developed_equity,-0.009910546532427178,-0.009910546532427178,0,0.006133664399385452,3.1002981579529685,-0.6788083907960286,-1.8396518046503416
2014-07-17,emerging_equity,0.02644897741458796,0.02644897741458796,0,0.00536857545375824,-2.6344789137019697,-0.21748426562346995,0.7369397700450995
2014-07-17,korea_equity,0.040519462476196866,0.040519462476196866,0,0.002755865454673767,-1.0787250451922514,0.6925435231557661,-2.2236258080199525
2014-07-17,short_treasury,0.00094631925938371,0.00094631925938371,0,0.002974964678287506,2.092085808368951,-0.8982829058398217,-3.4982634347124018
2014-07-17,treasury_7_10y,0.005000929277540145,0.005000929277540145,0,0.002938961610198021,2.664409552539063,-1.3195440016853837,-2.715770568757849
2014-07-18,alternative,-0.036273713233143545,-0.036273713233143545,0,0.0023668743669986725,-1.666351893065073,-2.0631126415357572,-2.362489898984201
2014-07-18,corp_bond_ig,0.004864154993673653,0.004864154993673653,0,0.005553640425205231,2.959008804576105,-0.6063572390322286,-1.8208113163441768
2014-07-18,developed_equity,-0.02392932784777646,-0.02392932784777646,0,0.005920708179473877,3.222823910257675,-0.7004288748857201,-1.6148219185205528
2014-07-18,emerging_equity,0.007925690111649786,0.007925690111649786,0,0.00482415035367012,-2.129123916186541,-0.2397386554570879,0.8317032393602396
2014-07-18,korea_equity,0.024092626387548277,0.024092626387548277,0,0.003113219514489174,-1.0489167487377047,1.3616415719966914,-2.264491540718811
2014-07-18,short_treasury,0.0017757964213469535,0.0017757964213469535,0,0.0036006271839141846,2.1914769323182846,-0.8987667654391003,-3.5521897158525793
2014-07-18,treasury_7_10y,0.011082216084428831,0.011082216084428831,0,0.004747426137328148,2.7963285537775455,-0.6716394562593043,-1.703933441194724
2014-07-21,alternative,-0.03050292237880614,-0.03050292237880614,0,0.001972762867808342,-1.3546591945351443,-1.4564999554122884,-3.3633740077471015
2014-07-21,corp_bond_ig,0.002599842280628595,0.002599842280628595,0,0.005616340786218643,2.8310150749801197,-0.3726815159193434,-1.2817028940166575
2014-07-21,developed_equity,-0.0111731802921895,-0.0111731802921895,0,0.00517616979777813,2.8925322421538104,-1.4244139313462205,-2.3184116491459843
2014-07-21,emerging_equity,0.014217947052416635,0.014217947052416635,0,0.005039522424340248,-1.8223407295195737,-0.19762547189994217,0.7205561553084635
2014-07-21,korea_equity,0.025007761301467868,0.025007761301467868,0,-1.5750527381896973e-05,-1.45430029644135,-0.16855958886519284,-3.802686819075842
2014-07-21,short_treasury,0.001657189679040716,0.001657189679040716,0,0.005140114575624466,1.211169944661836,0.06568525229239468,-2.810127679592454
2014-07-21,treasury_7_10y,0.007610725076172775,0.007610725076172775,0,0.004936002194881439,3.1343686061873175,0.19628021986856306,-1.187793529588389
2014-07-22,alternative,-0.028806584362139898,-0.028806584362139898,0,0.0016242936253547668,0.12310085522231345,-1.9766614968398322,-3.779739670417776
2014-07-22,corp_bond_ig,0.001173211996147172,0.001173211996147172,0,0.005532501265406609,1.6084090901407526,-0.4249704374815769,-0.6149892301731911
2014-07-22,developed_equity,-0.011009889383630567,-0.011009889383630567,0,0.004370041191577911,2.923263682734625,-1.3170323538374173,-2.2186853197737584
2014-07-22,emerging_equity,0.009615391177062671,0.009615391177062671,0,0.004667587578296661,-1.9901578686570316,-0.027103908323959994,0.282176960087399
2014-07-22,korea_equity,0.01861164812372773,0.01861164812372773,0,0.0002558007836341858,-0.929460454841811,-0.44241993779280525,-4.012094844043818
2014-07-22,short_treasury,0.001657189679040716,0.001657189679040716,0,0.00597490556538105,1.2486492949615688,1.1495539481016859,-2.6122313117693072
2014-07-22,treasury_7_10y,0.005292052825390137,0.005292052825390137,0,0.005159519612789154,2.4486927460350167,0.31506419708492267,-0.6851267270213006
2014-07-23,alternative,-0.0377049055255827,-0.0377049055255827,0,0.0016533639281988144,0.020913848435896828,-2.3719214138621285,-3.900340985845178
2014-07-23,corp_bond_ig,-0.0022600173240321375,-0.0022600173240321375,0,0.006063982844352722,0.3879261618888297,-1.2391491466637392,0.24414177059773304
2014-07-23,developed_equity,-0.01354279590459373,-0.01354279590459373,0,0.004156898707151413,2.5066085745319877,-1.581580407039906,-1.9999146032587858
2014-07-23,emerging_equity,0.006702481300440155,0.006702481300440155,0,0.003077130764722824,-2.038529710297105,0.23729816905560658,-0.44023904675731534
2014-07-23,korea_equity,0.015156121683937762,0.015156121683937762,0,0.00042555853724479675,-1.2346606362548673,0.12204630551655364,-4.030531889617311
2014-07-23,short_treasury,0.00035497312198051745,0.00035497312198051745,0,0.006290733814239502,1.151400524536267,1.2952494967652968,-1.8621747871035337
2014-07-23,treasury_7_10y,0.0024056967321492984,0.0024056967321492984,0,0.005740612745285034,2.2423187317365163,-1.0203187829936964,-0.24016536816106757
2014-07-24,alternative,-0.030402605102905156,-0.030402605102905156,0,0.0023984983563423157,0.43590049984004214,-1.3565672910475557,-3.022243478291946
2014-07-24,corp_bond_ig,0.005126055549172781,0.005126055549172781,0,0.006486464291810989,0.5306614050861657,-1.8230025079799805,0.4907475299618293
2014-07-24,developed_equity,-0.006360823177499864,-0.006360823177499864,0,0.005086265504360199,2.6532256677010237,-0.5865477652993164,-1.8795729797517053
2014-07-24,emerging_equity,-0.002001782794051943,-0.002001782794051943,0,0.0031416378915309906,-2.1115066859861154,-0.3189175408452172,-0.6719516658236352
2014-07-24,korea_equity,0.00398959864256021,0.00398959864256021,0,8.851103484630585e-05,-0.8283879757249445,0.32079556498872996,-3.7726070189593974
2014-07-24,short_treasury,0.0007101983452848515,0.0007101983452848515,0,0.005889885127544403,0.6224722150525661,0.24457968536260072,-2.481701398014013
2014-07-24,treasury_7_10y,0.008599027919308666,0.008599027919308666,0,0.006757898256182671,2.3663552395021763,-1.5735664132832523,0.2618693520242798
2014-07-25,alternative,-0.03127574528195742,-0.03127574528195742,0,0.003855925053358078,0.8608816895389793,-1.4800666262027997,-2.974064812999308
2014-07-25,corp_bond_ig,0.0025113264193623586,0.0025113264193623586,0,0.0052329786121845245,0.7095053029344437,-2.61313217311606,0.10137747326367934
2014-07-25,developed_equity,-0.010606455936719827,-0.010606455936719827,0,0.003593098372220993,2.206139030321079,-0.4830368755040392,-2.0713520944181356
2014-07-25,emerging_equity,-0.0006699146966201441,-0.0006699146966201441,0,0.0019187331199645996,-2.061592236958241,-0.3307009008372258,-1.2734623334913182
2014-07-25,korea_equity,0.007349615294395706,0.007349615294395706,0,0.0005263201892375946,-0.6537918086797291,1.0565008209694653,-3.416747826801899
2014-07-25,short_treasury,0.0003550571671837588,0.0003550571671837588,0,0.006459610536694527,1.2629624082060653,1.749011531036688,-1.0650420738394135
2014-07-25,treasury_7_10y,0.004812319467343507,0.004812319467343507,0,0.005566978827118874,2.980259096915526,-1.831915079835235,-0.1644318287162617
2014-07-28,alternative,-0.022314024365637897,-0.022314024365637897,0,0.003216387704014778,0.8418594341115531,-1.066882345429366,-2.939938571950638
2014-07-28,corp_bond_ig,0.005279896538964879,0.005279896538964879,0,0.005293861031532288,0.47677376340890193,-2.7959289927739737,-0.3489828721500364
2014-07-28,developed_equity,0.001364980496931123,0.001364980496931123,0,0.0037375278770923615,1.7919866150985313,-0.9900174409487819,-1.8110095315910055
2014-07-28,emerging_equity,-0.00022174143932951473,-0.00022174143932951473,0,0.002376323565840721,-2.2029435253093865,-0.011457666402372736,-1.4023586208626495
2014-07-28,korea_equity,-0.0018143747760724915,-0.0018143747760724915,0,-2.3171305656433105e-06,-1.488513019402285,1.553877801024959,-2.8764013946817792
2014-07-28,short_treasury,0.0004736639073161797,0.0004736639073161797,0,0.004478983581066132,1.2239425791014504,1.4537678979164033,-2.5052778394806836
2014-07-28,treasury_7_10y,0.006745081767878691,0.006745081767878691,0,0.00554458424448967,2.3677974232746553,-2.4315397834718806,-0.3553613350660344
2014-07-29,alternative,-0.02066115702479343,-0.02066115702479343,0,0.0038413573056459427,0.7627827550626398,-2.3533388306077616,-2.8853094509405564
2014-07-29,corp_bond_ig,0.005023850561734378,0.005023850561734378,0,0.005563084036111832,1.4352937313106067,-3.2219341962758725,0.004924118173378965
2014-07-29,developed_equity,0.0046365243338455375,0.0046365243338455375,0,0.004298768937587738,0.8987267705680261,-1.3669905967010954,-1.9120541813553404
2014-07-29,emerging_equity,0.011825050934975101,0.011825050934975101,0,0.0028604939579963684,-3.6013468053005897,-1.4921067660827638,0.1054471904345116
2014-07-29,korea_equity,-0.0028417953884498637,-0.0028417953884498637,0,0.004977695643901825,0.0774371594119776,-0.8696252690733596,-0.74317347121989
2014-07-29,short_treasury,0.0005918719266104766,0.0005918719266104766,0,0.005189564079046249,2.2420315204585726,1.08609523448513,-1.2766946110656343
2014-07-29,treasury_7_10y,0.005196313751367088,0.005196313751367088,0,0.005262855440378189,3.0364783945385705,-2.8191015368713854,-0.3808590036746798
2014-07-30,alternative,-0.006677821630874159,-0.006677821630874159,0,0.007682511582970619,3.271849051583227,-2.4561261041177973,-1.7723509646818483
2014-07-30,corp_bond_ig,0.011356040837028347,0.011356040837028347,0,0.004139132797718048,0.7263705868372508,-1.7869593465177875,-0.455869246459988
2014-07-30,developed_equity,0.00821251195682593,0.00821251195682593,0,0.004523506388068199,0.28061312179271614,-1.714096520853121,-1.3112062138589755
2014-07-30,emerging_equity,0.021973170189730995,0.021973170189730995,0,0.00209006667137146,-3.3722299611055293,-0.8386019143485224,-0.2775045986484248
2014-07-30,korea_equity,-0.010095016315532557,-0.010095016315532557,0,0.005325973033905029,-0.5158835941214304,-1.7202647274289333,0.34425653515672366
2014-07-30,short_treasury,0.0013028616600019305,0.0013028616600019305,0,0.0046958234161138535,2.4927547728872965,1.9113835673307358,-1.184016065385749
2014-07-30,treasury_7_10y,0.015117719950433761,0.015117719950433761,0,0.005185533314943314,3.773754951144348,-2.655720917877654,-0.6067809831389194
2014-07-31,alternative,0.011073214697332912,0.011073214697332912,0,0.008929820731282234,6.803634133162882,-0.2064435524765398,-2.6281246952802673
2014-07-31,corp_bond_ig,0.016364359022114305,0.016364359022114305,0,0.002633623778820038,0.06359953047435057,0.39879545753546164,-0.8321678947199367
2014-07-31,developed_equity,0.024665504325183996,0.024665504325183996,0,0.006747167557477951,3.177125031791307,-1.2980981499831354,-0.3578747978060164
2014-07-31,emerging_equity,0.029895056650256935,0.029895056650256935,0,0.002890896052122116,-2.3734674047632796,-1.2660540569358958,0.4334820065840835
2014-07-31,korea_equity,0.008472090785411002,0.008472090785411002,0,0.004591669887304306,-0.7892668377937123,-1.2715416903871783,0.746410604978582
2014-07-31,short_treasury,0.0010654236603535594,0.0010654236603535594,0,0.004195161163806915,1.2261030959471588,3.1774227039952856,-0.06678649396797205
2014-07-31,treasury_7_10y,0.016770023905829712,0.016770023905829712,0,0.005578294396400452,4.52641319116393,-2.114278895505685,-0.5484053140368396
2014-08-01,alternative,0.01888409397632773,0.01888409397632773,0,0.00873320922255516,6.930084893289826,0.4742653125300644,-1.8393734708321234
2014-08-01,corp_bond_ig,0.014812339174809175,0.014812339174809175,0,0.0025315023958683014,0.8265927215380388,0.005400560379358476,-1.6006361344169835
2014-08-01,developed_equity,0.03175708640822572,0.03175708640822572,0,0.007663697004318237,3.1718589536109474,0.15934040484569534,1.784657356267046
2014-08-01,emerging_equity,0.022696322488228393,0.022696322488228393,0,0.003968045115470886,-1.3503760822405118,-1.9488699515669536,0.5891005153118325
2014-08-01,korea_equity,-0.003002957249614635,-0.003002957249614635,0,0.0053228046745061874,-0.7055457049175488,-0.7676199458036189,1.054195175029146
2014-08-01,short_treasury,0.0005913118930660488,0.0005913118930660488,0,0.007687579840421677,5.9846965624165085,0.5033279353154378,-0.8161838855309318
2014-08-01,treasury_7_10y,0.012841574152492319,0.012841574152492319,0,0.006465518847107887,3.567044167959581,-3.0813101688373963,0.5502854448127029
2014-08-04,alternative,0.015371503631194328,0.015371503631194328,0,0.007137652486562729,6.38845266131633,0.5140791764583318,-2.3875138602778545
2014-08-04,corp_bond_ig,0.006899450612974034,0.006899450612974034,0,0.0026596374809741974,1.771825682509302,-0.06485938078337779,-1.7077184788851214
2014-08-04,developed_equity,0.017648753315993027,0.017648753315993027,0,0.007182013243436813,1.9859498476733557,-0.10237792919360113,2.3016795495731444
2014-08-04,emerging_equity,0.011693286338872122,0.011693286338872122,0,0.0039605870842933655,-1.3105180344579836,-2.3450122640671007,1.486470450224413
2014-08-04,korea_equity,-0.018165426713486865,-0.018165426713486865,0,0.0062684714794158936,-0.9337636726055026,-0.4639817643661355,1.479353573389039
2014-08-04,short_treasury,-0.0005914021283618398,-0.0005914021283618398,0,0.007383549585938454,5.840970263683634,0.35861986141630997,-0.9971238403460742
2014-08-04,treasury_7_10y,0.004052936499773896,0.004052936499773896,0,0.006296360865235329,2.033184582075139,-3.640295851867847,1.564006445501996
2014-08-05,alternative,0.025817556616083648,0.025817556616083648,0,0.006871208548545837,6.797024219217168,-0.10462908385192533,-3.099781649287027
2014-08-05,corp_bond_ig,0.0072287181770818165,0.0072287181770818165,0,0.0020509958267211914,1.7273668361882661,1.0539378218755264,-2.0554375577411954
2014-08-05,developed_equity,0.03930675055202393,0.03930675055202393,0,0.008925633504986763,2.8063550951177567,0.3479505448099387,2.8964471694785088
2014-08-05,emerging_equity,0.040876932589709813,0.040876932589709813,0,0.005782024934887886,-1.0565753895196086,-1.7786282492090337,1.3915295180034717
2014-08-05,korea_equity,-0.0056394260499923465,-0.0056394260499923465,0,0.005578033626079559,-0.291626348990658,-0.7777614644006708,1.1838690292744734
2014-08-05,short_treasury,-0.0003548954181945563,-0.0003548954181945563,0,0.006626971065998077,5.3483416925426885,-0.2336506992400884,-2.231181399213453
2014-08-05,treasury_7_10y,0.005015399706171264,0.005015399706171264,0,0.006091425195336342,2.2037760889697213,-2.7563640942861793,0.47838991329696656
2014-08-06,alternative,0.02158894589046434,0.02158894589046434,0,0.007303053513169289,6.7324858855112275,-0.5997411602579231,-2.6057601797591583
2014-08-06,corp_bond_ig,0.0018524858264210575,0.0018524858264210575,0,0.0035514384508132935,2.61554696415098,2.101576519377378,-1.9031411658769555
2014-08-06,developed_equity,0.044805627829615835,0.044805627829615835,0,0.010579751804471016,4.863898291526992,0.6841197952564327,2.9366915268831333
2014-08-06,emerging_equity,0.04529770820821244,0.04529770820821244,0,0.005604371428489685,-1.4896103053354568,-1.1101634000229301,1.3960961434565309
2014-08-06,korea_equity,-0.00275229818006284,-0.00275229818006284,0,0.006179843097925186,-0.7194968585659357,-0.525128121124803,1.5422746119005286
2014-08-06,short_treasury,-0.0007094425778675362,-0.0007094425778675362,0,0.003888651728630066,5.02738640960859,-0.7965951620842052,-3.709858992019651
2014-08-06,treasury_7_10y,0.0005782518062005249,0.0005782518062005249,0,0.006414886564016342,1.7921908048670963,-2.459021873692875,0.8458180559651308
2014-08-07,alternative,0.0304612702656204,0.0304612702656204,0,0.006516177207231522,6.738236811001136,-0.3401792125466577,-2.507653893583573
2014-08-07,corp_bond_ig,-0.0005878869152904365,-0.0005878869152904365,0,0.0035709962248802185,2.594146695509173,3.5573603071053452,-2.4423213312540732
2014-08-07,developed_equity,0.042435394587287734,0.042435394587287734,0,0.010662458837032318,4.4529572638645,0.6935687547101715,3.485373248051746
2014-08-07,emerging_equity,0.05840255764358071,0.05840255764358071,0,0.0038122721016407013,0.3479887718697873,-0.32983684033841365,-1.5654713885201614
2014-08-07,korea_equity,0.0015389114951533944,0.0015389114951533944,0,0.00605614110827446,-0.1921653714355282,-0.6266451575288599,1.2446256418609547
2014-08-07,short_treasury,-0.0008273217624307216,-0.0008273217624307216,0,0.0034279394894838333,5.183858212782926,-1.4545552412568197,-4.200385583745829
2014-08-07,treasury_7_10y,-0.0036454073408037635,-0.0036454073408037635,0,0.005252007395029068,1.8829848070066877,-2.8600605503305654,-0.26971415374859403
2014-08-08,alternative,0.015584442006561172,0.015584442006561172,0,0.009396877139806747,7.639265737074259,1.7421887736658228,2.3736110354036017
2014-08-08,corp_bond_ig,-0.0020161110712679786,-0.0020161110712679786,0,0.003682296723127365,3.2830960382480012,3.455891536904852,-2.5530729451203196
2014-08-08,developed_equity,0.0317303607925532,0.0317303607925532,0,0.011704063042998314,5.5757359358415535,0.7526532674033115,2.8789895997820683
2014-08-08,emerging_equity,0.03660494903525957,0.03660494903525957,0,0.0039596594870090485,0.49140689743962035,-0.5974815651026274,-1.702468371341828
2014-08-08,korea_equity,-0.011665420083353029,-0.011665420083353029,0,0.005808323621749878,-0.37507132467304544,-0.21424097610680215,0.9683882992618503
2014-08-08,short_treasury,-0.0008278109844517267,-0.0008278109844517267,0,0.0021723154932260513,4.438189385235473,-1.946736533630701,-4.252176068625115
2014-08-08,treasury_7_10y,-0.0038406290928331144,-0.0038406290928331144,0,0.00403343141078949,2.0227911118610256,-4.471129317199152,-1.6368885730810654
2014-08-11,alternative,0.0,0.0,0,0.009262075647711754,7.314100230208629,1.967006668800025,3.3728970099165148
2014-08-11,corp_bond_ig,-0.00512211772369453,-0.00512211772369453,0,0.002642657607793808,2.9307704508433217,3.388830557400602,-2.822577944099825
2014-08-11,developed_equity,0.024006724749174202,0.024006724749174202,0,0.0077310651540756226,3.184434174021775,1.6486095971139731,2.7498030223862577
2014-08-11,emerging_equity,0.010842546583984758,0.010842546583984758,0,0.0018880907446146011,0.7760791974274837,-0.5081543781942105,-2.8773577211410286
2014-08-11,korea_equity,-0.026927817010328092,-0.026927817010328092,0,0.0054412782192230225,-1.179631932297082,-0.5434105952507736,1.156171932628506
2014-08-11,short_treasury,-0.0014190529878427283,-0.0014190529878427283,0,0.0016975700855255127,3.5984914298782993,-2.087601291883217,-3.8075401929707793
2014-08-11,treasury_7_10y,-0.005667592185770176,-0.005667592185770176,0,0.003950227051973343,1.9785545681420211,-3.9217441019810892,-2.0692449582327335
2014-08-12,alternative,0.0042918454935623185,0.0042918454935623185,0,0.008515868335962296,7.153407416397247,1.4850960009354033,2.0773846975712633
2014-08-12,corp_bond_ig,-0.00621690222094029,-0.00621690222094029,0,0.003913307562470436,2.5669897444249608,5.6761526708167,-2.498551110593443
2014-08-12,developed_equity,0.030128106805939803,0.030128106805939803,0,0.00582374632358551,-0.015446921101082676,2.0211005717756136,1.966983773202559
2014-08-12,emerging_equity,0.005415200363704464,0.005415200363704464,0,0.00202210433781147,0.5856592624530726,0.3330584552282106,-2.9322951980709675
2014-08-12,korea_equity,-0.0251870168229833,-0.0251870168229833,0,0.004461910575628281,-1.4648743364863497,-0.836340875017411,0.21083638589458786
2014-08-12,short_treasury,-0.0013008587219428547,-0.0013008587219428547,0,0.002464044839143753,3.535551458632552,-2.0038659331950175,-2.9332830890395627
2014-08-12,treasury_7_10y,-0.006733977573763039,-0.006733977573763039,0,0.004051979631185532,2.3379752982185877,-3.006093502420869,-2.468118294003243
2014-08-13,alternative,0.0008561512971603236,0.0008561512971603236,0,0.008378028869628906,5.911415935687205,0.8685792887568483,1.9542898853989374
2014-08-13,corp_bond_ig,-0.008971239414270693,-0.008971239414270693,0,0.0034111514687538147,1.5011669713678903,5.502861625167284,-1.5502080541697978
2014-08-13,developed_equity,0.017209958115724344,0.017209958115724344,0,0.007265765219926834,0.565628307782286,0.8186653167773191,2.1952086304206837
2014-08-13,emerging_equity,-0.006732563790665225,-0.006732563790665225,0,0.000742204487323761,0.5768462147665065,1.0679537301283986,-3.915180945932048
2014-08-13,korea_equity,-0.03534054027407274,-0.03534054027407274,0,0.004046976566314697,-1.4985340153287345,-0.2602174949009545,-0.5849109525043953
2014-08-13,short_treasury,-0.0016548391509872973,-0.0016548391509872973,0,0.0033028461039066315,3.1364259693746996,-1.906085843113585,-1.9315205675943743
2014-08-13,treasury_7_10y,-0.011218699383203301,-0.011218699383203301,0,0.0018696114420890808,1.1421114186168455,-0.9857338445960706,-2.906049035914224
2014-08-14,alternative,-0.0017093756260015969,-0.0017093756260015969,0,0.0070074088871479034,4.822503401704478,0.5034603575399474,1.4389813790766413
2014-08-14,corp_bond_ig,-0.014824156196324045,-0.014824156196324045,0,0.004785524681210518,1.423636391538857,4.017442715197454,-1.3337171566393657
2014-08-14,developed_equity,0.010287750043513899,0.010287750043513899,0,0.007865961641073227,1.0257723411337816,1.1979494470192318,1.8889272965935548
2014-08-14,emerging_equity,-0.018821423537630277,-0.018821423537630277,0,0.00029098987579345703,0.6398505272061047,1.2325291301275472,-3.7413883465080815
2014-08-14,korea_equity,-0.04194859157894282,-0.04194859157894282,0,0.004616878926753998,-2.1796362714424573,-1.9338253751233048,0.5363013093454255
2014-08-14,short_treasury,-0.002127160237926695,-0.002127160237926695,0,0.004381097853183746,2.9969349679332282,-1.413768678908027,-0.9394906304257491
2014-08-14,treasury_7_10y,-0.016937766919295716,-0.016937766919295716,0,0.001354476436972618,0.39571649850140583,-1.6438190668307784,-2.3465617551882536
2014-08-15,alternative,-0.006843481961638087,-0.006843481961638087,0,0.006835075095295906,4.551751717893564,-0.1487203451104837,1.3484956440910703
2014-08-15,corp_bond_ig,-0.018027007496379976,-0.018027007496379976,0,0.0011403802782297134,-0.5061165422433864,1.2015260345385004,-4.271229035696786
2014-08-15,developed_equity,0.009472075449280304,0.009472075449280304,0,0.006926823407411575,1.495632281045133,1.0724049604222807,1.541514546711853
2014-08-15,emerging_equity,-0.02111881963954665,-0.02111881963954665,0,-0.00015532784163951874,0.4327459544612427,1.7392367469136476,-3.6768441820231987
2014-08-15,korea_equity,-0.042829082226720216,-0.042829082226720216,0,0.00331684947013855,-1.3360623390324815,-1.8107983085167094,-0.7478155382146194
2014-08-15,short_treasury,-0.0016544479449818184,-0.0016544479449818184,0,0.004843262955546379,2.639681178779401,-1.687307582350306,-0.3779258252749179
2014-08-15,treasury_7_10y,-0.019062142917497416,-0.019062142917497416,0,0.003637947142124176,-0.19337232483498717,-1.6993888014450418,-0.30595610758690955
2014-08-18,alternative,-0.011054382986657618,-0.011054382986657618,0,0.007737200707197189,4.420153237431199,0.22136251482814617,1.6063998341870491
2014-08-18,corp_bond_ig,-0.015976609061920666,-0.015976609061920666,0,0.0017956681549549103,-0.8130219253151594,0.93082296417243,-3.7621594552100115
2014-08-18,developed_equity,0.005925317720601342,0.005925317720601342,0,0.008314970880746841,1.8289045701318696,0.9448964151101543,1.5543392869146018
2014-08-18,emerging_equity,-0.017801496695753816,-0.017801496695753816,0,0.0012628883123397827,0.9596516517197922,2.1525690312786057,-3.004624394660972
2014-08-18,korea_equity,-0.033132598299403404,-0.033132598299403404,0,0.00355425663292408,-2.007841126196366,-2.6096230153012727,-0.6889474990845985
2014-08-18,short_treasury,-0.0010636251992888202,-0.0010636251992888202,0,0.0057653822004795074,2.513617390827808,-1.8995261371447751,-0.18643507790131406
2014-08-18,treasury_7_10y,-0.016253915362518412,-0.016253915362518412,0,0.006763717159628868,1.8416811155124007,-1.622926153359087,-0.6596749715119034
2014-08-19,alternative,-0.015254263150490055,-0.015254263150490055,0,0.008382987231016159,3.355477783297219,-0.2632814337617788,1.6621680920290325
2014-08-19,corp_bond_ig,-0.01799616224919176,-0.01799616224919176,0,0.0009080450981855392,-1.3283914398471235,0.744966883219309,-3.432639050155085
2014-08-19,developed_equity,-0.002748825890112605,-0.002748825890112605,0,0.008593440055847168,2.3036759860385225,1.7198042773105053,1.5560384413175508
2014-08-19,emerging_equity,-0.03145076269440805,-0.03145076269440805,0,0.0018700826913118362,-0.05556280950472027,1.522886703616047,-2.201946706916896
2014-08-19,korea_equity,-0.04028747861695536,-0.04028747861695536,0,0.0041141510009765625,-1.6100885991753002,-2.193959131665033,-0.4196539955619581
2014-08-19,short_treasury,-0.002127160237926695,-0.002127160237926695,0,0.004940643906593323,2.61168326547221,-2.0956240081789423,-0.34153182193554293
2014-08-19,treasury_7_10y,-0.017706795980810708,-0.017706795980810708,0,0.00651906430721283,1.732261956917927,-2.3363228412444115,0.7040818087048046
2014-08-20,alternative,-0.006814335957069484,-0.006814335957069484,0,0.00975879281759262,3.083672823806176,-0.8136615033222087,1.7299881098140868
2014-08-20,corp_bond_ig,-0.01401005211158235,-0.01401005211158235,0,0.0016854554414749146,-0.8778349347039826,0.37760923675524793,-2.8332957269720573
2014-08-20,developed_equity,0.00727631020508035,0.00727631020508035,0,0.008311975747346878,2.49244223966319,1.3864999058523437,1.1313857895461858
2014-08-20,emerging_equity,-0.028184651998622745,-0.028184651998622745,0,0.0012479033321142197,-0.9174112168586454,0.7708284171843062,-2.1302298735661487
2014-08-20,korea_equity,-0.04162265756523931,-0.04162265756523931,0,0.004683706909418106,-1.659436432676145,-1.4441697261782664,0.08280296274998537
2014-08-20,short_treasury,-0.0010646317282997364,-0.0010646317282997364,0,0.00592866912484169,2.88985151739107,-2.571196342747275,0.37257501705497165
2014-08-20,treasury_7_10y,-0.015455511554684165,-0.015455511554684165,0,0.006688034161925316,1.8054158716418232,-1.586238145100909,0.27983737257448
2014-08-21,alternative,-0.027118618205442258,-0.027118618205442258,0,0.010150941088795662,3.6580551035300997,-1.463228082124828,0.972208058750058
2014-08-21,corp_bond_ig,-0.01354404095239048,-0.01354404095239048,0,0.0024578720331192017,-1.7830148938922017,-0.07778870833305966,-1.678042238967229
2014-08-21,developed_equity,-0.0006809510162100185,-0.0006809510162100185,0,0.009917223826050758,3.4772206648712003,1.5131929568728943,0.9085404382307679
2014-08-21,emerging_equity,-0.03142411145479562,-0.03142411145479562,0,0.002851419150829315,-2.408085281082904,-0.08099240746878485,-0.8648962758264492
2014-08-21,korea_equity,-0.030719885784128098,-0.030719885784128098,0,0.006183560937643051,-1.4473011285354915,-1.4808664730224146,0.36849945489255936
2014-08-21,short_treasury,-0.0011828539512438452,-0.0011828539512438452,0,0.004892447963356972,2.3993587045270726,-3.0826413208743957,-0.3583136484005768
2014-08-21,treasury_7_10y,-0.013794448221340128,-0.013794448221340128,0,0.005813596770167351,1.7220006459614723,-1.9088244774884566,-0.03785686356923209
2014-08-22,alternative,-0.03313503821244246,-0.03313503821244246,0,0.01108958013355732,3.5533065453839714,-1.3845377041267384,1.0084193897905058
2014-08-22,corp_bond_ig,-0.013861085775708992,-0.013861085775708992,0,0.003098420798778534,-1.9185654042392057,-0.41849583815950414,-1.0367984835782489
2014-08-22,developed_equity,0.007009270091568487,0.007009270091568487,0,0.008767832070589066,3.888882256244591,1.6073587301063126,0.5388568758754678
2014-08-22,emerging_equity,-0.04357543604333969,-0.04357543604333969,0,0.0032085180282592773,-2.709890052759391,-0.45271274634091213,-0.3821515012891405
2014-08-22,korea_equity,-0.05152757778497541,-0.05152757778497541,0,0.006986208260059357,-1.9547672865289412,-1.4847016812194342,0.985651408264417
2014-08-22,short_treasury,-0.0002365906751138347,-0.0002365906751138347,0,0.006036583334207535,2.4616120853281136,-3.515018576842161,0.4355430819891471
2014-08-22,treasury_7_10y,-0.011781641177741609,-0.011781641177741609,0,0.005751872435212135,2.143366734434151,-2.0765824850755443,0.31496899553241364
2014-08-25,alternative,-0.04395608151727304,-0.04395608151727304,0,0.010629110038280487,3.4693710849961836,-2.4950813948893544,0.7275265077503187
2014-08-25,corp_bond_ig,-0.013839066902445518,-0.013839066902445518,0,0.003167964518070221,-2.0659788208765133,-0.9767981578918885,-0.8920081472417711
2014-08-25,developed_equity,-0.01553979525850191,-0.01553979525850191,0,0.007319530472159386,2.977171076021153,1.418564926704856,0.3014025802516286
2014-08-25,emerging_equity,-0.055900629001920166,-0.055900629001920166,0,0.0029793772846460342,-3.144176886184712,-1.1940905049512738,-0.44035999803973
2014-08-25,korea_equity,-0.05770975086824526,-0.05770975086824526,0,0.00837697647511959,-1.5769316920294647,-1.494944325191507,1.0764559440995682
2014-08-25,short_treasury,0.0003550571671837588,0.0003550571671837588,0,0.007559178397059441,3.38286012673644,-3.8399183764542544,0.3700999040304541
2014-08-25,treasury_7_10y,-0.010432656319519729,-0.010432656319519729,0,0.0057263560593128204,2.7758216559936946,-2.928828385243228,-0.0015433694107780576
2014-08-26,alternative,-0.04725737108962946,-0.04725737108962946,1,-0.0032490845769643784,-0.6766825714080545,-0.8290422660343707,-0.5379493820816431
2014-08-26,corp_bond_ig,-0.01682909825551715,-0.01682909825551715,1,-0.007847961038351059,-2.112470924587213,-3.090255903159196,0.8010147077121587
2014-08-26,developed_equity,-0.01561017448706381,-0.01561017448706381,1,-0.0011879540979862213,-0.9991670346287433,0.47279294963120044,0.45416312019816435
2014-08-26,emerging_equity,-0.04807057064003628,-0.04807057064003628,1,-0.004563227295875549,-3.1131468989784588,-0.8069030048658946,0.3941113215805949
2014-08-26,korea_equity,-0.056997140264368196,-0.056997140264368196,1,-0.0022030211985111237,-1.4849063771675943,-0.32801342612087414,-0.8798432983124952
2014-08-26,short_treasury,-0.00035493114633644574,-0.00035493114633644574,1,-0.0001727622002363205,-0.45989243899737137,-1.026883393588552,3.369793241425977
2014-08-26,treasury_7_10y,-0.01301934350249978,-0.01301934350249978,1,-0.0012006480246782303,0.8941151707973873,-4.06181611837472,0.6691824456491885
2014-08-27,alternative,-0.061344563460149826,-0.061344563460149826,1,-0.004835698753595352,-1.7831988250507307,-0.8647037910168609,-0.5396536477077182
2014-08-27,corp_bond_ig,-0.015553544825499532,-0.015553544825499532,1,-0.004309492185711861,-1.2429329655801757,-2.915835698661026,0.709927091395974
2014-08-27,developed_equity,-0.02470821658613298,-0.02470821658613298,1,-0.0010890252888202667,-1.350499646238907,-0.18036637671803663,0.2972764504379758
2014-08-27,emerging_equity,-0.07349719513472963,-0.07349719513472963,1,-0.005184506997466087,-2.233606286790605,-2.391107236660305,0.8473810454543272
2014-08-27,korea_equity,-0.07423516407145592,-0.07423516407145592,1,-3.1795352697372437e-05,-0.7058243968372593,0.35599710178755384,1.0903292774362123
2014-08-27,short_treasury,0.0001183124689159154,0.0001183124689159154,1,-0.001028556376695633,-1.0856901815551239,-1.008392395738032,3.1105585802456592
2014-08-27,treasury_7_10y,-0.01097853485325928,-0.01097853485325928,1,-0.00036183372139930725,0.6894333655481895,-3.073647341122828,1.3507958095846606
2014-08-28,alternative,-0.056444794612451665,-0.056444794612451665,1,-0.001673901453614235,-0.23121776979577874,-1.2708408207643607,-1.1560656054834246
2014-08-28,corp_bond_ig,-0.01983566629614053,-0.01983566629614053,1,-0.006038205698132515,-0.6256343204027511,-3.7661591390155142,-0.024976910813065172
2014-08-28,developed_equity,-0.024343818104772486,-0.024343818104772486,1,-0.0011458192020654678,-0.8250977286505699,-0.8681820694954279,1.0235522167637892
2014-08-28,emerging_equity,-0.060048810880364956,-0.060048810880364956,1,-0.004325656220316887,-1.9983628012479098,-2.063205227255647,-0.0115425422471508
2014-08-28,korea_equity,-0.07200724254514568,-0.07200724254514568,1,0.0009232610464096069,0.23775890881498593,-0.7958083988461164,0.09634456129924006
2014-08-28,short_treasury,-0.0005912420033910015,-0.0005912420033910015,1,-0.0005546901375055313,-0.26553856719944585,0.0256150551885326,1.23617648467691
2014-08-28,treasury_7_10y,-0.014396054390477087,-0.014396054390477087,1,-0.0011731144040822983,0.28382950983247096,-1.8952721491225282,1.0166659678221235
2014-08-29,alternative,-0.06318450036077328,-0.06318450036077328,1,-0.001790851354598999,-0.4873913190373736,-1.1089403623333243,-0.6875542056019807
2014-08-29,corp_bond_ig,-0.020981910274322835,-0.020981910274322835,1,-0.004142725840210915,-0.452511964537232,-2.9765289174606524,-1.1530397372937469
2014-08-29,developed_equity,-0.030915237685381403,-0.030915237685381403,1,-0.0020576678216457367,-1.1829441147112376,0.0001558620421245002,1.5692145968193247
2014-08-29,emerging_equity,-0.07767420979428996,-0.07767420979428996,1,-0.00477212481200695,-2.1677396495778707,-1.49661063207573,1.08168607241152
2014-08-29,korea_equity,-0.0802711100688358,-0.0802711100688358,1,0.00014698319137096405,0.28909968792877505,-0.6546683193809729,0.8237553680432307
2014-08-29,short_treasury,-0.0008274195754935931,-0.0008274195754935931,1,-0.001429431140422821,-1.3188436541337747,0.8706172305894271,-0.9326127634688275
2014-08-29,treasury_7_10y,-0.011344160382234847,-0.011344160382234847,1,-0.0019531063735485077,-0.3302466659601811,-1.36980702605194,0.24241217778832758
2014-09-02,alternative,-0.06644240054243777,-0.06644240054243777,1,-0.0018856395035982132,-0.2194565606525672,-0.7046477716480178,-0.11338729430119736
2014-09-02,corp_bond_ig,-0.012116628816147834,-0.012116628816147834,1,-0.002910913899540901,-0.04018748866530527,-2.8884113720919204,-1.0583100332168103
2014-09-02,developed_equity,-0.025262952597426835,-0.025262952597426835,1,0.002531038597226143,1.3612913362793797,-1.3286173298137536,2.252749141480338
2014-09-02,emerging_equity,-0.07623916819761878,-0.07623916819761878,1,-0.003874998539686203,-0.9495975216752882,-2.231065716625038,1.6541901088429973
2014-09-02,korea_equity,-0.07477068945343557,-0.07477068945343557,1,0.0007881075143814087,0.3423260623795434,-0.5221613396276541,1.0589395036081632
2014-09-02,short_treasury,0.00011836847610013912,0.00011836847610013912,1,0.0004259515553712845,-0.12085793933190893,0.36842565007748573,-1.393454926933916
2014-09-02,treasury_7_10y,-0.004132631355732497,-0.004132631355732497,1,-0.0023136138916015625,-0.2037074651210676,-1.1811056024400108,-0.009923910050152928
2014-09-03,alternative,-0.08053690201258557,-0.08053690201258557,1,-0.002222727984189987,-0.3138714291556785,-0.6363434488824623,1.1147380118519783
2014-09-03,corp_bond_ig,-0.01026456929098385,-0.01026456929098385,1,-0.0004893522709608078,-0.16091472655653508,-2.65128159245647,-1.4340176013998056
2014-09-03,developed_equity,-0.03971804850896887,-0.03971804850896887,1,0.002437818795442581,0.6775805445459463,-1.4521085983857736,1.4944806817034042
2014-09-03,emerging_equity,-0.1068451634695633,-0.1068451634695633,1,-0.004491422325372696,-1.639925900040287,-1.7225753261191041,0.9669799908459115
2014-09-03,korea_equity,-0.0967197695464358,-0.0967197695464358,1,0.0008447729051113129,0.5171956601071207,-0.7412839365749968,1.7201333690800844
2014-09-03,short_treasury,0.0005916120887814458,0.0005916120887814458,1,0.0005804058164358139,-0.13710080510339492,0.5607355660131728,-0.32792611550578954
2014-09-03,treasury_7_10y,0.0009597515013870517,0.0009597515013870517,1,-0.001400832086801529,0.2164600662897027,-1.3965129444747186,-0.6314197682848969
2014-09-04,alternative,-0.0786137177670988,-0.0786137177670988,1,-0.0023210737854242325,-0.3832371376864657,-0.160226001216249,1.1711392914816683
2014-09-04,corp_bond_ig,-0.003277920726502015,-0.003277920726502015,1,0.002326764166355133,1.0519179559494336,-1.905568235203791,-1.1160551923899016
2014-09-04,developed_equity,-0.05073052073715312,-0.05073052073715312,1,0.0028708726167678833,1.0052622167927034,-2.312810794159337,2.0717348847418013
2014-09-04,emerging_equity,-0.09964801738951512,-0.09964801738951512,1,-0.0032372064888477325,-1.128923326241525,-1.8708594360409307,1.1580369171943263
2014-09-04,korea_equity,-0.09981603824570251,-0.09981603824570251,1,0.0026517892256379128,1.1174347160934368,-0.1874508441993053,1.1868459403583882
2014-09-04,short_treasury,0.0005915917772985058,0.0005915917772985058,1,0.00029597803950309753,-0.510328679789638,1.1812811023519116,-0.1348612340142218
2014-09-04,treasury_7_10y,0.001540942212205465,0.001540942212205465,1,0.0012038350105285645,1.1294599988903806,-0.7128049929584165,-0.016638088255239093
2014-09-05,alternative,-0.08023648545243955,-0.08023648545243955,1,-0.0034141279757022858,-0.9783202388977854,0.35568240519132355,2.238748986918982
2014-09-05,corp_bond_ig,-0.000588232729615279,-0.000588232729615279,1,0.003116922453045845,1.2077935171550174,-1.5008935373471852,-0.5893547628375767
2014-09-05,developed_equity,-0.037031908840313266,-0.037031908840313266,1,0.0006514564156532288,0.06778066507569062,-0.8940692334613521,2.1243627591484233
2014-09-05,emerging_equity,-0.09967284289886358,-0.09967284289886358,1,-0.005299506708979607,-2.0267055383947605,-1.4401257365389883,0.9889770759066238
2014-09-05,korea_equity,-0.09557469338814739,-0.09557469338814739,1,0.0047269463539123535,1.8990197516111065,0.8933119438624512,1.2773933024848634
2014-09-05,short_treasury,-0.0007096943215519902,-0.0007096943215519902,1,0.0007131919264793396,-1.0202156510739984,1.4983041579735827,-0.6453868971907711
2014-09-05,treasury_7_10y,0.0009628198876703298,0.0009628198876703298,1,0.00227322056889534,1.0030202001266193,0.7213332507781954,0.44120001629169225
2014-09-08,alternative,-0.06649618796954437,-0.06649618796954437,1,-0.002102125436067581,-0.8899382331725381,-1.4320530030896494,-0.5075148251745024
2014-09-08,corp_bond_ig,0.001599282888308906,0.001599282888308906,1,0.002273617312312126,1.030493051179676,-0.2304440652792212,0.14935678865947066
2014-09-08,developed_equity,-0.03745223285962118,-0.03745223285962118,1,0.0026506921276450157,1.0703430999680426,-0.8566223504825153,3.3916650589990995
2014-09-08,emerging_equity,-0.07702497401653263,-0.07702497401653263,1,-0.005346151068806648,-1.4168273936270241,-1.9130115296816983,0.2053706873357545
2014-09-08,korea_equity,-0.087280617877879,-0.087280617877879,1,0.0034806719049811363,1.01312535222908,1.438627124021217,0.6418142583281742
2014-09-08,short_treasury,0.0008284968232226131,0.0008284968232226131,1,0.0017796903848648071,0.08905469609827237,2.294679398136792,-0.48086579579138566
2014-09-08,treasury_7_10y,0.003662624129329606,0.003662624129329606,1,0.004949379712343216,2.3171024066314363,0.9544064220934989,-0.12125459792503664
2014-09-09,alternative,-0.07969147956780087,-0.07969147956780087,1,-0.0015373490750789642,-0.276279924727973,-0.6044599684606685,0.1773450146568618
2014-09-09,corp_bond_ig,0.007933784481588102,0.007933784481588102,1,-0.0018270183354616165,-0.19594673103919238,-0.45456902748950845,0.47131387651447476
2014-09-09,developed_equity,-0.04702495462529155,-0.04702495462529155,1,0.003431903198361397,1.010729209702213,-0.3121513755350894,4.113892732943154
2014-09-09,emerging_equity,-0.07374299971085019,-0.07374299971085019,1,-0.004734322428703308,-1.4628444040723776,-1.6213311907277181,0.5818586505934098
2014-09-09,korea_equity,-0.08427668119890408,-0.08427668119890408,1,0.00671309232711792,2.361957040101017,1.8366125043783097,0.5140836424570756
2014-09-09,short_treasury,0.0020132421131000555,0.0020132421131000555,1,-0.002770010381937027,-1.4492880573816078,1.4350741139415744,-0.5753690716509099
2014-09-09,treasury_7_10y,0.011882868342715458,0.011882868342715458,1,0.001163627952337265,0.6435298695342877,0.6329383049735923,0.5755947452243101
2014-09-10,alternative,-0.06923075618906915,-0.06923075618906915,1,0.0024607740342617035,0.9755681155041726,-0.1063382565415362,0.4171361447089155
2014-09-10,corp_bond_ig,0.014709593797467946,0.014709593797467946,1,-0.0031536929309368134,-1.1035566950468658,0.5768344900189224,0.639136328795394
2014-09-10,developed_equity,-0.028563569634988184,-0.028563569634988184,1,0.0024572880938649178,0.43701088287103246,-0.2877373867491061,3.095386703294664
2014-09-10,emerging_equity,-0.05587974869227197,-0.05587974869227197,1,-0.00312933512032032,-0.8329386711905693,-0.6336906809892027,0.7846490184465774
2014-09-10,korea_equity,-0.08299403674295347,-0.08299403674295347,1,0.009871640242636204,3.94490509689333,1.785821518969898,0.1746750257296028
2014-09-10,short_treasury,0.0029603316641115818,0.0029603316641115818,1,-0.00286797434091568,-1.4143656179421522,0.9707724124171494,-0.13050730400876814
2014-09-10,treasury_7_10y,0.018014533756431694,0.018014533756431694,1,0.0002551022917032242,-0.2734943088174563,0.6483039464098286,1.7548291536518814
2014-09-11,alternative,-0.09153126123157496,-0.09153126123157496,1,0.0022501815110445023,1.0144580927184206,0.047161184813047395,-0.18237362485489178
2014-09-11,corp_bond_ig,0.01125213084089216,0.01125213084089216,1,-0.001722121611237526,-0.6800573600343109,0.7768332300562065,0.707568730828407
2014-09-11,developed_equity,-0.04979360755358364,-0.04979360755358364,1,0.002142803743481636,0.15469226107408965,0.04069350509205046,3.0402381758451393
2014-09-11,emerging_equity,-0.06439219571173194,-0.06439219571173194,1,-0.0006234366446733475,-0.7623740607349826,-0.6907308021224502,0.5741042962589773
2014-09-11,korea_equity,-0.09418235860818236,-0.09418235860818236,1,0.009075320325791836,3.6021967429760844,2.1893558170433254,0.17026360841461552
2014-09-11,short_treasury,0.0028415565518713493,0.0028415565518713493,1,-0.0018400400876998901,-0.6963112428554667,1.5628909224985172,-0.3891434589450812
2014-09-11,treasury_7_10y,0.01755234203243594,0.01755234203243594,1,-0.0003210529685020447,-0.1387776439106094,0.4804599179910363,1.5828692046920876
2014-09-12,alternative,-0.10702054514896586,-0.10702054514896586,1,0.0028917547315359116,0.8783242431131422,0.36005551774791955,-0.21441762675142906
2014-09-12,corp_bond_ig,0.017002465754473173,0.017002465754473173,1,0.0025303252041339874,0.9469827238543909,1.420086280078436,0.3837763665756305
2014-09-12,developed_equity,-0.05724502735012549,-0.05724502735012549,1,0.0015080161392688751,-0.2696029428235515,0.42222186014780266,3.1499803211402067
2014-09-12,emerging_equity,-0.07490300354917545,-0.07490300354917545,1,0.00042826682329177856,-0.39989435067937334,0.9764210803734893,1.5917657906763014
2014-09-12,korea_equity,-0.11377903109085974,-0.11377903109085974,1,0.009116966277360916,3.6788209689279165,2.336632350537351,-0.13345713210023769
2014-09-12,short_treasury,0.0035527642549684213,0.0035527642549684213,1,-0.0018924735486507416,-1.0075316430230605,1.2484626415197255,0.24420869281370394
2014-09-12,treasury_7_10y,0.025406335984324402,0.025406335984324402,1,0.0028948867693543434,0.9721364407152748,1.0244049870475225,1.5862727599371171
2014-09-15,alternative,-0.11024974668898402,-0.11024974668898402,1,0.003737250342965126,0.7864147861832459,1.4354537903356814,0.5355205431756406
2014-09-15,corp_bond_ig,0.01937785745651044,0.01937785745651044,1,0.0036437027156352997,1.1475227694261758,1.3838587753799994,0.5115756616650963
2014-09-15,developed_equity,-0.0641645018290754,-0.0641645018290754,1,0.0018339455127716064,-0.28902266968971785,1.4694182704909176,1.8254370962206448
2014-09-15,emerging_equity,-0.06082170173147161,-0.06082170173147161,1,0.0010072924196720123,-0.38744270615232523,1.4002252047217558,1.6430425025792097
2014-09-15,korea_equity,-0.10225305740737622,-0.10225305740737622,1,0.010434062220156193,4.526284044442608,2.107977831927067,-0.9822569256193688
2014-09-15,short_treasury,0.0034326855422528446,0.0034326855422528446,1,-0.0012171193957328796,-0.54049922458949,2.358143839941078,-0.707120275067823
2014-09-15,treasury_7_10y,0.02885737731774718,0.02885737731774718,1,0.006769465282559395,2.969376145525387,1.2319233606411855,0.9418443511971584
2014-09-16,alternative,-0.11263977437460304,-0.11263977437460304,1,0.004242589697241783,0.7370101405898488,2.348201177070872,0.9081134949044117
2014-09-16,corp_bond_ig,0.021846308297842176,0.021846308297842176,1,0.004627532325685024,1.5325106555500194,1.8601092085908835,-0.9351435305700609
2014-09-16,developed_equity,-0.07739728117642342,-0.07739728117642342,1,0.0006350912153720856,-0.7266350732943823,1.3673938795897815,0.5755704362267106
2014-09-16,emerging_equity,-0.06751245091623603,-0.06751245091623603,1,0.002916194498538971,0.29757808091372295,1.7649759591608538,0.9466220989413989
2014-09-16,korea_equity,-0.10965728092644145,-0.10965728092644145,1,0.01040232926607132,4.461994369025875,2.087526655843587,-1.549450379510831
2014-09-16,short_treasury,0.003430745530761392,0.003430745530761392,1,-0.0009321421384811401,-0.3378815900277608,2.132397753621391,-1.4574096932357172
2014-09-16,treasury_7_10y,0.031198358475212684,0.031198358475212684,1,0.007788445800542831,3.483899429210001,0.9762119965471696,0.1221979786742503
2014-09-17,alternative,-0.11617900477237686,-0.11617900477237686,1,0.006292457692325115,1.6481512466045312,2.599282171512446,0.30209906378862905
2014-09-17,corp_bond_ig,0.025400642385656758,0.025400642385656758,1,0.005071951076388359,2.4246769999535376,1.8881033966267857,-0.5888915763245024
2014-09-17,developed_equity,-0.0707000747798453,-0.0707000747798453,1,0.002104043960571289,0.13265131801090507,1.2508252930561274,-0.3552103488986484
2014-09-17,emerging_equity,-0.0706608777711839,-0.0706608777711839,1,0.006225971505045891,1.6399124268099856,2.365798351442863,0.9242606135792013
2014-09-17,korea_equity,-0.10923844881364586,-0.10923844881364586,1,0.008522287011146545,3.967262191741185,2.212403701866691,-1.1590995728268614
2014-09-17,short_treasury,0.00580291153010748,0.00580291153010748,1,-0.0006033815443515778,-0.6171978217386989,2.128753080771993,-0.3252420352178156
2014-09-17,treasury_7_10y,0.039657018452163184,0.039657018452163184,1,0.007043643854558468,3.251145179491318,0.9821890152092417,0.2714289468609602
2014-09-18,alternative,-0.11749568720005465,-0.11749568720005465,1,0.0037588272243738174,0.9808106895515551,2.6654104152096374,0.3103328348672426
2014-09-18,corp_bond_ig,0.021271165029913774,0.021271165029913774,1,0.00441901758313179,2.081498411516591,1.693818764724255,-1.3980482113538477
2014-09-18,developed_equity,-0.08382174316008739,-0.08382174316008739,1,0.00020892173051834106,-0.008675081291170469,1.2487741598712483,-0.9129317151222492
2014-09-18,emerging_equity,-0.08038365800799807,-0.08038365800799807,1,0.005718895234167576,1.1881046768907677,2.3270897459992272,0.5760911485746371
2014-09-18,korea_equity,-0.10495669943384611,-0.10495669943384611,1,0.005516779609024525,2.642087173429236,1.7410962932643688,-1.790873078597866
2014-09-18,short_treasury,0.0050917740759579555,0.0050917740759579555,1,-0.0002672448754310608,-0.31650813468687294,1.967547735617778,-1.2279821288687325
2014-09-18,treasury_7_10y,0.03753906196532486,0.03753906196532486,1,0.00879952684044838,4.351352290598886,1.0750892162909438,-0.62616870301321
2014-09-19,alternative,-0.08885021172898422,-0.08885021172898422,1,0.0026908377185463905,1.0900245001683717,2.170585474162586,-0.05670656901616124
2014-09-19,corp_bond_ig,0.01686588294934732,0.01686588294934732,1,0.004026361741125584,2.2615434386479354,1.970839749388244,-1.7737783956201558
2014-09-19,developed_equity,-0.06746632673211006,-0.06746632673211006,1,-0.0002763476222753525,-0.3263306922781037,1.7177946174733523,-0.9253619255131328
2014-09-19,emerging_equity,-0.06304643169558821,-0.06304643169558821,1,0.006411273032426834,1.8626405292304744,2.8085899064482653,0.12587247316418526
2014-09-19,korea_equity,-0.10438346141621868,-0.10438346141621868,1,0.005348575301468372,2.804090373357307,2.092328386777458,-2.03806245275741
2014-09-19,short_treasury,0.004618656778451191,0.004618656778451191,1,-9.870529174804688e-05,0.21950026553159344,1.5230136689112148,-0.834665910494277
2014-09-19,treasury_7_10y,0.030597393096209125,0.030597393096209125,1,0.006499718874692917,3.5962185406386125,1.251793885088693,-0.6876559713213732
2014-09-22,alternative,-0.0711775561186202,-0.0711775561186202,1,0.0028780633583664894,1.2936297042531406,1.4414498010834593,-0.2049821020879431
2014-09-22,corp_bond_ig,0.01778152837640623,0.01778152837640623,1,0.0016075540333986282,1.3759768178316738,1.6681082836723007,-2.058553096170056
2014-09-22,developed_equity,-0.06100714884817171,-0.06100714884817171,1,0.001060517504811287,0.6860738678267254,0.83789699902817,-1.1472055240368522
2014-09-22,emerging_equity,-0.04579437194885494,-0.04579437194885494,1,0.005336472764611244,1.8699339780553177,1.9185120534394486,-0.48049111724401566
2014-09-22,korea_equity,-0.07708335345626849,-0.07708335345626849,1,0.0017219595611095428,1.141536523379849,1.6234682749772424,-1.6434523715609641
2014-09-22,short_treasury,0.0044970089161888716,0.0044970089161888716,1,-0.0020329784601926804,-0.9888168057485627,1.9535356476973733,-0.8919906686510722
2014-09-22,treasury_7_10y,0.029853657901699693,0.029853657901699693,1,0.005842100828886032,3.401748804428014,1.6235139530193805,-1.37780340946685
2014-09-23,alternative,-0.04509282531323855,-0.04509282531323855,1,0.0042053647339344025,1.728019943714102,0.9788205559917247,0.4209831737924566
2014-09-23,corp_bond_ig,0.015554960889759162,0.015554960889759162,1,-0.0003899950534105301,0.7057299884659541,1.4538502512631706,-2.0643150065095357
2014-09-23,developed_equity,-0.030185547886017572,-0.030185547886017572,1,0.0008586850017309189,1.027646620044903,0.6727996375414382,-0.5914467576240764
2014-09-23,emerging_equity,-0.03641924346202052,-0.03641924346202052,1,0.005250241607427597,2.218803054385334,1.975271688866236,-0.6302647179377777
2014-09-23,korea_equity,-0.07104964208315712,-0.07104964208315712,1,0.001997891813516617,1.3862634358483945,1.67320937420237,-1.3844923088182854
2014-09-23,short_treasury,0.004022763615585845,0.004022763615585845,1,-0.0025214962661266327,-1.315409228061204,2.20182274012806,-0.3293058050383071
2014-09-23,treasury_7_10y,0.024857333494495926,0.024857333494495926,1,0.003862401470541954,2.6250458407056305,1.7133861205181138,-1.153374489948516
2014-09-24,alternative,-0.05048719663949852,-0.05048719663949852,1,0.005163240246474743,2.249814111880198,0.8810107238012181,0.7770018230277149
2014-09-24,corp_bond_ig,0.016269791832804525,0.016269791832804525,1,-0.000863274559378624,0.10598139440125194,1.5103875764243002,-0.8314180430049852
2014-09-24,developed_equity,-0.04109205550858197,-0.04109205550858197,1,0.002044443041086197,1.6412084309113937,-0.2519528216050171,0.5315469759823306
2014-09-24,emerging_equity,-0.05628901073770609,-0.05628901073770609,1,0.003972822800278664,1.6949935104371063,2.0426413984502405,-0.5209074639791461
2014-09-24,korea_equity,-0.0846190517767953,-0.0846190517767953,1,0.00039822235703468323,0.7435777082548667,1.6812691164653275,-1.0891280520342637
2014-09-24,short_treasury,0.0041424841161130654,0.0041424841161130654,1,-0.0017649736255407333,-1.0753947703930278,1.7441619964447377,0.2234065639258006
2014-09-24,treasury_7_10y,0.027449096730734146,0.027449096730734146,1,0.002326682209968567,1.7723719016420734,1.5510669738504252,-1.3213342677871556
2014-09-25,alternative,-0.035810206887055274,-0.035810206887055274,1,0.007805090397596359,3.7060715984975325,1.1937825854401678,0.13792971232564488
2014-09-25,corp_bond_ig,0.011321361363472615,0.011321361363472615,1,-0.0026821494102478027,-0.5945652665242587,1.4063048186900344,-0.45301463487138605
2014-09-25,developed_equity,-0.02129731148788916,-0.02129731148788916,1,0.0033453600481152534,1.9941427035262755,0.5202249383155699,1.472236213616628
2014-09-25,emerging_equity,-0.0355197730584812,-0.0355197730584812,1,0.004831438884139061,2.5935211858346703,1.6256650996343693,-1.2577948823578986
2014-09-25,korea_equity,-0.06641824889883285,-0.06641824889883285,1,0.0015654657036066055,1.4753647327002293,1.8123043380313264,-1.5599220015848814
2014-09-25,short_treasury,0.00295683017121795,0.00295683017121795,1,-0.0034153424203395844,-1.839816771012387,1.587992902828435,0.6278839296609174
2014-09-25,treasury_7_10y,0.018243237620515496,0.018243237620515496,1,0.0022988077253103256,1.2979131185365176,1.3399661411599622,-0.5269581063541533
2014-09-26,alternative,-0.0267857142857143,-0.0267857142857143,1,0.005977071821689606,2.735691562132025,1.3728212232431618,0.20296210788769087
2014-09-26,corp_bond_ig,0.013971223939011956,0.013971223939011956,1,-0.001264704391360283,-0.5767015881263269,1.4092618605342015,-0.03457947337462487
2014-09-26,developed_equity,-0.022720899107262937,-0.022720899107262937,1,0.003672841005027294,2.0146514374061617,0.9125697394157996,1.1695467441877663
2014-09-26,emerging_equity,-0.0330032477985005,-0.0330032477985005,1,0.003744743764400482,1.9538592934177414,1.9879841213856353,-1.1353456855877453
2014-09-26,korea_equity,-0.06918846972304538,-0.06918846972304538,1,0.0002738088369369507,0.6068738784780425,2.1238878385120943,-0.8145161057491277
2014-09-26,short_treasury,0.0036681759644738854,0.0036681759644738854,1,-0.0029314402490854263,-2.1246729332458174,1.496917021158695,0.8744446535183391
2014-09-26,treasury_7_10y,0.021280756781641097,0.021280756781641097,1,0.0006783083081245422,0.42095340640479195,0.8781480911110641,-0.3462805564853836
2014-09-29,alternative,-0.02517981564034144,-0.02517981564034144,1,0.006157593801617622,2.846301711135965,1.7090662265200411,0.265689541806447
2014-09-29,corp_bond_ig,0.01567131237861963,0.01567131237861963,1,0.0033455006778240204,1.4774467956327255,2.141394087665759,-0.5555848686889243
2014-09-29,developed_equity,-0.018329334493061067,-0.018329334493061067,1,0.0058142030611634254,2.742658359935035,0.771494017415958,0.7239334677871918
2014-09-29,emerging_equity,-0.020692988015737934,-0.020692988015737934,1,0.004149529151618481,2.659209757766729,1.5254006522643122,-1.5422806949207417
2014-09-29,korea_equity,-0.052071398740244135,-0.052071398740244135,1,0.0022994820028543472,1.540486450548031,2.067742037779939,-0.8949504959079554
2014-09-29,short_treasury,0.003430745530761392,0.003430745530761392,1,-0.004199692979454994,-1.7043259130403368,1.1847785830435975,0.4249417704718801
2014-09-29,treasury_7_10y,0.01909173054105273,0.01909173054105273,1,-0.0002050846815109253,0.9140286729691112,1.1134590435247194,-1.4329116049792523
2014-09-30,alternative,-0.012612626359269408,-0.012612626359269408,1,0.005569852888584137,2.463184738184548,1.6037020151180832,0.39900461149585853
2014-09-30,corp_bond_ig,0.010827260751818724,0.010827260751818724,1,0.0015937518328428268,0.4170338788808619,2.167583568815232,-0.1190904052330616
2014-09-30,developed_equity,-0.0021013435451932017,-0.0021013435451932017,1,0.006208569742739201,2.7366839198618527,1.5508153889189122,0.0442917586208965
2014-09-30,emerging_equity,-0.0009624859048501522,-0.0009624859048501522,1,0.0017596464604139328,1.6157169108137843,1.6691420123856993,-1.6750233034230306
2014-09-30,korea_equity,-0.03420921752178585,-0.03420921752178585,1,0.0017307475209236145,0.9339197091132512,2.094086337025137,-0.36021046968765763
2014-09-30,short_treasury,0.003431557309155675,0.003431557309155675,1,-0.006593497470021248,-3.444330357606603,1.079093308178379,-1.2482120086965216
2014-09-30,treasury_7_10y,0.01746764630976072,0.01746764630976072,1,-0.0012015551328659058,0.4620357822877357,0.966134101162467,-1.235726849272003
2014-10-01,alternative,0.0,0.0,1,0.009216079488396645,4.074113197218339,1.236746834490228,0.08846082323562714
2014-10-01,corp_bond_ig,0.005733560825670336,0.005733560825670336,1,0.001912735402584076,0.23543485550389118,1.95766002604615,-1.599414363493559
2014-10-01,developed_equity,0.002540941762859905,0.002540941762859905,1,0.005888019688427448,2.460145737644374,1.2943676813064515,0.24205039363625713
2014-10-01,emerging_equity,0.021370738544522982,0.021370738544522982,1,0.0030658775940537453,1.7087299653368053,1.5207109089119701,-0.7972323165109113
2014-10-01,korea_equity,0.0015272382847753008,0.0015272382847753008,1,0.007953519001603127,3.2200802304137603,1.9511684604077537,-0.48136816147349454
2014-10-01,short_treasury,0.0014189753696944862,0.0014189753696944862,1,-0.00452997162938118,-2.2872376964831767,-0.7511054804439771,-1.072240070004659
2014-10-01,treasury_7_10y,0.00747841569007246,0.00747841569007246,1,-0.0015412252396345139,0.07998415201459075,0.5372118948339242,-1.0791280792675941
2014-10-02,alternative,0.0073394775390625,0.0073394775390625,1,0.011061451397836208,5.286519408574357,1.3983841002295507,-0.4445693749465891
2014-10-02,corp_bond_ig,0.006492995161809567,0.006492995161809567,1,0.0009345356374979019,-1.0412962064125573,1.535875626655343,-2.167972346265176
2014-10-02,developed_equity,0.012398500346078922,0.012398500346078922,1,0.01246502622961998,7.722947868296404,2.1699873247814874,0.9145911623063757
2014-10-02,emerging_equity,0.025409257458418155,0.025409257458418155,1,0.00560829509049654,2.7584606145684916,1.8862164376893602,-0.6703841255222046
2014-10-02,korea_equity,0.011241694050488693,0.011241694050488693,1,0.008367970585823059,3.4626191853557575,1.790459659121153,-0.1590686785877084
2014-10-02,short_treasury,0.0018921909499642897,0.0018921909499642897,1,-0.0028074756264686584,-1.0585929956729994,-0.9128258769933939,-0.6927480539493808
2014-10-02,treasury_7_10y,0.011539615369631662,0.011539615369631662,1,-0.0006515663117170334,0.46127313276755794,0.48993843353668104,-0.8906275221876834
2014-10-03,alternative,0.019283732274531173,0.019283732274531173,1,0.012997729703783989,6.928343352444399,1.900275162599849,-0.2173516275906388
2014-10-03,corp_bond_ig,0.003447372670165594,0.003447372670165594,1,-0.001189088448882103,-1.7745193413710323,0.7674830167713227,-2.5111519210631807
2014-10-03,developed_equity,0.017814144592606107,0.017814144592606107,1,0.01290990225970745,8.512314971483072,2.676433502952386,1.457730559070354
2014-10-03,emerging_equity,0.021075648554000237,0.021075648554000237,1,0.004118762910366058,2.296103082214983,1.7364712037280434,-0.37013827115043296
2014-10-03,korea_equity,-0.003907569484392415,-0.003907569484392415,1,0.008862640708684921,3.5884111690367333,1.8670222187825896,-0.09720157946415349
2014-10-03,short_treasury,0.0026040907027324867,0.0026040907027324867,1,-0.004774933680891991,-2.316583006614633,-1.5925580916305955,-2.2230600620353758
2014-10-03,treasury_7_10y,0.010196205924669632,0.010196205924669632,1,-0.0016210302710533142,0.09925943882980125,-0.03305230527921552,-0.995771803303677
2014-10-06,alternative,0.006392666193992369,0.006392666193992369,1,0.01083255372941494,5.460584268417949,1.777678566519854,-1.5400391693529314
2014-10-06,corp_bond_ig,-0.0018489051571796145,-0.0018489051571796145,1,-0.0049471743404865265,-1.9837570156032358,-0.5425667092747702,-1.464893585839876
2014-10-06,developed_equity,0.024424897265357126,0.024424897265357126,1,0.010902798734605312,6.517931965571751,2.5022488115511954,0.828705381431216
2014-10-06,emerging_equity,-0.0004782510260550321,-0.0004782510260550321,1,0.006800096482038498,3.290062276112678,2.4934102428470384,-0.7231889612683752
2014-10-06,korea_equity,-0.019057323858448494,-0.019057323858448494,1,0.008298478089272976,3.4548326956436335,1.8542715301244541,-0.18298385253083815
2014-10-06,short_treasury,0.00118266445604287,0.00118266445604287,1,-0.004624847322702408,-2.325382406762853,-2.4755133529075755,-1.1643410474161107
2014-10-06,treasury_7_10y,0.006434320714608921,0.006434320714608921,1,-0.0009071044623851776,0.07816420255602873,-0.8443647930350021,-0.5341415149239807
2014-10-07,alternative,0.030726213924383572,0.030726213924383572,1,0.011620160192251205,6.052814972967788,1.2385908828140335,-1.5317004474293596
2014-10-07,corp_bond_ig,-0.004019391516486448,-0.004019391516486448,1,-0.003088042140007019,-1.5591161139163423,-0.5497865367952302,-1.8376528927904348
2014-10-07,developed_equity,0.03337648717485764,0.03337648717485764,1,0.012798052281141281,7.4000350320299635,2.8754307731859794,0.3048824141839859
2014-10-07,emerging_equity,0.009408911519179997,0.009408911519179997,1,0.006648530252277851,3.002899664563204,2.3791577173618146,-0.8424562537418788
2014-10-07,korea_equity,-0.014766493570853245,-0.014766493570853245,1,0.007340879179537296,2.9416833699040907,1.5085870259565344,-0.22339063759252942
2014-10-07,short_treasury,0.0004727681744332024,0.0004727681744332024,1,-0.004305817186832428,-1.5457622851575328,-1.438781865809328,-0.8948962441944588
2014-10-07,treasury_7_10y,0.00047740168777599123,0.00047740168777599123,1,-0.001834658905863762,0.02404761254205643,-1.4903926896340118,-0.5027897683475738
2014-10-08,alternative,0.015610623732068563,0.015610623732068563,1,0.010480222292244434,5.635068018345995,1.4380598545457295,-1.6075852097901866
2014-10-08,corp_bond_ig,-0.010913917953148444,-0.010913917953148444,1,-0.0035479217767715454,-1.4980943913796716,-1.8499746399163575,-1.951676399270583
2014-10-08,developed_equity,0.015334782073885833,0.015334782073885833,1,0.011982670053839684,5.952672090194515,2.4151681709692694,-1.0163267558701767
2014-10-08,emerging_equity,-0.014261908211872676,-0.014261908211872676,1,0.005716961808502674,2.6388325267558144,2.5392679545156716,-1.3730963905213276
2014-10-08,korea_equity,-0.03568989247908605,-0.03568989247908605,1,0.00801714789122343,3.9459787738285814,1.6350483555627482,-0.7673368143674529
2014-10-08,short_treasury,-0.0008264427077487868,-0.0008264427077487868,1,-0.00019717589020729065,0.377528905561364,-1.9025802194086734,-0.8680165298883049
2014-10-08,treasury_7_10y,-0.0027590230600643695,-0.0027590230600643695,1,-0.0006099436432123184,0.09475801771337426,-2.3626145382200923,0.6027780464923296
2014-10-09,alternative,0.038606461594474784,0.038606461594474784,1,0.010249534621834755,5.491398088699523,1.507499305051261,-1.9049053044113635
2014-10-09,corp_bond_ig,-0.009788322436994457,-0.009788322436994457,1,-0.003783341497182846,-1.3395851105341128,-2.097667177600744,-1.6603191621829536
2014-10-09,developed_equity,0.04502027399995634,0.04502027399995634,1,0.010837659239768982,5.2199726259197785,2.492632491581134,-0.7263131003965617
2014-10-09,emerging_equity,-0.01086695881665345,-0.01086695881665345,1,0.004088973626494408,2.1462127190142315,2.3407121255062564,-1.1392380112755087
2014-10-09,korea_equity,-0.01562231411810111,-0.01562231411810111,1,0.00815911777317524,3.9817446421258946,1.7368124663806335,-1.054444251845058
2014-10-09,short_treasury,-0.0010625305918915418,-0.0010625305918915418,1,-0.00043373554944992065,0.5130082744625777,-2.070801357618559,-1.0002381072412518
2014-10-09,treasury_7_10y,-0.0040979729717447455,-0.0040979729717447455,1,0.00035240501165390015,0.619789142861834,-2.3662935117829758,0.8584725750082781
2014-10-10,alternative,0.06423774450818942,0.06423774450818942,1,0.008787916973233223,4.784139275408823,1.2946547516690872,-1.6361587058901987
2014-10-10,corp_bond_ig,-0.004346707807447836,-0.004346707807447836,1,-0.003348197788000107,-0.9648689571643216,-2.16262711964829,-1.1334498386548932
2014-10-10,developed_equity,0.05356879367260281,0.05356879367260281,1,0.008192998357117176,4.588749757753973,1.882256298506373,-1.0729620156121686
2014-10-10,emerging_equity,0.01752660895057412,0.01752660895057412,1,0.0018165018409490585,1.0604286969285968,2.5436734450850786,-1.2074533018447253
2014-10-10,korea_equity,0.010093849521916498,0.010093849521916498,1,0.007081390358507633,3.618680624407739,1.4338738401051094,-1.3689797635224972
2014-10-10,short_treasury,-0.000826052591324733,-0.000826052591324733,1,0.0005949791520833969,1.483310295378081,-2.8779328708749556,-0.7412201526916397
2014-10-10,treasury_7_10y,-0.0016138045837784665,-0.0016138045837784665,1,-6.1746686697006226e-06,0.7764757050812231,-2.8313643799069883,1.105773035290037
2014-10-13,alternative,0.08228460550713756,0.08228460550713756,1,0.008543815463781357,4.503265158232632,1.5147320273122207,-1.4834801963725082
2014-10-13,corp_bond_ig,-0.011922630282372615,-0.011922630282372615,1,-0.0038180798292160034,-0.9395855819674895,-3.3368434049709146,-1.196650568722661
2014-10-13,developed_equity,0.06694191884335599,0.06694191884335599,1,0.007538871839642525,4.310577486852366,1.1880131206584366,-1.3052379085631114
2014-10-13,emerging_equity,0.010019640284845588,0.010019640284845588,1,0.0016214828938245773,1.0155291547562666,2.6089347306442106,-1.0315621008018383
2014-10-13,korea_equity,0.00965249634045473,0.00965249634045473,1,0.006607768125832081,3.189614460452441,1.5241099547702546,-0.9224076362655044
2014-10-13,short_treasury,-0.0018874134605493254,-0.0018874134605493254,1,0.012503119185566902,7.264873764137807,-1.7112959971061288,-1.4787757469205183
2014-10-13,treasury_7_10y,-0.010860341226816006,-0.010860341226816006,1,0.0018212608993053436,2.1051974097942594,-3.581321519283853,0.39884083876325416
2014-10-14,alternative,0.08430237243127081,0.08430237243127081,1,0.006164763122797012,3.632263271531599,1.6221769914652213,-1.0087685799320991
2014-10-14,corp_bond_ig,-0.01422509855666021,-0.01422509855666021,1,-0.0015330426394939423,-0.7252028274144524,-2.476909611627483,-0.33428579064786856
2014-10-14,developed_equity,0.07928736582432183,0.07928736582432183,1,0.006163586862385273,3.911932639006235,1.20029810877551,-1.835194337512121
2014-10-14,emerging_equity,0.0031584321816611194,0.0031584321816611194,1,0.0008502639830112457,0.5352108784329941,2.80075144997161,-1.4190523519870097
2014-10-14,korea_equity,-0.0017494484672504473,-0.0017494484672504473,1,0.005354444496333599,2.3911932465544106,1.6887937659217687,-1.6783501827534106
2014-10-14,short_treasury,-0.0025937422953863365,-0.0025937422953863365,1,0.009917162358760834,6.172340671532245,-1.591531630513447,-2.1522221810743285
2014-10-14,treasury_7_10y,-0.012723831230312177,-0.012723831230312177,1,0.0003907252103090286,1.224475482933296,-3.5273136475447706,-1.1101397957118246
2014-10-15,alternative,0.08666019270053393,0.08666019270053393,1,0.0062246061861515045,3.5892277224602864,1.435273762069731,-0.7181635355521985
2014-10-15,corp_bond_ig,-0.0150457617794868,-0.0150457617794868,1,0.0009175948798656464,1.3697160471871335,-3.075316555667776,-2.195540731219866
2014-10-15,developed_equity,0.07548563421109655,0.07548563421109655,1,0.008879164233803749,4.918350219662203,0.8795975195097977,-1.6054830723254447
2014-10-15,emerging_equity,0.014025583252577745,0.014025583252577745,1,-0.0003311671316623688,0.07411725463404527,2.399358219974176,-0.7135572579569022
2014-10-15,korea_equity,0.0031534072302812355,0.0031534072302812355,1,0.0047681573778390884,1.9252770662646685,1.550032084874695,-1.675992748694008
2014-10-15,short_treasury,-0.003532356654654678,-0.003532356654654678,1,0.008090800605714321,6.053047811081026,-2.190964006614594,-2.3819584722723515
2014-10-15,treasury_7_10y,-0.018650402255726894,-0.018650402255726894,1,0.004799307323992252,3.0850076342353665,-2.139409857597012,-1.7783856307184007
2014-10-16,alternative,0.08649175309915424,0.08649175309915424,1,0.005439376458525658,3.134574596423895,1.4492534451918377,-0.6203614731105712
2014-10-16,corp_bond_ig,-0.013913173256095646,-0.013913173256095646,1,0.001962609589099884,1.3700228333162574,-2.4698028916077464,-1.7465935095753793
2014-10-16,developed_equity,0.07527517802298589,0.07527517802298589,1,0.009746057912707329,4.910466909064648,1.2435820581471206,-1.1948190034470816
2014-10-16,emerging_equity,0.020610827090204342,0.020610827090204342,1,-0.000986635684967041,-0.3719611414892684,2.69711362578097,-0.9701974497339726
2014-10-16,korea_equity,0.003164562267856219,0.003164562267856219,1,0.004082380793988705,1.9358472329103724,1.5580243353589167,-2.1046995957180754
2014-10-16,short_treasury,-0.002709657575180935,-0.002709657575180935,1,0.007180984131991863,4.389514012757318,-1.2151904931271924,-1.815621891163158
2014-10-16,treasury_7_10y,-0.01437840763120124,-0.01437840763120124,1,0.00539068877696991,3.4021091462198263,-1.4965034465128608,-1.6254717460991188
2014-10-17,alternative,0.07170172188726709,0.07170172188726709,1,0.006263802759349346,3.253460668064605,1.7573427434141269,-1.0349566622878315
2014-10-17,corp_bond_ig,-0.012252051838421263,-0.012252051838421263,1,0.0004178117960691452,1.13294024457754,-3.07528499104433,-2.071878444775915
2014-10-17,developed_equity,0.061093253683730975,0.061093253683730975,1,0.008992650546133518,4.837830124363763,1.4695975703705153,-1.0424424279363103
2014-10-17,emerging_equity,0.017681664646900463,0.017681664646900463,1,-0.00029610469937324524,-0.053742839906371374,2.0297190086540695,-0.9279148269008376
2014-10-17,korea_equity,-0.003521140239892251,-0.003521140239892251,1,0.0031592175364494324,1.8782795412904547,1.4470624079487122,-1.3038549806516666
2014-10-17,short_treasury,-0.0016503523119951735,-0.0016503523119951735,1,0.008388446643948555,4.561971681505392,-1.0297353305527621,-1.530160588976203
2014-10-17,treasury_7_10y,-0.00942507082357702,-0.00942507082357702,1,0.004364510998129845,2.875415655033423,-1.3136475305497666,-1.87967775146264
2014-10-20,alternative,0.05865662021421514,0.05865662021421514,1,0.005004663951694965,2.8976019189455027,1.8949232326385481,-1.1229684089088374
2014-10-20,corp_bond_ig,-0.016389298180738532,-0.016389298180738532,1,0.0013253949582576752,0.9445263513594057,-3.215454349425862,-1.856013298798161
2014-10-20,developed_equity,0.05784877254358456,0.05784877254358456,1,0.008444912731647491,4.1771232337609066,1.9349520736745547,-0.6034423479799408
2014-10-20,emerging_equity,0.003917723967049813,0.003917723967049813,1,-0.0018020644783973694,-1.0191478826489027,2.005653047901155,-1.0034685857982297
2014-10-20,korea_equity,-0.018232318705999617,-0.018232318705999617,1,0.00413108617067337,1.7146769339218222,1.5324747374181154,-1.2901419452688023
2014-10-20,short_treasury,-0.0023562317944600952,-0.0023562317944600952,1,0.00740791205316782,4.317397476173125,-0.896153444999307,-1.5763402843216467
2014-10-20,treasury_7_10y,-0.011952909581801507,-0.011952909581801507,1,0.003964790143072605,2.2912440737932083,-1.3396144212411376,-1.8016856063508526
2014-10-21,alternative,0.05462964375813795,0.05462964375813795,1,0.0031997589394450188,2.2330215218265663,1.8847696692584222,-1.9067170116320602
2014-10-21,corp_bond_ig,-0.01498372982200391,-0.01498372982200391,1,0.0004279874265193939,1.294283435448714,-3.3983811504827695,-1.1345873309323362
2014-10-21,developed_equity,0.04183324195997007,0.04183324195997007,1,0.006274783983826637,3.132841941628529,1.7428206760762517,-0.18986685962194938
2014-10-21,emerging_equity,0.005120773171542803,0.005120773171542803,1,-0.0016706474125385284,-1.153448262503137,1.1134843647359447,-1.5421111241948071
2014-10-21,korea_equity,-0.014016289331350018,-0.014016289331350018,1,0.0031825080513954163,0.6437703190242007,1.5753368749989416,-1.5806060290693043
2014-10-21,short_treasury,-0.0022390106061709325,-0.0022390106061709325,1,0.00718319695442915,3.737076175334696,-1.8595968539371555,-1.1850597638056237
2014-10-21,treasury_7_10y,-0.00811627612101018,-0.00811627612101018,1,0.005042079836130142,2.4850461305946374,-1.0809275994897907,-1.1688289660688322
2014-10-22,alternative,0.05970150847083455,0.05970150847083455,1,0.0023631807416677475,1.4615941090891227,1.7831647404552544,-1.3855186420035703
2014-10-22,corp_bond_ig,-0.018594207881756697,-0.018594207881756697,1,-0.0012127701193094254,0.7030374085296167,-2.591790687229351,-0.8116672608986939
2014-10-22,developed_equity,0.04256541624249133,0.04256541624249133,1,0.0035518016666173935,1.6313415569296992,1.6666098811286194,0.014242874203372492
2014-10-22,emerging_equity,0.011291091446267387,0.011291091446267387,1,-0.0015007462352514267,-0.90899043315759,0.7700104991076622,-1.7090984322460911
2014-10-22,korea_equity,-0.02450043207827035,-0.02450043207827035,1,0.004714192822575569,1.81220860563346,1.3209497959201235,-1.348794045468953
2014-10-22,short_treasury,-0.0021215544972962297,-0.0021215544972962297,1,0.007293158210813999,3.856652957017216,-0.7809258797464799,-0.1925902488986585
2014-10-22,treasury_7_10y,-0.010478623686903998,-0.010478623686903998,1,0.004446033388376236,2.4095587447365494,-1.0275450060194207,-1.3830512960041954
2014-10-23,alternative,0.05385332605482951,0.05385332605482951,1,0.0004704594612121582,0.4946407610846184,1.2752761317610626,-1.4763139549490392
2014-10-23,corp_bond_ig,-0.012949001352385192,-0.012949001352385192,1,-0.001439576968550682,0.35216239233124386,-3.7622031537649105,-0.9314020617099118
2014-10-23,developed_equity,0.03385016307003985,0.03385016307003985,1,0.0018005035817623138,0.5460493150168999,1.507058519410893,0.6890314905232202
2014-10-23,emerging_equity,0.009820808504162004,0.009820808504162004,1,-0.0038240067660808563,-1.543584039644127,0.2339592669738025,-1.7910690340969493
2014-10-23,korea_equity,-0.028283897933450874,-0.028283897933450874,1,0.003215804696083069,1.7305056867227069,0.8644574807149434,-1.789852579998207
2014-10-23,short_treasury,-0.0014151266776345484,-0.0014151266776345484,1,0.006888058967888355,3.5494802528247362,-1.3054006781842336,0.7463068956001532
2014-10-23,treasury_7_10y,-0.004550153922259992,-0.004550153922259992,1,0.003822118043899536,2.819497448497663,-2.2298528720444537,-0.9664205747132347
2014-10-24,alternative,0.043119238057267584,0.043119238057267584,1,-0.0020603016018867493,-0.5647291232623523,1.1645107149033314,-1.0297565975640184
2014-10-24,corp_bond_ig,-0.00910226586965035,-0.00910226586965035,1,0.0010475050657987595,1.0417309022874441,-2.837645287662368,-1.5565745965323081
2014-10-24,developed_equity,0.04649838978533882,0.04649838978533882,1,0.0019505880773067474,0.5747337671500412,1.3453763856254601,0.5001505721006848
2014-10-24,emerging_equity,0.03461721484882507,0.03461721484882507,1,-0.005024004727602005,-1.7519495773335092,-0.05178840563931684,-0.7967900694045237
2014-10-24,korea_equity,-0.013720057144931741,-0.013720057144931741,1,0.0035087494179606438,1.6151145553127926,0.07803091238172757,-1.2145559132736747
2014-10-24,short_treasury,-0.0014147930560456379,-0.0014147930560456379,1,0.005230008624494076,2.9971849232559924,-1.1082901585593496,0.493831642397202
2014-10-24,treasury_7_10y,-0.003409742414359984,-0.003409742414359984,1,0.004152283072471619,2.716467118907138,-2.343355200580623,-1.358864267744679
2014-10-27,alternative,0.05442805759066682,0.05442805759066682,1,-0.003271397203207016,-1.0482235102187765,0.7321086686423137,-0.46047312186796674
2014-10-27,corp_bond_ig,-0.008757323089200963,-0.008757323089200963,1,0.000911567360162735,0.8229916037166347,-2.4643344347052754,-1.100867529192832
2014-10-27,developed_equity,0.04575255012716384,0.04575255012716384,1,-0.00017895549535751343,-0.13954557075788357,0.8341834101717951,0.6681232012265773
2014-10-27,emerging_equity,0.034152318515781044,0.034152318515781044,1,-0.005214771255850792,-1.8728773753109047,-0.38150789076709035,-1.3714953368299598
2014-10-27,korea_equity,-0.018310547068053573,-0.018310547068053573,1,0.0033406661823391914,1.2629759057993504,0.09353661235340335,-1.412607136614008
2014-10-27,short_treasury,-0.0012968711476931682,-0.0012968711476931682,1,0.004634740762412548,2.7800383666165063,-1.724976188134747,0.031885340655249936
2014-10-27,treasury_7_10y,-0.003311629249981851,-0.003311629249981851,1,0.003368929959833622,2.054928600546071,-2.138206591181648,-0.5418940381048393
2014-10-28,alternative,0.0392336050330615,0.0392336050330615,1,-0.003877006471157074,-1.2638624608392395,1.1263017924923504,-0.3031340302972542
2014-10-28,corp_bond_ig,-0.0011715430096103097,-0.0011715430096103097,1,-0.0006501488387584686,0.5134149613094194,-2.234261538808009,-1.1145654931294424
2014-10-28,developed_equity,0.03060508497032921,0.03060508497032921,1,-0.0002590995281934738,-0.20576630027305753,1.2144306704484478,0.6817180649848691
2014-10-28,emerging_equity,0.007225415071122621,0.007225415071122621,1,-0.006604384630918503,-2.946595253440228,0.25522167411011365,-1.8144753624850178
2014-10-28,korea_equity,-0.029089613076500376,-0.029089613076500376,1,0.0024072155356407166,0.5998499513866905,-0.5751266492907551,-1.8342337731539775
2014-10-28,short_treasury,-0.0009434177850896619,-0.0009434177850896619,1,0.00399708840996027,3.183162565969141,-1.9498705257572357,-0.384732004993195
2014-10-28,treasury_7_10y,0.0016124269036634775,0.0016124269036634775,1,0.002876647748053074,2.07478434368737,-2.103668943337177,-0.960441601139394
2014-10-29,alternative,0.04562043859134368,0.04562043859134368,1,-0.004378480836749077,-1.7766365592781872,0.49986259477013956,0.6621669132575306
2014-10-29,corp_bond_ig,0.004107963353320976,0.004107963353320976,1,0.001403937116265297,1.3895192742370368,-1.5504107091109276,-1.4025423624417974
2014-10-29,developed_equity,0.03477895434319578,0.03477895434319578,1,-0.0008911862969398499,-0.5417063695912769,1.4724436000220995,1.1795012184498723
2014-10-29,emerging_equity,0.018518436968689933,0.018518436968689933,1,-0.008281959220767021,-3.652316447156986,0.20036466861036387,-1.2591564342740633
2014-10-29,korea_equity,-0.02541511332371882,-0.02541511332371882,1,0.0031719794496893883,1.1809582878885605,-0.7869178878365183,-2.939987479369376
2014-10-29,short_treasury,0.0004723215772135525,0.0004723215772135525,1,0.003781978040933609,2.729706079156035,-1.4545284835793615,-1.2638802408312393
2014-10-29,treasury_7_10y,0.006661562010320976,0.006661562010320976,1,0.003966795280575752,2.8353745284472405,-1.7053675919247677,-1.2557901501400774
2014-10-30,alternative,0.03734060437310216,0.03734060437310216,1,-0.0009160861372947693,-0.539159138119438,0.5539800704002423,0.8058587202605262
2014-10-30,corp_bond_ig,0.006115915916606873,0.006115915916606873,1,0.0010575782507658005,0.8905948892139343,-1.4702707804281372,-1.4266837649626667
2014-10-30,developed_equity,0.03153150105435776,0.03153150105435776,1,0.0011319909244775772,0.6860571783790246,1.9880884728510573,0.6253055462118244
2014-10-30,emerging_equity,-0.011198503860687992,-0.011198503860687992,1,-0.008582469075918198,-3.3750834920894754,0.8384747829509832,-1.1666828439964523
2014-10-30,korea_equity,-0.041940338699118174,-0.041940338699118174,1,2.428889274597168e-06,-0.29664186171389584,-0.9722304226751436,-2.466816263181836
2014-10-30,short_treasury,0.00047215433133840357,0.00047215433133840357,1,0.0034133847802877426,3.161516025260953,-1.565079003133955,-1.9077180590823868
2014-10-30,treasury_7_10y,0.009506606871285461,0.009506606871285461,1,0.003028653562068939,2.045422821816839,-1.3793453882557483,-0.8480287342158246
2014-10-31,alternative,0.015315287822001533,0.015315287822001533,1,-0.0018902085721492767,-0.9574698774511303,0.1920949223437724,1.0265929197969532
2014-10-31,corp_bond_ig,0.0,0.0,1,-0.0008461736142635345,-0.11726715298697842,-1.625780747366715,-1.678879605718088
2014-10-31,developed_equity,0.01583552470449745,0.01583552470449745,1,-0.0005803462117910385,-0.07160884799238389,1.75435723865971,0.8352979412709908
2014-10-31,emerging_equity,-0.032265730987377506,-0.032265730987377506,1,-0.008422622457146645,-3.9241971410234635,1.2866411604574306,-1.354226864893009
2014-10-31,korea_equity,-0.037182334392985905,-0.037182334392985905,1,-0.0008060690015554428,-1.1061111081708404,-1.2007251729270463,-2.4648677422786878
2014-10-31,short_treasury,0.00035426693946338794,0.00035426693946338794,1,0.0025256043300032616,2.7162581714922567,-1.4087106801523663,-1.3112755187808356
2014-10-31,treasury_7_10y,0.00695108912843212,0.00695108912843212,1,0.001166749745607376,1.1946487433117896,-1.4962853314488436,0.08776135836516462
2014-11-03,alternative,0.0217785988415784,0.0217785988415784,1,-7.165223360061646e-05,-0.3317895960028391,0.01259416137331112,0.5971649289994652
2014-11-03,corp_bond_ig,-0.0019364800373806723,-0.0019364800373806723,1,0.0018646251410245895,0.432305898966948,-2.020658196094363,-2.770089954056763
2014-11-03,developed_equity,0.012059921734721701,0.012059921734721701,1,-0.00014717504382133484,-0.41489769950959754,0.9272269288810402,-0.012595679381340357
2014-11-03,emerging_equity,-0.024401925272269254,-0.024401925272269254,1,-0.008419930934906006,-4.135636683820117,-0.13710166850313682,-0.8719180424563601
2014-11-03,korea_equity,-0.02237642465539691,-0.02237642465539691,1,-0.00017978250980377197,-0.8676035818470242,-1.3827343704889696,-2.247205355875313
2014-11-03,short_treasury,0.00023619941178143478,0.00023619941178143478,1,0.0034732837229967117,2.339853795841889,-0.5082354262915892,-1.4678253297426074
2014-11-03,treasury_7_10y,0.004580111770626782,0.004580111770626782,1,0.0013058893382549286,1.3558959714433017,-1.3592953108954269,-0.1634737593972081
2014-11-04,alternative,0.019873573968257174,0.019873573968257174,1,-0.000673539936542511,-0.8824527499879182,-0.7941706036516566,0.10623181958739501
2014-11-04,corp_bond_ig,-0.002354117820325352,-0.002354117820325352,1,0.0019207186996936798,0.6481230603206963,0.09094809933090242,-1.0174164385115563
2014-11-04,developed_equity,0.02227479372594643,0.02227479372594643,1,0.0005422364920377731,-0.25856254142302887,0.5102394116669707,0.42248136818835
2014-11-04,emerging_equity,-0.022705563084963187,-0.022705563084963187,1,-0.00601530447602272,-3.853817478656957,0.6475378992709693,0.9203471070795864
2014-11-04,korea_equity,-0.018124797772184897,-0.018124797772184897,1,0.0009473562240600586,-0.4165672350991273,-0.9197580773764187,-2.1457578954727516
2014-11-04,short_treasury,-0.00011815872475096079,-0.00011815872475096079,1,0.004000017419457436,2.308214075684048,-0.31301265882391494,-1.1201980708035066
2014-11-04,treasury_7_10y,0.005057722823422095,0.005057722823422095,1,0.0007850881665945053,0.7146536392754624,-0.6446245530889272,0.05941044154846774
2014-11-05,alternative,0.020795687915818428,0.020795687915818428,1,-0.00039385631680488586,-0.8323551612127171,-0.23889161521655314,0.48005166849260017
2014-11-05,corp_bond_ig,0.0010949903308736797,0.0010949903308736797,1,0.002246260643005371,0.7656124352194775,0.4908992028156732,-1.2556287732547466
2014-11-05,developed_equity,0.013024836708541487,0.013024836708541487,1,8.899718523025513e-06,0.14360359857591237,-1.1971684471605581,0.15816089566680308
2014-11-05,emerging_equity,-0.012298097931471963,-0.012298097931471963,1,-0.006625384092330933,-3.605161560605363,-0.03664618548772489,1.0516859377670675
2014-11-05,korea_equity,0.007968778794309905,0.007968778794309905,1,0.0007043741643428802,-0.4925199168272089,-1.6291849674246797,-1.6017399073480387
2014-11-05,short_treasury,0.0007090297759151376,0.0007090297759151376,1,0.005105423741042614,2.4290228369975937,0.06647994686306721,-0.32141890225138137
2014-11-05,treasury_7_10y,0.008299968986023254,0.008299968986023254,1,0.00024162419140338898,0.3308038498940819,0.09965583726571575,-0.241453901062765
2014-11-06,alternative,0.029011757567591445,0.029011757567591445,1,0.0008280239999294281,-0.014183261749012374,-0.21017097266101556,2.4770810022133825
2014-11-06,corp_bond_ig,0.0,0.0,1,0.002437192015349865,0.2660860092885075,0.04106090252634761,-1.0981393788337792
2014-11-06,developed_equity,0.01662275810582181,0.01662275810582181,1,-0.0001359935849905014,0.8415857928804252,-2.665025924548931,-0.16572286582670046
2014-11-06,emerging_equity,-0.0019530766148807555,-0.0019530766148807555,1,-0.004999473690986633,-3.26618149532628,-0.7528599869327112,1.555362018003499
2014-11-06,korea_equity,-0.0021160101185334623,-0.0021160101185334623,1,0.0037079500034451485,1.4356811003621683,-0.744661558509565,-1.7079592667449193
2014-11-06,short_treasury,-0.0009455363488662938,-0.0009455363488662938,1,0.005546248517930508,2.095584804638397,0.2971146417520934,-0.0949962591752551
2014-11-06,treasury_7_10y,0.00574161219254643,0.00574161219254643,1,-0.0005765166133642197,-0.017733211297410796,0.04767536022408019,-0.09281788989557423
2014-11-07,alternative,0.014414400667757565,0.014414400667757565,1,0.00258486345410347,1.0563535985189823,0.12249895076915204,3.10059790841652
2014-11-07,corp_bond_ig,-0.0015951846228915434,-0.0015951846228915434,1,0.002842467278242111,0.3451243996835698,0.23260396288890975,-1.3629130548992463
2014-11-07,developed_equity,0.0103906898978805,0.0103906898978805,1,0.0004173554480075836,1.3976049052219477,-2.551291492663116,0.08247016545815485
2014-11-07,emerging_equity,-0.02280452240583919,-0.02280452240583919,1,-0.004979588091373444,-3.0361984226151986,-0.5405554495284187,2.8089897140685713
2014-11-07,korea_equity,-0.0073632885150997085,-0.0073632885150997085,1,0.006202567368745804,2.0163803356100214,-0.6212097867880375,-1.2424867375162725
2014-11-07,short_treasury,-0.001771601855708127,-0.001771601855708127,1,0.007851130329072475,2.5070875495911387,0.1721381682534934,0.7158046878419954
2014-11-07,treasury_7_10y,0.0026623446246245575,0.0026623446246245575,1,0.0011601299047470093,-0.312547368165713,0.3142976298150349,-0.708164467272139
2014-11-10,alternative,0.007155593922416381,0.007155593922416381,1,0.000739680603146553,0.11846966229047882,-0.42823738756717067,4.1626845462407385
2014-11-10,corp_bond_ig,0.004303387879865728,0.004303387879865728,1,0.003752194344997406,1.2693103477718302,0.27501403018325055,-0.6437645255991994
2014-11-10,developed_equity,0.005389709595893022,0.005389709595893022,1,0.0010962225496768951,1.2534779914102177,-2.173735735180246,1.2625737054252948
2014-11-10,emerging_equity,-0.03459957033201244,-0.03459957033201244,1,-0.005268078297376633,-2.942136913814937,-1.322089813898256,2.590083894658795
2014-11-10,korea_equity,-0.00921256371532575,-0.00921256371532575,1,0.0031948480755090714,1.568969058652583,-0.18838140454186422,-0.5704997646331644
2014-11-10,short_treasury,-0.0007091071759951495,-0.0007091071759951495,1,0.0030420199036598206,1.1997309430125112,0.8922595009634596,0.1565874280491566
2014-11-10,treasury_7_10y,0.010502181559635115,0.010502181559635115,1,0.0036190152168273926,1.027631375924825,0.543368255462452,-0.47880122452652263
2014-11-11,alternative,-0.0017873509822113887,-0.0017873509822113887,1,0.004396396689116955,0.7075390509736426,0.5557655134593151,5.148805111684398
2014-11-11,corp_bond_ig,0.0040506612399460185,0.0040506612399460185,1,0.004883247427642345,1.035180530261888,-0.4335667051058055,-1.5118793897289535
2014-11-11,developed_equity,-0.012931660611291917,-0.012931660611291917,1,0.0009878389537334442,1.3110492085424783,-1.8327668343553098,1.3755651260917183
2014-11-11,emerging_equity,-0.04795348748688788,-0.04795348748688788,1,-0.00475277379155159,-2.4287179103358474,-1.0741182188514682,1.484368385010359
2014-11-11,korea_equity,-0.016298637973939822,-0.016298637973939822,1,-0.0003761500120162964,0.7023249353046355,-0.062018085977878924,-0.06719020274650823
2014-11-11,short_treasury,0.00023645712555242504,0.00023645712555242504,1,0.004450544714927673,1.6455932034428158,1.3487636281512605,-0.021923127116207263
2014-11-11,treasury_7_10y,0.014988063912403149,0.014988063912403149,1,0.006815769709646702,1.989133410658466,0.22525349319803864,-0.7025608244541603
2014-11-12,alternative,-0.0035842431124376573,-0.0035842431124376573,1,0.004241085611283779,0.9473123808243019,0.28228777492368806,4.868431028390271
2014-11-12,corp_bond_ig,0.0031226496181344654,0.0031226496181344654,1,-0.0009148828685283661,0.18641432483691459,1.2575078970937317,-1.5818492162778046
2014-11-12,developed_equity,-0.009928207730790506,-0.009928207730790506,1,0.0014593042433261871,1.0117003842741548,-1.7436090711786796,2.591079949228327
2014-11-12,emerging_equity,-0.05411306944378358,-0.05411306944378358,1,-0.003938248381018639,-2.572479442188032,-1.4503757726250777,0.8655156766817894
2014-11-12,korea_equity,-0.028117304276078614,-0.028117304276078614,1,-0.0002314932644367218,0.6771530662779595,0.1283142248114605,-0.805714585236552
2014-11-12,short_treasury,-0.0005907529715920568,-0.0005907529715920568,1,0.003075806424021721,1.9397773282439883,0.7589804086806967,-0.600270766125071
2014-11-12,treasury_7_10y,0.013656769340835817,0.013656769340835817,1,0.00290487427264452,1.3359654363222189,0.8229856497436937,-1.180971100140887
2014-11-13,alternative,-0.021466918250152678,-0.021466918250152678,1,-0.0003919675946235657,-0.13040316848775754,-0.2393442101913886,3.233555270953473
2014-11-13,corp_bond_ig,0.005829692783440921,0.005829692783440921,1,0.0020918920636177063,0.848469019604144,2.8133133430807513,-1.637629933331452
2014-11-13,developed_equity,-0.021997736092187692,-0.021997736092187692,1,-4.417635500431061e-05,0.1609208172530878,-0.38384003047897497,3.9906536677559643
2014-11-13,emerging_equity,-0.06715324632605646,-0.06715324632605646,1,-0.002196880057454109,-1.3718650907809382,-1.9880687016580747,-0.46023768094331574
2014-11-13,korea_equity,-0.03820540225567204,-0.03820540225567204,1,-7.486902177333832e-05,0.3126281081541315,0.2711162820904477,-1.345630524806146
2014-11-13,short_treasury,0.00011815872475096079,0.00011815872475096079,1,0.005711376667022705,3.2520280132346224,1.4875462293130635,-1.2618545367217482
2014-11-13,treasury_7_10y,0.020308971573157697,0.020308971573157697,1,2.642720937728882e-05,0.2726821418009297,1.4471735389872424,-1.702833680198899
2014-11-14,alternative,-0.0321141705898611,-0.0321141705898611,1,0.0017947275191545486,0.9099188329553842,-0.9614991263706092,2.5100618766133107
2014-11-14,corp_bond_ig,0.00691924462107063,0.00691924462107063,1,0.0012597758322954178,0.6003366828602509,2.504058467159042,-1.491268872498869
2014-11-14,developed_equity,-0.033608744673479296,-0.033608744673479296,1,0.0014251507818698883,0.6092589464511393,-0.4759612378141499,3.5166779545568585
2014-11-14,emerging_equity,-0.08807909826592342,-0.08807909826592342,1,-0.0017769839614629745,-1.0630608710117835,-1.1988094545050274,-0.6035831349857289
2014-11-14,korea_equity,-0.020494697503260384,-0.020494697503260384,1,-0.002016868442296982,-1.123436666128902,0.8735400432238879,-1.2029079844805626
2014-11-14,short_treasury,-0.00106274607026291,-0.00106274607026291,1,0.003620624542236328,2.317302679550032,2.0975472475975527,-1.7854697786374683
2014-11-14,treasury_7_10y,0.014462457607316015,0.014462457607316015,1,0.0002206936478614807,0.5866795957529668,0.9591400316817098,-1.4020844595163997
2014-11-17,alternative,-0.029490643492034563,-0.029490643492034563,1,0.0030465060845017433,1.5890028798769051,-1.3432242386887745,0.1979799736240902
2014-11-17,corp_bond_ig,0.008965554668840303,0.008965554668840303,1,0.0028662532567977905,1.6073862078634436,2.4173169002845407,-1.6254964696821066
2014-11-17,developed_equity,-0.04438026630549863,-0.04438026630549863,1,0.0059419795870780945,3.5451400355152547,-2.4605688419758245,2.521773285402863
2014-11-17,emerging_equity,-0.07975610872594319,-0.07975610872594319,1,-0.003886779770255089,-1.8260690038149396,-0.8854613841852861,0.03097759473284255
2014-11-17,korea_equity,-0.005305964488906856,-0.005305964488906856,1,-0.0028552208095788956,-1.198986439888936,0.8451392954816042,-0.6128014711085504
2014-11-17,short_treasury,-0.0003542605005758537,-0.0003542605005758537,1,0.001823844388127327,1.6765356487967502,1.8747960106505548,-2.2656395808345464
2014-11-17,treasury_7_10y,0.020765862406802782,0.020765862406802782,1,-0.000867847353219986,0.007632010931973112,1.7877657820009336,-1.9012610393017533
2014-11-18,alternative,-0.031606658699676604,-0.031606658699676604,1,-0.0007072165608406067,0.8617203413977093,-3.999634972534606,-0.7751738686365367
2014-11-18,corp_bond_ig,0.008366414674640277,0.008366414674640277,1,0.003299238160252571,1.1141961961780609,2.6616538220602752,-0.6807947010506924
2014-11-18,developed_equity,-0.04330551746260369,-0.04330551746260369,1,0.0017387699335813522,1.1951506047339668,-1.2146126258433452,1.7665973665457646
2014-11-18,emerging_equity,-0.07690446117819172,-0.07690446117819172,1,-0.005092127248644829,-2.173098395899403,-0.9241649273019188,-0.3933985155070723
2014-11-18,korea_equity,-0.030361522571687116,-0.030361522571687116,1,-0.002459827810525894,-1.3972829750770361,1.1453321730418997,-1.2993154199304549
2014-11-18,short_treasury,-0.0011810378680009448,-0.0011810378680009448,1,0.0013175588101148605,0.8769601034819664,1.5981533286839675,-1.867377011901374
2014-11-18,treasury_7_10y,0.012559464452792213,0.012559464452792213,1,-0.0013585835695266724,-1.0308782258803177,2.0079812203228,-1.2021336925505044
2014-11-19,alternative,-0.01408449379940424,-0.01408449379940424,2,-0.001331523060798645,0.27179519910178274,3.288661385163946,-0.5948648872951008
2014-11-19,corp_bond_ig,0.014783394547828177,0.014783394547828177,2,0.0005987286567687988,2.815259189495226,-0.41915809774172796,1.2076871310540518
2014-11-19,developed_equity,-0.009517275053879337,-0.009517275053879337,2,-0.001731768250465393,-0.5202842388540244,1.6372640130983285,-2.0667715882252446
2014-11-19,emerging_equity,-0.06383497619934497,-0.06383497619934497,2,-0.0059864819049835205,1.3090408476883928,-1.6876009614901075,-1.2252182057229968
2014-11-19,korea_equity,-0.018168871906894757,-0.018168871906894757,2,-0.003985188901424408,0.9189159244732837,-2.7035687527650842,2.6786437225604423
2014-11-19,short_treasury,-0.0016537563546743517,-0.0016537563546743517,2,3.94284725189209e-05,1.232216841437844,0.732496122425388,0.004103936224302121
2014-11-19,treasury_7_10y,0.009540164118597927,0.009540164118597927,2,-0.004082337021827698,-0.18094074073304647,-0.8907394376733839,-1.6895304002878928
2014-11-20,alternative,-0.02907491675557561,-0.02907491675557561,2,-0.0029897093772888184,0.8019737492367475,3.163504174375826,-0.6787902351951649
2014-11-20,corp_bond_ig,0.010410458837528225,0.010410458837528225,2,-0.0029336437582969666,2.3471616151889005,-0.782974539490359,1.5951854930234322
2014-11-20,developed_equity,-0.008942103508702726,-0.008942103508702726,2,0.00022607296705245972,0.0838020321760857,1.7770190408840703,-2.2022343258798105
2014-11-20,emerging_equity,-0.055677142136098756,-0.055677142136098756,2,-0.005570799112319946,0.6953371747309419,-1.8042869853446424,-0.5159603713767341
2014-11-20,korea_equity,-0.012678555079868814,-0.012678555079868814,2,-0.0037020668387413025,-0.31942074905258566,-2.3400968356031826,3.0938810832582955
2014-11-20,short_treasury,-0.0025980304665832454,-0.0025980304665832454,2,-0.003641374409198761,1.063048390432421,0.2861031312425542,-0.5940059693236449
2014-11-20,treasury_7_10y,0.011427453802785426,0.011427453802785426,2,-0.0053596049547195435,-0.5581269758903044,-1.1126571023940912,-1.9428543089705024
2014-11-21,alternative,-0.03166225655889732,-0.03166225655889732,2,-0.005253635346889496,0.5871142444659548,2.2988042348984643,-0.6454525737947137
2014-11-21,corp_bond_ig,0.00927017057283619,0.00927017057283619,2,-0.0030589401721954346,2.3756854405984793,-1.1573645070708511,1.5904000004386107
2014-11-21,developed_equity,-0.014038522149835808,-0.014038522149835808,2,-0.005722105503082275,-1.0769174903193595,0.7964975500437604,-0.9164014065008529
2014-11-21,emerging_equity,-0.07210173557046207,-0.07210173557046207,2,-0.008515387773513794,0.3412832131314762,-1.338295203850203,1.2851490572761413
2014-11-21,korea_equity,-0.015143521684931383,-0.015143521684931383,2,-0.0044592320919036865,-0.4971195345847886,-2.532195180903723,3.781052022726637
2014-11-21,short_treasury,-0.002597327027567986,-0.002597327027567986,2,-0.004205062985420227,0.15010074041939173,0.41174076341112786,-0.9413158500421345
2014-11-21,treasury_7_10y,0.009408837219959443,0.009408837219959443,2,-0.006223589181900024,-1.0103965744861527,-0.4269131578548709,-2.5197064744006235
2014-11-24,alternative,-0.03587056862683602,-0.03587056862683602,2,-0.002730637788772583,1.4371294619266484,2.2168714033602654,-0.7180135728790265
2014-11-24,corp_bond_ig,0.0,0.0,2,-0.00412711501121521,1.6988569544503387,-1.6289534909092593,1.4126318070971993
2014-11-24,developed_equity,-0.011312550088371842,-0.011312550088371842,2,-0.007084980607032776,-0.5842369172567218,0.24705407685786077,-0.8408508269947823
2014-11-24,emerging_equity,-0.07293893285090569,-0.07293893285090569,2,-0.007642246782779694,-3.4308991180073702,-0.015818457767353297,1.676568987947531
2014-11-24,korea_equity,-0.026922444918136,-0.026922444918136,2,-0.003566071391105652,-0.6284355444531469,-2.0031669351522257,3.908570370683928
2014-11-24,short_treasury,-0.0037775905829618983,-0.0037775905829618983,2,-0.005978085100650787,-0.6470690838618424,-0.33066718833929953,-0.580208840865172
2014-11-24,treasury_7_10y,-9.487855689582769e-05,-9.487855689582769e-05,2,-0.005077183246612549,-1.08315483574784,0.7731732792601488,-1.9345369644984003
2014-11-25,alternative,-0.029850759265410587,-0.029850759265410587,2,-0.001294150948524475,1.4686116100993092,2.0231788467648157,-0.6808083311728335
2014-11-25,corp_bond_ig,-0.00377008165165138,-0.00377008165165138,2,-0.005854859948158264,1.3054530506495692,-1.7657441079078013,0.9394722339052649
2014-11-25,developed_equity,-0.0073559581608638736,-0.0073559581608638736,2,-0.004121765494346619,0.16236321701641188,0.890883589210391,-1.2548824955131341
2014-11-25,emerging_equity,-0.0648015089490317,-0.0648015089490317,2,-0.00864441692829132,-3.6283703921095247,-0.2854060726752946,1.6119240331095064
2014-11-25,korea_equity,-0.019915421830945745,-0.019915421830945745,2,-0.003932692110538483,-1.2047541041627914,-1.3708293606356396,3.8052880858228444
2014-11-25,short_treasury,-0.0037771445964760453,-0.0037771445964760453,2,-0.006670348346233368,-0.6507475175463481,-0.9570224186755012,-2.2614190891671324
2014-11-25,treasury_7_10y,-0.00331437953767455,-0.00331437953767455,2,-0.005123838782310486,-0.8529868996237565,1.2171899238854729,-2.8820192417274
2014-11-26,alternative,-0.03228618671472072,-0.03228618671472072,2,-0.002050533890724182,1.684807632131491,1.8565899352929918,-0.9560152484194661
2014-11-26,corp_bond_ig,-0.006428961047407533,-0.006428961047407533,2,-0.006287500262260437,0.6503711889173581,-0.5256750449272525,0.1831831417598174
2014-11-26,developed_equity,-0.0072118491591107725,-0.0072118491591107725,2,-0.004317745566368103,1.5767611998065865,2.613800165041201,-0.9149642585866595
2014-11-26,emerging_equity,-0.06918536979325318,-0.06918536979325318,2,-0.008638061583042145,-4.5580628930169365,1.0961600257767183,0.2815781381205441
2014-11-26,korea_equity,-0.02851181113693957,-0.02851181113693957,2,-0.004297137260437012,-0.9587238724112087,-0.9143307872821558,3.526001995575531
2014-11-26,short_treasury,-0.004248797310145491,-0.004248797310145491,2,-0.003480568528175354,-0.43811700612197313,0.8321992265343614,-1.719163475887895
2014-11-26,treasury_7_10y,-0.003686891606627274,-0.003686891606627274,2,-0.003040425479412079,-1.605833025613644,2.77297276053383,-0.8170052913125718
2014-11-28,alternative,-0.03336262511721233,-0.03336262511721233,2,-0.0008521229028701782,2.1916929672483154,1.7105314179388367,-1.6116030399076329
2014-11-28,corp_bond_ig,-0.007161237465086789,-0.007161237465086789,2,-0.006413772702217102,-0.004222302114684861,0.12377358107761205,0.3524387564804031
2014-11-28,developed_equity,-0.007232516213504736,-0.007232516213504736,2,0.0002051517367362976,2.211326697754216,4.973239934701012,-2.4142252077816537
2014-11-28,emerging_equity,-0.05590360710419806,-0.05590360710419806,2,-0.007801644504070282,-4.826785419856205,0.20110882057026241,-0.17491276001561676
2014-11-28,korea_equity,-0.021272905704078915,-0.021272905704078915,2,-0.008024416863918304,-1.6074058199312773,-1.6822333173757529,1.7529121325713954
2014-11-28,short_treasury,-0.003657446675025211,-0.003657446675025211,2,-0.003961503505706787,-0.6639927984929027,1.4736674341561202,-1.7376076885070453
2014-11-28,treasury_7_10y,-0.0041435392342986654,-0.0041435392342986654,2,-0.001941777765750885,-2.8701762348874906,3.4309490514440926,1.184394267060498
2014-12-01,alternative,-0.023070084689666315,-0.023070084689666315,2,-0.0008666664361953735,2.3884155328130374,2.1296268878295215,-2.26067347379978
2014-12-01,corp_bond_ig,-8.374817448175698e-05,-8.374817448175698e-05,2,-0.009436741471290588,-0.35376729131074836,0.11728101120147208,-0.3301383638831172
2014-12-01,developed_equity,-0.011076132763780389,-0.011076132763780389,2,-0.0016160979866981506,2.7649916914063724,3.004655960265278,-1.6324986448964296
2014-12-01,emerging_equity,-0.037509256181745276,-0.037509256181745276,2,-0.007021352648735046,-3.476882526228207,1.0811329004217165,-0.48931118601976137
2014-12-01,korea_equity,-0.0217891855732949,-0.0217891855732949,2,-0.008164077997207642,-0.7120996809185653,-2.1589773688695746,-1.0794621639663549
2014-12-01,short_treasury,-0.0029505486851788554,-0.0029505486851788554,2,-0.006037235260009766,-1.1574502058213654,1.3974656991771897,-0.876657645136959
2014-12-01,treasury_7_10y,0.001134777745456672,0.001134777745456672,2,-0.0016941726207733154,-2.691720905091173,3.342152383384811,1.199603657722736
2014-12-02,alternative,-0.02486674476293893,-0.02486674476293893,2,-0.0023993030190467834,1.9008092402053791,1.988113232469568,-2.2709666355398093
2014-12-02,corp_bond_ig,0.007339317866228212,0.007339317866228212,2,-0.007291078567504883,0.13973702284621645,0.828308986470481,-0.7434229378935313
2014-12-02,developed_equity,-0.018490596282987548,-0.018490596282987548,2,-0.0005247145891189575,2.9557758160768515,3.2259090634677254,-1.9436839795450802
2014-12-02,emerging_equity,-0.03653746710080774,-0.03653746710080774,2,-0.00426434725522995,-2.7514120769619446,1.1701786930565892,-0.15673290347417287
2014-12-02,korea_equity,-0.018985090192275345,-0.018985090192275345,2,-0.005695566534996033,0.18684042462057443,-1.1701224570913764,-1.373236914897668
2014-12-02,short_treasury,-0.0027161473323652485,-0.0027161473323652485,2,-0.005077056586742401,-0.4476499210520877,2.135606259361874,-1.0595006957398163
2014-12-02,treasury_7_10y,0.006743912354720383,0.006743912354720383,2,0.0007033497095108032,-1.906342450006365,3.274950401674817,0.8943579989926675
2014-12-03,alternative,-0.030115159255330592,-0.030115159255330592,2,0.0003149956464767456,2.4432105732742007,2.6772522214942964,-3.3470217311267123
2014-12-03,corp_bond_ig,0.009860088764845676,0.009860088764845676,2,-0.006305113434791565,-0.32339925943254877,1.088650631203004,0.006101459363057657
2014-12-03,developed_equity,-0.02424075680102389,-0.02424075680102389,2,0.0016420930624008179,3.298215120455942,2.674258981354623,-1.8697513778197028
2014-12-03,emerging_equity,-0.05184639186914386,-0.05184639186914386,2,-0.001991972327232361,-2.5762822141798507,0.9940907195278511,-0.6678954160487781
2014-12-03,korea_equity,-0.02893150627796659,-0.02893150627796659,2,-0.006404250860214233,0.5831078872179868,-1.881293303961834,-1.5382168463892594
2014-12-03,short_treasury,-0.0011814564608010336,-0.0011814564608010336,2,-0.0026721954345703125,-0.4235659458880734,2.6558906929838093,-1.2457469753480823
2014-12-03,treasury_7_10y,0.011488787390607325,0.011488787390607325,2,0.0029351413249969482,-1.869299232412789,4.154939288270256,0.29561311014103564
2014-12-04,alternative,-0.039858281126493256,-0.039858281126493256,2,0.002327360212802887,2.442265194153223,3.098164006638393,-3.4495372121126326
2014-12-04,corp_bond_ig,0.012368542192478182,0.012368542192478182,2,-0.005845770239830017,-0.15302788185188346,0.90666393969944,-0.6363948154026166
2014-12-04,developed_equity,-0.04294897228059724,-0.04294897228059724,2,0.0026194751262664795,3.8965473616756303,2.710685128172629,-2.4852557933572377
2014-12-04,emerging_equity,-0.07031243451638003,-0.07031243451638003,2,0.0007052570581436157,-1.8988082584882284,1.0352826743199255,-0.21254514714847403
2014-12-04,korea_equity,-0.050773005667895,-0.050773005667895,2,-0.0070963054895401,-0.1966750538128544,-3.973149876641402,-0.9629584365889031
2014-12-04,short_treasury,-0.001771183393018405,-0.001771183393018405,2,-0.002277091145515442,0.5332516287881398,2.632248469024381,-1.90679705986097
2014-12-04,treasury_7_10y,0.014097812748141259,0.014097812748141259,2,0.0035553202033042908,-1.7561654129126223,3.9745586489079003,-0.532853707383335
2014-12-05,alternative,-0.05991192116086186,-0.05991192116086186,2,0.004130654036998749,2.771142985821371,3.187826591861139,-3.974261536809499
2014-12-05,corp_bond_ig,0.020699534771951633,0.020699534771951633,2,-0.006060615181922913,0.1987745091135484,0.04802374695783105,-1.8942875216054222
2014-12-05,developed_equity,-0.05927236013486947,-0.05927236013486947,2,0.004096068441867828,4.0831781809327286,3.5180889354077483,-2.835169459639775
2014-12-05,emerging_equity,-0.07240711403695643,-0.07240711403695643,2,0.0008441507816314697,-1.0480416406659567,0.742162194681985,-0.538674669478943
2014-12-05,korea_equity,-0.04877183802953189,-0.04877183802953189,2,-0.007867574691772461,-0.41196663463768296,-4.0039568938284855,-0.7441953694895247
2014-12-05,short_treasury,0.0005915420854123443,0.0005915420854123443,2,-0.000708654522895813,5.161936294552579,2.73590004812916,-4.039827924218668
2014-12-05,treasury_7_10y,0.026641323429203112,0.026641323429203112,2,0.005053088068962097,-2.503207461706208,3.6376144881063706,-0.6297372302368227
2014-12-08,alternative,-0.045293059886614695,-0.045293059886614695,2,0.0033884942531585693,2.8089986258963524,1.8255712756454106,-3.698009927336901
2014-12-08,corp_bond_ig,0.017238505577888086,0.017238505577888086,2,-0.0043598562479019165,0.5555515651885018,-0.14230600811565122,-1.5483216694450712
2014-12-08,developed_equity,-0.043740606445326735,-0.043740606445326735,2,0.004255868494510651,3.83828819203125,2.6156455483681227,-3.6836777267053944
2014-12-08,emerging_equity,-0.0382323025695227,-0.0382323025695227,2,-0.0006400644779205322,3.2447943690426477,-1.0342277922335368,-0.8141124913535249
2014-12-08,korea_equity,-0.03726599523412111,-0.03726599523412111,2,-0.007363364100456238,-1.0031854299569347,-2.5812560852808057,-0.582027320668608
2014-12-08,short_treasury,0.0011832241775631136,0.0011832241775631136,2,0.0011705011129379272,4.5417704152145095,0.7228922530669136,-3.1946010301033176
2014-12-08,treasury_7_10y,0.023044100289243863,0.023044100289243863,2,0.0033920705318450928,-2.329247898633879,2.5919574347175094,-0.4648495857953777
2014-12-09,alternative,-0.03463589323915717,-0.03463589323915717,2,0.003679715096950531,2.8794698558008296,1.1016385047840378,-4.303863499452854
2014-12-09,corp_bond_ig,0.013107084792369994,0.013107084792369994,2,-0.004545390605926514,0.6230395679430106,-0.11742262943992361,-1.7445254065437577
2014-12-09,developed_equity,-0.02006871593776849,-0.02006871593776849,2,0.0038323253393173218,3.4653216172710573,1.5452892818637955,-4.205847144293925
2014-12-09,emerging_equity,-0.012531327841571738,-0.012531327841571738,2,-0.002425834536552429,3.853169668253569,-1.3523346476784759,-1.2411940655840308
2014-12-09,korea_equity,-0.025087724652206655,-0.025087724652206655,2,-0.010171383619308472,-0.8683260104511467,-2.4738216742389825,-1.5961527612020068
2014-12-09,short_treasury,0.0007096103657977526,0.0007096103657977526,2,0.0022623762488365173,4.922886799344814,0.6277792659562854,-2.6515659600074164
2014-12-09,treasury_7_10y,0.015117216164744152,0.015117216164744152,2,0.0027949288487434387,-2.1943259871800183,3.076726586802422,-1.16610264693895
2014-12-10,alternative,-0.026857655165291483,-0.026857655165291483,2,0.004132919013500214,2.6274047421113225,0.18151476650250323,-3.974511243700923
2014-12-10,corp_bond_ig,0.016137150065338446,0.016137150065338446,2,-0.004181459546089172,0.31864530060827384,-0.1609691899704376,-0.8570335507345959
2014-12-10,developed_equity,-0.01588849323551833,-0.01588849323551833,2,0.0053123533725738525,3.0785477604161535,1.0543296720598283,-4.068749852160794
2014-12-10,emerging_equity,-0.0010175760399367961,-0.0010175760399367961,2,-0.00019407272338867188,3.8406590649815637,-1.2360735346630274,-1.502192056796777
2014-12-10,korea_equity,-0.0008907756299499914,-0.0008907756299499914,2,-0.008848682045936584,-0.8709940789699407,-2.284772368627576,-1.6590700860587395
2014-12-10,short_treasury,0.0007090233590918427,0.0007090233590918427,2,0.0031770020723342896,5.042161658505216,0.07088965264219751,-1.2729675949784511
2014-12-10,treasury_7_10y,0.015519201755219925,0.015519201755219925,2,0.00196944922208786,-2.3612972635315077,4.156496415064276,-1.6774128129112562
2014-12-11,alternative,-0.027877684884865306,-0.027877684884865306,2,0.005076847970485687,2.76090411788954,-0.05985282801246591,-3.431687937908214
2014-12-11,corp_bond_ig,0.019098070262576705,0.019098070262576705,2,-0.001971215009689331,0.10725849712847987,0.14663402245051207,-1.2863819174818771
2014-12-11,developed_equity,-0.018384396082444243,-0.018384396082444243,2,0.0053757429122924805,3.3936583570347842,0.6624531750766736,-4.9147905242336964
2014-12-11,emerging_equity,-0.000769594141846297,-0.000769594141846297,2,0.0013695582747459412,3.8324471432865472,-0.6398754798058686,-0.1443159992025914
2014-12-11,korea_equity,0.00790653395587726,0.00790653395587726,2,-0.004541389644145966,0.21924037315142805,-1.840623836881903,-0.5483729674402522
2014-12-11,short_treasury,0.001773486907443278,0.001773486907443278,2,0.004987552762031555,5.191333377222021,0.45397573837811417,-1.3778672559366643
2014-12-11,treasury_7_10y,0.020821547928972395,0.020821547928972395,2,0.00026707351207733154,-2.5043218647081367,4.314967048018142,-0.7904327048623139
2014-12-12,alternative,-0.010968963079519445,-0.010968963079519445,2,0.0051738545298576355,3.8879177209557554,0.033403950347689455,-2.554959947101695
2014-12-12,corp_bond_ig,0.01839558803757102,0.01839558803757102,2,-0.004527769982814789,-0.34792381966442615,-0.11890867823227859,-1.1163480366781067
2014-12-12,developed_equity,-0.010043840146436,-0.010043840146436,2,0.007079184055328369,6.5011266709486275,1.786375022393271,-5.125122183800605
2014-12-12,emerging_equity,0.024778319226880008,0.024778319226880008,2,0.0014315396547317505,3.0543584629351392,-0.5760067397554204,0.7768027400373244
2014-12-12,korea_equity,0.030976689683906322,0.030976689683906322,2,-0.0015209019184112549,2.1434274228333177,-2.624578605909471,-0.4862314487375419
2014-12-12,short_treasury,0.0014173767067908738,0.0014173767067908738,2,0.004347085952758789,5.2412602092227765,0.4368642542746002,-0.9855088893737588
2014-12-12,treasury_7_10y,0.01345663754102655,0.01345663754102655,2,0.0005766451358795166,-3.2280154179545297,4.440265889642274,1.3077970795030278
2014-12-15,alternative,-0.004608294930875556,-0.004608294930875556,2,0.009940601885318756,5.564697077033847,0.30665134840698727,-1.5195455231487394
2014-12-15,corp_bond_ig,0.01776581819037415,0.01776581819037415,2,-0.004585988819599152,-0.5592984871697927,0.18191043958724026,-0.9516757372980538
2014-12-15,developed_equity,-0.0031357070869415526,-0.0031357070869415526,2,0.009969860315322876,6.38491935729176,1.0277071204482733,-2.5948293136139764
2014-12-15,emerging_equity,0.03387136142595182,0.03387136142595182,2,0.004215799272060394,2.761481567423047,-0.6232413297730617,2.1060163711955737
2014-12-15,korea_equity,0.014069311206987845,0.014069311206987845,2,-0.00040431320667266846,2.850358417544185,-2.67949457001685,-0.16652173125037342
2014-12-15,short_treasury,0.0027187158520334265,0.0027187158520334265,2,0.005123302340507507,4.668372682235678,1.099212736697815,-1.3422155227019361
2014-12-15,treasury_7_10y,0.021853255877306355,0.021853255877306355,2,-0.002597123384475708,-3.1485165722145094,3.791487792736171,0.7998180239465864
2014-12-16,alternative,-0.01749541024470347,-0.01749541024470347,2,0.008990339934825897,5.330292975326311,0.06104249501744916,-0.6105076692815843
2014-12-16,corp_bond_ig,0.023388388751065747,0.023388388751065747,2,-0.006233036518096924,-0.16099765197344043,0.4240895485789053,-0.600734499880679
2014-12-16,developed_equity,-0.0012940900551532408,-0.0012940900551532408,2,0.012443654239177704,6.307046573224539,1.8351818220543115,-1.3735199836852852
2014-12-16,emerging_equity,0.03790088318381746,0.03790088318381746,2,0.005357913672924042,2.1671793314922017,-0.48226613172025085,3.2262422612377017
2014-12-16,korea_equity,0.0012446602548914498,0.0012446602548914498,2,0.0006943568587303162,3.944491590296077,-1.79654843350883,-0.52198226255462
2014-12-16,short_treasury,0.0036621093089876933,0.0036621093089876933,2,0.0024789273738861084,4.185384768917292,1.1534897908120032,-0.9497888261039198
2014-12-16,treasury_7_10y,0.025382544777481586,0.025382544777481586,2,-0.0036118775606155396,-3.9513691286387678,3.475815121626353,2.4770885022244564
2014-12-17,alternative,-0.028105222282369113,-0.028105222282369113,2,0.006406843662261963,5.480975639361462,-0.1506718581160857,-0.8809506262420915
2014-12-17,corp_bond_ig,0.017432130710480553,0.017432130710480553,2,-0.006025828421115875,0.5272964574885908,-0.0690678174976734,-1.4754441397317417
2014-12-17,developed_equity,0.008308291811181867,0.008308291811181867,2,0.010541856288909912,6.369081272222857,1.5809592505954329,-0.8567345414263858
2014-12-17,emerging_equity,0.03784500578921679,0.03784500578921679,2,0.00465981662273407,2.6715391034356584,9.484390552145181e-05,3.8488395470456105
2014-12-17,korea_equity,0.017737548275770676,0.017737548275770676,2,0.00173264741897583,3.761353032709763,-1.4326269552386708,0.2198547661958903
2014-12-17,short_treasury,0.0036655736042614517,0.0036655736042614517,2,-0.004555940628051758,2.2825573213764843,-1.5752750391013788,-1.0535457772151617
2014-12-17,treasury_7_10y,0.024901349102373738,0.024901349102373738,2,-0.003934286534786224,-3.45958409786608,2.847372895600145,2.066441211989158
2014-12-18,alternative,-0.03928572790963314,-0.03928572790963314,2,0.0070023313164711,5.099738565042957,0.2564038480838993,-1.034524080692302
2014-12-18,corp_bond_ig,0.018754167933548338,0.018754167933548338,2,-0.004204981029033661,0.044028268037437555,0.4880979756104066,-1.7017320702850625
2014-12-18,developed_equity,-0.014761141827484892,-0.014761141827484892,2,0.010278403759002686,5.864911768544775,0.6143743846572937,-0.2913927328579954
2014-12-18,emerging_equity,0.022297138116570192,0.022297138116570192,2,0.0037915781140327454,2.317223593610812,0.10368592322202771,3.9720013545826736
2014-12-18,korea_equity,0.019593647532346825,0.019593647532346825,2,0.0018910467624664307,2.885060808939074,-1.0660023657884694,2.1851894806848216
2014-12-18,short_treasury,0.0037860826731406227,0.0037860826731406227,2,-0.0031674131751060486,1.8118475723012533,-0.7449825599037818,0.26776686867580285
2014-12-18,treasury_7_10y,0.0330750331704186,0.0330750331704186,2,-0.001965731382369995,-2.554153101582885,3.006934529198585,1.4070751984271346
2014-12-19,alternative,-0.020871102414308673,-0.020871102414308673,2,0.007772751152515411,4.682566138512873,0.6379778973410316,-0.3466262795078559
2014-12-19,corp_bond_ig,0.01884737855391072,0.01884737855391072,2,-0.0037958920001983643,-2.8034833625476785,0.35503296441757975,-1.5648009424021392
2014-12-19,developed_equity,-0.01971124584812778,-0.01971124584812778,2,0.007717892527580261,5.274863747330576,0.6502558037813679,0.29927979767121476
2014-12-19,emerging_equity,0.037590089565830764,0.037590089565830764,2,0.0028408393263816833,1.8523986121986447,0.14906009219102906,4.440229730102269
2014-12-19,korea_equity,0.026044467405761607,0.026044467405761607,2,0.0035358890891075134,2.8210855327248514,-0.5099914225382521,2.4461307169679873
2014-12-19,short_treasury,0.004499138734750829,0.004499138734750829,2,-0.0020928680896759033,1.7156572156275782,-1.068220814243559,0.6664453261657012
2014-12-19,treasury_7_10y,0.024385688632058145,0.024385688632058145,2,-0.0035733655095100403,-2.7275722092517567,2.3247125341746537,-0.026739884811884343
2014-12-22,alternative,-0.00363307476314767,-0.00363307476314767,2,0.003651723265647888,3.463299030796628,0.5040055468978882,0.01372586961005888
2014-12-22,corp_bond_ig,0.015113539798828679,0.015113539798828679,2,-0.006933540105819702,-2.843205814925046,-0.21993546747339326,-2.1465813204792643
2014-12-22,developed_equity,-0.011611782975037954,-0.011611782975037954,2,0.0085221529006958,4.821734494614608,1.1820966155955097,1.0573508440005908
2014-12-22,emerging_equity,0.042915149336481884,0.042915149336481884,2,0.0016657263040542603,1.9116888413643596,-0.013839806844245498,4.364341809246854
2014-12-22,korea_equity,0.02592527722202198,0.02592527722202198,2,0.0011512935161590576,2.1045875284368574,-0.41116113232296136,2.2812002613247135
2014-12-22,short_treasury,0.003906181209130777,0.003906181209130777,2,-0.0016778632998466492,1.0514124201347412,-1.1489646839068468,2.6061395598965413
2014-12-22,treasury_7_10y,0.021843514874517966,0.021843514874517966,2,-0.0022169798612594604,-2.241975362154788,1.8559309328468008,-1.5986086201005851
2014-12-23,alternative,-0.008166913987366686,-0.008166913987366686,2,0.0014868825674057007,2.8294003366643983,0.01742779147743217,0.22357554593753154
2014-12-23,corp_bond_ig,0.028859910384623655,0.028859910384623655,2,-0.007323123514652252,-2.4782041993835033,-0.5915505099014291,-2.4640552600152312
2014-12-23,developed_equity,-0.020678246223717944,-0.020678246223717944,2,0.007974661886692047,4.196468309691895,1.5820992800074851,0.7601885759785483
2014-12-23,emerging_equity,0.044592461387922055,0.044592461387922055,2,-0.0011921226978302002,1.1455865374475123,-0.41486658872083204,4.103271165661274
2014-12-23,korea_equity,0.03761305352172095,0.03761305352172095,2,0.0006430447101593018,2.102782349050311,-0.569229373026791,2.122345552214478
2014-12-23,short_treasury,0.0054508719966774866,0.0054508719966774866,2,-0.0012320131063461304,2.204051473384373,-1.0609911290010687,1.7263345309691327
2014-12-23,treasury_7_10y,0.03712138958267874,0.03712138958267874,2,-0.0016354918479919434,-1.2185854370912763,1.7161971211068094,-2.7523122367090225
2014-12-24,alternative,0.001809927133413325,0.001809927133413325,2,0.0002588927745819092,2.295990106205317,-0.2640944657672104,0.36368451629795717
2014-12-24,corp_bond_ig,0.02808843860926502,0.02808843860926502,2,-0.004317387938499451,-2.384884533375965,-0.26666853430719745,-1.1654252492568977
2014-12-24,developed_equity,-0.01289971738680007,-0.01289971738680007,2,0.009006388485431671,4.334127454999862,2.491054507891712,0.6525192702109311
2014-12-24,emerging_equity,0.04270002922227789,0.04270002922227789,2,-0.0015175342559814453,0.8895263582586299,-0.5733164571407551,3.1745152825816048
2014-12-24,korea_equity,0.033627025919087616,0.033627025919087616,2,1.8671154975891113e-05,1.5270326604901112,0.007024024958049954,3.096734676545183
2014-12-24,short_treasury,0.0047393544863414405,0.0047393544863414405,2,-6.256997585296631e-05,3.038656410938505,-0.8556395164604609,2.3390022710254397
2014-12-24,treasury_7_10y,0.03553442150849895,0.03553442150849895,2,-0.0016098767518997192,-0.8104748019519554,1.1318338977875717,-2.630255197669357
2014-12-26,alternative,0.0,0.0,2,0.001654312014579773,2.2173690439181986,0.4782461472504196,0.9412245353281605
2014-12-26,corp_bond_ig,0.028067196116728033,0.028067196116728033,2,-0.007089294493198395,-2.2588246525480558,-0.8605938709758312,-1.5939472281214577
2014-12-26,developed_equity,-0.01699558496887954,-0.01699558496887954,2,0.004768036305904388,3.6421097735387997,2.274107256126286,0.6440951022544729
2014-12-26,emerging_equity,0.028919412919805376,0.028919412919805376,2,-0.0009796246886253357,0.44801132676788985,-0.80144197800811,1.866173811014328
2014-12-26,korea_equity,0.024516802177845243,0.024516802177845243,2,-0.0014179199934005737,0.7973670395614038,-0.7850295391819173,0.6866196236152238
2014-12-26,short_treasury,0.005689175203428709,0.005689175203428709,2,-0.0028188228607177734,2.8322647724288146,-0.8775084646152724,1.6967065187930825
2014-12-26,treasury_7_10y,0.03558212374720182,0.03558212374720182,2,-0.0019037872552871704,-1.1628657416823076,0.9318298095678637,-2.433984421264497
2014-12-29,alternative,-0.006357828864155035,-0.006357828864155035,2,7.735192775726318e-05,1.7893542258190183,0.06615196060159989,1.0921043940898927
2014-12-29,corp_bond_ig,0.03304533004345167,0.03304533004345167,2,-0.007237792015075684,-1.5087127315945876,-1.5052593879393052,-3.6557637754271286
2014-12-29,developed_equity,-0.027903763289304107,-0.027903763289304107,2,0.0011017769575119019,2.2994526609213386,1.8435965091734083,1.5102180260723221
2014-12-29,emerging_equity,0.023991797329945497,0.023991797329945497,2,-0.0016732290387153625,0.10335972265888871,-1.5545890629712897,1.2624951565250793
2014-12-29,korea_equity,0.024788954796212792,0.024788954796212792,2,-0.002657383680343628,0.4927067344600564,-1.1463185767879964,0.3666045866352253
2014-12-29,short_treasury,0.0054470897630596316,0.0054470897630596316,2,-0.004484221339225769,2.3072890683293634,-1.0434596047148725,1.5744972267067432
2014-12-29,treasury_7_10y,0.04000003174405298,0.04000003174405298,2,0.0021173059940338135,-1.2003325020710542,1.4006434544798803,-1.3128960182970064
2014-12-30,alternative,0.001816572029142538,0.001816572029142538,2,-0.00046506524085998535,0.8990560779138538,0.0972529191692067,0.9475300016320554
2014-12-30,corp_bond_ig,0.029749395524097055,0.029749395524097055,2,-0.00734439492225647,-1.0628672224916773,-1.3149787749642414,-4.296693306250331
2014-12-30,developed_equity,-0.024474511207624894,-0.024474511207624894,2,0.0009457916021347046,1.8597079208682485,3.021691697546652,1.5727559841280723
2014-12-30,emerging_equity,0.02190526355371425,0.02190526355371425,2,-0.0027433782815933228,-0.24913208679303803,-1.118847208802998,0.7441922567573648
2014-12-30,korea_equity,0.030967023663004634,0.030967023663004634,2,-0.005239591002464294,-0.07631623964239634,-1.6523993441288993,0.6835754204181883
2014-12-30,short_treasury,0.004734776048651135,0.004734776048651135,2,-0.0006757825613021851,3.1145667483457338,-2.0779031591257415,0.09746219310914321
2014-12-30,treasury_7_10y,0.03513737125532179,0.03513737125532179,2,0.0035916417837142944,-1.272896863290444,2.1200893410510027,-0.8666011823043615
2014-12-31,alternative,-0.00546453631001087,-0.00546453631001087,2,-0.006232306361198425,-0.37078470548132303,-1.634636437736053,1.1579727030963882
2014-12-31,corp_bond_ig,0.03751775889912845,0.03751775889912845,2,-0.009947218000888824,-1.1304393307703582,-1.3162354598881965,-4.809894121669776
2014-12-31,developed_equity,-0.02497907931972121,-0.02497907931972121,2,0.0023101121187210083,1.8376475049096714,2.2310669631775464,-0.6117353156170886
2014-12-31,emerging_equity,-0.006871989093208852,-0.006871989093208852,2,-0.005440697073936462,-0.7157214797448072,-1.4130887074112495,0.298442160336025
2014-12-31,korea_equity,0.006511134100026128,0.006511134100026128,2,-0.005835764110088348,-0.6051761477973814,-1.568945857761965,1.577513199135752
2014-12-31,short_treasury,0.00627597901532484,0.00627597901532484,2,-0.002588227391242981,2.696174627029267,-2.2045494191184876,-0.3725432177569996
2014-12-31,treasury_7_10y,0.04302297650622955,0.04302297650622955,2,0.0030664056539535522,-1.2830810352660407,2.0864547883209417,-1.2576112868775993
2015-01-02,alternative,0.010045648165489363,0.010045648165489363,2,-0.007707282900810242,-0.21734377605775942,-2.453643354815859,1.600838465413421
2015-01-02,corp_bond_ig,0.032045366596126446,0.032045366596126446,2,-0.011714093387126923,-3.140778382276668,-0.13946198814102856,-1.8564617698688861
2015-01-02,developed_equity,-0.0076762461974150265,-0.0076762461974150265,2,0.00031341612339019775,1.9624032554052384,1.6716350065374146,-1.4439134687608806
2015-01-02,emerging_equity,0.024503501463055022,0.024503501463055022,2,-0.006479121744632721,-0.607618055854648,-1.577793197770821,-0.0325620881362816
2015-01-02,korea_equity,0.03418027376850685,0.03418027376850685,2,-0.007440477609634399,-0.49386018719849134,-2.520196222626129,1.8024021278653957
2015-01-02,short_treasury,0.004494881113115579,0.004494881113115579,2,-0.004116415977478027,2.3742242522628856,-2.448963424868577,-0.5063735965971248
2015-01-02,treasury_7_10y,0.034732043743867846,0.034732043743867846,2,-0.00011183321475982666,-1.005413578100726,1.1128134936813616,-1.9225884980487724
2015-01-05,alternative,0.040590419409066714,0.040590419409066714,2,-0.008990757167339325,-0.2070338009974367,-2.6003163883842544,1.9126854066689085
2015-01-05,corp_bond_ig,0.01953123736769924,0.01953123736769924,2,-0.00877031683921814,-4.908848063985358,1.4505168177431458,0.7053513056858702
2015-01-05,developed_equity,0.024581980715961516,0.024581980715961516,2,-0.0008692815899848938,2.3289224961775776,0.22965113786505625,-1.2263917737721632
2015-01-05,emerging_equity,0.06276258599597462,0.06276258599597462,2,-0.005521327257156372,-0.3614723789915199,-1.7638892718213708,0.4818454922102413
2015-01-05,korea_equity,0.054969485245318195,0.054969485245318195,2,-0.005301319062709808,1.3636927632267775,-2.4029696134530716,0.4849690915154322
2015-01-05,short_treasury,0.003666874322647562,0.003666874322647562,2,-0.005246520042419434,1.5733935936506909,-2.135625327098367,-0.10800140461808647
2015-01-05,treasury_7_10y,0.019779835235544718,0.019779835235544718,2,-0.0018994137644767761,-1.3885417474894872,1.6752966124532083,-1.5577365111107242
2015-01-06,alternative,0.046860357478973436,0.046860357478973436,2,-0.0008743256330490112,3.826829966530089,0.35393279945502915,0.17506279058765825
2015-01-06,corp_bond_ig,0.01680323499975489,0.01680323499975489,2,-0.00568622350692749,-4.852707967191433,2.0410034410938818,1.93811902035076
2015-01-06,developed_equity,0.031575902031679925,0.031575902031679925,2,-0.001515895128250122,2.3828515617489745,-0.11994978510481002,-2.3009548358710337
2015-01-06,emerging_equity,0.061972637191288094,0.061972637191288094,2,-0.007124073803424835,-0.6697446131016627,-1.6284148147305781,0.8767639459794591
2015-01-06,korea_equity,0.06390485806605417,0.06390485806605417,2,-0.0053898245096206665,1.9082713239496434,-2.342920596352444,-0.08208192374621022
2015-01-06,short_treasury,0.003310460785472147,0.003310460785472147,2,-0.005348227918148041,0.701113642555143,-1.9619907227605622,-0.17119152427503914
2015-01-06,treasury_7_10y,0.0146432049000087,0.0146432049000087,2,5.128234624862671e-05,-2.6273308059379703,2.6532566993438884,1.2810902888198588
2015-01-07,alternative,0.05302322742550869,0.05302322742550869,2,-0.0002934485673904419,4.4116576202334805,0.12860142536820535,-0.7371100820014935
2015-01-07,corp_bond_ig,0.012234402848677384,0.012234402848677384,2,-0.005269043147563934,-4.5634567103512484,2.084278648850672,1.8820283975826564
2015-01-07,developed_equity,0.032549531717726454,0.032549531717726454,2,0.0015505477786064148,3.10735227512546,-0.6936321521242029,-2.997312678080594
2015-01-07,emerging_equity,0.04568912148628623,0.04568912148628623,2,-0.006717860698699951,-0.8900022739749259,-1.666865963773737,1.4569232103584748
2015-01-07,korea_equity,0.04623005935350033,0.04623005935350033,2,-0.007835686206817627,1.8094060481374588,-3.5107088762157312,0.9335837102335145
2015-01-07,short_treasury,0.0024816719174727275,0.0024816719174727275,2,-0.005283735692501068,-0.3409226705656234,-2.0983040390893946,0.8011429659491517
2015-01-07,treasury_7_10y,0.011123513238675997,0.011123513238675997,2,-0.0025314167141914368,-2.5602024694149494,2.34024236423728,0.2890988907623592
2015-01-08,alternative,0.032198712955498365,0.032198712955498365,2,0.0011805444955825806,4.46728251189111,0.19204760955425088,-1.0086302514002763
2015-01-08,corp_bond_ig,0.004892986639005947,0.004892986639005947,2,-0.006182968616485596,-4.691034074120947,1.72690291765389,1.2280897829038466
2015-01-08,developed_equity,0.007434405561656199,0.007434405561656199,2,0.0031821057200431824,3.0142900920066933,-0.4519108454910634,-3.1460706156296423
2015-01-08,emerging_equity,0.010659851590854474,0.010659851590854474,2,-0.008610397577285767,-1.6681039517503227,-1.6508484969375343,1.9658824840150984
2015-01-08,korea_equity,0.010437319313296722,0.010437319313296722,2,-0.0050681233406066895,2.053533546987388,-3.0753384232113348,0.07269255136097526
2015-01-08,short_treasury,0.00023633900156205812,0.00023633900156205812,2,-0.005304567515850067,-1.0888158101407779,-2.509510425156931,1.6051960135443761
2015-01-08,treasury_7_10y,0.003909141468740884,0.003909141468740884,2,-0.003208443522453308,-2.033092629479707,1.7309640810993654,-0.36336968948363746
2015-01-09,alternative,0.032198712955498365,0.032198712955498365,2,-0.0005909651517868042,4.511320174783375,0.2282815870814925,-0.6742114803648656
2015-01-09,corp_bond_ig,0.002894941850320576,0.002894941850320576,2,-0.005639955401420593,-4.206331400426819,2.2831907497891035,0.06505522188274072
2015-01-09,developed_equity,0.0097720214621424,0.0097720214621424,2,0.005244895815849304,3.1220612140848765,-0.03831047702908804,-2.9832565487505587
2015-01-09,emerging_equity,0.012477663816086393,0.012477663816086393,2,-0.006005451083183289,-1.6628616690626365,-1.1481096005880944,2.2918649958410158
2015-01-09,korea_equity,0.0007132150414432825,0.0007132150414432825,2,-0.007156461477279663,1.5559404544826072,-2.824365541084549,0.17520800983635185
2015-01-09,short_treasury,-0.0007085210011517074,-0.0007085210011517074,2,-0.006819978356361389,-1.623932622596959,-1.8804365933268807,1.0045346536951827
2015-01-09,treasury_7_10y,-0.001481927019545859,-0.001481927019545859,2,-0.00522458553314209,-2.26851101464728,1.7191855857982088,-1.1453398705288862
2015-01-12,alternative,0.03977801214111243,0.03977801214111243,2,0.00019638240337371826,4.234864794796602,-0.09391458202902,-0.9370752438267845
2015-01-12,corp_bond_ig,-0.0017336670456062908,-0.0017336670456062908,2,-0.004071459174156189,-3.555215838668542,2.287223897913854,0.47818281328721335
2015-01-12,developed_equity,0.02142443863387511,0.02142443863387511,2,0.005385540425777435,2.8117005846296452,0.3087473017540183,-3.074509149416838
2015-01-12,emerging_equity,0.018228474212206303,0.018228474212206303,2,-0.006168194115161896,-1.73642359723696,-0.735117391776711,2.383522769920002
2015-01-12,korea_equity,-0.006774845196674595,-0.006774845196674595,2,-0.006508320569992065,1.374187517255647,-1.997046041598877,0.8194840180117917
2015-01-12,short_treasury,-0.0015343429441969647,-0.0015343429441969647,2,-0.008464507758617401,-1.7378936576998585,-1.0428240667630444,-0.13649329309687838
2015-01-12,treasury_7_10y,-0.00747575053069538,-0.00747575053069538,2,-0.004550859332084656,-1.9620394664382863,2.6828739483995134,-1.41208274185753
2015-01-13,alternative,0.036044377411068584,0.036044377411068584,2,0.0006172582507133484,4.106441724719684,-0.04407540362262458,-0.7312573873594979
2015-01-13,corp_bond_ig,-0.0019795271197479147,-0.0019795271197479147,2,-0.0028151050209999084,-3.2624724170127597,2.1868445984705986,-0.23248481679936492
2015-01-13,developed_equity,0.02872241226660055,0.02872241226660055,2,0.005080901086330414,2.690674102797616,0.4849402883947821,-1.8899735958010497
2015-01-13,emerging_equity,0.00203609097717794,0.00203609097717794,2,-0.006005004048347473,-0.8251081115096435,-1.1318070184697917,1.0868738183047582
2015-01-13,korea_equity,-0.02721811356821291,-0.02721811356821291,2,-0.007515668869018555,0.5356231869576955,-0.49857381110495474,0.8703611131435569
2015-01-13,short_treasury,-0.0020051683344306515,-0.0020051683344306515,2,-0.008167460560798645,-1.5248315332846536,-0.034659011852911335,-0.5670256194066328
2015-01-13,treasury_7_10y,-0.008759769248270155,-0.008759769248270155,2,-0.000911317765712738,-2.0413244528367263,3.1248706295889033,-1.4453687921621654
2015-01-14,alternative,0.053703731960720535,0.053703731960720535,2,0.001803368330001831,4.055177946051051,0.6371166035110114,-1.1578752383772712
2015-01-14,corp_bond_ig,-0.0011527327555891365,-0.0011527327555891365,2,-0.0014008358120918274,-3.4138221246951277,2.9722496029143284,0.930452904313383
2015-01-14,developed_equity,0.0393194152703078,0.0393194152703078,2,0.006529971957206726,2.8060290332381705,1.1227371373715525,-1.7686993929915011
2015-01-14,emerging_equity,0.029178382353544308,0.029178382353544308,2,-0.005166366696357727,0.1816168173941523,-0.957711307724197,0.3911807532480794
2015-01-14,korea_equity,-0.011383838060337048,-0.011383838060337048,2,-0.007826603949069977,0.2790270609992316,-0.7611829822822449,0.3818027583768962
2015-01-14,short_treasury,-0.002239802396617363,-0.002239802396617363,2,-0.007540717720985413,-2.5874496938946474,0.3811300092865881,-0.19369595312147947
2015-01-14,treasury_7_10y,-0.01294168033235188,-0.01294168033235188,2,-0.00012940913438796997,-2.1205152494342103,3.340035079103313,-0.05092093758355924
2015-01-15,alternative,0.07310218626849108,0.07310218626849108,2,0.003783702850341797,4.613104845254309,1.4783535021608505,0.02198857727026661
2015-01-15,corp_bond_ig,-0.010239187264510896,-0.010239187264510896,2,-0.0015108510851860046,-4.296477136930548,3.085142334531919,1.1479529093804302
2015-01-15,developed_equity,0.050964597785586374,0.050964597785586374,2,0.005264908075332642,3.41963606001017,1.3991581840386462,-1.1174595663686717
2015-01-15,emerging_equity,0.03855971214037157,0.03855971214037157,2,-0.00537794828414917,1.189574438114392,-0.9002249968899452,-0.14999368100691332
2015-01-15,korea_equity,-0.004972519750762183,-0.004972519750762183,2,-0.008570007979869843,-0.6842608124093089,-1.6832528404694382,0.5142465092651727
2015-01-15,short_treasury,-0.0037664747913432883,-0.0037664747913432883,2,-0.003747127950191498,-3.717286105036818,1.105042003966638,0.7827035908805771
2015-01-15,treasury_7_10y,-0.02457223348864057,-0.02457223348864057,2,-0.0002612099051475525,-2.6658068166703224,2.514306424878037,1.2499298051898777
2015-01-16,alternative,0.07276122456909939,0.07276122456909939,2,0.003648199141025543,4.464028895282931,1.202026723707279,1.3226836540278697
2015-01-16,corp_bond_ig,-0.009308112591511097,-0.009308112591511097,2,-0.0002635866403579712,-3.43933617186436,3.406276219740768,1.2783285852218285
2015-01-16,developed_equity,0.046313427539393937,0.046313427539393937,2,0.0032625198364257812,3.0523729005870006,0.8283796210558212,-0.2539042501726902
2015-01-16,emerging_equity,0.02760192722863941,0.02760192722863941,2,-0.0088471919298172,0.02569657772973615,-2.2558716587118024,-0.04394205600466301
2015-01-16,korea_equity,-0.005335216779349339,-0.005335216779349339,2,-0.00898095965385437,-1.1145398267269762,-1.701896282680759,0.973111440159419
2015-01-16,short_treasury,-0.00329876046603661,-0.00329876046603661,2,-0.0020890384912490845,-3.6641670487716262,1.66046935875456,1.5076398202573305
2015-01-16,treasury_7_10y,-0.02429633751988214,-0.02429633751988214,2,0.00029709935188293457,-2.6833988599672343,2.852062722368738,1.7491270814893145
2015-01-20,alternative,0.07156138184786909,0.07156138184786909,2,0.0017426609992980957,2.6234443928835214,0.8460388900799102,1.4431648628964724
2015-01-20,corp_bond_ig,-0.008053939468077864,-0.008053939468077864,2,-0.002534642815589905,-3.268182434594574,3.2452160908164727,0.9019126459176217
2015-01-20,developed_equity,0.04537101179466663,0.04537101179466663,2,0.003101438283920288,2.2091525471874593,1.3411950787046425,0.17270714445885887
2015-01-20,emerging_equity,0.028911980239036295,0.028911980239036295,2,-0.005002252757549286,0.2655036628802353,-1.549894350619514,-0.5050256659306764
2015-01-20,korea_equity,-0.003914612414884555,-0.003914612414884555,2,-0.008338019251823425,-1.0235902135642718,-1.1203485903668364,0.19407023314623842
2015-01-20,short_treasury,-0.0016501578935820271,-0.0016501578935820271,2,-0.0035414397716522217,-3.701957963424012,1.7977872638507082,0.9494208637811619
2015-01-20,treasury_7_10y,-0.021862416724481526,-0.021862416724481526,2,-0.0019935891032218933,-4.247647909802971,1.4276101257927019,2.1287270471056265
2015-01-21,alternative,0.07228911317941455,0.07228911317941455,2,0.0011056363582611084,1.7557974095907587,1.134787847293684,2.0938769239734305
2015-01-21,corp_bond_ig,-0.007810548135283146,-0.007810548135283146,2,-0.003412492573261261,-3.220535257118171,3.0727911882595005,-0.028327791311567554
2015-01-21,developed_equity,0.044321681275627745,0.044321681275627745,2,-0.00043480098247528076,0.9744972631220866,0.6520817092691886,1.37599665216278
2015-01-21,emerging_equity,0.002481446419641431,0.002481446419641431,2,-0.009689576923847198,-0.5803893113770472,-2.1485002221941594,0.1836860686469756
2015-01-21,korea_equity,-0.017803601792403367,-0.017803601792403367,2,-0.007208339869976044,-0.9547628569786375,-0.5757100093050311,-0.2426438821511063
2015-01-21,short_treasury,-0.002239448611655148,-0.002239448611655148,2,-0.0017344653606414795,-3.486779277915775,2.0469874970635358,0.8075005300949603
2015-01-21,treasury_7_10y,-0.019669111485506097,-0.019669111485506097,2,-0.0021334215998649597,-4.007385358334716,1.1324559573675654,1.7840551838730097
2015-01-22,alternative,0.05834094534112455,0.05834094534112455,2,0.0016407221555709839,1.7451814796518808,1.1901048658993318,1.5920825165109436
2015-01-22,corp_bond_ig,-0.005840249126058739,-0.005840249126058739,2,-0.0022768527269363403,-2.6163777424231,3.4260438350812294,-0.710081283526129
2015-01-22,developed_equity,0.03790208509751958,0.03790208509751958,2,-0.0008530318737030029,0.27257760153944294,0.8653435753229033,1.5889015298692453
2015-01-22,emerging_equity,-0.009739506424425781,-0.009739506424425781,2,-0.007785245776176453,-1.20245314902936,-0.17505292080680035,1.0796614508101232
2015-01-22,korea_equity,-0.021087537062495665,-0.021087537062495665,2,-0.010419309139251709,-0.8513871227171942,-1.3399449608953906,-0.9777894732221926
2015-01-22,short_treasury,-0.002004459071324294,-0.002004459071324294,2,-0.0020359009504318237,-3.451167170210713,2.2677090753741083,0.7117796862899022
2015-01-22,treasury_7_10y,-0.0177831044585246,-0.0177831044585246,2,-0.0012083128094673157,-3.4818475289083333,1.2403648276204167,1.608484881309751
2015-01-23,alternative,0.05763948075445158,0.05763948075445158,2,-0.0008617863059043884,1.328552244950442,1.2860352117986482,1.1738880634543059
2015-01-23,corp_bond_ig,-0.00825974931561313,-0.00825974931561313,2,-0.002235308289527893,-1.9816031351261079,3.3844701900009517,-0.9108489513469078
2015-01-23,developed_equity,0.0470157136098881,0.0470157136098881,2,-0.003163643181324005,0.05558956023506325,0.05527811588474147,1.0085218743763453
2015-01-23,emerging_equity,-0.012266928866281446,-0.012266928866281446,2,-0.007906481623649597,-0.9494697612411315,-0.34362127853851765,1.4327049261900655
2015-01-23,korea_equity,-0.02405020987150297,-0.02405020987150297,2,-0.010215967893600464,-0.8346249073777302,-1.3304465242018495,-1.2220851005848081
2015-01-23,short_treasury,-0.002003514107276727,-0.002003514107276727,2,-0.0028800740838050842,-3.183069749017138,2.0235670642019623,0.7637617211251391
2015-01-23,treasury_7_10y,-0.019681449724670452,-0.019681449724670452,2,-0.0027221888303756714,-3.0750066516566243,0.8064950844009887,1.2788650280355272
2015-01-26,alternative,0.0542005434996109,0.0542005434996109,2,-0.0025178417563438416,0.5042354895757791,1.2468994830338787,1.0323124444447132
2015-01-26,corp_bond_ig,-0.0015542121996420244,-0.0015542121996420244,2,-0.005583137273788452,-2.6756324229271433,1.752283457970855,-1.263540665265778
2015-01-26,developed_equity,0.04073405105998518,0.04073405105998518,2,-0.005187883973121643,-0.13520253128043183,0.16135925803895176,0.34078699403050194
2015-01-26,emerging_equity,0.0014713431850681413,0.0014713431850681413,2,-0.00952272117137909,-2.5581824974650424,-0.47595474495834045,0.8037645600841362
2015-01-26,korea_equity,-0.018789109689603234,-0.018789109689603234,2,-0.009719602763652802,-1.6019871124877458,-1.6347806224588943,-1.4298981944109457
2015-01-26,short_treasury,-0.0005896586079989774,-0.0005896586079989774,2,-0.0025420337915420532,-2.7006207315730855,1.6100446629667977,0.6913305585187424
2015-01-26,treasury_7_10y,-0.010918385497164063,-0.010918385497164063,2,-0.003970161080360413,-3.693372228864413,-0.06246166199940608,0.880090601870529
2015-01-27,alternative,0.053201095082962,0.053201095082962,2,-0.007211998105049133,-0.15867668228295825,1.2843042469255674,-0.44319064684010484
2015-01-27,corp_bond_ig,-0.0013895551253392258,-0.0013895551253392258,2,-0.004100814461708069,-2.309408159154567,1.2266508219359713,-1.1200735579827152
2015-01-27,developed_equity,0.04280534917138312,0.04280534917138312,2,-0.004763804376125336,-0.578740789398886,0.4592597565608907,-0.38253394371215604
2015-01-27,emerging_equity,0.004930891061899478,0.004930891061899478,2,-0.007212713360786438,-3.168820719853012,-0.41431880024401296,0.8573901913197035
2015-01-27,korea_equity,-0.009257620599072092,-0.009257620599072092,2,-0.007408455014228821,-1.7296747000109536,-0.9186660121346799,-1.462762272789028
2015-01-27,short_treasury,-0.0011785324209709902,-0.0011785324209709902,2,-0.0028832778334617615,-3.450597621262534,1.1456980116101436,-0.45096911128721656
2015-01-27,treasury_7_10y,-0.011361534457614675,-0.011361534457614675,2,-0.00435696542263031,-3.4606380517473014,-0.5017950163506335,-0.9629232501497169
2015-01-28,alternative,0.0648994367010276,0.0648994367010276,2,-0.004695720970630646,-0.7736480459191465,1.9495350777692388,-0.8764826345795058
2015-01-28,corp_bond_ig,-0.013477275776507813,-0.013477275776507813,2,-0.0055891722440719604,-2.529387019605987,0.9269749824109503,-0.33818548147276983
2015-01-28,developed_equity,0.05401583185643277,0.05401583185643277,2,-0.004246607422828674,-0.6382763416400689,0.7728041273881272,-0.26366919781314596
2015-01-28,emerging_equity,0.016201434276767346,0.016201434276767346,2,-0.005681917071342468,-2.7694224711280935,0.22120757090610177,0.651786643087256
2015-01-28,korea_equity,-0.004382121005141015,-0.004382121005141015,2,-0.0055670589208602905,-1.5655501139915828,-1.1276378906662095,-1.2879035073101623
2015-01-28,short_treasury,-0.00282658677202674,-0.00282658677202674,2,-0.0028657913208007812,-3.5333574470081017,0.9028001847596309,-1.0611609596588578
2015-01-28,treasury_7_10y,-0.024731779757048322,-0.024731779757048322,2,-0.008148819208145142,-2.5830117740953424,-0.39050033084117974,-1.4336483893424345
2015-01-29,alternative,0.05349042369215362,0.05349042369215362,2,-0.003745749592781067,-0.2300878220925067,1.9460200720795018,-0.7155918591998732
2015-01-29,corp_bond_ig,-0.008789015509439335,-0.008789015509439335,2,-0.005619645118713379,-2.376684017475353,0.38125518341963716,-0.1485038199432957
2015-01-29,developed_equity,0.056555601575840386,0.056555601575840386,2,-0.004581734538078308,-0.22749978935160428,0.11427309633611663,-0.2858927446265258
2015-01-29,emerging_equity,0.015453707953349216,0.015453707953349216,2,-0.0049348026514053345,-2.610529157027599,-0.16383405095536038,0.7160088835019031
2015-01-29,korea_equity,-0.005269615939792471,-0.005269615939792471,2,-0.004843324422836304,-1.7848778879734517,-1.061235373834739,-0.8342572543561658
2015-01-29,short_treasury,-0.0021206445688065623,-0.0021206445688065623,2,-0.0010370314121246338,-2.798095574282744,0.4567176968669956,-0.6632233322818297
2015-01-29,treasury_7_10y,-0.017793567053601356,-0.017793567053601356,2,-0.004753738641738892,-1.864325999441599,-0.5479837320230456,-2.13770490892696
2015-01-30,alternative,0.06776558363262875,0.06776558363262875,2,-0.001671820878982544,0.08421430196814841,2.395503032630445,-1.5878972521470927
2015-01-30,corp_bond_ig,-0.02800872740171345,-0.02800872740171345,2,-0.005232170224189758,-2.8655785201579986,1.3845481117589105,1.276535727016178
2015-01-30,developed_equity,0.06927144908588678,0.06927144908588678,2,-0.002042151987552643,-0.10953180308647104,0.2956007965325351,-2.557342003798593
2015-01-30,emerging_equity,0.042542281597585774,0.042542281597585774,2,-0.005793079733848572,-1.6883248871379182,-0.49574215440295333,-0.22875859890528388
2015-01-30,korea_equity,0.025336923787080634,0.025336923787080634,2,-0.005170181393623352,-1.3156677591915467,-1.757851069424618,-0.7724609188188585
2015-01-30,short_treasury,-0.004471697667701946,-0.004471697667701946,2,-0.001397937536239624,-2.546234368414167,0.4525346027483121,-0.7158764503573632
2015-01-30,treasury_7_10y,-0.0350972842668843,-0.0350972842668843,2,-0.006346873939037323,-2.6632589763749155,-0.12002072540600975,-0.5821755191174656
2015-02-02,alternative,0.05063289829458184,0.05063289829458184,2,-0.002769365906715393,0.34846512335975083,1.9313680681629612,-2.4492498669203684
2015-02-02,corp_bond_ig,-0.026845635513706334,-0.026845635513706334,2,-0.0072560980916023254,-2.9371643800347473,1.0853375198988187,1.247032971288958
2015-02-02,developed_equity,0.04500709769777922,0.04500709769777922,2,-0.0034120529890060425,0.8668801327937912,-0.7734953138570673,-3.8249943751279187
2015-02-02,emerging_equity,0.016364493736290342,0.016364493736290342,2,-0.004223033785820007,-0.7266808337245874,-1.0414948268344382,-1.008905713736938
2015-02-02,korea_equity,0.011664896183334106,0.011664896183334106,2,-0.005103409290313721,-0.4842465338895021,-2.1404717223643392,-1.376064652467122
2015-02-02,short_treasury,-0.004003725214574483,-0.004003725214574483,2,-0.00266873836517334,-1.9364260720270905,0.904345663018779,-0.7724692714190486
2015-02-02,treasury_7_10y,-0.03438266170831028,-0.03438266170831028,2,-0.004696212708950043,-0.6818722483978036,2.1555252220421326,-1.3798789590847038
2015-02-03,alternative,0.02304963123917725,0.02304963123917725,2,0.0020405426621437073,-0.6917714684384054,3.083030355246946,-1.1919983925513156
2015-02-03,corp_bond_ig,-0.019564698473163444,-0.019564698473163444,2,-0.005637809634208679,-2.3203798153802206,1.6450632130494194,0.7933154142166905
2015-02-03,developed_equity,0.0333379733331971,0.0333379733331971,2,-0.0015243813395500183,1.2919632709159103,-0.002616106405501523,-3.99559268221168
2015-02-03,emerging_equity,-0.013343239417820896,-0.013343239417820896,2,-0.005380652844905853,-0.36316425392307766,-0.9857509638386821,-2.004626566177962
2015-02-03,korea_equity,0.0007017704478480269,0.0007017704478480269,2,-0.004850789904594421,0.33359532052214524,-1.738375286845807,-1.7045722149517966
2015-02-03,short_treasury,-0.002946376010557583,-0.002946376010557583,2,0.000498458743095398,-1.379916618508484,1.0286950408403615,-0.5999011605314019
2015-02-03,treasury_7_10y,-0.02543464163834419,-0.02543464163834419,2,-0.004693947732448578,0.0655312789074218,2.0805933069259943,-1.9220325707311883
2015-02-04,alternative,0.03849599972460416,0.03849599972460416,2,-0.004494592547416687,-0.6870814221618209,1.7997538346323767,-1.8174183764834346
2015-02-04,corp_bond_ig,-0.019618984895487745,-0.019618984895487745,2,-0.006112538278102875,-1.6846849815683183,1.6081304421015907,0.5546472549352504
2015-02-04,developed_equity,0.038893521420794164,0.038893521420794164,2,-0.007519327104091644,0.9276971348222036,-0.055478294645547314,-4.69298367029314
2015-02-04,emerging_equity,-0.009932990348446635,-0.009932990348446635,2,-0.006300598382949829,-2.884692841092803,-0.9362979902655492,-2.3399173817781733
2015-02-04,korea_equity,-0.003317594293527293,-0.003317594293527293,2,-0.003186628222465515,0.2443119406800793,-1.9320168894528578,-2.11038122589435
2015-02-04,short_treasury,-0.002710385991978592,-0.002710385991978592,2,-0.0016782879829406738,-0.7528352570340195,0.34810127753470693,-1.7898871497224107
2015-02-04,treasury_7_10y,-0.02648886953742735,-0.02648886953742735,2,-0.004861742258071899,-0.1269065327521939,1.9351374832401742,-1.9771611143990173
2015-02-05,alternative,0.01590108745834007,0.01590108745834007,2,-0.0020029395818710327,-0.25772763198479226,3.353555954265773,-1.702645627424468
2015-02-05,corp_bond_ig,-0.026949738706470994,-0.026949738706470994,2,-0.006349705159664154,-1.1317375932941431,1.1364123582033738,-0.09366885412593241
2015-02-05,developed_equity,0.014025753046433831,0.014025753046433831,2,-0.007098957896232605,1.842030031961663,1.9348145915227273,-4.790869896111236
2015-02-05,emerging_equity,-0.03085657990105517,-0.03085657990105517,2,-0.0031507760286331177,-4.224405245564203,-1.237048631596919,-0.9634298435489808
2015-02-05,korea_equity,-0.00420827404710844,-0.00420827404710844,2,-0.00793968141078949,-2.317528851260649,-2.9080720699042297,-3.4927364867041377
2015-02-05,short_treasury,-0.003418612628405926,-0.003418612628405926,2,-0.0006108209490776062,-0.029370691124446992,0.3347642798645033,-1.9576466678106843
2015-02-05,treasury_7_10y,-0.03291166031373405,-0.03291166031373405,2,-0.004612237215042114,0.5588590582954763,1.629681161542294,-1.9876894700499927
2015-02-06,alternative,0.02228164053474302,0.02228164053474302,2,-0.0043586790561676025,-0.7553504074783778,3.380859027780358,-1.5368864961764572
2015-02-06,corp_bond_ig,-0.012709424270025749,-0.012709424270025749,2,-0.007337644696235657,-0.025586160776620938,-0.40842190412420576,-1.3523860032569326
2015-02-06,developed_equity,0.021999468640606867,0.021999468640606867,2,-0.0077203065156936646,-0.16956637412842882,1.6754007704484613,-2.952566652692279
2015-02-06,emerging_equity,-0.017830213207282952,-0.017830213207282952,2,-0.004627339541912079,-4.843398245154189,-1.021703793245932,-1.315323937220445
2015-02-06,korea_equity,0.0035618333536464597,0.0035618333536464597,2,-0.011230282485485077,-2.352502258686534,-3.593910517384153,-3.8917136776382084
2015-02-06,short_treasury,-0.0005907529715920568,-0.0005907529715920568,2,-0.0029877126216888428,0.7093080255182174,-1.0518577745179714,-1.6708696031815962
2015-02-06,treasury_7_10y,-0.017429976291299387,-0.017429976291299387,2,-0.005118221044540405,1.2271744366757835,0.020162556283476806,-2.4174860406459984
2015-02-09,alternative,0.00713015217038615,0.00713015217038615,2,-0.00018743425607681274,0.16827321600081258,4.153947413457059,-1.6183161344865697
2015-02-09,corp_bond_ig,-0.011793816949903335,-0.011793816949903335,2,-0.0031117498874664307,0.9530038049150533,-0.6934279241946789,-1.994798306014855
2015-02-09,developed_equity,0.008695583319084044,0.008695583319084044,2,-0.004730977118015289,0.6377950307574026,2.2724821099683927,-2.6569147080022693
2015-02-09,emerging_equity,-0.038229293441473966,-0.038229293441473966,2,-0.004494816064834595,-4.214086394154909,-1.1820358023212354,-1.643983860448463
2015-02-09,korea_equity,-0.020491762884340736,-0.020491762884340736,2,-0.0067167729139328,-1.637682960849128,-2.442560084945789,-3.9880518025485583
2015-02-09,short_treasury,-0.00023640122679791098,-0.00023640122679791098,2,-0.0016110092401504517,1.1048212686393302,-1.0915811500342365,-1.160387435434346
2015-02-09,treasury_7_10y,-0.012800271632210758,-0.012800271632210758,2,-0.0030592679977416992,1.9107096839710154,-0.23394595248247793,-2.25379947206976
2015-02-10,alternative,0.004448398516123442,0.004448398516123442,2,-0.0025405287742614746,-0.1555639715743646,3.258522950811419,-1.123450184014826
2015-02-10,corp_bond_ig,-0.004052248355850385,-0.004052248355850385,2,-0.003790341317653656,1.0622264883015633,-1.2577670694738856,-2.100956849298164
2015-02-10,developed_equity,0.00013893785980378937,0.00013893785980378937,2,-0.005057662725448608,0.5459701919093406,1.8862670467949865,-3.4729742993616743
2015-02-10,emerging_equity,-0.028492210601684165,-0.028492210601684165,2,-0.002844780683517456,-3.224585558873719,-0.7760782314468239,-0.8890713483106566
2015-02-10,korea_equity,-0.010590561161081258,-0.010590561161081258,2,-0.00388924777507782,-1.3148259564544762,-2.2295479957403885,-2.810620400810181
2015-02-10,short_treasury,0.0,0.0,2,-0.0016926676034927368,1.3478283794677062,-1.2753108071967734,-0.8365490197567498
2015-02-10,treasury_7_10y,-0.008554939195769218,-0.008554939195769218,2,-0.0008539780974388123,2.2938584421810044,-0.06558622036330641,-2.3770737224306475
2015-02-11,alternative,0.014272957144512821,0.014272957144512821,2,-6.206333637237549e-06,0.31375750155968724,3.074086575264062,-0.7530134206125347
2015-02-11,corp_bond_ig,-0.005702499515753967,-0.005702499515753967,2,-0.002499788999557495,1.1616393381732708,-1.6126299138424058,-2.1446149276739286
2015-02-11,developed_equity,0.010973759396719407,0.010973759396719407,2,-0.003719419240951538,0.8756677045358244,1.3617783156714143,-2.406045812706143
2015-02-11,emerging_equity,-0.015239992136122926,-0.015239992136122926,2,-0.003471165895462036,-2.6522113699510177,-1.3200380923207917,-1.3619829804517225
2015-02-11,korea_equity,0.009992718530376754,0.009992718530376754,2,0.0010420233011245728,2.5919647755266686,-0.080407256794566,-3.566961231458695
2015-02-11,short_treasury,0.00011821458643557214,0.00011821458643557214,2,-0.0007850676774978638,1.683075724272716,-1.087028051700593,0.016446242792333518
2015-02-11,treasury_7_10y,-0.007255802598110428,-0.007255802598110428,2,0.0005720779299736023,2.9859640224161774,-0.2851934111380189,-1.7444244806098206
2015-02-12,alternative,-0.00615118241533219,-0.00615118241533219,2,-0.001420527696609497,0.33011151524483784,2.437430621039355,-0.9878847394460496
2015-02-12,corp_bond_ig,-0.011046050324445944,-0.011046050324445944,2,-0.00208234041929245,1.4495057845270545,-1.669116479627753,-0.99977703268237
2015-02-12,developed_equity,-0.004127156991081904,-0.004127156991081904,2,-0.007065437734127045,-0.017076869382620687,0.5438675164170417,-2.6549772827500413
2015-02-12,emerging_equity,-0.0475006190226368,-0.0475006190226368,2,-0.005294807255268097,-2.3994528167469364,-2.4717791849457713,-0.43292850541230404
2015-02-12,korea_equity,-0.014213761955760518,-0.014213761955760518,2,0.0002109929919242859,2.4292145708749437,-0.390434835503822,-2.188722618289492
2015-02-12,short_treasury,-0.0001181726878850542,-0.0001181726878850542,2,-0.0029743388295173645,1.0943514068660707,-1.9407496872519685,0.014419496517827826
2015-02-12,treasury_7_10y,-0.009112919365728556,-0.009112919365728556,2,-0.0018123388290405273,2.533021406359127,-0.7534324432881465,-1.9005670957869891
2015-02-13,alternative,-0.0034934631081127154,-0.0034934631081127154,2,0.0005031079053878784,1.317213804854943,2.3949469681874445,-0.5748164457545134
2015-02-13,corp_bond_ig,-0.006124352246544951,-0.006124352246544951,2,-0.001890517771244049,0.6048099829064403,-1.065942030741957,-0.35724850087388615
2015-02-13,developed_equity,0.003424657534246478,0.003424657534246478,2,-0.004338562488555908,-1.3698635410449402,1.1701573698046592,-0.3686706874846339
2015-02-13,emerging_equity,-0.046963362021258725,-0.046963362021258725,2,-0.006901264190673828,-2.985910088217428,-2.0223800270298966,-0.1023875742141891
2015-02-13,korea_equity,-0.007852911588346667,-0.007852911588346667,2,0.0002702474594116211,2.290836210831598,-0.33215459440797024,-1.0395695574511987
2015-02-13,short_treasury,0.0,0.0,2,-0.002887234091758728,0.5038265413620425,-1.8920651932864105,0.8240561360187335
2015-02-13,treasury_7_10y,-0.002332524718120621,-0.002332524718120621,2,-0.0010738521814346313,2.28881330389539,-0.011643093587911097,-1.2404633207332392
2015-02-17,alternative,-0.013913030209748656,-0.013913030209748656,2,-0.0005290061235427856,-0.8973868133379531,2.6780145155845383,-0.7502690665244052
2015-02-17,corp_bond_ig,0.00016632803707739008,0.00016632803707739008,2,-0.0012524202466011047,1.2655222986955021,-0.8098486133052162,0.17694132153205935
2015-02-17,developed_equity,-0.008146618624444546,-0.008146618624444546,2,-0.007522568106651306,-1.3605460081870626,0.8187422073822201,-0.8690752973734646
2015-02-17,emerging_equity,-0.03376053929927647,-0.03376053929927647,2,-0.007766708731651306,-2.393278997124927,-1.4455612939359332,-0.03956572064295584
2015-02-17,korea_equity,0.019309816028330706,0.019309816028330706,2,0.00068654865026474,2.4650057604919247,0.16350131200399065,0.051441608110638734
2015-02-17,short_treasury,0.00023645712555242504,0.00023645712555242504,2,-0.0016237422823905945,0.6462024089750914,-1.4971178170209611,0.8325801480458803
2015-02-17,treasury_7_10y,0.006859644516951313,0.006859644516951313,2,0.0028636008501052856,3.7535729813835563,0.5348806216922721,-0.7909260685670909
2015-02-18,alternative,0.0026018682950825767,0.0026018682950825767,3,0.003173244884237647,-0.45523946857305936,-2.1675066741791706,-0.815186802838921
2015-02-18,corp_bond_ig,0.00886495212823446,0.00886495212823446,3,0.006259629037231207,-0.12537965725236622,-0.9610298036418109,0.3940784422036432
2015-02-18,developed_equity,0.005002741362387431,0.005002741362387431,3,0.001500963233411312,-1.6956854163336803,-1.0191334387617175,0.07553921688688366
2015-02-18,emerging_equity,-0.009859539780325388,-0.009859539780325388,3,0.0029387325048446655,-1.6960686426418459,0.5093603098007268,0.5401730409444551
2015-02-18,korea_equity,0.03536976703157069,0.03536976703157069,3,0.006103108171373606,0.6244788747639746,-0.4203020875530266,-0.5657195021177621
2015-02-18,short_treasury,0.0014167975313548187,0.0014167975313548187,3,0.007417964283376932,0.553509037427012,-0.44990690905624187,1.3119153512384467
2015-02-18,treasury_7_10y,0.013560244497371254,0.013560244497371254,3,0.007252207957208157,1.7985400390935937,-1.4360832999309716,-0.4058609688971545
2015-02-19,alternative,-0.013828854937972257,-0.013828854937972257,3,0.0030529433861374855,-1.7070914358434612,1.0079907260220944,0.9606582885137899
2015-02-19,corp_bond_ig,0.0038946073874261966,0.0038946073874261966,3,0.005384082905948162,-0.3181386837557941,-0.786421919304229,1.0631692519783333
2015-02-19,developed_equity,-0.000813526218220284,-0.000813526218220284,3,0.0014539919793605804,-1.8447805072294943,-0.11268615461246122,-0.7040138779349839
2015-02-19,emerging_equity,-0.022524747847576077,-0.022524747847576077,3,0.0024054995737969875,-1.5833944018045656,0.5253509752740732,0.6231490621726149
2015-02-19,korea_equity,0.02674080816810731,0.02674080816810731,3,0.005755063146352768,0.6562652301510368,-0.7749701741156405,-0.19444215629133574
2015-02-19,short_treasury,0.0007087720911074236,0.0007087720911074236,3,0.0077279736287891865,0.789964103476855,-0.45393347571064235,1.913765795834248
2015-02-19,treasury_7_10y,0.011344450055579047,0.011344450055579047,3,0.00793149322271347,2.3703527343319526,-1.6824268545549552,-0.31090567375017286
2015-02-20,alternative,-0.018949155703327336,-0.018949155703327336,3,0.004046185407787561,-1.3013308347653316,1.146771992217789,1.3450876976861772
2015-02-20,corp_bond_ig,0.005212619975479171,0.005212619975479171,3,0.006037417333573103,0.22504343086076248,-0.9471026399852761,1.1283144567574828
2015-02-20,developed_equity,0.008085143262676953,0.008085143262676953,3,0.0019045914523303509,-1.9317270364558616,0.3085653700935108,-0.10446973122484465
2015-02-20,emerging_equity,-0.014506918230970833,-0.014506918230970833,3,0.002417962998151779,-1.4176714319220407,0.8818474165556639,0.1846991361756801
2015-02-20,korea_equity,0.02848499805903426,0.02848499805903426,3,0.0051637738943099976,0.562263443777523,-1.268643368143344,-0.2910392212530483
2015-02-20,short_treasury,0.001535884385106323,0.001535884385106323,3,0.0075493864715099335,0.3620648290135456,-0.5158035165306271,2.334251723570272
2015-02-20,treasury_7_10y,0.01604126743855261,0.01604126743855261,3,0.008011636324226856,2.509787088326951,-1.3804520094079453,0.5666979987623313
2015-02-23,alternative,-0.006920375717326399,-0.006920375717326399,3,0.004367684945464134,-1.4525181959125952,1.0562492801560939,0.6545263016667143
2015-02-23,corp_bond_ig,0.004123031366708441,0.004123031366708441,3,0.005180350039154291,0.04165965424624948,-0.10723663767845366,1.7838154435551934
2015-02-23,developed_equity,0.009545564811647367,0.009545564811647367,3,0.0020726085640490055,-2.021422372948031,0.6581894591822023,-0.35296297215889644
2015-02-23,emerging_equity,-0.0014902523868626227,-0.0014902523868626227,3,0.0023989048786461353,-1.4211128693084056,0.7107715936671535,0.16407699231244155
2015-02-23,korea_equity,0.03428568158830925,0.03428568158830925,3,0.0040117185562849045,0.08818091349671706,-2.0304252019601465,0.006759298298134383
2015-02-23,short_treasury,0.0014171320990736813,0.0014171320990736813,3,0.0065843514166772366,0.08871250887503143,0.20133864883793182,2.5032967594795617
2015-02-23,treasury_7_10y,0.012699604602286918,0.012699604602286918,3,0.006535639055073261,1.565564920983999,-0.8828432534048112,1.193482346579967
2015-02-24,alternative,-0.02142245128857012,-0.02142245128857012,3,0.0038749510422348976,-1.5435073054159654,1.517549871131593,0.5589666242305672
2015-02-24,corp_bond_ig,-0.0009012011514972773,-0.0009012011514972773,3,0.005165792535990477,-0.22283009475658486,-0.15661716201684067,2.634537487276941
2015-02-24,developed_equity,-0.0006679541991734261,-0.0006679541991734261,3,0.0032075420022010803,-1.008395617500268,-1.1524958042883229,-0.9971526425463045
2015-02-24,emerging_equity,-0.011753171901149329,-0.011753171901149329,3,0.002370208967477083,-1.6147345215853637,0.4585705993811691,-0.08325225760971545
2015-02-24,korea_equity,0.029787238647589698,0.029787238647589698,3,0.004520518705248833,-0.11529558301547674,-2.4378099782912366,0.31775306166569656
2015-02-24,short_treasury,0.000943974407724868,0.000943974407724868,3,0.006373451091349125,-0.15905816694109712,0.2205520230306808,2.650871832142607
2015-02-24,treasury_7_10y,0.009090869200333529,0.009090869200333529,3,0.006600562948733568,1.338619441707103,-0.8400464831980424,2.4353936634047457
2015-02-25,alternative,-0.028253450047389772,-0.028253450047389772,3,0.003599184565246105,-1.713811819218579,1.317689900805857,0.28256661475027034
2015-02-25,corp_bond_ig,-0.0050748557459266985,-0.0050748557459266985,3,0.0041497028432786465,-0.5403608060663051,0.0672312222379063,2.020491577564837
2015-02-25,developed_equity,-0.007755071853920437,-0.007755071853920437,3,0.0038013572338968515,-1.211622740116021,-0.782529813545289,-1.2979584675333424
2015-02-25,emerging_equity,-0.025515140914043055,-0.025515140914043055,3,0.002508731558918953,-1.9048058356258672,0.3236654042929372,-0.5393145173042285
2015-02-25,korea_equity,0.019040867297499542,0.019040867297499542,3,0.003588372841477394,-0.8689316569222667,-2.501066655095254,0.41835530709564506
2015-02-25,short_treasury,0.0007079357946164766,0.0007079357946164766,3,0.005295096430927515,-0.49352854161595894,0.4537560270654433,3.103673355727654
2015-02-25,treasury_7_10y,0.0037997778212868205,0.0037997778212868205,3,0.005692408420145512,1.1252617010697739,-1.3597041230921711,2.370976344581302
2015-02-26,alternative,-0.03261805194641909,-0.03261805194641909,3,0.0028231432661414146,-1.596061019128525,0.5122222074810185,-0.04814419898320268
2015-02-26,corp_bond_ig,-0.005843132844954413,-0.005843132844954413,3,0.00413060188293457,-0.9863822450656747,-0.3128918474042443,2.641213585268849
2015-02-26,developed_equity,-0.01609880014620102,-0.01609880014620102,3,0.0041301436722278595,-1.0786030371651232,-0.9538883162524798,-1.5063841963729994
2015-02-26,emerging_equity,-0.03482957978167445,-0.03482957978167445,3,0.0027041672728955746,-1.8728191286830098,0.9652457838962246,-1.0102260745927596
2015-02-26,korea_equity,0.009507058499659493,0.009507058499659493,3,0.0034101365599781275,-1.1267918103780286,-2.5038697250148627,0.5494697630341662
2015-02-26,short_treasury,0.0011810378680008338,0.0011810378680008338,3,0.004848454613238573,-0.9344984843962988,-0.022579250362735486,3.061044697187811
2015-02-26,treasury_7_10y,0.004102133164727073,0.004102133164727073,3,0.006212569307535887,1.1468216072864577,-1.8393216994317998,2.8319617338854144
2015-02-27,alternative,-0.027538700794179194,-0.027538700794179194,3,0.003633769229054451,-1.3160302164590871,0.3648656481353578,-0.5066993801759688
2015-02-27,corp_bond_ig,-0.004269328895172175,-0.004269328895172175,3,0.003662408795207739,-1.190233619539874,-0.4730380530493456,2.132400670295934
2015-02-27,developed_equity,-0.01542797842439192,-0.01542797842439192,3,0.003989518620073795,-0.8621933577201049,-0.37798371571704964,-2.494345411411542
2015-02-27,emerging_equity,-0.03141881544572167,-0.03141881544572167,3,0.0034836786799132824,-1.3609605333549002,1.6324103903954656,-1.0029130034499787
2015-02-27,korea_equity,0.012184330102325891,0.012184330102325891,3,0.0017711073160171509,-1.5876047609493056,-2.249037119450272,0.07825469096568786
2015-02-27,short_treasury,0.0014167975313548187,0.0014167975313548187,3,0.004452114459127188,-1.0474379389278965,-0.12240837728454877,2.623236937505698
2015-02-27,treasury_7_10y,0.004459340019094871,0.004459340019094871,3,0.005556758958846331,0.8403863748708934,-2.481828014776752,2.1467406851924027
2015-03-02,alternative,-0.026586608187727623,-0.026586608187727623,3,0.002910418901592493,-1.157380883523717,-0.020442475261169418,-1.2686092803472238
2015-03-02,corp_bond_ig,0.008885564782379562,0.008885564782379562,3,0.0033561880700290203,-1.4739945418509661,-0.5085217714091804,2.247510419324036
2015-03-02,developed_equity,-0.014857457153714004,-0.014857457153714004,3,0.004148715175688267,-1.1578699046533387,-0.11212366742265528,-2.889627304307597
2015-03-02,emerging_equity,-0.011307745354518395,-0.011307745354518395,3,0.004665800835937262,-1.177892228781713,2.4880712850086084,-1.4613503923902091
2015-03-02,korea_equity,0.009113221963697349,0.009113221963697349,3,0.001334342174232006,-1.7490168891800875,-1.7711857430937428,0.2140680055279129
2015-03-02,short_treasury,0.0024822587264807794,0.0024822587264807794,3,0.00453561544418335,-1.0893625871167574,0.10477594165578548,3.5228084025699853
2015-03-02,treasury_7_10y,0.013499601257380256,0.013499601257380256,3,0.006399237550795078,0.7555654315980744,-1.7156277161143174,2.8878759014072823
2015-03-03,alternative,-0.027538700794179194,-0.027538700794179194,3,0.003474239958450198,-0.9458938076016857,-0.16386259722947877,-1.3617547295759256
2015-03-03,corp_bond_ig,0.011300379124175919,0.011300379124175919,3,0.002641992876306176,-1.807378626052553,0.29399269505495784,1.531831868688994
2015-03-03,developed_equity,-0.011170952852808114,-0.011170952852808114,3,0.0044454424642026424,-0.9563396643236577,0.2914190133717997,-1.950803508650773
2015-03-03,emerging_equity,-0.005944955910810679,-0.005944955910810679,3,0.004812409169971943,-1.1512246095813004,2.447057243590493,-1.1831026773789195
2015-03-03,korea_equity,0.0,0.0,3,0.001826832303777337,-1.599334469489703,-0.9137207343108283,-0.2015598881798917
2015-03-03,short_treasury,0.003546883611595497,0.003546883611595497,3,0.0046259937807917595,-0.8805865645468169,0.050304392863502426,2.7008234773424213
2015-03-03,treasury_7_10y,0.01832015129195108,0.01832015129195108,3,0.005865879822522402,0.9004261142974612,-2.129038494357291,1.2415812416271037
2015-03-04,alternative,-0.012998266725877117,-0.012998266725877117,3,0.004288230556994677,-0.953239499057268,0.14344913956262403,-2.18642175783401
2015-03-04,corp_bond_ig,0.012139409284263492,0.012139409284263492,3,0.003456416307017207,-1.7918553668835693,0.9875183497127198,0.8438777348298852
2015-03-04,developed_equity,-0.012284066409511074,-0.012284066409511074,3,0.004385219421237707,-0.39753409217771274,-0.7152699787696394,-2.9634175640467237
2015-03-04,emerging_equity,0.017530697660643746,0.017530697660643746,3,0.004764861892908812,-1.3408435186995973,2.37543728831488,-1.7258427502707772
2015-03-04,korea_equity,0.006136018031265733,0.006136018031265733,3,0.002450763713568449,-1.463539826415222,0.1742991161865475,-0.26207223833151905
2015-03-04,short_treasury,0.0033096783019745946,0.0033096783019745946,3,0.004194458480924368,-1.1715473073931633,0.06476324727043371,2.2111006256945682
2015-03-04,treasury_7_10y,0.020747341189585322,0.020747341189585322,3,0.006402354687452316,0.5974102653743769,-2.2634534126179995,1.8077650352017582
2015-03-05,alternative,-0.0103448012779499,-0.0103448012779499,3,0.003453401383012533,-1.0606160985163489,-0.46494858857586013,-2.074952782818336
2015-03-05,corp_bond_ig,0.00913392403332769,0.00913392403332769,3,0.0034669789019972086,-1.763511796723292,1.0470862672714845,0.27239447899280683
2015-03-05,developed_equity,-0.004459983932797784,-0.004459983932797784,3,0.004188068676739931,0.04682208200740015,-1.7564121859588442,-3.7471954982611977
2015-03-05,emerging_equity,0.03436174525418445,0.03436174525418445,3,0.003653818042948842,-1.666928646237566,1.655556949598049,-1.3507757580190256
2015-03-05,korea_equity,0.01629286020752274,0.01629286020752274,3,0.0021116123534739017,-1.4345842188208349,0.26657309715235067,-0.3737450991080297
2015-03-05,short_treasury,0.002835938803653626,0.002835938803653626,3,0.004673173651099205,-0.9784937794413482,-0.6934615862676815,1.8863634340591209
2015-03-05,treasury_7_10y,0.017263992365165404,0.017263992365165404,3,0.005604031961411238,0.48769002823015195,-1.6486845650111153,0.9704567075645617
2015-03-06,alternative,0.004347826086956497,0.004347826086956497,3,0.004645137116312981,-0.750386517367699,-0.2366203292951886,-2.347628052359868
2015-03-06,corp_bond_ig,0.021317674217365745,0.021317674217365745,3,0.005131733603775501,-0.07703568946113151,3.1332512367031846,-1.9506865378436289
2015-03-06,developed_equity,0.02150095545058206,0.02150095545058206,3,0.003804184962064028,-0.5215596010498262,-1.213187609978941,-3.523809920583422
2015-03-06,emerging_equity,0.06393281313142052,0.06393281313142052,3,0.003788876812905073,-1.5773338103464214,1.401111669123407,-1.4937191043511437
2015-03-06,korea_equity,0.03504134234351519,0.03504134234351519,3,0.0024100225418806076,-1.559184928466007,0.1680652122904552,-1.1531272552762433
2015-03-06,short_treasury,0.004731506050947187,0.004731506050947187,3,0.0034990059211850166,-1.2501923497378025,-1.8495385195761738,-1.4528549585835369
2015-03-06,treasury_7_10y,0.029102282273139046,0.029102282273139046,3,0.00455446494743228,-0.1506025731989102,-1.5460507958378313,-1.188828500595624
2015-03-09,alternative,0.005231090841147923,0.005231090841147923,3,0.004201530944555998,-0.7889428736919688,-0.1935167362578746,-2.462573660890035
2015-03-09,corp_bond_ig,0.020897768598156174,0.020897768598156174,3,0.004726849962025881,0.0026958938555247105,2.37233786852074,-2.131791710213248
2015-03-09,developed_equity,0.00980928073208931,0.00980928073208931,3,0.0038615898229181767,-0.3382434020295543,-1.7310601071789586,-4.033639398892111
2015-03-09,emerging_equity,0.06264384363857545,0.06264384363857545,3,0.004220908507704735,-0.8063561149838561,1.6131218646440464,-1.6243690057310296
2015-03-09,korea_equity,0.031233401666173277,0.031233401666173277,3,0.0026917895302176476,-1.5800835874021983,0.22948204500784658,-1.1478155687670673
2015-03-09,short_treasury,0.003546883611595497,0.003546883611595497,3,0.0034297022502869368,-0.9532915590596625,-1.4314282616582616,-1.2278376482761102
2015-03-09,treasury_7_10y,0.025193414647789236,0.025193414647789236,3,0.005067705642431974,0.20586254741212096,-2.0290538905263586,-0.528109613647498
2015-03-10,alternative,0.029203566829715255,0.029203566829715255,3,0.005165501032024622,-0.24623086190039664,-0.5581994493157183,-2.6545911192572373
2015-03-10,corp_bond_ig,0.01894505632488719,0.01894505632488719,3,0.005194030702114105,-0.3952567051013892,0.3580581901575181,-1.4916701939519534
2015-03-10,developed_equity,0.03350950672229014,0.03350950672229014,3,0.003796141128987074,-0.3577293277752479,-1.0372872040665568,-3.9029885582617387
2015-03-10,emerging_equity,0.10957108898529166,0.10957108898529166,3,0.009077431634068489,3.5901404110891364,3.5234584042966253,-2.077710097491699
2015-03-10,korea_equity,0.06876475705576723,0.06876475705576723,3,0.002697509480640292,-1.37226237244931,0.18205013108085208,-2.1885095426483363
2015-03-10,short_treasury,0.0033096783019745946,0.0033096783019745946,3,0.0033628232777118683,-0.8140730465799291,-2.145966128323515,-1.3793362537038003
2015-03-10,treasury_7_10y,0.019919221464842263,0.019919221464842263,3,0.0038398392498493195,-0.4612759137806336,-2.31059333577914,-0.39253051582776455
2015-03-11,alternative,0.03454385715827435,0.03454385715827435,3,0.005044373217970133,-0.5257173904958098,-0.4823690569082899,-2.4470524464589323
2015-03-11,corp_bond_ig,0.008635729576450535,0.008635729576450535,3,0.004860164597630501,-0.7759073873430072,0.4030845873240649,-1.2732987690173494
2015-03-11,developed_equity,0.031388918558756584,0.031388918558756584,3,0.004131604917347431,-0.37732413364404327,-1.0528072145035197,-3.5098858057376594
2015-03-11,emerging_equity,0.11212042127407096,0.11212042127407096,3,0.009588023647665977,3.7386578048774437,3.4500998830379714,-1.2667354870277454
2015-03-11,korea_equity,0.06277218734067214,0.06277218734067214,3,0.003416823921725154,-1.1942269001650965,0.24209974861664404,-2.097034011445311
2015-03-11,short_treasury,0.0029550827956157377,0.0029550827956157377,3,0.00361154368147254,-0.7376060785318254,-2.262326711659974,-0.8366877426797481
2015-03-11,treasury_7_10y,0.013974843607076126,0.013974843607076126,3,0.004214423708617687,-0.4972833437738129,-2.539365143929819,-0.332744741693607
2015-03-12,alternative,0.02726478616289496,0.02726478616289496,3,0.006553191225975752,0.48758852808401154,-1.200903425834716,-2.2929008455644313
2015-03-12,corp_bond_ig,0.011054790607962106,0.011054790607962106,3,0.0056540509685873985,-0.33821751467357775,-0.21771648544224179,-0.49939912157939875
2015-03-12,developed_equity,0.02940367443722991,0.02940367443722991,3,0.004977582022547722,0.13535698160561035,-1.334428973258124,-1.9448520015259998
2015-03-12,emerging_equity,0.10600981588403724,0.10600981588403724,3,0.010838145390152931,4.579523103431994,4.243404908571388,-0.7757661664799963
2015-03-12,korea_equity,0.07213524573711516,0.07213524573711516,3,0.003918282687664032,-1.6880602211605535,1.6864221714778391,-1.6226185364348453
2015-03-12,short_treasury,0.0024816719174727275,0.0024816719174727275,3,0.003646996570751071,-0.705815417255415,-2.5564042532965883,-0.8948596553846894
2015-03-12,treasury_7_10y,0.012743633759326745,0.012743633759326745,3,0.002879870356991887,-0.4693184678180744,-3.733495921269613,-0.5868345107892919
2015-03-13,alternative,0.038019479308319504,0.038019479308319504,3,0.007790056057274342,1.496700520703888,-0.7764329084396816,-0.8192316729623643
2015-03-13,corp_bond_ig,0.013586706983684582,0.013586706983684582,3,0.005974012427031994,-0.36970134848545405,-0.41768337774436604,-0.038590525959865056
2015-03-13,developed_equity,0.029147681007623882,0.029147681007623882,3,0.007331798318773508,1.9361258321003632,-1.424663503515576,-0.8242533021731673
2015-03-13,emerging_equity,0.11305488034748601,0.11305488034748601,3,0.013038285076618195,7.051927548221966,4.558821345776815,-0.6915218090926234
2015-03-13,korea_equity,0.08450442007760284,0.08450442007760284,3,0.005189110990613699,-1.0590608014034855,1.9319471453416237,-1.4627266460803465
2015-03-13,short_treasury,0.0029540353079700044,0.0029540353079700044,3,0.0032879156060516834,-0.976942720605972,-2.3126165891189125,0.15280189926940277
2015-03-13,treasury_7_10y,0.016328880752904062,0.016328880752904062,3,0.003145964350551367,-0.4461598480658499,-3.5254731813071216,0.11446458129062718
2015-03-16,alternative,0.02892202538027444,0.02892202538027444,3,0.007688061334192753,1.92542920074936,-1.292895667817411,-0.15059660737133326
2015-03-16,corp_bond_ig,0.014905495629218724,0.014905495629218724,3,0.006374715361744165,0.08897665754339533,-1.4407487226676363,0.7096170061689852
2015-03-16,developed_equity,0.02102390328364967,0.02102390328364967,3,0.008344524540007114,2.8000972960918737,-1.4005910474564476,0.5289449212389987
2015-03-16,emerging_equity,0.10474720198931164,0.10474720198931164,3,0.014110226184129715,7.174849226607112,3.904350586292934,0.34131337635923775
2015-03-16,korea_equity,0.08760566502099665,0.08760566502099665,3,0.005284152925014496,-0.8962772546173894,1.5333508482878613,-1.1604078309521388
2015-03-16,short_treasury,0.0033081141459827546,0.0033081141459827546,3,0.003361655166372657,-0.7536984053957669,-2.5426861225170074,0.5423248251707832
2015-03-16,treasury_7_10y,0.015804754854419123,0.015804754854419123,3,0.003052690764889121,-0.8426525003536888,-3.824171224167786,-0.214096533011757
2015-03-17,alternative,0.04144618064374184,0.04144618064374184,3,0.008930102922022343,3.3833606566389203,-1.701709783517327,0.682832796057574
2015-03-17,corp_bond_ig,0.013883100475807986,0.013883100475807986,3,0.005591598339378834,-0.014978228148190165,-1.439887336815929,0.9674163883081824
2015-03-17,developed_equity,0.024503671613327116,0.024503671613327116,3,0.009240232408046722,3.885988738755174,-1.1393464912005438,1.4301924390940544
2015-03-17,emerging_equity,0.09971945775842905,0.09971945775842905,3,0.012694349512457848,5.6428421084922205,3.080339954739801,1.266419136564055
2015-03-17,korea_equity,0.06683040669117046,0.06683040669117046,3,0.0058413101360201836,-0.48455176713257253,0.10253227858451582,-0.2311525967542546
2015-03-17,short_treasury,0.0035452069561106025,0.0035452069561106025,3,0.003715421538800001,-0.8446544004704603,-1.787157616011326,0.5785759256737817
2015-03-17,treasury_7_10y,0.01427903646765083,0.01427903646765083,3,0.002723675686866045,-0.6390626045084733,-3.931271262724468,0.5579003970312341
2015-03-18,alternative,0.027681700863976033,0.027681700863976033,3,0.008079255931079388,2.341438679056056,-1.426572931916379,1.2519246630033916
2015-03-18,corp_bond_ig,0.0009854869827563562,0.0009854869827563562,3,0.004743077792227268,-0.1545899601919723,-1.0267169728472025,1.4052896068111795
2015-03-18,developed_equity,0.008879268350012293,0.008879268350012293,3,0.008041930384933949,3.4981264997379893,-1.2860807937493668,2.696412146129054
2015-03-18,emerging_equity,0.08190194337800061,0.08190194337800061,3,0.011368410661816597,4.059332304255161,2.1051480652447787,1.5134139563900528
2015-03-18,korea_equity,0.06142169478130177,0.06142169478130177,3,0.005193130113184452,-0.8860373564148398,-0.5349434675853443,-0.3081454587655621
2015-03-18,short_treasury,0.0016505469246892446,0.0016505469246892446,3,0.002198418602347374,-1.367646120183416,-3.0844706097897507,-0.2039672700388355
2015-03-18,treasury_7_10y,0.003506227093953429,0.003506227093953429,3,0.002915988676249981,-0.31644837247774543,-2.961679166949525,-0.5483263713092509
2015-03-19,alternative,0.02979843620813072,0.02979843620813072,3,0.006634727586060762,1.5329475545576408,-1.2053775956361739,1.9625193150337912
2015-03-19,corp_bond_ig,0.00883202378330683,0.00883202378330683,3,0.004564322531223297,-0.3858137110718594,-0.05022142393611949,0.8240047550103524
2015-03-19,developed_equity,0.006785180939538726,0.006785180939538726,3,0.008908269926905632,4.5243124952436355,-1.6106103097632665,3.021701928164572
2015-03-19,emerging_equity,0.08128637498192393,0.08128637498192393,3,0.009152873419225216,2.8449097079604124,1.6248092785893893,1.851850928881467
2015-03-19,korea_equity,0.06659677389026708,0.06659677389026708,3,0.004869598429650068,-0.5193437249484965,-1.0781404822734222,0.3516312591886984
2015-03-19,short_treasury,0.002479035376487859,0.002479035376487859,3,0.0021178042516112328,-1.3613299328482662,-2.7637903088936793,-0.2161718573014871
2015-03-19,treasury_7_10y,0.010290169482606304,0.010290169482606304,3,0.0025024921633303165,-0.7821138612060098,-1.5435751937751854,-0.05400083873967922
2015-03-20,alternative,0.03248460841680956,0.03248460841680956,3,0.005336978938430548,0.9537115292749992,-0.9626758064465505,1.7323721769098146
2015-03-20,corp_bond_ig,0.0036217174182491263,0.0036217174182491263,3,0.0032640714198350906,-0.9644209485858752,0.8806381184560987,0.8230385637869929
2015-03-20,developed_equity,0.002539800128417813,0.002539800128417813,3,0.007611595094203949,3.7022166752648378,-1.0260354415874793,2.273771003189458
2015-03-20,emerging_equity,0.06437120505215121,0.06437120505215121,3,0.00760624697431922,1.2660101208186034,1.8962413419716975,2.097330966533776
2015-03-20,korea_equity,0.06889388109224881,0.06889388109224881,3,0.004378610290586948,-0.6828393371173762,-1.1400624623978295,0.5725791994237674
2015-03-20,short_treasury,0.0016516105295187877,0.0016516105295187877,3,0.0019076117314398289,-1.4266729932394369,-1.7702386702893553,-0.2554181022118542
2015-03-20,treasury_7_10y,0.004339407545908669,0.004339407545908669,3,0.0024457876570522785,-0.3512336845761755,-0.5205492519991071,-0.06572773973843189
2015-03-23,alternative,0.03048780406758378,0.03048780406758378,3,0.004663440864533186,0.06973623574872187,-1.0861101170206722,2.264091496554631
2015-03-23,corp_bond_ig,0.0010676265615212621,0.0010676265615212621,3,0.0033617471344769,-1.147428838380776,1.3986271112477637,0.5205254658664858
2015-03-23,developed_equity,-0.004927355642988629,-0.004927355642988629,3,0.0055368561297655106,2.3240377704431268,-1.0356868513549646,1.3544038716950382
2015-03-23,emerging_equity,0.06741291126966886,0.06741291126966886,3,0.005634380504488945,0.4411152701861277,2.7991841158061663,2.1352744075066266
2015-03-23,korea_equity,0.06077349048762515,0.06077349048762515,3,0.00406293012201786,-0.7300484566215171,-0.593518883457405,1.1910014847898898
2015-03-23,short_treasury,0.001415036708362516,0.001415036708362516,3,0.0021826070733368397,-1.662845389085351,-0.9482393750478714,-0.2909955483899307
2015-03-23,treasury_7_10y,0.0009221402151198266,0.0009221402151198266,3,0.0027304692193865776,-0.43405823185411707,-0.2160074178620209,0.21575090263500138
2015-03-24,alternative,0.03940455446806612,0.03940455446806612,3,0.004021044354885817,-0.47794565982649256,-1.1169523179009462,2.17125487676743
2015-03-24,corp_bond_ig,-0.006888039023462578,-0.006888039023462578,3,0.0035177282989025116,-1.0935428847664004,2.045450844911999,-0.2178742467924981
2015-03-24,developed_equity,0.0021388005257458875,0.0021388005257458875,3,0.0028273295611143112,0.5392848340777882,-1.640967062832781,0.3193770810526939
2015-03-24,emerging_equity,0.07457874816684718,0.07457874816684718,3,0.00460412772372365,-0.4739299416967688,1.9851090851114945,1.321579258223898
2015-03-24,korea_equity,0.06611563734210191,0.06611563734210191,3,0.004639983177185059,-0.8630458134084809,0.4824599893710572,0.9711192200064303
2015-03-24,short_treasury,0.00023572607137545276,0.00023572607137545276,3,0.002207342069596052,-1.7292115841938827,-0.4436103768417649,0.02174966383585259
2015-03-24,treasury_7_10y,-0.007905870748320165,-0.007905870748320165,3,0.001828533597290516,-1.207376054839713,-1.565088108023792,-0.439798017003818
2015-03-25,alternative,0.04669606213002475,0.04669606213002475,3,0.004479282069951296,-0.46552465237250945,-1.37946967672646,2.671026742652995
2015-03-25,corp_bond_ig,-0.0010695588609497264,-0.0010695588609497264,3,0.0029153972864151,-1.599753583736761,1.0155356566212195,-0.24476156197637897
2015-03-25,developed_equity,0.014688101074417315,0.014688101074417315,3,0.003017354290932417,-0.9091861049533234,0.9290037658632738,-0.19708023724709325
2015-03-25,emerging_equity,0.09994957915400526,0.09994957915400526,3,0.004103370010852814,-0.6875345179771752,1.75818856918821,1.3729201320003495
2015-03-25,korea_equity,0.08858129756863198,0.08858129756863198,3,0.0038724341429769993,-1.0566380919131755,0.6363578730896342,0.7647051878805681
2015-03-25,short_treasury,0.0009433066072124241,0.0009433066072124241,3,0.0018288488499820232,-2.0041375694648362,-0.8225647235709134,-0.2805108297393598
2015-03-25,treasury_7_10y,-0.0005539429410595931,-0.0005539429410595931,3,0.001704951049759984,-1.4070015702790286,-1.3615779082039436,-0.36087779020224103
2015-03-26,alternative,0.05590064971032005,0.05590064971032005,3,0.004031933844089508,-0.5702393977280247,-1.0885500019003078,1.7877380067216209
2015-03-26,corp_bond_ig,0.007036411031851708,0.007036411031851708,3,0.002816013991832733,-1.7980079716229234,1.0598541964498496,-0.7696338909333298
2015-03-26,developed_equity,0.03108817183719248,0.03108817183719248,3,0.002258922904729843,-1.5886547104856628,0.4655267071918207,-0.6026979718291727
2015-03-26,emerging_equity,0.11435832717908401,0.11435832717908401,3,0.004235171712934971,-0.37310704183808285,2.236272734747067,0.9222809397965791
2015-03-26,korea_equity,0.09243109910981295,0.09243109910981295,3,0.004512395244091749,-0.904870045525378,1.344922370962793,0.10234645895358656
2015-03-26,short_treasury,0.0017695119950340565,0.0017695119950340565,3,0.0018680852372199297,-2.173477111903149,-0.20884100361941116,-0.5646436797601533
2015-03-26,treasury_7_10y,0.008635100571290577,0.008635100571290577,3,0.002147788181900978,-1.471484608375478,-1.3151401880682931,-0.30331303074242133
2015-03-27,alternative,0.05752212389380529,0.05752212389380529,3,0.004596752114593983,-0.6711699352127294,-0.6070900783589879,1.816998168015751
2015-03-27,corp_bond_ig,0.0023086970820838104,0.0023086970820838104,3,0.0025801146402955055,-1.9098537165423541,0.7745513410070389,-0.7353092229490551
2015-03-27,developed_equity,0.029295565387103206,0.029295565387103206,3,0.0019573664758354425,-1.8222865551328125,0.38129385179295944,-0.8665053694156085
2015-03-27,emerging_equity,0.11556009830434477,0.11556009830434477,3,0.005455066915601492,-0.25531436704441957,3.4029218310356137,0.5578530260830281
2015-03-27,korea_equity,0.09316120343716738,0.09316120343716738,3,0.004400457721203566,-1.080072289178171,1.8308295494161577,0.17939164079716588
2015-03-27,short_treasury,0.0010611172790495615,0.0010611172790495615,3,0.002067240886390209,-2.0591312401406068,0.4521042997732462,-0.8937736859114079
2015-03-27,treasury_7_10y,0.00314462013738126,0.00314462013738126,3,0.0016284091398119926,-1.582345154826664,-1.0500239397082705,-0.5780513334661427
2015-03-30,alternative,0.05638767864210492,0.05638767864210492,3,0.004093240015208721,-1.557526875718164,0.6324090942288468,2.025465021243912
2015-03-30,corp_bond_ig,-0.005350247240993089,-0.005350247240993089,3,0.0022566961124539375,-2.012307922858393,0.7608642119889943,-1.0606620736606551
2015-03-30,developed_equity,0.028124996436678762,0.028124996436678762,3,0.002020974410697818,-1.281279554702004,-2.8979412141371563,-2.195068054762637
2015-03-30,emerging_equity,0.09622075620158599,0.09622075620158599,3,0.005916009657084942,-0.36308807512031427,4.072768343876992,-0.843528223914981
2015-03-30,korea_equity,0.09135113154331864,0.09135113154331864,3,0.004792454186826944,-1.1299509460495316,2.2899533198733484,-0.697153530713514
2015-03-30,short_treasury,0.0007075249347439083,0.0007075249347439083,3,0.003560072975233197,-1.9961342363262293,2.049173584333247,-1.1238322125931464
2015-03-30,treasury_7_10y,-0.0013874898254745416,-0.0013874898254745416,3,0.0030411258339881897,-1.8873285167197147,1.2223524285682577,-1.2429481798899413
2015-03-31,alternative,0.0592920083915236,0.0592920083915236,3,0.0051644728519022465,0.9052522123194036,-1.2681668062621736,-0.07835262444379236
2015-03-31,corp_bond_ig,-0.015364413447116698,-0.015364413447116698,3,0.00227582105435431,-1.9924040659062796,0.870527301343241,-1.3279047295562822
2015-03-31,developed_equity,0.022594201784865042,0.022594201784865042,3,0.0025471397675573826,-1.368861299566256,-2.2948729583856378,-1.3331636784987804
2015-03-31,emerging_equity,0.08497382897209738,0.08497382897209738,3,0.005826886743307114,-0.008723164931258881,4.624893582409771,-1.8704371949377556
2015-03-31,korea_equity,0.08245977057302367,0.08245977057302367,3,0.00429314561188221,-1.4189205379432024,2.148550250981471,-1.2961540480180873
2015-03-31,short_treasury,0.0,0.0,3,0.003543795319274068,-2.01246356562242,1.928425358007658,-0.8692327869380715
2015-03-31,treasury_7_10y,-0.007657549919074413,-0.007657549919074413,3,0.003050597384572029,-1.8581615158687288,1.1192877954413907,-1.3569114467382604
2015-04-01,alternative,0.04565405512361398,0.04565405512361398,3,0.005415268242359161,0.17395691356806617,-1.9241722724176196,-0.16154027574710408
2015-04-01,corp_bond_ig,-0.01470468139460046,-0.01470468139460046,3,0.0024284739047288895,-1.8097032636575159,0.38046285506761107,-1.8626625218780197
2015-04-01,developed_equity,0.02200356226105349,0.02200356226105349,3,0.002831939375028014,-1.1811372725279203,-2.540437878774837,-1.3157766295372841
2015-04-01,emerging_equity,0.05537779819960931,0.05537779819960931,3,0.004912583157420158,-1.0397263863071604,2.431370898950755,-0.6980843259306215
2015-04-01,korea_equity,0.06586511272865914,0.06586511272865914,3,0.003710538148880005,-1.6119809549652684,1.9252670247170038,-1.704994786346818
2015-04-01,short_treasury,-0.00011774867058600424,-0.00011774867058600424,3,0.003652783576399088,-1.6502604398183731,1.444185643433442,-1.5029135734092263
2015-04-01,treasury_7_10y,-0.01103655422227301,-0.01103655422227301,3,0.003325391560792923,-1.86602818764201,1.719347977894141,-1.8328112356876423
2015-04-02,alternative,0.04181180570351728,0.04181180570351728,3,0.005569602828472853,0.06739379736953738,-2.279763305133359,0.19111455672853475
2015-04-02,corp_bond_ig,-0.021229341372248745,-0.021229341372248745,3,0.0032551733311265707,-1.6242631921942245,0.7811023789315675,-1.5261973340552788
2015-04-02,developed_equity,0.018870476792596902,0.018870476792596902,3,0.0031576300971210003,-1.0457655425532753,-3.064901015086934,-1.601249199279938
2015-04-02,emerging_equity,0.04607171760067397,0.04607171760067397,3,0.002062347251921892,-1.9021255433430064,0.29876147535257935,0.04290422580096812
2015-04-02,korea_equity,0.05430101046408109,0.05430101046408109,3,0.003538176417350769,-1.536545329036809,2.0389712588062485,-1.5282356917213984
2015-04-02,short_treasury,-0.000824787234109503,-0.000824787234109503,3,0.004234381951391697,-1.3749018822290937,1.015477437614515,-1.728240200363564
2015-04-02,treasury_7_10y,-0.015126355076052755,-0.015126355076052755,3,0.003823988139629364,-1.6041714307398929,1.9171060589696147,-2.0427907728112613
2015-04-06,alternative,0.039826826615767086,0.039826826615767086,3,0.004369694273918867,-0.6072485032125743,-2.1367878760638397,-0.5879606386342527
2015-04-06,corp_bond_ig,-0.025638940619499895,-0.025638940619499895,3,0.0032881563529372215,-1.67654934453772,1.0957493877465136,-1.2473158863217368
2015-04-06,developed_equity,0.016624286821879775,0.016624286821879775,3,0.003947158344089985,-0.7016852404782807,-3.2141605733333223,-1.4803171100318542
2015-04-06,emerging_equity,0.03878379013959665,0.03878379013959665,3,0.002261812798678875,-1.934951632372135,0.04632534474322182,0.5204816817041201
2015-04-06,korea_equity,0.04933653600041099,0.04933653600041099,3,0.0032935726922005415,-1.5963024704981699,1.3993789759027904,-0.7222178284223995
2015-04-06,short_treasury,-0.0016482150414937058,-0.0016482150414937058,3,0.003574916860088706,-1.1715078036631095,-1.2875112029119167,0.6211718135042109
2015-04-06,treasury_7_10y,-0.018422992308198327,-0.018422992308198327,3,0.00487811304628849,-1.5474531359320567,1.9125562690845943,-2.0406181235465013
2015-04-07,alternative,0.03122288273058471,0.03122288273058471,3,0.003918164409697056,-0.7612073541189426,-2.131083827386913,-0.7927964578888287
2015-04-07,corp_bond_ig,-0.030786822168135886,-0.030786822168135886,3,0.0035579183604568243,-1.5323101592053134,0.5887131567487508,-0.7130301447866249
2015-04-07,developed_equity,0.009983780846576584,0.009983780846576584,3,0.005425693932920694,0.44272164486120785,-4.7132488867417965,-1.2144434738458267
2015-04-07,emerging_equity,0.03272369467553271,0.03272369467553271,3,0.0023106979206204414,-1.6392428446778033,0.025396047255155863,0.8005651652427016
2015-04-07,korea_equity,0.04938907075787413,0.04938907075787413,3,0.004140605218708515,-1.2772234550102195,1.945243303188787,-0.8208014478167281
2015-04-07,short_treasury,-0.0011781158972300476,-0.0011781158972300476,3,0.0043945228680968285,-1.0788161208212785,0.3268117902540207,1.5245267054356
2015-04-07,treasury_7_10y,-0.02089281399522358,-0.02089281399522358,3,0.005642748437821865,-1.0623650192792498,1.5893627276878342,-0.9837453885422106
2015-04-08,alternative,0.01633700641984337,0.01633700641984337,3,0.0033731283619999886,-0.7805077958756562,-3.7593307828600264,0.04468794650288458
2015-04-08,corp_bond_ig,-0.03464653824570785,-0.03464653824570785,3,0.0037329834885895252,-1.4335057572162295,-0.005693713301383363,-0.4845391243234265
2015-04-08,developed_equity,0.002421637303129609,0.002421637303129609,3,0.005075245164334774,1.2087600105802094,-6.5506881908299555,-2.0193385520718876
2015-04-08,emerging_equity,-0.0009427507716153194,-0.0009427507716153194,3,0.0025511407293379307,-1.597678836830943,-0.12307818228064286,0.624696480703464
2015-04-08,korea_equity,0.027234016580784504,0.027234016580784504,3,0.004170024301856756,-1.068918585186432,1.7742776899745865,-0.3667920507981587
2015-04-08,short_treasury,-0.0015315416779508872,-0.0015315416779508872,3,0.0029175984673202038,-1.5351627150245435,0.18127555397515566,0.680824701282487
2015-04-08,treasury_7_10y,-0.024781228611514772,-0.024781228611514772,3,0.005134233273565769,-1.2416905959622149,1.589860682398943,-1.1349743957149097
2015-04-09,alternative,0.013698616715036138,0.013698616715036138,3,0.002856763079762459,-0.8850131823193002,-3.9257014089088833,-0.6790030801482584
2015-04-09,corp_bond_ig,-0.025849998831754983,-0.025849998831754983,3,0.00457723205909133,-1.0340047960773657,0.0411514867299123,-1.075359621450419
2015-04-09,developed_equity,0.007137069270811258,0.007137069270811258,3,0.004617615137249231,2.021112515453721,-9.094362089720436,-0.6276346977402071
2015-04-09,emerging_equity,-0.012135277983275738,-0.012135277983275738,3,0.0027238810434937477,-1.810696483943012,0.08519232382543677,0.6829085534625396
2015-04-09,korea_equity,0.019289812531534167,0.019289812531534167,3,0.005065075121819973,-0.701024234487958,2.0144202537205107,-0.424199742450974
2015-04-09,short_treasury,-0.0015320831556363546,-0.0015320831556363546,3,0.0023931371979415417,-1.6628776471677629,-0.616459554717362,0.7294924277770637
2015-04-09,treasury_7_10y,-0.016649736764365985,-0.016649736764365985,3,0.004911784082651138,-0.9498554836228379,0.9796751133204337,-0.7770250648363336
2015-04-10,alternative,0.02568493083575185,0.02568493083575185,3,0.0020174395758658648,-1.2775332432252577,-2.983329332383641,-1.0601365095885569
2015-04-10,corp_bond_ig,-0.021621154773219797,-0.021621154773219797,3,0.0039361147210001945,-1.0426653387751046,0.4305356282526208,-1.807793618469825
2015-04-10,developed_equity,0.011879330104112906,0.011879330104112906,3,0.0035026781260967255,1.2956474759285834,-7.747070634979316,-1.3206666946009884
2015-04-10,emerging_equity,-0.0002332587682211118,-0.0002332587682211118,3,0.00319950794801116,-1.6905456705002317,0.5268135121606085,0.2580025056060122
2015-04-10,korea_equity,0.0063758570108058965,0.0063758570108058965,3,0.0030446858145296574,-1.1387310629206797,0.35387906905615557,-0.36072609902212405
2015-04-10,short_treasury,0.00011781806695987385,0.00011781806695987385,3,0.0024281078949570656,-1.9354626621825184,-0.0003635491461329796,-1.0567479239953188
2015-04-10,treasury_7_10y,-0.012583277084667666,-0.012583277084667666,3,0.004011316224932671,-1.303185220235279,1.3250094169321363,-1.2621048962023758
2015-04-13,alternative,0.017887550654402506,0.017887550654402506,3,0.0027692867442965508,-1.0684822798202882,-2.8682054366190273,-1.016556077589855
2015-04-13,corp_bond_ig,-0.03116777107800639,-0.03116777107800639,3,0.005035532638430595,-0.5976439726419817,0.5429771591850732,-2.3909965918678013
2015-04-13,developed_equity,0.015838930270815954,0.015838930270815954,3,0.005217702593654394,0.8298959440964835,-5.418046112951064,-1.5518139715691954
2015-04-13,emerging_equity,-0.0039878484490522,-0.0039878484490522,3,0.004176764283329248,-1.6452428928372917,1.1512670097231947,1.0257362137757813
2015-04-13,korea_equity,-0.0026926935769535643,-0.0026926935769535643,3,0.002383825136348605,-1.9596145141293233,0.28250424828545384,0.1823887404301539
2015-04-13,short_treasury,-0.0014137031228834696,-0.0014137031228834696,3,0.002424913225695491,-2.022506553628376,-0.661226268465424,-1.3931029681049591
2015-04-13,treasury_7_10y,-0.024284439600205432,-0.024284439600205432,3,0.004329360090196133,-1.2848646959027672,1.1813342866220258,-0.7336074115874022
2015-04-14,alternative,0.017035774906349888,0.017035774906349888,3,0.002677690237760544,-1.2771636552210177,-1.7638076077760452,-1.2714907851887338
2015-04-14,corp_bond_ig,-0.034788299633397135,-0.034788299633397135,3,0.005669760517776012,-0.3733622448924068,1.6367559576276218,-2.8972650575618175
2015-04-14,developed_equity,0.006284278846766966,0.006284278846766966,3,0.003625790821388364,-0.051538115689637815,-3.0826548250281993,-0.8721828689924132
2015-04-14,emerging_equity,-0.011676786631561686,-0.011676786631561686,3,0.004320739768445492,-1.6655655656646826,1.7049847025823404,0.8335106246343709
2015-04-14,korea_equity,-0.019682412251550985,-0.019682412251550985,3,0.0031143922824412584,-1.8170025169706587,-0.8108556147725935,1.7801972872274687
2015-04-14,short_treasury,-0.0017663863531942603,-0.0017663863531942603,3,0.0024721892550587654,-1.832684651544073,-0.9790755803279517,-2.4227212395650843
2015-04-14,treasury_7_10y,-0.02642241460146122,-0.02642241460146122,3,0.003500003833323717,-1.0619839530866098,2.0894516492378536,-1.2801114779243825
2015-04-15,alternative,0.01778152837640601,0.01778152837640601,3,0.002392093650996685,-1.3764732354698885,-1.567086099938785,-0.782748456305311
2015-04-15,corp_bond_ig,-0.03632338749123354,-0.03632338749123354,3,0.0040852040983736515,-1.0669470723188808,0.8181704078521951,-2.8476473122766395
2015-04-15,developed_equity,0.011892130713432092,0.011892130713432092,3,0.002208491088822484,-0.5908837575505917,-1.5396102058190155,-1.118825544322081
2015-04-15,emerging_equity,-0.016697528382206506,-0.016697528382206506,3,0.005810155067592859,-0.9092554382449106,2.105244773969548,1.4124558774207074
2015-04-15,korea_equity,-0.01940151777534782,-0.01940151777534782,3,0.003491245210170746,-1.7917169437125184,-0.532863298517948,2.3185246140621443
2015-04-15,short_treasury,-0.0012953440028663499,-0.0012953440028663499,3,0.002709202002733946,-1.9997007905070974,-0.319071919526117,-2.3521670711339664
2015-04-15,treasury_7_10y,-0.028248064834409226,-0.028248064834409226,3,0.003921638708561659,-0.6122958217987555,2.9016856313420725,-1.7275932238426597
2015-04-16,alternative,0.021043770503194503,0.021043770503194503,3,0.003149022115394473,-1.1219117327011476,-1.9214902713058903,-0.24803776661037089
2015-04-16,corp_bond_ig,-0.032488301782770845,-0.032488301782770845,3,0.0034769331105053425,-1.5973078883053153,1.4254328670515914,-1.0000445500956678
2015-04-16,developed_equity,0.0173356859420033,0.0173356859420033,3,0.001794168958440423,-0.5303381988163505,-1.6109433746726252,-0.9020011226926953
2015-04-16,emerging_equity,-0.014726171263935828,-0.014726171263935828,3,0.005910706706345081,-1.0583025532140096,2.499368021589071,1.3053934806498015
2015-04-16,korea_equity,-0.01934328052429024,-0.01934328052429024,3,0.004032497759908438,-1.4315539133086996,0.4088173725885499,3.6657295387997695
2015-04-16,short_treasury,-0.0008239135543612885,-0.0008239135543612885,3,0.001962515991181135,-1.4100704975594773,-1.7335941904993888,-1.9634264143295166
2015-04-16,treasury_7_10y,-0.025652821448391094,-0.025652821448391094,3,0.0041419146582484245,-0.8025327500133014,2.8665295933387274,-1.4391417566439832
2015-04-17,alternative,0.038297872340425476,0.038297872340425476,3,0.0025311470963060856,-1.7769730604267044,-0.960958258165219,-0.6519876974907057
2015-04-17,corp_bond_ig,-0.028391435002827814,-0.028391435002827814,3,0.0023672240786254406,-1.8365199549479827,1.0017383068516057,-0.7635484034857978
2015-04-17,developed_equity,0.03086670494903876,0.03086670494903876,3,0.0018867382314056158,-0.5847068982212323,-1.5244570952024024,-1.42462945534324
2015-04-17,emerging_equity,0.010538659365318281,0.010538659365318281,3,0.00530611677095294,-1.226461908849028,2.805339998372333,1.14688190946788
2015-04-17,korea_equity,-0.020485086703092015,-0.020485086703092015,3,0.0041269161738455296,-1.5568805113300526,0.4292233795576494,2.507988397820296
2015-04-17,short_treasury,-0.000353259302210418,-0.000353259302210418,3,0.0026420345529913902,-0.7711280061202979,-1.9311386047205572,-1.6312055679970787
2015-04-17,treasury_7_10y,-0.02064598945396201,-0.02064598945396201,3,0.003802867140620947,-0.7219215611625548,2.7728530883588154,-0.8326940059342262
2015-04-20,alternative,0.03911563379087424,0.03911563379087424,3,0.0032876096665859222,-1.1853927056846305,-0.8396943486571556,-0.8553218040564968
2015-04-20,corp_bond_ig,-0.03354386908101681,-0.03354386908101681,3,0.0035324706695973873,-1.6151943810726355,1.005361411358172,-1.2005146218964557
2015-04-20,developed_equity,0.011199951171875,0.011199951171875,3,0.002382123377174139,-0.479770446395527,-0.8199691901753455,-1.6263173644816178
2015-04-20,emerging_equity,0.0011720402540877917,0.0011720402540877917,3,0.005010922905057669,-1.5456964642184583,2.7831508119163204,-0.06718083704835155
2015-04-20,korea_equity,-0.03757084526031118,-0.03757084526031118,3,0.004377650562673807,-1.473934714199594,1.1874834356467792,2.5717847333471395
2015-04-20,short_treasury,-0.000824488531378953,-0.000824488531378953,3,0.0033831854816526175,-0.33829079641470283,-2.2131762070320606,-2.1540894402605986
2015-04-20,treasury_7_10y,-0.025464209175865338,-0.025464209175865338,3,0.004638829734176397,-1.0821431383915623,2.0344052279273703,-0.2689692843478305
2015-04-21,alternative,0.03127638928820131,0.03127638928820131,3,0.003948960453271866,-1.115339014585242,0.03378608814830643,-0.8406571640333111
2015-04-21,corp_bond_ig,-0.03847417869318548,-0.03847417869318548,3,0.00290868291631341,-1.8451229335753006,0.7402923447004338,-1.3600402520005954
2015-04-21,developed_equity,0.033458243564740586,0.033458243564740586,3,0.001456290716305375,-1.2772217772049475,-0.4364880641368616,-1.6106437321809666
2015-04-21,emerging_equity,-0.0030296217333374287,-0.0030296217333374287,3,0.005049719009548426,-1.4732012613129615,2.758179152254947,-0.1446004868424207
2015-04-21,korea_equity,-0.0304361812122802,-0.0304361812122802,3,0.005448181182146072,-1.3788557044803675,1.8182177097290202,2.072344104611042
2015-04-21,short_treasury,-0.0015308202569592755,-0.0015308202569592755,3,0.0033995977137237787,-0.4472920974727322,-1.5259639659452129,-2.167065927957076
2015-04-21,treasury_7_10y,-0.027729175970591657,-0.027729175970591657,3,0.00423922436311841,-0.5980100300794914,2.2875696346555805,-0.967093493015165
2015-04-22,alternative,0.03201350589263097,0.03201350589263097,3,0.003857506439089775,-1.2115612905248347,0.4591584565293661,-1.2360686731223427
2015-04-22,corp_bond_ig,-0.03104617386905617,-0.03104617386905617,3,0.003089272417128086,-1.6628174019659765,1.0591602738616057,-1.2532298757140925
2015-04-22,developed_equity,0.021741993155628192,0.021741993155628192,3,0.0014989492483437061,-1.3190238005230799,-0.7261230265990597,-2.118021393020643
2015-04-22,emerging_equity,-0.014295571758221937,-0.014295571758221937,3,0.00490550696849823,-1.524644088796507,2.81908917840651,-0.4375392055325913
2015-04-22,korea_equity,-0.03246121416297576,-0.03246121416297576,3,0.005941583309322596,-1.4166563104807142,2.3579164373775185,1.6051007615253643
2015-04-22,short_treasury,-0.00035355073466525333,-0.00035355073466525333,3,0.0039104740135371685,-0.23973353138940268,-2.385401823716738,-2.3409825792559715
2015-04-22,treasury_7_10y,-0.01992217904334248,-0.01992217904334248,3,0.004830462392419577,-0.7692467070524165,2.0418903794615035,-0.2860450981084646
2015-04-23,alternative,0.03703698470922934,0.03703698470922934,3,0.004459157586097717,-0.4252867972651494,0.28877983177930133,-1.6452808641484313
2015-04-23,corp_bond_ig,-0.028907878107131135,-0.028907878107131135,3,0.0038129081949591637,-1.3164183890220928,0.9255977577511949,-1.5813971830145372
2015-04-23,developed_equity,0.02005304708683786,0.02005304708683786,3,0.0018731285817921162,-1.063732803864035,-1.242097470722775,-1.8182668887443982
2015-04-23,emerging_equity,-0.024948505077808436,-0.024948505077808436,3,0.005704731680452824,-0.7123117982334275,2.9459084205050474,-0.7618115786815581
2015-04-23,korea_equity,-0.053242189631444004,-0.053242189631444004,3,0.00576635729521513,-0.31577229480060465,2.507931909510707,4.822202299423318
2015-04-23,short_treasury,-0.00047120880922302266,-0.00047120880922302266,3,0.004044441971927881,-0.11191136080730393,-2.1243284427436744,-2.485338380740737
2015-04-23,treasury_7_10y,-0.017090055188185627,-0.017090055188185627,3,0.005209770519286394,-0.843746106220411,1.8523519195832192,-0.9300625478442007
2015-04-24,alternative,0.03613447942653614,0.03613447942653614,3,0.004737992770969868,-0.3764140793975069,-0.11747772937970029,-1.8636468261163213
2015-04-24,corp_bond_ig,-0.03140155895527541,-0.03140155895527541,3,0.004038047045469284,-1.0260337055329685,0.4776481419106939,-2.125457703814486
2015-04-24,developed_equity,0.013885154512385256,0.013885154512385256,3,0.001995248021557927,-0.9079875155950263,-1.9897265524905114,-1.6907574789423616
2015-04-24,emerging_equity,-0.02531349679086936,-0.02531349679086936,3,0.004890189040452242,-1.2216741253597887,2.2684965647083093,-1.0909163870968859
2015-04-24,korea_equity,-0.04422095282174332,-0.04422095282174332,3,0.006173003930598497,-0.7851157001705676,2.7961710238860205,1.9218722400285526
2015-04-24,short_treasury,-0.0015308202569592755,-0.0015308202569592755,3,0.003874721471220255,-0.0334024537759777,-3.096880767129982,-3.1675111034668753
2015-04-24,treasury_7_10y,-0.022737675170390048,-0.022737675170390048,3,0.005306279752403498,-0.28347197540884966,2.1586328602132405,-1.0722034619170473
2015-04-27,alternative,0.02092050209205021,0.02092050209205021,3,0.0036847719457000494,-0.7974485659904499,-0.8345028997117995,-1.4302064071833342
2015-04-27,corp_bond_ig,-0.02640670573331827,-0.02640670573331827,3,0.004380643367767334,-0.8255313965289185,0.07999223485637617,-2.417064265684247
2015-04-27,developed_equity,0.00026471594948440647,0.00026471594948440647,3,0.0019169982988387346,-0.7987194126264157,-3.5077663712871288,-1.08291394334485
2015-04-27,emerging_equity,-0.04452519454999182,-0.04452519454999182,3,0.004143127240240574,-0.6425124257267429,3.02645407976222,-0.5974075142542797
2015-04-27,korea_equity,-0.06048517275385645,-0.06048517275385645,3,0.005409631412476301,-1.4208727787668485,2.618687486572301,0.627979745061616
2015-04-27,short_treasury,-0.0012954964739996244,-0.0012954964739996244,3,0.00388783379457891,-0.10396108030812254,-2.8236270001696147,-3.4295122956966253
2015-04-27,treasury_7_10y,-0.015120776355263876,-0.015120776355263876,3,0.005093283485621214,-0.4801562278366477,1.7190593719418865,-1.850490691139492
2015-04-28,alternative,0.020850708658751715,0.020850708658751715,3,0.003850718028843403,-0.3678108799994181,-0.7203499419733677,-2.458640706429178
2015-04-28,corp_bond_ig,-0.019612671209957355,-0.019612671209957355,3,0.0046466318890452385,-0.9492333376723426,-0.007349242260973371,-1.6075783051344121
2015-04-28,developed_equity,0.005814754222986496,0.005814754222986496,3,0.0016898899339139462,-0.5756805438984592,-3.356101839726743,-1.5763456396064963
2015-04-28,emerging_equity,-0.04581538786057604,-0.04581538786057604,3,0.003364626783877611,-1.1427056792417996,2.3036447999741703,-0.5255157216031169
2015-04-28,korea_equity,-0.0771801155688151,-0.0771801155688151,3,0.005221989471465349,-1.4751967752441322,2.9561893695189454,-0.11476441345681145
2015-04-28,short_treasury,-0.0007070246971412342,-0.0007070246971412342,3,0.004009676165878773,0.1891550017615831,-1.84422829095889,-2.9066710028606737
2015-04-28,treasury_7_10y,-0.011115199688944477,-0.011115199688944477,3,0.004264951683580875,-1.2390341601032038,0.38697717606889365,-1.1796654737494632
2015-04-29,alternative,0.02589813018003717,0.02589813018003717,3,0.003564311657100916,-1.3454515128576252,0.6863745546672789,-1.342091313858167
2015-04-29,corp_bond_ig,-0.013517983700699565,-0.013517983700699565,3,0.008744759485125542,5.591666771935233,7.037074022146248,-3.075246029351831
2015-04-29,developed_equity,0.00732068510401529,0.00732068510401529,3,0.002168472856283188,-0.8651777576114479,-2.421576900422209,-1.4297504430483077
2015-04-29,emerging_equity,-0.04639412988719749,-0.04639412988719749,3,0.004213232081383467,-0.737729730706508,2.304169927533382,-0.7733930820897089
2015-04-29,korea_equity,-0.0666558636934027,-0.0666558636934027,3,0.004625686444342136,-1.788689419608425,2.548008363073404,-0.2662185240397521
2015-04-29,short_treasury,-0.00035342578072083963,-0.00035342578072083963,3,0.0029865338001400232,-0.8294150902999674,-2.7851619816444857,-3.2069274143080326
2015-04-29,treasury_7_10y,-0.006507967312484153,-0.006507967312484153,3,0.004704739432781935,-0.9332922898464721,0.9849687071539089,-1.3953243222213167
2015-04-30,alternative,0.026868216781144927,0.026868216781144927,3,0.0031901109032332897,-1.627218896411477,0.17551603140038272,-1.0427264163644636
2015-04-30,corp_bond_ig,-0.013923676541157892,-0.013923676541157892,3,0.011001937091350555,7.430124810643649,6.984109656705259,-2.857732847776103
2015-04-30,developed_equity,0.0042792150313970545,0.0042792150313970545,3,0.0029961587861180305,-1.433935234954851,-3.177668595169312,0.06517886996429761
2015-04-30,emerging_equity,-0.04104482491580841,-0.04104482491580841,3,0.0051010726019740105,-0.3973552822215888,1.7380513071497952,-0.796612043561104
2015-04-30,korea_equity,-0.05509234972636701,-0.05509234972636701,3,0.004609106108546257,-1.6178559691382322,2.436166739275584,-0.9611045878168867
2015-04-30,short_treasury,0.0,0.0,3,0.0032048248685896397,-0.7081770232387417,-3.1418918071109165,-2.984675700386783
2015-04-30,treasury_7_10y,-0.0056728412282749385,-0.0056728412282749385,3,0.006153412163257599,0.6963225540199978,3.075599955697888,-2.0969703779096465
2015-05-01,alternative,0.022575289398694576,0.022575289398694576,3,0.0032615342643111944,-1.5838419752862138,0.4502509888692507,-1.9613047613861543
2015-05-01,corp_bond_ig,-0.014039497366880815,-0.014039497366880815,3,0.013638041913509369,9.652643548394394,7.4237309971226715,-1.8565436009882088
2015-05-01,developed_equity,0.005196527298999332,0.005196527298999332,3,0.003171221585944295,-1.3383729454434383,-3.107108766010509,-0.49044796160350224
2015-05-01,emerging_equity,-0.050533155679619135,-0.050533155679619135,3,0.005809559486806393,-0.26317537952254677,1.6310375492016551,-0.6084877029431175
2015-05-01,korea_equity,-0.0640941494232391,-0.0640941494232391,3,0.0037352154031395912,-1.8698718191657222,2.1230010578731258,-0.9430453336261287
2015-05-01,short_treasury,-0.00023589943090840393,-0.00023589943090840393,3,0.00339357927441597,-0.5213077979866981,-2.745516922266766,-2.378353715186005
2015-05-01,treasury_7_10y,-0.004682524870911919,-0.004682524870911919,3,0.008027114905416965,2.658373962687618,3.971262586562515,-1.9989931191341475
2015-05-04,alternative,0.02581181110330366,0.02581181110330366,3,0.0038345635402947664,-1.3770662631880946,0.7539879250403588,-1.9189994429943078
2015-05-04,corp_bond_ig,-0.015939945977168968,-0.015939945977168968,3,0.013751693069934845,8.427637382315408,6.476269177753977,-1.6323656094805936
2015-05-04,developed_equity,-0.0017144254209849885,-0.0017144254209849885,3,0.0022540618665516376,-1.3547478417487366,-2.9546260631576238,-2.268672260655753
2015-05-04,emerging_equity,-0.05231621317573065,-0.05231621317573065,3,0.005473667755723,0.17670540358308154,2.2605675979736017,-0.7998040322136403
2015-05-04,korea_equity,-0.07474060615341338,-0.07474060615341338,3,0.004292662255465984,-1.2308257229374369,2.392414910111367,-1.0481230292309718
2015-05-04,short_treasury,-0.0003538491463626059,-0.0003538491463626059,3,0.004696768708527088,0.13130372918999203,-3.318582081856725,-1.8697212970010715
2015-05-04,treasury_7_10y,-0.009572040788622949,-0.009572040788622949,3,0.010116904973983765,2.7699057078860694,1.9310908095966348,-1.112529716792463
2015-05-05,alternative,0.042893174168808335,0.042893174168808335,3,0.004983306862413883,-0.8037254271416886,1.0109685573218277,-2.0645174238169304
2015-05-05,corp_bond_ig,-0.02061335122742247,-0.02061335122742247,3,0.013149019330739975,8.246535333861233,6.802873040778783,-1.8508888874222056
2015-05-05,developed_equity,0.009350747295417294,0.009350747295417294,3,0.0031417906284332275,-0.7151013674748473,-4.345235174307116,-3.277828701633685
2015-05-05,emerging_equity,-0.04683127696374256,-0.04683127696374256,3,0.0065635573118925095,0.2376877794983279,2.8505311355945273,-0.6078704631646908
2015-05-05,korea_equity,-0.07018692704863727,-0.07018692704863727,3,0.003947883378714323,-1.0606506571902667,2.1971794118178942,-0.930072943923885
2015-05-05,short_treasury,-0.00047182019466029956,-0.00047182019466029956,3,0.006403991021215916,1.3054986434994114,-2.2338239160393627,-1.8996313242744622
2015-05-05,treasury_7_10y,-0.01635643832199485,-0.01635643832199485,3,0.011428244411945343,4.88329153616768,3.235347422510154,-0.989002644300531
2015-05-06,alternative,0.040609163922903146,0.040609163922903146,3,0.004439708776772022,-0.807835401768267,0.6766531229435511,-2.317183607657417
2015-05-06,corp_bond_ig,-0.011284590396802296,-0.011284590396802296,3,0.01315971091389656,6.7635751638534165,5.841289217978373,-1.3644668945421423
2015-05-06,developed_equity,0.004026243641958027,0.004026243641958027,3,0.0030628975946456194,-0.5364682558267946,-4.532488484452328,-3.6187406752206424
2015-05-06,emerging_equity,-0.04953995056281857,-0.04953995056281857,3,0.006344375666230917,0.4976986522574232,2.483795986277657,-1.6278613130885233
2015-05-06,korea_equity,-0.0669427871247168,-0.0669427871247168,3,0.004444917663931847,-1.2188283868398242,1.8883718025122003,-1.277748704719003
2015-05-06,short_treasury,0.0,0.0,3,0.006382511928677559,2.190158383937849,-1.4103685677210254,-1.387825453509959
2015-05-06,treasury_7_10y,-0.006706962784612247,-0.006706962784612247,3,0.012931587174534798,5.243276922890059,3.1036988955227423,-0.5751631738192635
2015-05-07,alternative,0.03293920165217634,0.03293920165217634,3,0.0043481262400746346,-0.8576582317581937,1.5609611717190128,-2.1608173969174747
2015-05-07,corp_bond_ig,-0.02019774657876494,-0.02019774657876494,3,0.01412978395819664,8.021224376464506,5.886528417611965,-1.2219901373421616
2015-05-07,developed_equity,-0.0008022136363057264,-0.0008022136363057264,3,0.0027226333040744066,-1.0586919828298145,-3.725253656408407,-2.8891028376848737
2015-05-07,emerging_equity,-0.052445100984485626,-0.052445100984485626,3,0.006012727972120047,0.0383666627566909,2.4230596971013343,-1.4113670695187133
2015-05-07,korea_equity,-0.06481324721525816,-0.06481324721525816,3,0.005066022276878357,-1.0460015646981076,1.6122830598012994,0.1254508675254129
2015-05-07,short_treasury,-0.0005902154277306337,-0.0005902154277306337,3,0.006797772366553545,1.4096165592655188,-0.43275032841828415,-0.21790102518937363
2015-05-07,treasury_7_10y,-0.018060372618173615,-0.018060372618173615,3,0.012673502787947655,5.717191236975272,4.031256792141995,-0.4916911219721041
2015-05-08,alternative,0.017529202175510905,0.017529202175510905,3,0.00482439948245883,-0.8595698081805291,0.8170814033093813,-1.9809418962882543
2015-05-08,corp_bond_ig,-0.02646837634935184,-0.02646837634935184,3,0.013884283602237701,7.141097731800318,5.160807189156685,-0.2186403849406582
2015-05-08,developed_equity,-0.02084150181430855,-0.02084150181430855,3,0.002737377304583788,-0.9228831989833746,-3.6150757979618695,-3.539461597894529
2015-05-08,emerging_equity,-0.06461396143640852,-0.06461396143640852,3,0.00507726427167654,-0.45452878051954837,2.055124334697228,-0.9413834771999209
2015-05-08,korea_equity,-0.0683560937881299,-0.0683560937881299,3,0.00581384589895606,-0.6851614834166176,1.5004463165607518,0.8386865062050302
2015-05-08,short_treasury,-0.0014143696648641901,-0.0014143696648641901,3,0.007221858017146587,3.612537723481709,-1.4702965127522687,-0.39675287399247394
2015-05-08,treasury_7_10y,-0.020427288982759806,-0.020427288982759806,3,0.01327538676559925,5.804078999239204,4.201547100756491,0.05805257766507053
2015-05-11,alternative,0.01087868662558833,0.01087868662558833,3,0.005110997706651688,-0.6506223214884885,1.5362415132942624,-1.6488880965533574
2015-05-11,corp_bond_ig,-0.020965972938541633,-0.020965972938541633,3,0.01380496472120285,6.514207966254021,4.420689379061456,-0.27339025691633967
2015-05-11,developed_equity,-0.01810257321693398,-0.01810257321693398,3,0.002932456089183688,-0.9483457834231922,-3.5946111010037565,-3.3423001560963934
2015-05-11,emerging_equity,-0.06123406806835985,-0.06123406806835985,3,0.004506285768002272,-1.045385356790637,0.6174152385062098,-0.9391788169047284
2015-05-11,korea_equity,-0.05973670605967185,-0.05973670605967185,3,0.006167719140648842,-0.4716085510091538,1.2360850589313854,0.8823495502238029
2015-05-11,short_treasury,-0.0009438630136665571,-0.0009438630136665571,3,0.008389127440750599,4.067420961035937,-1.6636976287647756,-0.4564685934722673
2015-05-11,treasury_7_10y,-0.013911244877215623,-0.013911244877215623,3,0.011625410988926888,4.715172809529185,3.2669169491761196,0.1855282849818198
2015-05-12,alternative,0.026800644115139383,0.026800644115139383,3,0.005052327178418636,-0.7371269944836077,1.2833028266096667,-1.3661200864493055
2015-05-12,corp_bond_ig,-0.022186336483279723,-0.022186336483279723,3,0.011605825275182724,4.392440872967856,3.1766460326669175,-0.021584584069510603
2015-05-12,developed_equity,0.0023917127300894236,0.0023917127300894236,3,0.0026660682633519173,-1.3374015602294942,-2.6200811822185748,-2.582380018570869
2015-05-12,emerging_equity,-0.04442346601304836,-0.04442346601304836,3,0.00563527038320899,-0.4052391580813829,0.010263799612572249,-0.10568165819062388
2015-05-12,korea_equity,-0.0511219631499088,-0.0511219631499088,3,0.0077139269560575485,0.22034791080448676,1.041026377368297,1.3961857751645443
2015-05-12,short_treasury,-0.0012975461284984169,-0.0012975461284984169,3,0.007407025899738073,3.9402921419358203,-2.3663079570480985,0.31256165763147625
2015-05-12,treasury_7_10y,-0.01843968745382696,-0.01843968745382696,3,0.010411115363240242,3.427945144770695,2.0073024586500825,0.7218760802890082
2015-05-13,alternative,0.020798669413248705,0.020798669413248705,3,0.00707077793776989,0.39555943198745447,2.1051424541987864,-1.2506553981356023
2015-05-13,corp_bond_ig,-0.012592493345620515,-0.012592493345620515,3,0.010289125144481659,3.2107103311497696,3.022732726000154,0.7112530932765019
2015-05-13,developed_equity,-0.002773097907805111,-0.002773097907805111,3,0.0024708902928978205,-1.2831357518755877,-2.708489256610144,-2.1234056169494977
2015-05-13,emerging_equity,-0.0509433907943081,-0.0509433907943081,3,0.006489452440291643,-0.07968528112949738,-0.3259521774618195,0.8212017612222001
2015-05-13,korea_equity,-0.06136820732508874,-0.06136820732508874,3,0.0074147991836071014,0.34514385931712066,0.5088950108564093,2.389024522789762
2015-05-13,short_treasury,-0.0015328057677180817,-0.0015328057677180817,3,0.007484029047191143,2.9487614595891856,-3.34733198421589,1.071377471192184
2015-05-13,treasury_7_10y,-0.00937409201825612,-0.00937409201825612,3,0.009095288813114166,2.6888069266449923,1.8641226034707359,1.518693508089267
2015-05-14,alternative,0.010717192000470055,0.010717192000470055,4,0.001509462483227253,-1.9417760067662881,0.3693228406097868,1.5661477756473448
2015-05-14,corp_bond_ig,-0.017637597097194258,-0.017637597097194258,4,0.011050859466195107,4.437748033589435,2.9629038875518874,-0.4840885988612997
2015-05-14,developed_equity,-0.016909174204306376,-0.016909174204306376,4,0.003226369386538863,0.23263129637164506,-3.170460072788059,-0.22708010728972286
2015-05-14,emerging_equity,-0.06025217269371619,-0.06025217269371619,4,0.0036111718509346247,-0.6733412890752888,1.9576629906632401,-0.2272363434760908
2015-05-14,korea_equity,-0.08155149733660416,-0.08155149733660416,4,0.005323411896824837,0.003720915096292393,2.345172946197521,0.36752848665185195
2015-05-14,short_treasury,-0.002709338310669218,-0.002709338310669218,4,0.009834710508584976,3.9815288727108666,1.7209469396603994,-0.3505626848601788
2015-05-14,treasury_7_10y,-0.013305686947882145,-0.013305686947882145,4,0.010029014199972153,3.5558572404086912,2.7646960050848484,0.049229523185685
2015-05-15,alternative,-0.002459041407851026,-0.002459041407851026,4,-0.00042675435543060303,-3.0424928898647634,0.1612874729103197,0.24315503762178706
2015-05-15,corp_bond_ig,-0.024589458264802744,-0.024589458264802744,4,0.010249007493257523,3.691498347843239,2.2925445616162334,-0.3798548284522865
2015-05-15,developed_equity,-0.02471243378772192,-0.02471243378772192,4,0.0019713544752448797,-0.5588456984728168,-3.6729851930472286,-0.5801236523684411
2015-05-15,emerging_equity,-0.0778679140564208,-0.0778679140564208,4,0.004332761745899916,-0.054785254816510295,1.8446148999961691,-0.7304899508835287
2015-05-15,korea_equity,-0.07746362778409233,-0.07746362778409233,4,0.004191671032458544,-0.6129409319923209,2.8016358432761663,-0.40921039269400145
2015-05-15,short_treasury,-0.0022382193753369695,-0.0022382193753369695,4,0.012096120044589043,5.199370978814618,1.4473094628252479,0.4112980553791563
2015-05-15,treasury_7_10y,-0.017989372603304576,-0.017989372603304576,4,0.010460758581757545,3.796302186357637,2.311751881161704,0.32830190978954144
2015-05-18,alternative,-0.007364925687073032,-0.007364925687073032,4,-0.0004663313739001751,-3.1494600337640275,0.24253437173320774,0.22678333275259394
2015-05-18,corp_bond_ig,-0.014596008526483017,-0.014596008526483017,4,0.01051851361989975,3.9669346836734296,2.1251064782460953,-0.33227657364150504
2015-05-18,developed_equity,-0.014108646446355788,-0.014108646446355788,4,0.003293602727353573,1.026683745390428,-4.920613775161813,-1.9462516225674635
2015-05-18,emerging_equity,-0.06813392436877963,-0.06813392436877963,4,0.004542980343103409,0.07181250030739293,1.8169983184071863,-1.0730741319552988
2015-05-18,korea_equity,-0.07824333673230566,-0.07824333673230566,4,0.004904139321297407,-0.29667475222767703,2.473341327038306,-0.23513097734467028
2015-05-18,short_treasury,-0.0012964755505052716,-0.0012964755505052716,4,0.01133677177131176,4.369200849663851,1.5867276032864146,0.13901335693858757
2015-05-18,treasury_7_10y,-0.007546486516713413,-0.007546486516713413,4,0.010898478329181671,3.867402680367277,2.033372572151575,0.3041546829562156
2015-05-19,alternative,-0.004098360655737654,-0.004098360655737654,4,-0.0006529707461595535,-2.9778543515252847,0.03843299116008053,0.2815316188759424
2015-05-19,corp_bond_ig,-0.009384851827601626,-0.009384851827601626,4,0.008933831006288528,2.629801454501954,2.0440337840121483,-0.35431195908587604
2015-05-19,developed_equity,-0.02861951631101689,-0.02861951631101689,4,0.0032407480757683516,0.8718337801108956,-4.118216082427802,-1.0590682602739037
2015-05-19,emerging_equity,-0.06404857274319375,-0.06404857274319375,4,0.0037763994187116623,0.1913834198144392,0.8262508026607697,-1.777129038578896
2015-05-19,korea_equity,-0.07235187838460733,-0.07235187838460733,4,0.004875431768596172,-0.31338270847070965,1.649828977610722,-0.21476440031283375
2015-05-19,short_treasury,0.0,0.0,4,0.010937709361314774,4.24588797327736,1.7619068050087299,-0.6359919199606187
2015-05-19,treasury_7_10y,-0.0025583122050287788,-0.0025583122050287788,4,0.009620677679777145,2.7577346063470447,1.9431243543102077,0.526944168917106
2015-05-20,alternative,-0.003265318578603349,-0.003265318578603349,4,-0.0013123946264386177,-3.1980933075306828,-0.6248997096916965,0.043149853446735865
2015-05-20,corp_bond_ig,-0.012356173558553118,-0.012356173558553118,4,0.008099623024463654,2.0598851010078927,1.747751804453236,-0.8467886409096114
2015-05-20,developed_equity,-0.022323748283759715,-0.022323748283759715,4,0.004823318216949701,1.6591906037492612,-4.264842076015299,-1.9445379492174242
2015-05-20,emerging_equity,-0.05473684567457049,-0.05473684567457049,4,0.0038484339602291584,-0.1344584084581328,0.27763389331537847,-0.7445847017538288
2015-05-20,korea_equity,-0.06860291471907087,-0.06860291471907087,4,0.004108510911464691,-1.0602663611012255,1.6718552200195862,-0.2393479422172383
2015-05-20,short_treasury,-0.00011792190835246963,-0.00011792190835246963,4,0.009490549564361572,3.435686058826231,0.6940699983988966,0.2603972818270199
2015-05-20,treasury_7_10y,-0.005483541836702854,-0.005483541836702854,4,0.008475791662931442,2.058727622289439,1.4515669893994645,0.153205016540666
2015-05-21,alternative,-0.04301944442896266,-0.04301944442896266,4,-0.0001318543218076229,-2.1980980008536326,-1.0729281220657114,0.2484327345143079
2015-05-21,corp_bond_ig,-0.011788711524649442,-0.011788711524649442,4,0.005633542779833078,0.7939301532368275,1.305131471952421,-0.7800198892345842
2015-05-21,developed_equity,-0.018617372095148466,-0.018617372095148466,4,0.003673930186778307,1.438183951571841,-4.7945034611305095,-1.0218772378084011
2015-05-21,emerging_equity,-0.059624347225577634,-0.059624347225577634,4,0.0021510678343474865,-1.2532733595275725,-0.346936390154189,-0.9142543451636577
2015-05-21,korea_equity,-0.06513347470190367,-0.06513347470190367,4,0.002762514166533947,-1.7605568974650194,1.3852022110567916,-0.5635588634352034
2015-05-21,short_treasury,-0.00023567051769013414,-0.00023567051769013414,4,0.00810163002461195,2.743801887196175,1.086205368395306,-0.3676312659624929
2015-05-21,treasury_7_10y,-0.006109036809748614,-0.006109036809748614,4,0.0064867096953094006,0.8057028356030153,0.9268771053589507,0.04549720899366117
2015-05-22,alternative,-0.03487431423625187,-0.03487431423625187,4,-0.0003141113556921482,-2.4268016674597352,-0.9459070199799079,0.5081155964518419
2015-05-22,corp_bond_ig,-0.018925598933037246,-0.018925598933037246,4,0.005315646529197693,0.7311720705409097,1.2048890877294582,-1.925054766727852
2015-05-22,developed_equity,-0.015651453983316244,-0.015651453983316244,4,0.003805335611104965,1.5674751812510235,-4.659542342112887,-1.1810338275522392
2015-05-22,emerging_equity,-0.04913435204370564,-0.04913435204370564,4,0.0016654923092573881,-1.2550836625584705,-0.3278672452499645,-1.4000795284063354
2015-05-22,korea_equity,-0.05762486762133712,-0.05762486762133712,4,0.001349488738924265,-2.379784722103353,0.9526797146047911,-1.00976551606027
2015-05-22,short_treasury,-0.00023592725846133256,-0.00023592725846133256,4,0.007730322424322367,2.210083006617787,0.6794363604551635,-0.036879276826156805
2015-05-22,treasury_7_10y,-0.012245695242207422,-0.012245695242207422,4,0.005841345991939306,0.8908592414412626,0.5080026038263924,-0.5440707911769417
2015-05-26,alternative,-0.020491803278688492,-0.020491803278688492,4,-0.0006428840570151806,-2.768446395864868,-1.9044952670829982,-0.12458482421174367
2015-05-26,corp_bond_ig,-0.025433055978354324,-0.025433055978354324,4,0.005112977232784033,0.7004852024694717,0.760077808559599,-2.853028545316737
2015-05-26,developed_equity,0.0003970193259152932,0.0003970193259152932,4,0.003724250476807356,1.325644681511646,-3.680941170928483,-1.2288557129502278
2015-05-26,emerging_equity,-0.02425107999191345,-0.02425107999191345,4,0.0014336328022181988,-1.2908579715018635,0.804139265315004,-2.286908750881293
2015-05-26,korea_equity,-0.03499231520247281,-0.03499231520247281,4,0.0017379829660058022,-1.9101565841402326,1.4431606859039083,-1.7566936079721724
2015-05-26,short_treasury,-0.0005896586079989774,-0.0005896586079989774,4,0.00690718088299036,2.0227674338007042,-0.15376305249412692,-0.260507402400353
2015-05-26,treasury_7_10y,-0.021344306176845573,-0.021344306176845573,4,0.004830832593142986,0.4531398476197527,0.745263115300088,-1.6306340492759004
2015-05-27,alternative,-0.031045776179621898,-0.031045776179621898,4,-0.00021159788593649864,-2.3725545730500124,-2.0450104178754396,0.18994073912422535
2015-05-27,corp_bond_ig,-0.023719064148221558,-0.023719064148221558,4,0.003224023850634694,-0.09440360821683778,-0.9002425381444413,-4.335794866370476
2015-05-27,developed_equity,-0.015109729557964302,-0.015109729557964302,4,0.004518917296081781,1.8533698032533965,-3.6053481886844305,-0.7901831398659254
2015-05-27,emerging_equity,-0.03137627060612069,-0.03137627060612069,4,0.005220409948378801,0.5710498434010005,2.191624802645548,-1.7794649525174357
2015-05-27,korea_equity,-0.028798102005620274,-0.028798102005620274,4,0.005690114572644234,-0.2523943932066841,2.9988531861633265,0.5598080498746324
2015-05-27,short_treasury,-0.00023578167246840476,-0.00023578167246840476,4,0.005991791840642691,1.463204481283314,-0.5708176329253558,0.07580391386060582
2015-05-27,treasury_7_10y,-0.017890629673013136,-0.017890629673013136,4,0.003526767250150442,0.11410708415601843,-0.22218293607961126,-2.1620443744243167
2015-05-28,alternative,-0.03175896929119071,-0.03175896929119071,4,0.0008649709634482861,-2.0442763830257538,-2.132172631172352,0.6633393834912874
2015-05-28,corp_bond_ig,-0.02326171520558573,-0.02326171520558573,4,0.003955391235649586,0.4176512572163542,-0.5734155793333356,-2.092495598001986
2015-05-28,developed_equity,-0.02272728876542429,-0.02272728876542429,4,0.004788837395608425,1.9699095250664693,-3.574289868617791,-0.48024758547635177
2015-05-28,emerging_equity,-0.02914255951667266,-0.02914255951667266,4,0.008638438768684864,1.9003822150877239,1.8032714998724992,1.6893461113592976
2015-05-28,korea_equity,-0.03026110919229219,-0.03026110919229219,4,0.0061850519850850105,-0.2056701124183319,2.912817418819399,0.8852449050888412
2015-05-28,short_treasury,-0.0009428619032808561,-0.0009428619032808561,4,0.004909162875264883,1.5740401451495247,-1.559359868244512,0.06799697474643625
2015-05-28,treasury_7_10y,-0.02124278738064167,-0.02124278738064167,4,0.0030313380993902683,-0.18269299615265697,-0.5875043394922533,-1.6173654343975221
2015-05-29,alternative,-0.029435862744762953,-0.029435862744762953,4,0.0009046690538525581,-2.158553438675052,-2.3201940559618017,0.9469614229291231
2015-05-29,corp_bond_ig,-0.028155866205948676,-0.028155866205948676,4,0.003203742438927293,-0.032128395056659174,-1.569884084599996,-3.5798113569189147
2015-05-29,developed_equity,-0.011584489145992416,-0.011584489145992416,4,0.005577761679887772,2.1358796306972123,-3.042753548469419,-0.783676948592659
2015-05-29,emerging_equity,-0.02893965607052218,-0.02893965607052218,4,0.008453059941530228,1.1821795159518667,3.1518557072054993,1.8871511020356613
2015-05-29,korea_equity,-0.034948105266902285,-0.034948105266902285,4,0.0040498943999409676,-1.062694101805007,2.23546697848642,0.3102920556339726
2015-05-29,short_treasury,-0.0017674269002535548,-0.0017674269002535548,4,0.004561491776257753,0.8067954486593409,-1.693690920934789,0.2465157179290525
2015-05-29,treasury_7_10y,-0.02646840515824722,-0.02646840515824722,4,0.0015812371857464314,-0.8201621375818082,-0.8907840682132947,-2.165598575491915
2015-06-01,alternative,-0.05805401411568967,-0.05805401411568967,4,0.000899776816368103,-2.1755930232622354,-2.511976048259238,1.7562187420326774
2015-06-01,corp_bond_ig,-0.011425616915398451,-0.011425616915398451,4,0.0038473086897283792,0.10447459688033266,-1.278070489031042,-4.9418213758327445
2015-06-01,developed_equity,-0.04255035764302684,-0.04255035764302684,4,0.005640979390591383,2.392869793415675,-2.951130954948975,-1.555087947720968
2015-06-01,emerging_equity,-0.046874956344253316,-0.046874956344253316,4,0.008463943377137184,1.2179609168319376,2.9437432526648055,1.7152333334322603
2015-06-01,korea_equity,-0.04157933260527091,-0.04157933260527091,4,0.0047979168593883514,-0.42967063586656273,2.306148458973946,0.4397054682528528
2015-06-01,short_treasury,0.0009436403893205991,0.0009436403893205991,4,0.005719327833503485,1.6583272147852004,-1.3306194105174238,-0.5680955972212703
2015-06-01,treasury_7_10y,-0.009220885762091124,-0.009220885762091124,4,0.001972273690626025,-0.7509518981093103,-0.19641403948263791,-2.854559170749378
2015-06-02,alternative,-0.059253211064851596,-0.059253211064851596,4,0.0024902825243771076,-1.2838014090111127,-1.203799410307282,1.580839058459938
2015-06-02,corp_bond_ig,-0.008227623259871364,-0.008227623259871364,4,0.0026911364402621984,-0.06155809132835717,-1.298112310969902,-3.1540307566056582
2015-06-02,developed_equity,-0.0462351405693322,-0.0462351405693322,4,0.006463880185037851,2.8763298022601744,-3.3128122529314945,-1.250466798097713
2015-06-02,emerging_equity,-0.036478600169342124,-0.036478600169342124,4,0.009656614623963833,2.0675629619089047,2.9518070551659075,1.5637021000796574
2015-06-02,korea_equity,-0.03434377247158826,-0.03434377247158826,4,0.004685760010033846,-0.5135440942942872,2.4510050323105887,0.5664361942906282
2015-06-02,short_treasury,0.0010617431974679903,0.0010617431974679903,4,0.005658808164298534,1.3085457912466807,-1.267078677354041,-0.30984158581138466
2015-06-02,treasury_7_10y,-0.005021781075414844,-0.005021781075414844,4,0.0009317519143223763,-1.3261629933979087,-0.6441321080820668,-2.4985220506127592
2015-06-03,alternative,-0.06129031027517007,-0.06129031027517007,4,0.0024157194420695305,-0.9445498726556438,-1.671236117361236,1.1604204657177608
2015-06-03,corp_bond_ig,-0.007849595960613076,-0.007849595960613076,4,0.00448199175298214,0.06915699406110877,1.5258965884109035,-1.2770314046060214
2015-06-03,developed_equity,-0.03665956501544865,-0.03665956501544865,4,0.006072526797652245,3.1185383111242797,-3.358497537934993,-1.855031539155599
2015-06-03,emerging_equity,-0.032265942306223705,-0.032265942306223705,4,0.010004239156842232,2.4946323380228845,3.0491910366806194,1.5868277164842826
2015-06-03,korea_equity,-0.017460346827964934,-0.017460346827964934,4,0.005856315139681101,-0.04132954081829,2.1927917450519914,0.7366005784377389
2015-06-03,short_treasury,0.00011803323675496635,0.00011803323675496635,4,0.007119692862033844,2.309226022464196,-0.7837147299427805,-0.8081518387483964
2015-06-03,treasury_7_10y,-0.003249200495735849,-0.003249200495735849,4,0.0029519186355173588,-1.4241310659202628,1.9866702219824988,-0.4292253259120276
2015-06-04,alternative,-0.05691056910569103,-0.05691056910569103,4,0.0022551463916897774,-1.2243394536517476,-1.1790848725741858,1.2087085979053966
2015-06-04,corp_bond_ig,-0.009182182322431509,-0.009182182322431509,4,0.004246917087584734,0.19627188275822974,1.7162359617398613,-1.5933522509592348
2015-06-04,developed_equity,-0.024996593747017015,-0.024996593747017015,4,0.006945142522454262,3.693151727520518,-2.9140658035853417,-2.019441172717378
2015-06-04,emerging_equity,-0.012658280581818282,-0.012658280581818282,4,0.011113048531115055,3.607413453489599,3.0158751414974616,1.4121260743545923
2015-06-04,korea_equity,-0.009589786935851108,-0.009589786935851108,4,0.005605925805866718,0.18460227232145252,2.815417241022823,0.6679857137159633
2015-06-04,short_treasury,0.0015338908957871489,0.0015338908957871489,4,0.006709407549351454,2.3244918185165804,-0.26357505989428576,-0.6584478010982999
2015-06-04,treasury_7_10y,-0.0045649391342657,-0.0045649391342657,4,0.0026788348332047462,-1.2470819869435903,2.157782564578588,-0.25992540156886657
2015-06-05,alternative,-0.0711365851230179,-0.0711365851230179,4,0.0024790712632238865,-1.2443952396458355,-0.625754921313881,0.5272945400685732
2015-06-05,corp_bond_ig,-0.0001725398657898003,-0.0001725398657898003,4,0.0041928417049348354,-0.08853076647432637,2.3314787405747674,-1.9799627363950296
2015-06-05,developed_equity,-0.036531556728216064,-0.036531556728216064,4,0.006216811947524548,3.8534555035833846,-2.4698520094001863,-2.6983601256945353
2015-06-05,emerging_equity,-0.03590133182482713,-0.03590133182482713,4,0.011178264394402504,3.6371645910623527,3.0747559155527644,1.6788162553577533
2015-06-05,korea_equity,-0.03133954146163975,-0.03133954146163975,4,0.007580236066132784,1.017282230579917,3.134718312721411,0.6600754544622071
2015-06-05,short_treasury,0.0027164681930742507,0.0027164681930742507,4,0.011402448639273643,4.523054485334945,2.023402117486207,1.3119168605196103
2015-06-05,treasury_7_10y,0.009771091851946911,0.009771091851946911,4,0.004589846823364496,-1.062184415588207,2.818839631909905,0.44400203711428926
2015-06-08,alternative,-0.073010676082637,-0.073010676082637,4,0.0014946586452424526,-1.9211687264359696,-0.3472023545457321,0.6142883992804701
2015-06-08,corp_bond_ig,0.004660805391702105,0.004660805391702105,4,0.0026541524566709995,-0.7494607077151878,1.647393358055532,-1.4372486052625442
2015-06-08,developed_equity,-0.026673895559626848,-0.026673895559626848,4,0.007787293754518032,3.7356933410171544,-1.3174079998704553,-1.707380090064978
2015-06-08,emerging_equity,-0.0501246483296095,-0.0501246483296095,4,0.010710334405303001,3.387382824167442,3.3516363065251045,1.51826522677654
2015-06-08,korea_equity,-0.03972800963258827,-0.03972800963258827,4,0.0065153734758496284,0.5921017181439958,2.7433276151406747,0.702964355390766
2015-06-08,short_treasury,0.0020065883675148832,0.0020065883675148832,4,0.010742303915321827,4.4294934413307665,1.3665630875135637,1.3075710219031116
2015-06-08,treasury_7_10y,0.011000588442773518,0.011000588442773518,4,0.0028720623813569546,-1.5714766563514002,2.2754793341932373,0.10745152549497682
2015-06-09,alternative,-0.08774839267987411,-0.08774839267987411,4,0.0023375817108899355,-1.5267694332174073,1.0206762391203905,0.26052950947114856
2015-06-09,corp_bond_ig,0.010577434189690038,0.010577434189690038,4,0.004476120229810476,0.33868634050314184,1.778949666578556,-1.764882124428106
2015-06-09,developed_equity,-0.054097655431849856,-0.054097655431849856,4,0.007207520306110382,4.11549427360818,-0.940309597811882,-2.1083068582567486
2015-06-09,emerging_equity,-0.0772704913169221,-0.0772704913169221,4,0.010061031207442284,3.0420666288225564,3.529500746982487,1.1213388369294501
2015-06-09,korea_equity,-0.059583625665655116,-0.059583625665655116,4,0.007375613786280155,1.2789393706436543,2.8644851901938084,0.2322084349666885
2015-06-09,short_treasury,0.00354278519929907,0.00354278519929907,4,0.009676463901996613,4.169546856488026,1.0851361188592594,-0.7000627338300269
2015-06-09,treasury_7_10y,0.018330170038854066,0.018330170038854066,4,0.004619245883077383,-0.46245777911782665,1.8385411612775169,0.3243990436356327
2015-06-10,alternative,-0.08156606953066836,-0.08156606953066836,4,0.002012899611145258,-2.0904697940274715,1.1364359694618673,0.5463222963680684
2015-06-10,corp_bond_ig,0.00660699073542248,0.00660699073542248,4,0.00471687875688076,-0.0893430177324831,2.210508127402981,-0.5180290172509646
2015-06-10,developed_equity,-0.04997354388196207,-0.04997354388196207,4,0.00687787402421236,2.9365052396082,0.0658132323337719,-0.9426658549804049
2015-06-10,emerging_equity,-0.0729475036701368,-0.0729475036701368,4,0.009916288778185844,2.8565696215071026,3.4891089741774715,0.6989728783571713
2015-06-10,korea_equity,-0.056187762324018786,-0.056187762324018786,4,0.007497676182538271,1.3983810974431305,3.213826230499705,-0.208487699758266
2015-06-10,short_treasury,0.003071042943414204,0.003071042943414204,4,0.009303877130150795,3.812600643394062,0.7068107206724735,-0.2554077339047897
2015-06-10,treasury_7_10y,0.015125237463060603,0.015125237463060603,4,0.006080875173211098,0.08842608459789929,2.665039902072802,0.8245013196411325
2015-06-11,alternative,-0.055419686972214555,-0.055419686972214555,4,0.0024642525240778923,-1.651316176633127,1.5171342773476608,0.9268454644845231
2015-06-11,corp_bond_ig,-0.008616975215020029,-0.008616975215020029,4,0.006011695601046085,0.9333215159375909,2.2934591438923424,-0.7359718746749516
2015-06-11,developed_equity,-0.033236157553065526,-0.033236157553065526,4,0.0069841016083955765,3.077964535535944,0.13793423062283083,-1.432970486373786
2015-06-11,emerging_equity,-0.04473168431106289,-0.04473168431106289,4,0.009171374142169952,2.693303653493721,2.9822212692092607,0.4109489986852717
2015-06-11,korea_equity,-0.04287241391223784,-0.04287241391223784,4,0.007119865156710148,1.1218785820277264,3.322053947886842,-0.16471750758952794
2015-06-11,short_treasury,0.0018894193686613825,0.0018894193686613825,4,0.009960001334547997,4.361638698979275,0.6575740374949142,-0.1317025720948279
2015-06-11,treasury_7_10y,0.0001911359447659411,0.0001911359447659411,4,0.010658353567123413,3.8631576045029825,1.8404399824209134,1.1729869021147665
2015-06-12,alternative,-0.046492634740492034,-0.046492634740492034,4,0.002006668597459793,-2.049497965825675,1.5122103476858186,0.7350600888419626
2015-06-12,corp_bond_ig,-0.009063404714656498,-0.009063404714656498,4,0.006436925381422043,1.2478948401371814,2.448624733259323,-0.5863642617420547
2015-06-12,developed_equity,-0.025599975585937518,-0.025599975585937518,4,0.006607372313737869,3.181044903869847,-0.7450826016919894,-1.4550665713998583
2015-06-12,emerging_equity,-0.03827039888896,-0.03827039888896,4,0.00900980457663536,2.2418921913409102,2.932111803330594,0.5375568539078305
2015-06-12,korea_equity,-0.03158274688357954,-0.03158274688357954,4,0.00782747846096754,1.569661452833462,3.0646137950340364,0.1427887561007278
2015-06-12,short_treasury,0.0016536662366233301,0.0016536662366233301,4,0.008205385878682137,3.529145494974867,0.2798641738707056,-1.1162372695523808
2015-06-12,treasury_7_10y,-0.0019127482107115235,-0.0019127482107115235,4,0.010693921707570553,4.206912109807127,2.2752052663638707,0.4599569461229383
2015-06-15,alternative,-0.03533274881010895,-0.03533274881010895,4,0.0025244129355996847,-1.5326275249672807,1.2864324899025608,0.16708924340098344
2015-06-15,corp_bond_ig,-0.008029010536771186,-0.008029010536771186,4,0.007434767670929432,1.8700211282222363,2.418985517086449,-0.3792621241919481
2015-06-15,developed_equity,-0.011797791883935815,-0.011797791883935815,4,0.007027207408100367,2.606747997216338,0.7926097533910742,-1.6860820461692485
2015-06-15,emerging_equity,-0.02563459246781863,-0.02563459246781863,4,0.008852138184010983,2.294833772176373,3.007129413841317,0.07591071867413744
2015-06-15,korea_equity,-0.03518314559635605,-0.03518314559635605,4,0.00847820658236742,2.125486793506793,3.0077560123214275,-0.35343337655447044
2015-06-15,short_treasury,0.0016528854154975736,0.0016528854154975736,4,0.010305376723408699,4.391010268295117,0.5519209975165432,-0.1836136969882934
2015-06-15,treasury_7_10y,-0.0011448823583880552,-0.0011448823583880552,4,0.00964030995965004,3.474061170640027,2.0890767325049957,0.06184511913150229
2015-06-16,alternative,-0.03380054410852895,-0.03380054410852895,4,0.002042841399088502,-2.1519284928392155,1.60479703139392,0.11975719432721574
2015-06-16,corp_bond_ig,-0.007922888189622612,-0.007922888189622612,4,0.007268489804118872,2.0715830306229783,2.2038888691256497,-0.5132560657136347
2015-06-16,developed_equity,-0.014043004808141135,-0.014043004808141135,4,0.006744825281202793,2.7340024038372026,0.3257697274324515,-2.202227290911708
2015-06-16,emerging_equity,-0.03693460889911382,-0.03693460889911382,4,0.006787843070924282,0.9034760792475298,2.5467250834152835,-0.08497187337787872
2015-06-16,korea_equity,-0.03541436053193525,-0.03541436053193525,4,0.006930162198841572,1.0329291979674782,2.635099696505583,-0.2766933247159252
2015-06-16,short_treasury,0.0016523000602122195,0.0016523000602122195,4,0.008950822055339813,3.9959519578183564,0.5176101338088966,-1.251611912378529
2015-06-16,treasury_7_10y,-0.0011406021065134553,-0.0011406021065134553,4,0.007918578572571278,2.726691746462822,2.1113983055343026,-0.5352523918594206
2015-06-17,alternative,-0.024691358024691357,-0.024691358024691357,4,0.00257278885692358,-1.5823241260696175,0.8893407584691372,-0.23110896917816423
2015-06-17,corp_bond_ig,-0.006287170382363483,-0.006287170382363483,4,0.008390183560550213,2.7567078847579327,1.5155032587291672,-0.26640293710120727
2015-06-17,developed_equity,-0.009465392137746886,-0.009465392137746886,4,0.008482842706143856,3.5251660761306804,0.5337612587698835,-1.1665070042945296
2015-06-17,emerging_equity,-0.030719268584215698,-0.030719268584215698,4,0.006231845356523991,0.7449332369558486,2.1193937378334224,-0.6365414230804625
2015-06-17,korea_equity,-0.03275420943848362,-0.03275420943848362,4,0.006366322748363018,0.9875406392192911,2.7747360037363804,-0.9920307675681332
2015-06-17,short_treasury,0.00047176453703778876,0.00047176453703778876,4,0.012016280554234982,5.750529916973659,1.0194617097845846,-0.7001854431162097
2015-06-17,treasury_7_10y,-0.00208980334685982,-0.00208980334685982,4,0.008255906403064728,2.822230666214363,1.975258745776629,-0.7993210226137087
2015-06-18,alternative,-0.0294840173555293,-0.0294840173555293,4,0.002702385187149048,-1.3336997048569155,1.475153333835763,-0.5563179098173142
2015-06-18,corp_bond_ig,-0.0037963972011511027,-0.0037963972011511027,4,0.010204022750258446,3.6720081413250916,1.5260558767032066,-0.027661538527132122
2015-06-18,developed_equity,-0.00814528795998204,-0.00814528795998204,4,0.009031157940626144,3.6444136545068857,0.6819993240004273,-1.4217115375622515
2015-06-18,emerging_equity,-0.040831515271202656,-0.040831515271202656,4,0.006381847895681858,0.7195155919355013,2.14811909787616,-0.5876502033172678
2015-06-18,korea_equity,-0.05107524217004322,-0.05107524217004322,4,0.006080294493585825,1.0446890030920266,1.8059486816530514,-1.088022570066604
2015-06-18,short_treasury,0.0,0.0,4,0.01122567430138588,5.135160887427279,0.9162551975070662,-1.045937313731007
2015-06-18,treasury_7_10y,-0.0012359053122457109,-0.0012359053122457109,4,0.008611684665083885,3.2590976920889756,1.8605695896431576,-0.9475414183450167
2015-06-19,alternative,0.004240882048591521,0.004240882048591521,4,0.006932688876986504,0.6384038990714398,2.5126619067584754,2.2726906910881524
2015-06-19,corp_bond_ig,-0.011414300034133351,-0.011414300034133351,4,0.008986053988337517,2.5916607325194287,2.008353938431285,-0.2986430890343203
2015-06-19,developed_equity,-0.0171133054196132,-0.0171133054196132,4,0.009096095338463783,3.8741565225450283,0.9960469186742203,-2.228449656833203
2015-06-19,emerging_equity,-0.038692036910194405,-0.038692036910194405,4,0.005421975627541542,0.05497270308546874,1.8444574803454612,-1.1749333649235123
2015-06-19,korea_equity,-0.05746089113220876,-0.05746089113220876,4,0.005127147305756807,0.1978309048737795,2.255270157158179,-1.4017897949554696
2015-06-19,short_treasury,-0.0008251761559976423,-0.0008251761559976423,4,0.009771384298801422,3.858596940545661,1.2085304323708277,-0.7366291145551168
2015-06-19,treasury_7_10y,-0.008510652726987256,-0.008510652726987256,4,0.008182844147086143,2.655612909225551,1.9448447999616238,-0.6099871331127242
2015-06-22,alternative,-0.004201680672268893,-0.004201680672268893,4,0.006491660140454769,0.10208383549190388,2.399598374838585,2.1111112367429903
2015-06-22,corp_bond_ig,-0.0014705724151317101,-0.0014705724151317101,4,0.007985785603523254,2.1732314576762612,1.4236513997936386,-0.5990096513449635
2015-06-22,developed_equity,-0.020405470923788527,-0.020405470923788527,4,0.009682939387857914,3.960054933624834,-0.24998289236774163,0.572040234260801
2015-06-22,emerging_equity,-0.05216532883179026,-0.05216532883179026,4,0.0041501931846141815,-0.4665722753071432,1.8856435970251275,-2.0740477421753964
2015-06-22,korea_equity,-0.06611130207886817,-0.06611130207886817,4,0.004941163584589958,0.23383750329789402,1.8614255885797641,-1.4918872796324745
2015-06-22,short_treasury,0.0,0.0,4,0.007405441254377365,2.308986552226726,0.5912519630429803,-0.671151809699588
2015-06-22,treasury_7_10y,0.0026702153124842365,0.0026702153124842365,4,0.00654383422806859,1.3587045729759277,2.0575926307927834,-1.0782510080026246
2015-06-23,alternative,-0.012552301255230103,-0.012552301255230103,4,0.007380105555057526,0.9917751534608243,2.187327222827093,2.0832201394631764
2015-06-23,corp_bond_ig,0.0020808522696753595,0.0020808522696753595,4,0.006079376209527254,1.0686360426203176,0.8318702144119041,-1.4104236403665953
2015-06-23,developed_equity,-0.02711993017170833,-0.02711993017170833,4,0.010090150870382786,4.354125118753121,0.13638571714512526,0.4250762094123321
2015-06-23,emerging_equity,-0.07480505912129976,-0.07480505912129976,4,0.0034523075446486473,-0.9061348368232377,1.5380112367144627,-2.448656163278043
2015-06-23,korea_equity,-0.08378810105905687,-0.08378810105905687,4,0.0032629314810037613,-0.6430847371559575,1.8055632251615243,-1.8929621738592055
2015-06-23,short_treasury,0.00011801930655419568,0.00011801930655419568,4,0.007057772949337959,2.118689015185559,0.698907121147415,-0.4870623668010768
2015-06-23,treasury_7_10y,0.006982932094375283,0.006982932094375283,4,0.005840028636157513,1.0566316628584884,1.5829637901690847,-1.0709216938937178
2015-06-24,alternative,-0.008431703312527516,-0.008431703312527516,4,0.008262814953923225,1.7948346956150607,1.842796135445731,2.1593281572112306
2015-06-24,corp_bond_ig,0.0022479206173597888,0.0022479206173597888,4,0.005450766999274492,1.2961929404442245,0.34488325883361065,-1.828936871036982
2015-06-24,developed_equity,-0.01547486722095126,-0.01547486722095126,4,0.010023321956396103,3.9767809984945672,0.1821403449679275,1.0061490072816552
2015-06-24,emerging_equity,-0.07730065094181382,-0.07730065094181382,4,0.003371755126863718,-0.4986641217653107,1.4327122131020198,-3.29751270181304
2015-06-24,korea_equity,-0.08558238140876928,-0.08558238140876928,4,0.0040704938583076,-0.14633972056086955,1.273563840717423,-2.372455072317357
2015-06-24,short_treasury,-0.00023592725846133256,-0.00023592725846133256,4,0.0062265414744615555,1.6831287378547533,-0.21431258512522186,0.0992102244778663
2015-06-24,treasury_7_10y,0.008106804830625647,0.008106804830625647,4,0.004044090863317251,0.3889359659159596,0.915216277390161,-1.3830379839756495
2015-06-25,alternative,-0.021867102108953262,-0.021867102108953262,4,0.008801953867077827,2.183978720285435,2.2334324390733897,1.9018344024223446
2015-06-25,corp_bond_ig,0.003464116408160134,0.003464116408160134,4,0.004790442064404488,0.8214417662773933,-0.6212844282750761,-3.252109787631094
2015-06-25,developed_equity,-0.014467275663458734,-0.014467275663458734,4,0.00911759864538908,3.473245144206811,0.31361186084562964,0.502858740325286
2015-06-25,emerging_equity,-0.08062515230161749,-0.08062515230161749,4,0.002013696590438485,-1.1226663669151256,1.4528993073990035,-3.4866929227422143
2015-06-25,korea_equity,-0.09807417654102746,-0.09807417654102746,4,0.0026844036765396595,-0.7852190733967304,1.2840029728805997,-1.602026104676617
2015-06-25,short_treasury,0.00023598293326787534,0.00023598293326787534,4,0.0040273163467645645,0.5786447265584915,-0.48768936878997676,-0.09359298630764769
2015-06-25,treasury_7_10y,0.011569048247770386,0.011569048247770386,4,0.003896614070981741,-0.20296883374966881,0.36613793759769653,-2.0706649299221396
2015-06-26,alternative,-0.03117099446814242,-0.03117099446814242,4,0.008041907101869583,1.8845825699205656,1.7797593188128042,0.9063048649930666
2015-06-26,corp_bond_ig,0.008178134609757803,0.008178134609757803,4,0.003910642582923174,0.4142434514150743,0.469743365154456,-1.7791587387854426
2015-06-26,developed_equity,-0.0276169063592846,-0.0276169063592846,4,0.009152806363999844,4.061799715108593,-1.1513708261701163,-0.030947976857188156
2015-06-26,emerging_equity,-0.08940645298120542,-0.08940645298120542,4,0.0018847163300961256,-1.3294422507517947,0.833223856680395,-3.1111377457703164
2015-06-26,korea_equity,-0.08730726135641842,-0.08730726135641842,4,0.002007054165005684,-1.1816221395512925,1.5641025485217122,-1.9330342373408758
2015-06-26,short_treasury,0.0015344340361764797,0.0015344340361764797,4,0.0047519151121377945,0.8869503559434719,-0.9080585447762966,0.5272188534490249
2015-06-26,treasury_7_10y,0.0197906163941175,0.0197906163941175,4,0.004132453817874193,-0.19608066903900875,0.7434547464875925,-1.7383647671855724
2015-06-29,alternative,0.013020833678267563,0.013020833678267563,4,0.008851658552885056,2.2283186557097143,1.619290388932059,2.278365809566835
2015-06-29,corp_bond_ig,-0.0012937857747130632,-0.0012937857747130632,4,0.0035640359856188297,0.46382420790715834,0.04922827964211829,-2.439776695191337
2015-06-29,developed_equity,0.01716735160099514,0.01716735160099514,4,0.010517092421650887,4.353427788215085,0.5390834306805132,1.5899413594514245
2015-06-29,emerging_equity,-0.05917011575612596,-0.05917011575612596,4,0.0030392655171453953,-1.06739633288096,2.665454419756227,-1.6067424247021034
2015-06-29,korea_equity,-0.0581480569798668,-0.0581480569798668,4,0.0026573892682790756,-0.9358514949787418,1.3607919485582767,-1.9980769808331744
2015-06-29,short_treasury,-0.0003535090629402937,-0.0003535090629402937,4,0.0028327051550149918,-0.24130673276118964,-0.8291246998596331,0.4094683862826854
2015-06-29,treasury_7_10y,0.005223128266130805,0.005223128266130805,4,0.0048195719718933105,0.17629612415635745,1.6573617367338036,-1.3109268847657751
2015-06-30,alternative,0.012079391781252946,0.012079391781252946,4,0.010230185464024544,3.1827438979202123,1.8670456891287397,2.1188995290919697
2015-06-30,corp_bond_ig,-0.00025923590546528263,-0.00025923590546528263,4,0.00259603513404727,-0.44069992333533825,0.13307190549004244,-2.442887995579043
2015-06-30,developed_equity,0.02285320769558674,0.02285320769558674,4,0.011132434010505676,4.576999506553101,0.6206625605674946,1.506505342572874
2015-06-30,emerging_equity,-0.06385660897281908,-0.06385660897281908,4,0.0030774183105677366,-1.2297841915034204,2.1779609836382003,-0.8730776495758917
2015-06-30,korea_equity,-0.05643259981687243,-0.05643259981687243,4,0.003984152339398861,-0.20397548856472145,1.2182034505420538,-2.117511948122124
2015-06-30,short_treasury,-0.0005892417086751367,-0.0005892417086751367,4,0.002585034351795912,-0.7512435299628029,-0.9874060312225533,-0.031934706481905294
2015-06-30,treasury_7_10y,0.006570753242310934,0.006570753242310934,4,0.003595051122829318,-0.3716403895989254,1.008985948079419,-0.8492654103528068
2015-07-01,alternative,0.005154625998760709,0.005154625998760709,4,0.011135047301650047,4.133898633243656,2.310060521209318,1.6491743459952508
2015-07-01,corp_bond_ig,0.006346751680048834,0.006346751680048834,4,0.003234142903238535,0.04965481336018171,-0.5512452198745177,-2.8581744639011117
2015-07-01,developed_equity,0.015936200276477797,0.015936200276477797,4,0.011195987462997437,4.76513314465063,0.9195910666335455,1.7537005742157723
2015-07-01,emerging_equity,-0.07249302654264222,-0.07249302654264222,4,0.003584364429116249,-0.8537109200027044,1.708767937245668,-1.1917042849837862
2015-07-01,korea_equity,-0.08723749219565391,-0.08723749219565391,4,0.003725183429196477,-0.7326290237746126,0.6285788447897264,-3.0099882926138464
2015-07-01,short_treasury,0.00023594859075415364,0.00023594859075415364,4,0.004067666828632355,0.2702345525779413,-0.9191955762934693,-0.24734674393165415
2015-07-01,treasury_7_10y,0.014573313505198415,0.014573313505198415,4,0.005044164136052132,0.6726431556848066,0.7654875463442793,-1.4744657520473015
2015-07-02,alternative,0.012068978671369912,0.012068978671369912,4,0.014958340674638748,7.250928234928829,1.6745451113906806,1.4096700970298361
2015-07-02,corp_bond_ig,0.0077082920206617,0.0077082920206617,4,0.0032426263205707073,-0.21798006269626874,-0.45368361587022354,-3.0743996402170017
2015-07-02,developed_equity,0.015903427390843383,0.015903427390843383,4,0.011638639494776726,5.362684711917786,0.22731028881077775,1.272791251292029
2015-07-02,emerging_equity,-0.06686777096625973,-0.06686777096625973,4,0.0035752467811107635,-0.8103470381465305,1.6405517727445895,-1.5597865650441696
2015-07-02,korea_equity,-0.08230231513202224,-0.08230231513202224,4,0.0034111165441572666,-0.3092651521499816,0.8944087502073685,-1.1511488145416466
2015-07-02,short_treasury,-0.00023558722565342194,-0.00023558722565342194,4,0.0041733914986252785,0.29481054394890627,-1.6326042540369206,-0.2903787409652705
2015-07-02,treasury_7_10y,0.01691033059543945,0.01691033059543945,4,0.005276807583868504,0.3408676291127349,0.4188208509010303,-0.7768424044605702
2015-07-06,alternative,0.028169054758972578,0.028169054758972578,4,0.013989705592393875,6.628082183533199,1.1620073576497214,0.9928764011049269
2015-07-06,corp_bond_ig,0.003191880196916186,0.003191880196916186,4,0.0037091830745339394,-0.09874075759524163,0.05352459223121553,-4.069810930700399
2015-07-06,developed_equity,0.025833341810438393,0.025833341810438393,4,0.013387098908424377,6.641622679737577,0.4644659559460421,1.1571517460196434
2015-07-06,emerging_equity,-0.056115807388063765,-0.056115807388063765,4,0.002722416538745165,-1.5434664077773914,2.512899562571645,-0.4980815472974624
2015-07-06,korea_equity,-0.06803476233674433,-0.06803476233674433,4,0.0035328762605786324,-0.9156470216460919,1.851428562839692,-0.6598371196710627
2015-07-06,short_treasury,-0.0005889640855020195,-0.0005889640855020195,4,0.003032953478395939,-0.10172141456926943,-2.1943470126503555,-0.38819512977092335
2015-07-06,treasury_7_10y,0.011289201884730371,0.011289201884730371,4,0.00481826439499855,-0.10705202353229289,0.9745543308087554,-0.6964323301525134
2015-07-07,alternative,0.03893806660069821,0.03893806660069821,4,0.013372382149100304,6.117949112296164,1.2569319709170017,1.7293724432007134
2015-07-07,corp_bond_ig,-0.006013784952408896,-0.006013784952408896,4,0.0020131110213696957,-1.2926135526941085,0.524803396396904,-2.5688173168627775
2015-07-07,developed_equity,0.02145332943609435,0.02145332943609435,4,0.013328956440091133,6.845775765715266,0.03532447395857008,1.3213995207435623
2015-07-07,emerging_equity,-0.03833024622273362,-0.03833024622273362,4,0.006899174302816391,1.0185070625644266,1.9622317157831817,1.1053191628255568
2015-07-07,korea_equity,-0.05199405373576238,-0.05199405373576238,4,0.0032573239877820015,-1.4159196639869387,2.49693153630404,0.018853330727083284
2015-07-07,short_treasury,-0.0020025700337800156,-0.0020025700337800156,4,0.0030871399212628603,0.05252927436798231,-2.18937874343442,-0.7884593233570575
2015-07-07,treasury_7_10y,0.003406193604273522,0.003406193604273522,4,0.002025103662163019,-1.3999039264684674,0.11870702685950818,-1.4965750155457662
2015-07-08,alternative,0.06261344570744098,0.06261344570744098,4,0.013040333986282349,5.803842282395238,1.4862335878564,1.5013581767821171
2015-07-08,corp_bond_ig,-0.01123882623569239,-0.01123882623569239,4,0.002021331340074539,-1.2350268925587227,0.25171131317293594,-2.1003859220101373
2015-07-08,developed_equity,0.053919488777387725,0.053919488777387725,4,0.016104375943541527,8.551454562277614,0.9079511209306931,1.9237483036361975
2015-07-08,emerging_equity,-0.003806400062396076,-0.003806400062396076,4,0.009133921936154366,2.2840791822844584,2.1646080904353737,1.7739826674338806
2015-07-08,korea_equity,-0.034732817592102005,-0.034732817592102005,4,0.00615000631660223,0.46439346788404995,2.387774339023982,0.39079823611706205
2015-07-08,short_treasury,-0.002941868558770766,-0.002941868558770766,4,0.0022367469500750303,-0.7674996108803667,-2.0433734321739907,-0.44937268462824403
2015-07-08,treasury_7_10y,-0.0044293772311718715,-0.0044293772311718715,4,0.0006201989017426968,-1.9732009022591706,0.12302679244032322,-1.9327438557068992
2015-07-09,alternative,0.034635893239157056,0.034635893239157056,4,0.013207027688622475,5.820189929813851,1.6380640782505642,1.2867506248387037
2015-07-09,corp_bond_ig,-0.002763621144261541,-0.002763621144261541,4,0.00038468651473522186,-2.4872971746026207,1.30742220712201,-2.03177995771795
2015-07-09,developed_equity,0.022603638732670905,0.022603638732670905,4,0.01538819633424282,8.22251501433899,1.0007276312023528,1.322206317202431
2015-07-09,emerging_equity,-0.031208373733271788,-0.031208373733271788,4,0.010599086992442608,3.3689347712600113,2.705880844726455,1.6427826932381564
2015-07-09,korea_equity,-0.05746049258749997,-0.05746049258749997,4,0.007111950311809778,1.21430422087167,2.513685337434517,0.8897801574533474
2015-07-09,short_treasury,-0.002001862607287186,-0.002001862607287186,4,0.0012867094483226538,-1.1455924334204763,-3.10240165980082,-0.3906185819226719
2015-07-09,treasury_7_10y,0.006073829106635342,0.006073829106635342,4,-0.0010817092843353748,-2.8620612373048324,0.08299240117501372,-2.1756213227173706
2015-07-10,alternative,0.0008627995927916743,0.0008627995927916743,4,0.012949077412486076,5.594218837203823,1.6702668688766358,1.014211498540944
2015-07-10,corp_bond_ig,0.007127333099290256,0.007127333099290256,4,0.0017898548394441605,-1.6523548498043004,1.3126378125547356,-1.4076091414434344
2015-07-10,developed_equity,0.005478722287016735,0.005478722287016735,4,0.015719618648290634,8.340371478988645,1.046162457789227,0.7636887601708706
2015-07-10,emerging_equity,-0.05567116196933242,-0.05567116196933242,4,0.010740943253040314,3.2682939477362902,3.0082578006916676,1.3711738644346407
2015-07-10,korea_equity,-0.06644272586096955,-0.06644272586096955,4,0.007090149912983179,1.2834102347741545,2.1416279799568545,0.2954614147411993
2015-07-10,short_treasury,-0.0015322637792231086,-0.0015322637792231086,4,0.0007504015229642391,-1.5299029526207035,-2.7466194144522826,0.16716688963037804
2015-07-10,treasury_7_10y,0.017106277962234184,0.017106277962234184,4,-0.000946748536080122,-2.9630883916584976,0.284029708517303,-2.26591683299653
2015-07-13,alternative,0.008554319819907175,0.008554319819907175,4,0.011756453663110733,4.8605098069451405,1.844891186303417,0.7098169471092285
2015-07-13,corp_bond_ig,0.005313594025572854,0.005313594025572854,4,0.003024645382538438,-1.4522085209553273,1.4865380693592263,-0.1477099300383278
2015-07-13,developed_equity,0.012315291506963977,0.012315291506963977,4,0.0137457475066185,7.041181808053776,1.1252784611128321,0.5077530935061927
2015-07-13,emerging_equity,-0.04625325271935177,-0.04625325271935177,4,0.011285818181931973,3.8631973715188574,2.6875606382356523,1.101110425526267
2015-07-13,korea_equity,-0.057212070509766844,-0.057212070509766844,4,0.0077296290546655655,1.70481216530547,2.4372291914314563,0.28064714002630725
2015-07-13,short_treasury,-0.0010613675005438639,-0.0010613675005438639,4,0.0012697568163275719,-1.5099828342460617,-2.0596500764713506,0.17130628470104978
2015-07-13,treasury_7_10y,0.015618984705681127,0.015618984705681127,4,-0.0013300380669534206,-3.162725554603535,0.267414572273459,-2.223878182723422
2015-07-14,alternative,-0.008517887453174944,-0.008517887453174944,4,0.009431589394807816,3.3841438520529143,1.837936330661007,0.32496873171119345
2015-07-14,corp_bond_ig,0.008616169283048647,0.008616169283048647,4,0.003030642867088318,-1.0804402794368444,1.2495860302737793,-0.7108997484739821
2015-07-14,developed_equity,-0.00203502276138956,-0.00203502276138956,4,0.015380600467324257,7.95313795997386,1.220402042653764,0.7934377396257655
2015-07-14,emerging_equity,-0.06886773154803816,-0.06886773154803816,4,0.010916689410805702,3.712147744576941,2.78277857437643,1.1856927034121216
2015-07-14,korea_equity,-0.08063911379707867,-0.08063911379707867,4,0.008922390639781952,2.834619382768922,1.8362062285436787,0.659769586622951
2015-07-14,short_treasury,-0.00023569830185710128,-0.00023569830185710128,4,0.0009491131640970707,-1.6251088367633584,-1.7090561911353022,0.7869776148586144
2015-07-14,treasury_7_10y,0.019104020950991618,0.019104020950991618,4,-0.0007709111087024212,-2.5622120007991662,-0.06818695593943014,-1.9103152899349634
2015-07-15,alternative,-0.013651864469140462,-0.013651864469140462,4,0.008686421439051628,2.821269920870368,1.3073840479853582,0.5429039644719217
2015-07-15,corp_bond_ig,0.004427101994278537,0.004427101994278537,4,0.0033286833204329014,-0.8134727078017561,1.004652094488127,-0.4341638599436057
2015-07-15,developed_equity,-0.010444984532158363,-0.010444984532158363,4,0.012971591204404831,6.419546383064051,0.3681513458832305,0.5996599250645255
2015-07-15,emerging_equity,-0.07278895857674872,-0.07278895857674872,4,0.010240367613732815,3.1321570566740897,2.9553054430747325,1.0857155738584168
2015-07-15,korea_equity,-0.07323994929427013,-0.07323994929427013,4,0.009222362190485,3.1929954258427693,1.8807812289774315,0.5243191251715518
2015-07-15,short_treasury,-0.0005891722651066855,-0.0005891722651066855,4,0.0013307579793035984,-1.5235818854972745,-1.0467297416286472,0.5731649102986971
2015-07-15,treasury_7_10y,0.01484446895375724,0.01484446895375724,4,-0.0006652842275798321,-2.2601329814775446,-0.13832506295830338,-2.6318253331665464
2015-07-16,alternative,-0.01940930845365252,-0.01940930845365252,4,0.007247590459883213,1.9988056255796034,1.2809119500776216,0.27201822168514717
2015-07-16,corp_bond_ig,-0.0006066883037831872,-0.0006066883037831872,4,0.0025414195843040943,-0.9888135177040414,0.40581667451889825,-1.0258347640863952
2015-07-16,developed_equity,-0.018977168293346613,-0.018977168293346613,4,0.01169944740831852,5.623716948604986,0.2981995843709263,0.16715636994294775
2015-07-16,emerging_equity,-0.08580267233245675,-0.08580267233245675,4,0.009158998727798462,2.478560824022094,2.5270774455515235,0.6962154870780194
2015-07-16,korea_equity,-0.08175863179621856,-0.08175863179621856,4,0.011997794732451439,4.8970639407067935,1.3915579971181793,0.6764895729188862
2015-07-16,short_treasury,-0.0009430841604131102,-0.0009430841604131102,4,0.004912380129098892,0.9229244648388496,-1.6381909204513847,-0.9246310236550841
2015-07-16,treasury_7_10y,0.012565441756092977,0.012565441756092977,4,0.00036387844011187553,-2.077291697420085,0.41093123316980557,-2.1733951673291334
2015-07-17,alternative,-0.015189899170952148,-0.015189899170952148,4,0.009075223468244076,3.1242504919189726,0.9313664384158377,1.0734496187711098
2015-07-17,corp_bond_ig,-0.0003464482577907324,-0.0003464482577907324,4,0.0014554797671735287,-2.017779317906017,1.0024104512079726,-1.1260631238603311
2015-07-17,developed_equity,-0.017770593921874522,-0.017770593921874522,4,0.009138529188930988,3.654233664395953,-0.3068784734130804,0.3419809269280943
2015-07-17,emerging_equity,-0.08333332513179947,-0.08333332513179947,4,0.007483117748051882,1.5582370231638905,2.216286068967537,0.9599021892755076
2015-07-17,korea_equity,-0.07101042647882572,-0.07101042647882572,4,0.010614651255309582,4.068421116293339,1.7694247906542373,0.06844771501659787
2015-07-17,short_treasury,-0.0011790882796808289,-0.0011790882796808289,4,0.004624618217349052,1.092030066496869,-1.945645291457426,-1.072407328321211
2015-07-17,treasury_7_10y,0.011422088383044704,0.011422088383044704,4,0.0003164871595799923,-2.3400535195382592,-0.5085684638656593,-1.412298224099321
2015-07-20,alternative,-0.01942570120030862,-0.01942570120030862,4,0.008262356743216515,2.2863130232171205,0.9110634753790327,1.1533127384359132
2015-07-20,corp_bond_ig,0.005208772127826888,0.005208772127826888,4,0.0011424897238612175,-1.7087853925668173,-0.16358507274729955,-1.3352752858219985
2015-07-20,developed_equity,-0.012822202661607496,-0.012822202661607496,4,0.008540117181837559,3.4054771684818537,-0.2611480451957525,-0.07306358543800466
2015-07-20,emerging_equity,-0.087509713808541,-0.087509713808541,4,0.007411476224660873,1.2725328758100547,2.4215927069658765,0.6502505704273438
2015-07-20,korea_equity,-0.07639554216047029,-0.07639554216047029,4,0.00930950976908207,2.929960699627653,1.638777355336888,-0.13421542878142903
2015-07-20,short_treasury,0.0,0.0,4,0.005685813259333372,1.4488376572539727,-1.9990459020737528,-0.5282736469594728
2015-07-20,treasury_7_10y,0.01525988075732787,0.01525988075732787,4,0.0006076330319046974,-1.6081042266262322,-0.8792557483756094,-1.6020196283773607
2015-07-21,alternative,-0.024472586716277722,-0.024472586716277722,4,0.007540483959019184,1.6378964312235482,0.8048299010010226,1.3233177514702927
2015-07-21,corp_bond_ig,-0.000693076590515318,-0.000693076590515318,4,0.00019693654030561447,-2.45259456507588,-0.8215861300282058,-1.080082840549702
2015-07-21,developed_equity,-0.009468374751152031,-0.009468374751152031,4,0.008149070665240288,3.6139184930441437,-0.8357583715191278,-0.12911403585526288
2015-07-21,emerging_equity,-0.09761168461961023,-0.09761168461961023,4,0.006236524321138859,0.4775617367231623,2.18042014474684,0.6405137951727636
2015-07-21,korea_equity,-0.0857847898191525,-0.0857847898191525,4,0.007725555449724197,2.206969259482035,1.1897179407329501,-0.3256308981904252
2015-07-21,short_treasury,-0.00023589293214909546,-0.00023589293214909546,4,0.0047892192378640175,1.0161804610486151,-1.944501451104022,-0.9512376159386075
2015-07-21,treasury_7_10y,0.010842680200364052,0.010842680200364052,4,0.0007421239279210567,-1.7035910907877314,-1.2025940469607932,-2.1567047270758493
2015-07-22,alternative,-0.028813572253211017,-0.028813572253211017,4,0.006318171042948961,1.3060775110063771,0.04139200156894962,1.4565909007402082
2015-07-22,corp_bond_ig,0.0028551810505859088,0.0028551810505859088,4,0.0008071050979197025,-2.1226460282163617,-0.3515274718815861,-2.0047302129551245
2015-07-22,developed_equity,-0.015365749787193406,-0.015365749787193406,4,0.007088206708431244,2.7433149676595545,-0.5018432207091746,-0.3932831208993363
2015-07-22,emerging_equity,-0.09586513754610393,-0.09586513754610393,4,0.005551987327635288,0.32104005734662366,2.0152111882599235,0.6665719001535083
2015-07-22,korea_equity,-0.0806916584918792,-0.0806916584918792,4,0.009184781461954117,3.1879429677726248,1.3551448616066293,0.30842195818336043
2015-07-22,short_treasury,0.0008258576340254287,0.0008258576340254287,4,0.0058337608352303505,1.8326951623021388,-2.5833161028856884,-1.0240804434026622
2015-07-22,treasury_7_10y,0.015769010307256526,0.015769010307256526,4,0.001316174166277051,-1.2265953593608414,-0.8589683434722736,-1.6542872762279883
2015-07-23,alternative,-0.057823091076482314,-0.057823091076482314,4,0.005001008044928312,0.3880017533299255,-0.38102407490081613,1.4094026878134829
2015-07-23,corp_bond_ig,0.0005176431067641651,0.0005176431067641651,4,0.0007552062161266804,-2.042324526695571,-0.3083602754468523,-2.5675238898885158
2015-07-23,developed_equity,-0.042140927936960115,-0.042140927936960115,4,0.00775227602571249,2.772681133217088,-0.20559624521384334,1.1013134687470563
2015-07-23,emerging_equity,-0.10132972641517646,-0.10132972641517646,4,0.008234335109591484,1.636224480809695,2.0520863145890584,1.4312376703750898
2015-07-23,korea_equity,-0.09203886754304458,-0.09203886754304458,4,0.008044932968914509,2.6130242848749186,1.4775263281431026,0.14639437478489997
2015-07-23,short_treasury,0.000353974399901702,0.000353974399901702,4,0.005429128184914589,1.9963506636057262,-2.9887902967081974,-0.6748068199899103
2015-07-23,treasury_7_10y,0.014380362500911126,0.014380362500911126,4,0.0008405414409935474,-1.5450825096263834,-1.0776079574790136,-0.9034396536411905
2015-07-24,alternative,-0.0644883903972231,-0.0644883903972231,4,0.00502475630491972,0.25804130921808,-0.5963760234172761,1.523736141880311
2015-07-24,corp_bond_ig,0.0012082453295063633,0.0012082453295063633,4,0.0009742788970470428,-1.8889402201601442,-0.7919873813969763,-2.051577941627565
2015-07-24,developed_equity,-0.059404607865446324,-0.059404607865446324,4,0.00862898025661707,3.28185443100643,0.17623327099636127,0.8509393921228124
2015-07-24,emerging_equity,-0.11629792805127137,-0.11629792805127137,4,0.007808638736605644,1.4598063880690966,2.4445972427987512,0.9689124996791417
2015-07-24,korea_equity,-0.09707401115780057,-0.09707401115780057,4,0.00880330242216587,2.6067499750882246,1.839841349381398,0.6031354527828222
2015-07-24,short_treasury,0.0011793663526518117,0.0011793663526518117,4,0.005218979902565479,2.168516823385402,-3.228481350731878,-1.5115561702537084
2015-07-24,treasury_7_10y,0.017485807379571394,0.017485807379571394,4,0.0006287107244133949,-1.6517047187006002,-1.440347006642861,-0.7482748066635208
2015-07-27,alternative,-0.09565217391304348,-0.09565217391304348,4,0.004647012799978256,0.45267304796369157,-0.9553180347607212,1.3257008859099584
2015-07-27,corp_bond_ig,-0.0016395824690624838,-0.0016395824690624838,4,-0.00015188613906502724,-2.3232564300183807,0.6109972608714115,-1.7277637390097553
2015-07-27,developed_equity,-0.08631204392620184,-0.08631204392620184,4,0.007946409285068512,2.948317549294488,-0.10158875411382046,0.8840375118118021
2015-07-27,emerging_equity,-0.1386138842388378,-0.1386138842388378,4,0.006407618522644043,0.0550777683334973,2.4872857620349564,0.8713969218347893
2015-07-27,korea_equity,-0.12197994702583614,-0.12197994702583614,4,0.007499975617974997,1.6865087422896627,1.8035814959537932,0.45221711561367534
2015-07-27,short_treasury,0.000942861903280745,0.000942861903280745,4,0.005378376692533493,2.2261009986441262,-2.7139675804168397,-1.9853919517563952
2015-07-27,treasury_7_10y,0.01582666303369007,0.01582666303369007,4,0.0010636511724442244,-1.343729591012783,-1.4698278955618775,-0.6030739409590345
2015-07-28,alternative,-0.09682944059865695,-0.09682944059865695,4,0.006301330402493477,1.4737603318319228,-1.2732793205720299,1.7507837468000271
2015-07-28,corp_bond_ig,-0.00595908486009622,-0.00595908486009622,4,0.0010944879613816738,-2.195547099928751,1.767946061501104,-1.7456535677839058
2015-07-28,developed_equity,-0.09650202598999358,-0.09650202598999358,4,0.008430634625256062,2.988614106812427,0.1979104709687541,1.0341609976230373
2015-07-28,emerging_equity,-0.13640077025105246,-0.13640077025105246,4,0.006023547612130642,0.10785154626441783,1.8110983346695149,0.4675993327749768
2015-07-28,korea_equity,-0.11766979353236406,-0.11766979353236406,4,0.007299390621483326,1.6570949463720392,0.9567297940813025,0.5021269795275997
2015-07-28,short_treasury,0.0007072681515820634,0.0007072681515820634,4,0.005732950288802385,2.2819507051790393,-1.5699858851628798,-2.0468496563806204
2015-07-28,treasury_7_10y,0.01313178469235643,0.01313178469235643,4,0.0037284083664417267,0.5044150089561343,-1.3983994679266674,-0.4630668154813425
2015-07-29,alternative,-0.07587383882634546,-0.07587383882634546,4,0.00592076126486063,1.4596306213499857,-1.6739569910435623,1.2675439046723251
2015-07-29,corp_bond_ig,-0.005704932562721976,-0.005704932562721976,4,0.00045735156163573265,-2.5457607391964907,1.6518700688673478,-1.6644643515551978
2015-07-29,developed_equity,-0.0779959682497342,-0.0779959682497342,4,0.006741762161254883,1.8318994612679917,0.2798428939813923,0.9285304158558919
2015-07-29,emerging_equity,-0.11647343426939294,-0.11647343426939294,4,0.006096024066209793,0.5316516571170806,1.5916686839407095,0.06645489797442218
2015-07-29,korea_equity,-0.09788461831899786,-0.09788461831899786,4,0.006341791711747646,1.1491115958248566,1.2253968961947572,-0.3558120088613507
2015-07-29,short_treasury,0.0003537174880372529,0.0003537174880372529,4,0.005670992657542229,2.2125014244930745,-1.5396557914615736,-1.3519755174854586
2015-07-29,treasury_7_10y,0.008325495820433959,0.008325495820433959,4,0.0028256054501980543,-0.4512309586908157,-1.2931741954039742,-0.5584339566034445
2015-07-30,alternative,-0.053846179929554094,-0.053846179929554094,4,0.006434329319745302,1.6596549269717535,-1.5922423533343109,1.6976137259936817
2015-07-30,corp_bond_ig,-0.005269983674743517,-0.005269983674743517,4,-0.00023999856784939766,-2.61918227710239,1.455261174018916,-2.363250594823086
2015-07-30,developed_equity,-0.05530759305849908,-0.05530759305849908,4,0.007680158596485853,2.4150071069037886,0.19441638711990653,0.7838083808078504
2015-07-30,emerging_equity,-0.06808278640771048,-0.06808278640771048,4,0.0050456891767680645,-0.14572698367268686,0.8285557716161465,-0.5974164746760487
2015-07-30,korea_equity,-0.05329398556131404,-0.05329398556131404,4,0.005309292580932379,0.6359029827061525,0.8228847033656509,-0.2847861387818918
2015-07-30,short_treasury,0.0009437517308339416,0.0009437517308339416,4,0.005138881504535675,1.038739381393473,0.1420330435003907,-2.0835813258255214
2015-07-30,treasury_7_10y,0.006614977794943577,0.006614977794943577,4,0.0030910768546164036,-0.26834898511380745,-1.555343967159212,0.0005879189078394704
2015-07-31,alternative,-0.0562180441936897,-0.0562180441936897,4,0.006189478095620871,0.830068679370757,-0.42310413048485856,2.4710845886086985
2015-07-31,corp_bond_ig,-0.008594757310825596,-0.008594757310825596,4,-0.0013722353614866734,-3.071732163950081,1.6313965473909022,-2.0078487961090095
2015-07-31,developed_equity,-0.05695008512283484,-0.05695008512283484,4,0.007379928603768349,2.12668906409775,0.6755955410029688,1.431620355404154
2015-07-31,emerging_equity,-0.08997845497562629,-0.08997845497562629,4,0.00456203194335103,-0.285810048096992,1.7689349220927535,-1.0724728540940296
2015-07-31,korea_equity,-0.06232900757498394,-0.06232900757498394,4,0.0052359625697135925,0.3538049139089375,0.7086337772064744,-0.3271309106166768
2015-07-31,short_treasury,-0.0005892417086751367,-0.0005892417086751367,4,0.004671214148402214,0.44274478868418343,0.2426480866137849,-3.655572140212493
2015-07-31,treasury_7_10y,0.0009394820727870457,0.0009394820727870457,4,0.0014771921560168266,-0.8631130594946551,-1.3760534034669707,-0.994127823543271
2015-08-03,alternative,-0.05736305139193987,-0.05736305139193987,4,0.007900561206042767,2.3397225794322836,-0.9057310659993824,2.5698095063695394
2015-08-03,corp_bond_ig,-0.010577034545102837,-0.010577034545102837,4,0.0004034312441945076,-2.596381986606217,1.4677964227091291,-2.6603900162734386
2015-08-03,developed_equity,-0.06268612530676132,-0.06268612530676132,4,0.0077414680272340775,2.0070510600792253,1.0518695822767188,1.704574189853559
2015-08-03,emerging_equity,-0.07287670814827696,-0.07287670814827696,4,0.00461900420486927,0.2551939109089726,1.1677552173336474,-0.9587020527761303
2015-08-03,korea_equity,-0.05098194212663054,-0.05098194212663054,4,0.005151396617293358,0.8173422891199098,0.6008689682430255,-0.3953420964556371
2015-08-03,short_treasury,-0.0008249816863057369,-0.0008249816863057369,4,0.0046782903373241425,0.836031677674929,-0.1313236214817466,-3.2378738503625013
2015-08-03,treasury_7_10y,-0.002251387121996906,-0.002251387121996906,4,0.0025463937781751156,-0.387928007045683,-0.5300503166260283,-1.1806635488502413
2015-08-04,alternative,-0.09028959400638936,-0.09028959400638936,4,0.008105657063424587,2.2961697829040646,-0.5362079698373755,2.806660493355963
2015-08-04,corp_bond_ig,-0.002420041371497428,-0.002420041371497428,4,-0.001138830091804266,-3.605521993405125,1.2814213567801356,-0.924205315427856
2015-08-04,developed_equity,-0.0898374608218202,-0.0898374608218202,4,0.007160322740674019,1.666692476648307,1.1532883010058521,2.1337705591385245
2015-08-04,emerging_equity,-0.1119301711510794,-0.1119301711510794,4,0.005563994869589806,0.5206041497820625,1.3901619624900412,-0.4770900114560899
2015-08-04,korea_equity,-0.07922152278188699,-0.07922152278188699,4,0.005018831696361303,0.8631814273619629,0.6285285781175116,-1.240493103604758
2015-08-04,short_treasury,0.0005901253734998946,0.0005901253734998946,4,0.004529600031673908,0.7952810892130793,-0.14766438561660647,-4.0058522137757535
2015-08-04,treasury_7_10y,0.005846252704820198,0.005846252704820198,4,0.002142374636605382,-0.6161148619887037,-1.6925143577417794,-0.4401291818298355
2015-08-05,alternative,-0.07514940680642335,-0.07514940680642335,4,0.007778249215334654,2.0511135967758705,0.8320588448436479,2.0194713483736098
2015-08-05,corp_bond_ig,0.0,0.0,4,0.00037577515468001366,-3.0600324778490533,0.26958718448531394,0.8254517809319817
2015-08-05,developed_equity,-0.07896865995579316,-0.07896865995579316,4,0.0034824106842279434,-0.5262553324792314,0.6180618411452563,0.5290837068567524
2015-08-05,emerging_equity,-0.0993449631627672,-0.0993449631627672,4,0.006823761388659477,1.4329741868384878,2.5699957470123596,-0.8022931503982738
2015-08-05,korea_equity,-0.0579280387328267,-0.0579280387328267,4,0.004143007565289736,-0.6610949053665255,2.503104396616261,-1.5094270670796006
2015-08-05,short_treasury,0.0007081028704909453,0.0007081028704909453,4,0.003037545830011368,-0.7043813945691472,1.5803636667061398,-1.6248546942176059
2015-08-05,treasury_7_10y,0.007004902196563467,0.007004902196563467,4,0.0025984803214669228,-0.5968586091309768,-1.663131383286212,0.1471535377942203
2015-08-06,alternative,-0.06437768240343344,-0.06437768240343344,4,0.004653361160308123,0.1408759287710942,1.9406024613947057,-0.34401580453073094
2015-08-06,corp_bond_ig,0.002857900992171425,0.002857900992171425,4,-0.0008268584497272968,-3.491579607323132,0.369242098500588,0.2367540688338183
2015-08-06,developed_equity,-0.07054165785731337,-0.07054165785731337,4,0.00464820908382535,0.28918808633902254,0.4700871522885448,0.01953265155627302
2015-08-06,emerging_equity,-0.0878303594028822,-0.0878303594028822,4,0.007581387646496296,1.9841928594526057,2.6289272822269307,-0.9020579906565759
2015-08-06,korea_equity,-0.052768328084407456,-0.052768328084407456,4,0.003675782587379217,-0.860674449838173,2.1827565753400937,-1.3402377161134074
2015-08-06,short_treasury,0.000471987203862545,0.000471987203862545,4,0.0058889491483569145,0.20225099458978676,1.1824135403837657,0.79775148402516
2015-08-06,treasury_7_10y,0.005942809553086903,0.005942809553086903,4,0.0018966658972203732,-0.693485819864497,-1.9981020723758158,0.305556228239002
2015-08-07,alternative,-0.07241380625757676,-0.07241380625757676,4,0.005025777965784073,0.8829448388988712,1.9048605386836917,-1.094489318091828
2015-08-07,corp_bond_ig,0.001639723893225975,0.001639723893225975,4,-0.0005859644152224064,-4.075486647516899,0.5456467750814616,1.2625307258038132
2015-08-07,developed_equity,-0.08881629133913582,-0.08881629133913582,4,0.0035186863970011473,-0.8430242329969395,0.7950484979984597,0.7125964208931567
2015-08-07,emerging_equity,-0.11460054916929452,-0.11460054916929452,4,0.008527529425919056,2.594080436116763,2.1741417932386695,-0.564343160231886
2015-08-07,korea_equity,-0.07676929463106152,-0.07676929463106152,4,0.0041100201196968555,-0.3935178332526257,2.665610639750711,-1.9789108651759555
2015-08-07,short_treasury,0.0010624951984170572,0.0010624951984170572,4,0.0058450354263186455,1.0989202061133554,0.7498232014933616,0.5354977795629913
2015-08-07,treasury_7_10y,0.005073765986836065,0.005073765986836065,4,0.0030155437998473644,-0.20973023008688943,-1.6731487702954206,0.5656012107848197
2015-08-10,alternative,-0.06022051214785318,-0.06022051214785318,5,0.004112298134714365,2.1114156066039045,-0.009730885534896474,0.2981730868022871
2015-08-10,corp_bond_ig,0.0009530627975635753,0.0009530627975635753,5,-0.002149794716387987,-3.671792632070757,-4.159884081959979,-0.5315625176543732
2015-08-10,developed_equity,-0.06839693104060995,-0.06839693104060995,5,0.002079316880553961,-0.7951052264982195,-2.9273908919996123,-0.2442576375973268
2015-08-10,emerging_equity,-0.10159848321600373,-0.10159848321600373,5,0.002823715563863516,3.540841493624078,0.3281650136399074,-0.7290694501313404
2015-08-10,korea_equity,-0.06443957919945653,-0.06443957919945653,5,0.0012470385991036892,0.7739348010685947,-0.07331063053445332,-2.4404608933636545
2015-08-10,short_treasury,0.000708270089035512,0.000708270089035512,5,0.002984994789585471,1.1823124577574158,-2.1457967813966894,-1.7219457348023137
2015-08-10,treasury_7_10y,0.004811794947727099,0.004811794947727099,5,-0.000999207142740488,-1.5255215107572007,2.0023419959761974,0.8109112169276895
2015-08-11,alternative,-0.06099654966535861,-0.06099654966535861,5,0.0029501845128834248,2.3953706477371335,-0.6929939013265165,-0.29575878082018414
2015-08-11,corp_bond_ig,-0.0010354883701272355,-0.0010354883701272355,5,-0.002127631101757288,-2.8059639163365335,-3.2053945266329036,-1.1364509210400868
2015-08-11,developed_equity,-0.07558452614364175,-0.07558452614364175,5,0.0018419395200908184,-0.28583093531333925,-2.3097672639029447,-0.22102362485019292
2015-08-11,emerging_equity,-0.08614949936587246,-0.08614949936587246,5,0.002391350921243429,3.701981345808429,1.9068518008789916,-1.1987232222192628
2015-08-11,korea_equity,-0.019832370143719302,-0.019832370143719302,5,0.0025860995519906282,2.000289033558215,-0.6122592412924265,-0.01811591520977292
2015-08-11,short_treasury,-0.0008252734623446223,-0.0008252734623446223,5,0.0022987090051174164,0.8885899529877382,-2.1451130882726677,-1.5903163844937842
2015-08-11,treasury_7_10y,-0.0014059567199022904,-0.0014059567199022904,5,-0.0009078145958483219,-1.572125783447383,1.8886717296160394,0.03400754659762773
2015-08-12,alternative,-0.04498267315640403,-0.04498267315640403,5,0.002687118947505951,0.7331374378969199,-0.9071144692910384,1.8389430944414338
2015-08-12,corp_bond_ig,-0.0014691744040306043,-0.0014691744040306043,5,-0.0014315922744572163,-1.4301309498422576,-2.4647816240605276,-0.9405091248141138
2015-08-12,developed_equity,-0.06593554160127557,-0.06593554160127557,5,0.0018635180313140154,-0.5230740849213859,-1.9184956700629143,-0.46527337117217354
2015-08-12,emerging_equity,-0.062183427899325516,-0.062183427899325516,5,0.0035562997218221426,3.107053301415653,0.32691279405408863,-0.5216863006437178
2015-08-12,korea_equity,-0.009597737573762255,-0.009597737573762255,5,0.0033219270408153534,1.8976735945543421,-0.46867710651407996,-1.260869151181683
2015-08-12,short_treasury,-0.00047159768534854596,-0.00047159768534854596,5,0.0025160186924040318,0.49759467597541074,-0.9368544750688774,-1.542586398788609
2015-08-12,treasury_7_10y,-0.0032817484211303816,-0.0032817484211303816,5,-0.0009598475880920887,-1.211531443963943,2.7815815229439003,0.0044755522962572165
2015-08-13,alternative,-0.05335625741026295,-0.05335625741026295,5,0.002434615045785904,0.8203834369339549,-1.6641910534493995,2.2870161719644035
2015-08-13,corp_bond_ig,0.0026884502172568325,0.0026884502172568325,5,-0.0003319676034152508,-1.2744090716588397,-3.6219359051002313,-0.46072094750494996
2015-08-13,developed_equity,-0.06585269710455632,-0.06585269710455632,5,0.0029613713268190622,-0.014649096382236772,-1.186305830243982,-1.582783932308702
2015-08-13,emerging_equity,-0.056933497289339274,-0.056933497289339274,5,0.0035245129838585854,3.148398385630487,-0.11786971791177052,-1.2095311485773126
2015-08-13,korea_equity,-0.010187448682685951,-0.010187448682685951,5,0.003529840847477317,1.0430827312511035,-1.3720854612878735,-1.0436400824555558
2015-08-13,short_treasury,0.0007079357946164766,0.0007079357946164766,5,0.002769281854853034,1.6764193666745324,-1.5555465663312182,-1.2766257766347422
2015-08-13,treasury_7_10y,0.0019742321994005163,0.0019742321994005163,5,-0.00030225375667214394,-0.9192978480809834,2.0995846286079494,0.368528542289661
2015-08-14,alternative,-0.06426735386571036,-0.06426735386571036,5,0.0023367488756775856,0.003875951689236211,-1.3219434713817637,0.6295336398740319
2015-08-14,corp_bond_ig,0.0016461830221841112,0.0016461830221841112,5,5.627516657114029e-06,-0.915625055608508,-2.6614357363969527,-0.5853764909964099
2015-08-14,developed_equity,-0.06853070261433292,-0.06853070261433292,5,0.0028382930904626846,-0.11772247568494443,-2.489533898763374,-1.7587429973255393
2015-08-14,emerging_equity,-0.059667858280931796,-0.059667858280931796,5,0.0030475007370114326,2.516841665596406,-0.4617181979648863,-2.21795424963895
2015-08-14,korea_equity,-0.02073593182029143,-0.02073593182029143,5,0.0027811552863568068,1.3591942111839896,-1.2215723627541344,-1.9159801254395787
2015-08-14,short_treasury,0.0009444201619563941,0.0009444201619563941,5,0.0026761190965771675,1.7423664784803574,-1.151859469627777,-1.5912233745662288
2015-08-14,treasury_7_10y,0.003952551858664943,0.003952551858664943,5,-0.00016756495460867882,-1.6851518768621447,1.9925470027862315,0.33607474069266047
2015-08-17,alternative,-0.05770884613521876,-0.05770884613521876,5,0.0022174781188368797,0.269385849439248,-2.1733609229075963,0.6077252612190578
2015-08-17,corp_bond_ig,-0.009068166883631323,-0.009068166883631323,5,-0.0002716388553380966,-1.979089194415518,-2.348251375718188,-0.7796729263669395
2015-08-17,developed_equity,-0.06179924365307177,-0.06179924365307177,5,0.001383378403261304,-0.34287392533861705,-1.292197122104342,-1.87909038830352
2015-08-17,emerging_equity,-0.0401252097866418,-0.0401252097866418,5,0.0029678652063012123,2.127418046314755,-1.279428872329502,-1.8096311831885883
2015-08-17,korea_equity,0.005156765725259582,0.005156765725259582,5,0.0035295342095196247,1.060161423014519,-1.2206021005581082,-1.1018057569698778
2015-08-17,short_treasury,-0.0010618683933076856,-0.0010618683933076856,5,0.001691748620942235,1.2915959670101569,-0.18689690135400983,-0.5244332491480137
2015-08-17,treasury_7_10y,-0.005730395752366002,-0.005730395752366002,5,-0.0008458695374429226,-1.3153579681854286,1.8430699542145788,-0.014250187248126453
2015-08-18,alternative,-0.04238755701174046,-0.04238755701174046,5,0.0032722302712500095,1.5390095792373655,-2.4865487373437,0.2480720143159893
2015-08-18,corp_bond_ig,-0.003467720252884332,-0.003467720252884332,5,0.000621376559138298,-0.875703852925591,-3.5505586479530167,-1.870949742654293
2015-08-18,developed_equity,-0.05339346555880187,-0.05339346555880187,5,0.0028658981900662184,1.1997603794370497,-1.50372485053149,-2.45406315356888
2015-08-18,emerging_equity,-0.006041400880694714,-0.006041400880694714,5,0.0030825664289295673,1.3476868641160544,-1.590364458217026,-0.7736170330024976
2015-08-18,korea_equity,0.051069192291476107,0.051069192291476107,5,0.003197000827640295,0.6303198782198703,-1.7133013161166095,-0.45128016202593896
2015-08-18,short_treasury,-0.001061903691924826,-0.001061903691924826,5,0.001540093682706356,1.193495139984631,-0.5312977289913766,-1.8198080527203404
2015-08-18,treasury_7_10y,-0.00442229230430391,-0.00442229230430391,5,-0.0006345943547785282,-0.6617547038339859,2.204243096737746,-0.21153339381449324
2015-08-19,alternative,-0.02966842557721938,-0.02966842557721938,5,0.004466182552278042,1.9358813802218247,-3.152218971193412,0.5810616218277374
2015-08-19,corp_bond_ig,-8.629226049916561e-05,-8.629226049916561e-05,5,0.001696467399597168,-0.6840026616750691,-3.0645169945822004,-1.5768555530019375
2015-08-19,developed_equity,-0.042535584522645054,-0.042535584522645054,5,0.0005830309819430113,0.4594822393040494,-1.7170270832025722,-3.7314783803384493
2015-08-19,emerging_equity,0.004078047835167853,0.004078047835167853,5,0.0034842456225305796,0.3363020978665122,-1.379992177074919,0.6144704988593868
2015-08-19,korea_equity,0.056635381099031656,0.056635381099031656,5,0.0035117785446345806,1.366560420156105,-1.2383008343465611,-0.8408752536045101
2015-08-19,short_treasury,0.00023572607137545276,0.00023572607137545276,5,0.0031927882228046656,2.047845669364026,-0.12990098888270657,-2.0092910620782347
2015-08-19,treasury_7_10y,-0.00224443900761806,-0.00224443900761806,5,-0.00030822819098830223,-1.4073953044802427,1.4576287626423003,-1.0341236092706143
2015-08-20,alternative,-0.01714802773959634,-0.01714802773959634,5,0.005102430935949087,4.002202921558454,-0.21703315826144529,2.2068404319970245
2015-08-20,corp_bond_ig,0.0023279585726125873,0.0023279585726125873,5,0.0017529991455376148,-0.2149776668078318,-2.4558923808755684,-0.48209226627363544
2015-08-20,developed_equity,-0.035790050812262275,-0.035790050812262275,5,0.00254566827788949,0.006473712945881587,-3.519645015929755,0.7349585377121625
2015-08-20,emerging_equity,0.0011838092466271988,0.0011838092466271988,5,0.0040439823642373085,0.8386820328401224,-1.3931894059536971,1.068042751517438
2015-08-20,korea_equity,0.06907620771761591,0.06907620771761591,5,0.0040644267573952675,1.4410945211881006,-0.9088367898357692,0.9995210868849883
2015-08-20,short_treasury,0.0010612775312719425,0.0010612775312719425,5,0.0025834874249994755,2.0793167042723386,-0.4290987982261928,-1.615340592455072
2015-08-20,treasury_7_10y,-0.00027978715683041333,-0.00027978715683041333,5,-0.00036230869591236115,-1.0940969444775395,0.5815364433325679,-1.6085937617024129
2015-08-21,alternative,0.009191176212782759,0.009191176212782759,5,0.005632850341498852,4.134779452857231,1.31076821941147,4.0015778623431855
2015-08-21,corp_bond_ig,-0.0030169680861664716,-0.0030169680861664716,5,-0.0003563207574188709,-1.8232283314559907,-2.904534103376062,-1.7453408570879827
2015-08-21,developed_equity,-0.00670943846051808,-0.00670943846051808,5,0.004174487199634314,2.5859343197191382,-0.18444179079016942,2.52626681562982
2015-08-21,emerging_equity,0.03114505214545571,0.03114505214545571,5,0.004347203765064478,1.7366507107894473,-1.176725005312828,2.40239680264247
2015-08-21,korea_equity,0.07970228487595676,0.07970228487595676,5,0.005332512315362692,2.3213755422945423,-0.4977031389275074,1.956544940689735
2015-08-21,short_treasury,-0.0005890334800014996,-0.0005890334800014996,5,0.0008819710928946733,0.7035164353276288,0.14078269667453883,-0.9800540731487825
2015-08-21,treasury_7_10y,-0.009939616160311915,-0.009939616160311915,5,-0.0017978642135858536,-1.5074991991429265,1.9371117459233105,-1.6564129036451802
2015-08-24,alternative,0.03750001467191266,0.03750001467191266,5,0.0033587091602385044,0.3832190895436818,3.86158210373296,3.720824513970211
2015-08-24,corp_bond_ig,0.004062591501293955,0.004062591501293955,5,-0.0021643349900841713,-1.578779946432331,-1.5574306672420566,-2.052026061195852
2015-08-24,developed_equity,0.015617990240390123,0.015617990240390123,5,0.00406200485303998,1.9986907952541222,3.7438880558012406,3.4304688959178695
2015-08-24,emerging_equity,0.05810982479431459,0.05810982479431459,5,0.006123091094195843,3.8950447871606038,0.8130855284502604,3.1286789946999183
2015-08-24,korea_equity,0.08859058203318582,0.08859058203318582,5,0.0062168012373149395,3.895615173828187,0.6758021806661417,3.2888355126116733
2015-08-24,short_treasury,-0.000470986876058066,-0.000470986876058066,5,-0.00023286230862140656,0.061746410767028304,2.1663755305624264,-2.8784368828464983
2015-08-24,treasury_7_10y,-0.006677188245171273,-0.006677188245171273,5,-0.0001832256093621254,0.7840793824848262,3.681353945041065,-2.6232079150280323
2015-08-25,alternative,0.016129003070505465,0.016129003070505465,5,0.003404286690056324,0.29466726921444486,3.152796759242522,4.100158586943038
2015-08-25,corp_bond_ig,0.008601197887870615,0.008601197887870615,5,0.0002658492885529995,-1.7361513132187045,-1.8762902662253025,-1.642504515412577
2015-08-25,developed_equity,0.009340204462724655,0.009340204462724655,5,0.0046461489982903,1.59159084373884,2.9695294997791426,4.913350396740246
2015-08-25,emerging_equity,0.028058049062515966,0.028058049062515966,5,0.006282352842390537,3.3190488103485407,1.708771448431141,3.4268005022396224
2015-08-25,korea_equity,0.05790742225954082,0.05790742225954082,5,0.006291321944445372,3.3789354346590095,1.042988991994463,2.7912815911621602
2015-08-25,short_treasury,-0.00035338413844465677,-0.00035338413844465677,5,-0.0009615048766136169,-0.4820488880271151,1.5911354893662577,-2.586552947725425
2015-08-25,treasury_7_10y,-0.0023312197405820356,-0.0023312197405820356,5,-0.002132794354110956,-1.418877518315207,2.0357752923192924,-2.6282318052114335
2015-08-26,alternative,-0.017527689106400124,-0.017527689106400124,5,0.003138541476801038,0.3479160858481928,2.6205785896348766,3.3036181298646032
2015-08-26,corp_bond_ig,0.009388871098980456,0.009388871098980456,5,-0.0006185839883983135,-1.975366082069111,-1.606814847288223,-1.063777340641623
2015-08-26,developed_equity,-0.01586127566082951,-0.01586127566082951,5,0.003120012115687132,0.4303590480198496,2.7818258439870474,3.1437101105668366
2015-08-26,emerging_equity,-0.009154691268534076,-0.009154691268534076,5,0.005660631228238344,3.4053707086558442,0.9539044910536154,2.6006056552967265
2015-08-26,korea_equity,0.022596490657406987,0.022596490657406987,5,0.005987165495753288,3.2018352771605385,0.5253397225328357,2.1904377542178053
2015-08-26,short_treasury,0.0008251688736515828,0.0008251688736515828,5,-0.0012881336733698845,-0.3981259887870204,2.0095383683970445,-3.054745993334954
2015-08-26,treasury_7_10y,0.005348092372223556,0.005348092372223556,5,-0.0016625341959297657,-1.2001879624957377,2.490353119027352,-1.7232603334873478
2015-08-27,alternative,-0.035230298139102945,-0.035230298139102945,5,0.003720434382557869,0.5593918457989814,2.541728850981698,3.3786127633258585
2015-08-27,corp_bond_ig,0.005384772884042377,0.005384772884042377,5,-0.00034074997529387474,-2.17306371586958,-1.4676059581777572,-2.6335886309048795
2015-08-27,developed_equity,-0.032923032231079175,-0.032923032231079175,5,0.004023603163659573,1.0636652078720485,2.407592605727245,3.5562644756731805
2015-08-27,emerging_equity,-0.05318526095560505,-0.05318526095560505,5,0.005631038453429937,3.062160030931772,2.0470932763779612,2.3145414304411607
2015-08-27,korea_equity,-0.002492707382762638,-0.002492707382762638,5,0.005223216023296118,3.048235331955982,0.9198140730428996,1.1561057326905135
2015-08-27,short_treasury,0.00023576043395023838,0.00023576043395023838,5,-0.00027242349460721016,-0.0446894982110943,1.7082376931043426,-1.9718667256092075
2015-08-27,treasury_7_10y,0.0032858253337020304,0.0032858253337020304,5,-0.0014161709696054459,-0.5259216929319647,2.3124475720918944,-2.0896552049973836
2015-08-28,alternative,-0.059566840448845415,-0.059566840448845415,5,0.003963081166148186,0.8279523031081502,2.373903178920525,2.8496990376888385
2015-08-28,corp_bond_ig,0.005288258503864718,0.005288258503864718,5,0.00044075027108192444,-2.078762378075322,-1.9084168361061573,-1.383406514672579
2015-08-28,developed_equity,-0.06639953594762749,-0.06639953594762749,5,0.004061697982251644,1.6995188110823005,1.7214336233810406,2.4913056358327608
2015-08-28,emerging_equity,-0.061278856412892546,-0.061278856412892546,5,0.005820713005959988,3.377029911924114,1.223602906802479,2.2175365570006047
2015-08-28,korea_equity,-0.019587464232743157,-0.019587464232743157,5,0.005540940910577774,3.268962385080429,0.8542441986976325,1.8456746755617817
2015-08-28,short_treasury,0.0014149599108186361,0.0014149599108186361,5,-0.0006550387479364872,-0.6212151003898124,2.01272704717173,-1.6346513365964497
2015-08-28,treasury_7_10y,0.00882300012510373,0.00882300012510373,5,-0.0012531639076769352,-1.4005632612708716,2.118221762449459,-1.429158130532697
2015-08-31,alternative,-0.06630331992310734,-0.06630331992310734,5,0.004278821870684624,2.856450533669998,2.4884034301084346,2.6202982580112724
2015-08-31,corp_bond_ig,0.009125700278440396,0.009125700278440396,5,9.698979556560516e-05,-1.834618343500228,-2.6737775711103517,-3.5065900208826934
2015-08-31,developed_equity,-0.06081188082804767,-0.06081188082804767,5,0.004482277203351259,2.4929107382456963,1.353117243825092,3.029333493756391
2015-08-31,emerging_equity,-0.058510624506747044,-0.058510624506747044,5,0.00548560218885541,4.078915479071583,1.8093566030874515,1.8784886206855347
2015-08-31,korea_equity,-0.019648800662851462,-0.019648800662851462,5,0.004783612675964832,3.304271194341874,1.4295039304538857,1.332738033211975
2015-08-31,short_treasury,0.0022411234270109937,0.0022411234270109937,5,-0.0001070164144039154,-0.23996454081185897,2.3696328013917074,-2.3598539214132135
2015-08-31,treasury_7_10y,0.01400900578430897,0.01400900578430897,5,-9.52770933508873e-05,-0.3036287343100651,2.7619047969659336,-2.549629828909313
2015-09-01,alternative,-0.016853960677187363,-0.016853960677187363,5,0.005488972179591656,3.4123787491689357,2.4944638638128622,3.334125545781636
2015-09-01,corp_bond_ig,0.005804870729287259,0.005804870729287259,5,-4.2191240936517715e-05,-0.6601265990558849,-3.818959877759742,-3.200428499226073
2015-09-01,developed_equity,-0.005955062331144179,-0.005955062331144179,5,0.004456724040210247,3.1621969691889964,1.339572692078214,2.8918270508927475
2015-09-01,emerging_equity,0.007685213937330682,0.007685213937330682,5,0.005860085599124432,4.458234280718521,1.5664768354510306,1.9876045092455634
2015-09-01,korea_equity,0.04141756234818894,0.04141756234818894,5,0.005660694092512131,3.8286894125009803,0.6249225049189162,1.4285987135437754
2015-09-01,short_treasury,0.0025952722592341715,0.0025952722592341715,5,0.0009328955784440041,0.5158782343428537,1.7907595857690277,-2.580500485066055
2015-09-01,treasury_7_10y,0.011249691555596852,0.011249691555596852,5,0.0007593105547130108,0.3405929522153833,1.832899665174057,-2.2959243779684195
2015-09-02,alternative,-0.023084025203630176,-0.023084025203630176,5,0.004962464794516563,3.106767838049966,2.9100203628399464,3.489439944847826
2015-09-02,corp_bond_ig,0.004164888129575717,0.004164888129575717,5,0.0003625708632171154,-0.29478754342663543,-2.7677165282657397,-3.9916019299510226
2015-09-02,developed_equity,-0.020518854711981116,-0.020518854711981116,5,0.005053496919572353,2.917964015846125,1.6884107606946939,3.1626048367199338
2015-09-02,emerging_equity,-0.0012121489553740261,-0.0012121489553740261,5,0.005773431155830622,4.1473029772862695,0.961491066093781,1.8592248572352001
2015-09-02,korea_equity,0.040503677720295395,0.040503677720295395,5,0.004177479539066553,3.0444574848219297,1.159529835510855,2.2552961790348385
2015-09-02,short_treasury,0.0018869681682660566,0.0018869681682660566,5,0.0010565400589257479,0.5029084617540897,1.4726013234983377,-2.4616229797505813
2015-09-02,treasury_7_10y,0.01325440588939375,0.01325440588939375,5,0.000427130376920104,0.24097690547646478,2.022077108914527,-3.066498649043172
2015-09-03,alternative,-0.013761467889908285,-0.013761467889908285,5,0.005249844864010811,3.852285990971022,2.6825839223151733,3.2703387586628536
2015-09-03,corp_bond_ig,0.0037996096754424613,0.0037996096754424613,5,0.0023638461716473103,0.7532505003375682,-0.8131841365416294,-3.0085549197434203
2015-09-03,developed_equity,-0.011009981940108382,-0.011009981940108382,5,0.0045396978966891766,4.095197855044229,1.9786362680364202,3.1512824084237665
2015-09-03,emerging_equity,0.021430699112049423,0.021430699112049423,5,0.004743525758385658,4.057604621447585,1.0278309466402615,1.697020693498006
2015-09-03,korea_equity,0.05655202236109713,0.05655202236109713,5,0.004044231027364731,3.300787374523919,0.8213145727120448,2.1384212743072806
2015-09-03,short_treasury,0.003302261779379201,0.003302261779379201,5,0.0010936949402093887,0.48216023977605715,1.5718822232016232,-2.3243364703491483
2015-09-03,treasury_7_10y,0.015660147960460558,0.015660147960460558,5,-0.00020770588889718056,0.11431032659772802,1.5442429492178718,-3.051481720458091
2015-09-04,alternative,0.013940520643787702,0.013940520643787702,5,0.004589200951159,3.2009378279501655,2.6143936879844007,3.5994946336482174
2015-09-04,corp_bond_ig,-0.0011200866461534842,-0.0011200866461534842,5,0.0011182785965502262,0.8070999163922534,-1.370080134979417,-3.3795402542387385
2015-09-04,developed_equity,0.03558076356906481,0.03558076356906481,5,0.0047282204031944275,3.7630692785304327,1.9390438833880672,2.680847543017497
2015-09-04,emerging_equity,0.07560673152839037,0.07560673152839037,5,0.004214662592858076,3.0498489985705737,1.321750540725979,0.24281840833309007
2015-09-04,korea_equity,0.10588998175256337,0.10588998175256337,5,0.004587357863783836,2.945340767865196,0.9891629864007377,1.7893816846024688
2015-09-04,short_treasury,0.002476404208906491,0.002476404208906491,5,0.0005587614141404629,1.0108443932648583,1.6765700660817158,-2.6328610524576166
2015-09-04,treasury_7_10y,0.006917807378937546,0.006917807378937546,5,-0.0003181840293109417,0.8164702181089328,2.360278728558329,-2.6582160090363467
2015-09-08,alternative,-0.012635392484826258,-0.012635392484826258,5,0.0048860469833016396,3.4186846132980966,2.084807244879029,2.931866265665882
2015-09-08,corp_bond_ig,0.005540227126394903,0.005540227126394903,5,0.0022230923641473055,1.9378196743263696,-0.44517623152295877,-2.6419471379850754
2015-09-08,developed_equity,0.0029019817607429665,0.0029019817607429665,5,0.005159389227628708,4.507682295557493,1.1493088580486006,2.0177512697599784
2015-09-08,emerging_equity,0.04071165501607954,0.04071165501607954,5,0.004357166588306427,3.4709294634857697,1.1078440240360965,0.9742134566701272
2015-09-08,korea_equity,0.0764842339285432,0.0764842339285432,5,0.003502235049381852,2.0601717938435,-0.005498563784991964,1.4599709978391093
2015-09-08,short_treasury,0.00271326372586822,0.00271326372586822,5,0.0006348798051476479,1.4887783205787044,1.6534918997796213,-2.759174849496321
2015-09-08,treasury_7_10y,0.013427232912448739,0.013427232912448739,5,0.0011518727988004684,2.4061484592577647,2.176380575689756,-2.7010515726946984
2015-09-09,alternative,0.016468393157417438,0.016468393157417438,5,0.0045310333371162415,3.1847438892892894,1.8675088778895368,3.0167444752338692
2015-09-09,corp_bond_ig,0.006910279648917328,0.006910279648917328,5,0.002131078625097871,1.6226520588518507,-0.2860999518571607,-2.7713761884659003
2015-09-09,developed_equity,0.025294135598575407,0.025294135598575407,5,0.004732711240649223,3.716394375138365,1.0718325671469686,1.9401388485710602
2015-09-09,emerging_equity,0.07396176121753939,0.07396176121753939,5,0.003532572416588664,2.050664405166093,0.5741730809382263,-0.0569738418038094
2015-09-09,korea_equity,0.0949103709240171,0.0949103709240171,5,0.0033565552439540625,1.6009092317941096,-0.6019199562269699,0.9466130183646257
2015-09-09,short_treasury,0.0027139039166206302,0.0027139039166206302,5,-0.00038687605410814285,1.0213837130008931,2.245459844275739,-2.0119465087934763
2015-09-09,treasury_7_10y,0.01051250926372771,0.01051250926372771,5,-0.00041487719863653183,1.4974994236563768,2.9949773103666035,-2.389676750990716
2015-09-10,alternative,0.008152187621736084,0.008152187621736084,5,0.00473539624363184,3.1280385890153886,2.1053114724872417,3.8668494935685516
2015-09-10,corp_bond_ig,0.004933353732972101,0.004933353732972101,5,0.0024656348396092653,1.314852830379897,-0.7233618450502569,-2.3532933181726334
2015-09-10,developed_equity,0.02480191453689673,0.02480191453689673,5,0.004887177608907223,3.8087007713001286,0.5529263289182519,2.505906314510509
2015-09-10,emerging_equity,0.07440742292206015,0.07440742292206015,5,0.00378848472610116,2.048865227495388,0.3464603760763661,1.1010829290079176
2015-09-10,korea_equity,0.09092783190540432,0.09092783190540432,5,0.003066645935177803,1.5653012133367203,-0.9863073690022026,1.423033105691274
2015-09-10,short_treasury,0.0021231458807209336,0.0021231458807209336,5,1.974496990442276e-05,2.0218567364215554,2.6109519681118836,-3.514511991834753
2015-09-10,treasury_7_10y,0.010159869902678142,0.010159869902678142,5,0.0005781520158052444,2.344381350864526,2.8555065234474193,-1.9298820669062775
2015-09-11,alternative,0.007272755015980126,0.007272755015980126,5,0.005140867084264755,3.9203757223810207,2.247186889094184,3.228543311150381
2015-09-11,corp_bond_ig,0.004670480044105529,0.004670480044105529,5,0.001900967676192522,0.9435396803113653,-0.6739061593741935,-2.4632172391607803
2015-09-11,developed_equity,0.028344843721217483,0.028344843721217483,5,0.005440595559775829,3.8785675669160606,0.10986985924922783,3.8799348171732313
2015-09-11,emerging_equity,0.07411833861606976,0.07411833861606976,5,0.0037048938684165478,1.331596900623649,0.07691370130738888,0.19798858312998693
2015-09-11,korea_equity,0.09901188508228853,0.09901188508228853,5,0.003691163845360279,1.2876047831492234,-1.509793209295004,1.250929580650162
2015-09-11,short_treasury,0.001768677398855889,0.001768677398855889,5,-0.00034602871164679527,1.0591118365369054,2.566347083842279,-1.7685222829766838
2015-09-11,treasury_7_10y,0.008069061696159396,0.008069061696159396,5,0.00026266369968652725,2.090866935919931,3.123670822438156,-2.490026915512106
2015-09-14,alternative,0.01190479018395929,0.01190479018395929,5,0.003786434419453144,2.237399959270611,2.3462241671828825,3.009894648257583
2015-09-14,corp_bond_ig,0.008822737113410861,0.008822737113410861,5,0.001810465008020401,0.37964375604123196,-1.725161597925004,-2.3506883415740343
2015-09-14,developed_equity,0.029870494506240908,0.029870494506240908,5,0.0047098565846681595,3.000782517910299,0.7150621631157599,1.997879236359137
2015-09-14,emerging_equity,0.0676443679094556,0.0676443679094556,5,0.0026396499015390873,1.5579306112610631,0.05174541501715175,-0.5603522029711767
2015-09-14,korea_equity,0.10421425469349521,0.10421425469349521,5,0.0028016334399580956,0.36784212441913466,-1.2332585122398976,1.196042451327462
2015-09-14,short_treasury,0.0017690945189203777,0.0017690945189203777,5,0.00020921463146805763,1.6969427803251562,2.049298146807993,-3.8247567977060433
2015-09-14,treasury_7_10y,0.01049871337999675,0.01049871337999675,5,7.757404819130898e-05,1.920118397132606,2.0125011859857236,-2.697969539556181
2015-09-15,alternative,-0.0018281953825148856,-0.0018281953825148856,5,0.004379879683256149,2.2812604933882032,1.3135278858844812,2.983917123977181
2015-09-15,corp_bond_ig,0.01568766851377279,0.01568766851377279,5,0.0017224503681063652,0.32751536042640866,-0.5572556528587339,-3.811317580237031
2015-09-15,developed_equity,0.010201062667212657,0.010201062667212657,5,0.0043626753613352776,2.4313467428835294,-0.33694835841271614,2.455965363253251
2015-09-15,emerging_equity,0.040320208384485356,0.040320208384485356,5,0.00308829452842474,1.0727473141536745,-0.718113316160669,0.22865695559264687
2015-09-15,korea_equity,0.07818595134581785,0.07818595134581785,5,0.0021201299969106913,-0.5317638461422812,-0.8306149572734274,1.5623756351122327
2015-09-15,short_treasury,0.003543203711416254,0.003543203711416254,5,-0.0004828493110835552,0.4457002896329649,0.993534217687453,-2.6772140475251907
2015-09-15,treasury_7_10y,0.019463390582628026,0.019463390582628026,5,-0.0010552909225225449,0.3294420468330318,0.8847196539462223,-3.095578018608114
2015-09-16,alternative,-0.014453464482651834,-0.014453464482651834,5,0.002338614547625184,0.8354031200942974,1.1284301521799867,2.8186925616981346
2015-09-16,corp_bond_ig,0.017833867822378835,0.017833867822378835,5,0.0015842155553400517,0.3828930187414082,-0.7535263713306909,-3.832534029243634
2015-09-16,developed_equity,0.0033179942000312046,0.0033179942000312046,5,0.00315846991725266,0.9478100913194296,-0.14465340466089988,1.3360023193433221
2015-09-16,emerging_equity,0.023444323912521492,0.023444323912521492,5,0.0012234230525791645,-0.6895345203703678,-0.8647395443828908,-0.22303796356993774
2015-09-16,korea_equity,0.04878525289151847,0.04878525289151847,5,0.0008024238049983978,-2.1732172472485303,-1.1929586489924242,1.1436910338497308
2015-09-16,short_treasury,0.005079053356735086,0.005079053356735086,5,-0.00038735754787921906,-0.4993638606060391,0.018752744812432533,-3.323397706371179
2015-09-16,treasury_7_10y,0.025328422332602907,0.025328422332602907,5,-0.0008438313379883766,0.07684493742251211,1.2876452365601778,-3.8650802796007704
2015-09-17,alternative,-0.00539566987938267,-0.00539566987938267,5,0.0027315665502101183,1.0445076154901172,0.9506203127547147,2.547680922873204
2015-09-17,corp_bond_ig,0.009059494465397888,0.009059494465397888,5,0.0008649444207549095,-0.5438859412617214,0.08273543556035322,-2.8113668724377034
2015-09-17,developed_equity,0.01961633599355217,0.01961633599355217,5,0.00229922728613019,0.9347603161603706,-0.8164659680386377,0.5983224767793033
2015-09-17,emerging_equity,0.05076878265234663,0.05076878265234663,5,0.0010493055451661348,-1.0240893586973756,-1.5002136922881264,-0.7954744707517841
2015-09-17,korea_equity,0.07970725217238184,0.07970725217238184,5,-0.00022518914192914963,-2.750727432731065,-1.3865210306959799,0.8679466853811235
2015-09-17,short_treasury,0.0022392745412269655,0.0022392745412269655,5,0.00020790845155715942,-0.8834660666204704,0.07115020701795373,-3.2393704881691745
2015-09-17,treasury_7_10y,0.013403320577869193,0.013403320577869193,5,-0.00017148489132523537,0.3892139194822617,1.1679148053299109,-3.8657312828826407
2015-09-18,alternative,0.014692364111132505,0.014692364111132505,5,0.002798498375341296,0.765071457228666,1.3302407672139083,3.1692873948112372
2015-09-18,corp_bond_ig,0.0063655730216731765,0.0063655730216731765,5,-0.000914666336029768,-1.189305903674707,-0.809555510294502,-2.9003752849969495
2015-09-18,developed_equity,0.037118524697253186,0.037118524697253186,5,0.0017242864705622196,-0.043032276805549885,-0.14343336637792842,1.8327649480655759
2015-09-18,emerging_equity,0.07153408329773847,0.07153408329773847,5,-0.0006127576343715191,-2.0231616536802064,-0.010784510556297302,-0.020795469734184963
2015-09-18,korea_equity,0.08641727445040392,0.08641727445040392,5,-0.00034680264070630074,-3.63486769505347,-0.5921803361591484,1.4755726664907407
2015-09-18,short_treasury,0.001295801756890702,0.001295801756890702,5,0.00016426434740424156,-0.764829809201519,-0.5180200020040601,-3.3252371811714934
2015-09-18,treasury_7_10y,0.007836517574013602,0.007836517574013602,5,-0.0012170206755399704,0.09024546706522707,1.4484464906668975,-3.304799184696498
2015-09-21,alternative,0.0009107328901798439,0.0009107328901798439,5,0.002744654892012477,1.295411237067035,2.3479184054936093,2.5469543915894146
2015-09-21,corp_bond_ig,0.011412758542533652,0.011412758542533652,5,-0.0010027228854596615,-1.2956036732616152,-1.0197864592144372,-3.35925894467308
2015-09-21,developed_equity,0.0361233353831496,0.0361233353831496,5,0.0007587801665067673,0.06531040071673139,-0.1412106931109101,1.0132193772231206
2015-09-21,emerging_equity,0.06248150967574162,0.06248150967574162,5,0.0003776727244257927,-1.9252668412927731,-0.37858563639461157,0.7908779881628596
2015-09-21,korea_equity,0.09511252273558735,0.09511252273558735,5,-0.0006735003553330898,-3.618149812583055,-0.20685488157231602,1.4096120987517942
2015-09-21,short_treasury,0.002239538538515884,0.002239538538515884,5,0.00047244224697351456,-0.2209633174477571,-0.3235878071867753,-3.9451194793666606
2015-09-21,treasury_7_10y,0.0131356868251713,0.0131356868251713,5,-0.0004892759025096893,0.5283795893115218,1.203303280052583,-4.202284371523754
2015-09-22,alternative,0.019462450828765077,0.019462450828765077,5,0.00024974578991532326,-0.39350555712195706,-0.7611711017096988,-1.8917241204036819
2015-09-22,corp_bond_ig,0.0051652759573459495,0.0051652759573459495,5,-0.002625057939440012,-3.061945434479855,-0.6141803661446975,-2.1361035444285825
2015-09-22,developed_equity,0.054792445282333624,0.054792445282333624,5,0.0017996388487517834,0.7249520440332641,-0.6234485526084899,-3.5287199723102067
2015-09-22,emerging_equity,0.08237777889305176,0.08237777889305176,5,-0.0008093197830021381,-2.7350462408736664,-1.0171806876362064,-2.917527360266288
2015-09-22,korea_equity,0.11508422712045929,0.11508422712045929,5,-0.0021080500446259975,-2.0976568528691004,1.1766106140942332,-2.1433623926451997
2015-09-22,short_treasury,0.0010602422892245222,0.0010602422892245222,5,0.00010778801515698433,-0.6121018467014036,-0.752938737673229,-2.0687346631394665
2015-09-22,treasury_7_10y,0.0046680981901858765,0.0046680981901858765,5,7.781246677041054e-05,-1.463493267400342,-1.1969050281958775,-2.3634243989732977
2015-09-23,alternative,0.018674136587250034,0.018674136587250034,5,0.0010988342110067606,0.4155818882565655,0.3100962716487375,-2.6362082152188093
2015-09-23,corp_bond_ig,0.01076750830762152,0.01076750830762152,5,-0.0027336212806403637,-2.9912561097312285,0.44232733997983753,-0.9511411638688013
2015-09-23,developed_equity,0.04492540501836517,0.04492540501836517,5,0.0013256976380944252,-0.13670869387571608,-1.3133290162571094,-3.094872853549085
2015-09-23,emerging_equity,0.08402323865335215,0.08402323865335215,5,-0.000334431417286396,-1.7640994749756331,-0.4301299035456389,-1.891998591017267
2015-09-23,korea_equity,0.11652496340919871,0.11652496340919871,5,-0.0025138133205473423,-2.1301429946621893,1.9882883614538258,-1.6878022597871045
2015-09-23,short_treasury,0.0017676352203632728,0.0017676352203632728,5,-0.0003090747632086277,-1.2015801136166577,-0.5588851502490659,-1.8168777907224658
2015-09-23,treasury_7_10y,0.00925325276129696,0.00925325276129696,5,-0.0003513540141284466,-2.7842531497645995,-0.7711194534324621,-0.6068657497229164
2015-09-24,alternative,0.032863849765258246,0.032863849765258246,5,0.002439455594867468,0.22983071293982515,-1.5562539213064286,-0.4241487484013623
2015-09-24,corp_bond_ig,0.012746496595979817,0.012746496595979817,5,-0.002219767775386572,-2.063309050734769,0.3947399906689889,-1.57553521796687
2015-09-24,developed_equity,0.060438670247013215,0.060438670247013215,5,0.0011980903800576925,0.21564470868947055,-1.1380712934795547,-2.3880153964609065
2015-09-24,emerging_equity,0.11117956497179926,0.11117956497179926,5,0.0007761423476040363,-1.234835282099988,-0.9995677361886857,-2.871869439756087
2015-09-24,korea_equity,0.1392537030474954,0.1392537030474954,5,-0.0011387751437723637,-0.7814268989579497,1.8960683027247014,-2.203706541547436
2015-09-24,short_treasury,0.0015310004453099602,0.0015310004453099602,5,-0.0009586396627128124,-1.7676990221795998,-0.5316461638175984,-1.142355628624757
2015-09-24,treasury_7_10y,0.008772699940509998,0.008772699940509998,5,-0.00041313935071229935,-1.8050053229756085,-1.0178868235350484,-2.227367866839581
2015-09-25,alternative,0.043071145530696464,0.043071145530696464,5,0.0022493130527436733,-0.18192856755551856,-1.3564595346982764,-2.0777321123317556
2015-09-25,corp_bond_ig,0.01209400051868803,0.01209400051868803,5,-0.0013247434981167316,-2.2139443769616016,0.08135287403592968,-1.8402472646585937
2015-09-25,developed_equity,0.05905869800696184,0.05905869800696184,5,0.001306840917095542,-0.28043860200663584,-0.3761769402202186,-3.412945756773775
2015-09-25,emerging_equity,0.12006170390274118,0.12006170390274118,5,-0.0008240370079874992,-1.394543268604699,-3.4563702421537905,-2.568537766837325
2015-09-25,korea_equity,0.14014992665724257,0.14014992665724257,5,-0.0014035222120583057,-0.6250269429252373,1.0383742794383473,-1.8030223725592613
2015-09-25,short_treasury,0.0011782546351468692,0.0011782546351468692,5,-0.001416694838553667,-2.0958004262858347,-0.3677003850778201,-1.5260990674993156
2015-09-25,treasury_7_10y,0.005707874938471136,0.005707874938471136,5,-0.0007783113978803158,-2.4762451840631035,-1.6923749301310502,-2.0662679842411342
2015-09-28,alternative,0.06429946999868652,0.06429946999868652,5,0.002574374433606863,0.8638214313752899,-2.256281597742357,-0.18593304339355618
2015-09-28,corp_bond_ig,0.012159396975178094,0.012159396975178094,5,-0.002595361787825823,-2.1752180337404683,0.0023670025372346053,-1.5005849837533243
2015-09-28,developed_equity,0.09580012576105368,0.09580012576105368,5,0.002315695397555828,0.5762655942713152,-1.2671916802230128,-1.682406238185241
2015-09-28,emerging_equity,0.13402712465170286,0.13402712465170286,5,-0.0003990554250776768,-1.3780802996143169,-2.8011506374223134,-1.3010671644374234
2015-09-28,korea_equity,0.1625930212524449,0.1625930212524449,5,-0.000808983575552702,-0.3159747886852122,0.6856030955773257,-1.8029918274107113
2015-09-28,short_treasury,0.000470986876057955,0.000470986876057955,5,-0.002322671003639698,-2.10247721744182,0.4574669278047422,-0.7773417150525453
2015-09-28,treasury_7_10y,0.0026051244003690854,0.0026051244003690854,5,-0.0006710863672196865,-2.107205733631431,-0.8125957890184637,-1.7402849156948585
2015-09-29,alternative,0.0680933831925632,0.0680933831925632,5,0.003056545043364167,0.5332823984013222,-1.807424289614479,2.1328584721941666
2015-09-29,corp_bond_ig,0.011110161990752099,0.011110161990752099,5,-0.0013662711717188358,-2.5272360108029943,-0.07276864053340111,-2.150530836321147
2015-09-29,developed_equity,0.09781607103527556,0.09781607103527556,5,0.0033022346906363964,0.0009563046792575567,-1.565578474911185,-0.9934968907312276
2015-09-29,emerging_equity,0.11581916371684176,0.11581916371684176,5,-0.00011997576802968979,-0.6714361291249772,-3.2178779701505986,-1.585516428860182
2015-09-29,korea_equity,0.15778246205596402,0.15778246205596402,5,-0.0019616736099123955,-0.4506546189335234,0.039406906671586146,-1.563950896853217
2015-09-29,short_treasury,0.00035305141656949424,0.00035305141656949424,5,-0.001176243182271719,-1.540101979958683,0.42356333145353914,-1.3962589348708332
2015-09-29,treasury_7_10y,0.001668987554218404,0.001668987554218404,5,-0.002097229938954115,-2.234189633407314,-0.6499310438536278,-2.2171922558431763
2015-09-30,alternative,0.05047621954055059,0.05047621954055059,5,0.00362185575067997,2.0638301805815145,-1.3152090819519755,1.7352570619807943
2015-09-30,corp_bond_ig,0.007321958224906666,0.007321958224906666,5,-0.00024342164397239685,-2.537194977473629,-1.1068542619897193,-1.9354633963106314
2015-09-30,developed_equity,0.07173882217088212,0.07173882217088212,5,0.0040679993107914925,1.4465628303358016,-1.1789002363876875,-1.0810108836991175
2015-09-30,emerging_equity,0.07199514027566378,0.07199514027566378,5,0.001132078468799591,0.3825387057545564,-3.0317567983656564,-1.324716037161649
2015-09-30,korea_equity,0.10393603570519172,0.10393603570519172,5,-0.0006715767085552216,0.06384470583835336,0.6339934824361292,-1.3187724179434193
2015-09-30,short_treasury,-0.001176591088769996,-0.001176591088769996,5,-0.00015670573338866234,-1.8966760634069608,0.17209281280782582,-0.1956701717567324
2015-09-30,treasury_7_10y,-0.003708181289460377,-0.003708181289460377,5,-0.0019242106936872005,-3.7768365083391897,-1.237838811340077,-0.5314953077429739
2015-10-01,alternative,0.03875234740886868,0.03875234740886868,5,0.004968635737895966,2.2651406480393157,-0.43937248956081626,1.7935285644086607
2015-10-01,corp_bond_ig,0.0033699073562247772,0.0033699073562247772,5,0.0008711870759725571,-2.3559722420666986,-1.832911392028324,-1.2549524228361522
2015-10-01,developed_equity,0.07855753188922443,0.07855753188922443,5,0.0036880020052194595,1.2646440682836964,-0.5284024688906868,-0.5437472276671718
2015-10-01,emerging_equity,0.056128711778086426,0.056128711778086426,5,0.0019109912682324648,0.7878151872867168,-2.106685360020152,-0.8853763905563796
2015-10-01,korea_equity,0.08572004524086152,0.08572004524086152,5,0.0002705664373934269,0.4707409006705998,0.13672752141092237,-0.5384461477180374
2015-10-01,short_treasury,-0.0014125382165770528,-0.0014125382165770528,5,-0.0009097722359001637,-2.3556307549398636,0.9256191447976917,-0.23354872715625555
2015-10-01,treasury_7_10y,-0.009091783547729881,-0.009091783547729881,5,0.0003853221423923969,-1.66423777780716,0.7613965469452907,-1.221970096790981
2015-10-02,alternative,0.0213953772256541,0.0213953772256541,5,0.0031420502346009016,2.3390875125335517,-0.6256543313334849,1.2980073325019863
2015-10-02,corp_bond_ig,0.001548522956674292,0.001548522956674292,5,9.013805538415909e-06,-2.13866956095593,-3.3429812958136202,-0.5996208858370345
2015-10-02,developed_equity,0.06011570813790357,0.06011570813790357,5,0.003797833574935794,1.7037349616372177,0.4670523795904424,-1.8702761386873477
2015-10-02,emerging_equity,0.030437316035830664,0.030437316035830664,5,0.0016764085739850998,0.6998639327505053,-0.852146124363676,-0.8243232876218447
2015-10-02,korea_equity,0.08607951666787295,0.08607951666787295,5,0.0007813533302396536,0.2924708853557104,0.3428605372955486,-1.0538797430221465
2015-10-02,short_treasury,-0.00282118096427042,-0.00282118096427042,5,0.0010195369832217693,-0.3656280941909309,1.272844495891865,-0.8935885455399805
2015-10-02,treasury_7_10y,-0.011910266315253937,-0.011910266315253937,5,0.0011258465237915516,0.44175774327451206,2.281337777775805,-1.7040855794422762
2015-10-05,alternative,0.021998181113157322,0.021998181113157322,5,0.003030000254511833,2.491567073001619,-1.604268953156086,1.841423844437165
2015-10-05,corp_bond_ig,-0.0029328384921083472,-0.0029328384921083472,5,-0.00013608532026410103,-3.340706374085844,-3.52506466002342,-0.21304418050486115
2015-10-05,developed_equity,0.03955544428972235,0.03955544428972235,5,0.0036616430152207613,1.9607945818594257,0.055875753717112626,0.5617053628526508
2015-10-05,emerging_equity,0.02863759581157943,0.02863759581157943,5,0.0016753491945564747,0.8841042132449527,-1.3246640222249721,0.15037973909694566
2015-10-05,korea_equity,0.08321911152137185,0.08321911152137185,5,-7.732212543487549e-05,0.5874242292597046,0.2720701151236277,-0.41899492916850467
2015-10-05,short_treasury,-0.003176147108292615,-0.003176147108292615,5,-0.0004578554071485996,-0.9693435787483603,2.1682302018006854,-0.7008697697611215
2015-10-05,treasury_7_10y,-0.010769622528778555,-0.010769622528778555,5,0.0003059171140193939,-0.04942253412335594,3.0667956644060514,-1.5982633504924986
2015-10-06,alternative,0.01828153539400912,0.01828153539400912,5,0.002535296604037285,2.5320050884927863,-0.8983614008890901,1.0020161627083224
2015-10-06,corp_bond_ig,-0.004820981149563752,-0.004820981149563752,5,9.735068306326866e-05,-1.9703385232355568,-2.6416345401433405,0.6644183291710293
2015-10-06,developed_equity,0.04499422000537101,0.04499422000537101,5,0.0025504962541162968,2.1886384829069963,-0.18125254177804334,-1.5926230239492414
2015-10-06,emerging_equity,0.044045219695511895,0.044045219695511895,5,0.0018473942764103413,1.1081170119621206,-1.2908301255547185,-0.005752380742668502
2015-10-06,korea_equity,0.10088320535192663,0.10088320535192663,5,-0.0004058871418237686,0.2175420944326657,0.915734243697376,-1.1866391241975098
2015-10-06,short_treasury,-0.003176431094898846,-0.003176431094898846,5,0.00012698490172624588,-0.9938452738081516,2.188009802494979,-0.9253964316578769
2015-10-06,treasury_7_10y,-0.01538037299560513,-0.01538037299560513,5,7.644295692443848e-06,-0.2532606081782848,2.5640697197586566,-1.1403181182054791
2015-10-07,alternative,0.0,0.0,5,0.00298899644985795,2.324963201241412,0.1851935023630435,1.6705951049409105
2015-10-07,corp_bond_ig,-0.00943637708673628,-0.00943637708673628,5,-0.0005532368086278439,-3.0464506082436635,-3.330619071907958,0.703720147567169
2015-10-07,developed_equity,0.031985021349610454,0.031985021349610454,5,0.0028377785347402096,2.066817715437231,0.3111467545237422,0.884810942191812
2015-10-07,emerging_equity,0.008749685876963786,0.008749685876963786,5,0.0005191555246710777,0.5021721962011944,-0.4732409434572727,0.6510185611019758
2015-10-07,korea_equity,0.05334347775814985,0.05334347775814985,5,-0.0015779538080096245,-1.0583579064974358,-0.3583078329988995,-1.2714764346413296
2015-10-07,short_treasury,-0.004000987924854149,-0.004000987924854149,5,-0.0006900369189679623,-1.2657455091983207,2.2081834231195194,-0.06311334904185174
2015-10-07,treasury_7_10y,-0.0139327507800181,-0.0139327507800181,5,-0.0005662762559950352,-0.6820672542583174,2.4362848626903597,-1.096622431013712
2015-10-08,alternative,-0.004492362859751964,-0.004492362859751964,5,0.0015758653171360493,1.8733230408198926,1.0365216080767905,0.7291172574486249
2015-10-08,corp_bond_ig,-0.005253644019851844,-0.005253644019851844,5,-0.0006670854054391384,-3.0910130390970094,-2.7821977890666063,1.7551259895024163
2015-10-08,developed_equity,0.034225967735626694,0.034225967735626694,5,0.0003574918955564499,1.326792704413335,0.29375724346435883,-0.7743119712225096
2015-10-08,emerging_equity,-0.00027931124956415143,-0.00027931124956415143,5,-0.0004256642423570156,-0.3321042982279061,-0.32580720987703504,-0.6254005440623507
2015-10-08,korea_equity,0.04422604723750245,0.04422604723750245,5,-0.0013834163546562195,-0.8549767567164709,0.39885265341443593,-1.6754863875193298
2015-10-08,short_treasury,-0.0037664747913432883,-0.0037664747913432883,5,-0.0004003080539405346,-2.2439392593751806,1.7675119304768454,0.7722270966181678
2015-10-08,treasury_7_10y,-0.012013419151826854,-0.012013419151826854,5,-0.00018707523122429848,-1.127073378240382,2.263782122410068,-0.17372760090749953
2015-10-09,alternative,0.0,0.0,5,0.0012099933810532093,0.6935737654699756,1.1849444037542243,1.3170309693007514
2015-10-09,corp_bond_ig,-0.012138460895807501,-0.012138460895807501,5,-0.0016629956662654877,-3.952785016354353,-2.1976617330149755,1.4403118040292715
2015-10-09,developed_equity,0.025135707235209415,0.025135707235209415,5,0.000477480236440897,-0.3124143103148902,0.5342022769287802,-0.3247410983349411
2015-10-09,emerging_equity,-0.01780744057048511,-0.01780744057048511,5,-0.0012312354519963264,-1.490353585580239,0.2712946029253664,-1.5864881114860148
2015-10-09,korea_equity,0.014984065296986149,0.014984065296986149,5,-0.0020402376540005207,-1.9093128712730416,0.9018329742144079,-1.368902590944384
2015-10-09,short_treasury,-0.004708115939139779,-0.004708115939139779,5,-0.0009259483776986599,-2.202162539725103,1.3990623874088963,0.5245860358127254
2015-10-09,treasury_7_10y,-0.01926656410821559,-0.01926656410821559,5,-0.00039783772081136703,-0.9025043258027089,1.835390324361356,-0.9127679096837888
2015-10-12,alternative,-0.0072398466222427516,-0.0072398466222427516,5,0.0013135068584233522,0.6888815127018556,1.441060274748448,1.3486688749963793
2015-10-12,corp_bond_ig,-0.017748433023850763,-0.017748433023850763,5,-0.001812509261071682,-3.9192976662312473,-2.215682628286074,1.7655750117201832
2015-10-12,developed_equity,0.014859279143737414,0.014859279143737414,5,0.00011648889631032944,0.3770132378600886,0.7804176637490087,-1.122494798688718
2015-10-12,emerging_equity,-0.03504345568170686,-0.03504345568170686,5,-0.0006155245937407017,-1.6087739148944669,0.41651330188040886,-0.11197430357655117
2015-10-12,korea_equity,-0.002067997715627934,-0.002067997715627934,5,-0.001362551935017109,-1.7549489366192423,0.8509741498818593,-0.5804652033760405
2015-10-12,short_treasury,-0.00470922432754628,-0.00470922432754628,5,-0.0008118744008243084,-1.5128230672124965,0.4282905562230069,0.04218166853175515
2015-10-12,treasury_7_10y,-0.024211507759405393,-0.024211507759405393,5,-0.0003451746888458729,-0.8760783406607262,0.5813318169185914,-1.5596250522864172
2015-10-13,alternative,0.0018315438024374409,0.0018315438024374409,5,0.0008656652644276619,-0.5134897143402944,2.126958959448243,1.1510809663884225
2015-10-13,corp_bond_ig,-0.014501479561779163,-0.014501479561779163,5,-0.0007765353657305241,-3.990792566195366,-1.7690805023506082,2.1971586960246072
2015-10-13,developed_equity,0.026687802687039408,0.026687802687039408,5,0.000938373152166605,-0.5084918172154425,0.39170719257324704,-0.3582595493985663
2015-10-13,emerging_equity,-0.023368472250170247,-0.023368472250170247,5,-0.0018908269703388214,-3.0147340599754147,0.6535985401855281,-0.14003133563046405
2015-10-13,korea_equity,0.0013323124020641064,0.0013323124020641064,5,-0.0019650915637612343,-2.6149186548235037,0.9665575695334455,0.06312270299019067
2015-10-13,short_treasury,-0.004589847993946017,-0.004589847993946017,5,-0.00034401845186948776,-1.5112796279034626,-1.0727822458180787,-0.2682173850175314
2015-10-13,treasury_7_10y,-0.023262299358063232,-0.023262299358063232,5,0.00015317415818572044,-0.9250386748989232,-0.04775465987890395,-1.0449036791297972
2015-10-14,alternative,0.0018332225520989454,0.0018332225520989454,5,-0.0004919837228953838,-0.18895072855600592,1.4320936181876733,0.4995590814022754
2015-10-14,corp_bond_ig,-0.018461569761618613,-0.018461569761618613,5,-0.0016359137371182442,-4.445758696455911,-2.243563092881945,-0.8410723774101543
2015-10-14,developed_equity,0.022142246133142196,0.022142246133142196,5,0.0003139413893222809,-0.7737095639586106,0.770651755740825,-1.247880973007206
2015-10-14,emerging_equity,-0.02884616629404324,-0.02884616629404324,5,-0.0015185298398137093,-2.134681936207085,0.9474597997504702,0.11047248459434682
2015-10-14,korea_equity,-0.0041430774449658925,-0.0041430774449658925,5,-0.0008740904740989208,-2.0663337293117863,1.4949610101022477,0.7739505133769073
2015-10-14,short_treasury,-0.006228684946609442,-0.006228684946609442,5,0.0001802835613489151,-1.9458145075355995,-1.2158139897189724,0.2814883424337622
2015-10-14,treasury_7_10y,-0.029034948731719412,-0.029034948731719412,5,0.0005058541428297758,-0.6294760637064865,-0.6287704667264918,-0.8107394328285119
2015-10-15,alternative,-0.021699833263926216,-0.021699833263926216,5,0.0003135199658572674,-1.6871521609717928,0.9370244038671551,1.5128572185129183
2015-10-15,corp_bond_ig,-0.018383873044784393,-0.018383873044784393,5,-0.0020526451990008354,-2.5921354648185178,-0.32542229892401503,-3.3992099211642484
2015-10-15,developed_equity,-0.006790258033043117,-0.006790258033043117,5,9.312620386481285e-05,-1.5301818938047762,0.3354859343776752,-0.6197652332916189
2015-10-15,emerging_equity,-0.06101609123929841,-0.06101609123929841,5,-0.0021716118790209293,-2.796559625308777,1.754761801714128,0.6910158398001234
2015-10-15,korea_equity,-0.042315467426894626,-0.042315467426894626,5,-0.002558931242674589,-2.6255100928549484,1.267559201271424,0.4595369050428445
2015-10-15,short_treasury,-0.005291681241675006,-0.005291681241675006,5,-0.0009891614317893982,-0.7536108381050102,1.8066291978645694,-0.803020568853656
2015-10-15,treasury_7_10y,-0.025157243355592884,-0.025157243355592884,5,-0.0021778573282063007,-0.9074789502552273,2.0904995452533677,-1.7139286743187023
2015-10-16,alternative,-0.033484135278209815,-0.033484135278209815,5,-0.00020555360242724419,-1.5500232746338984,-0.2296930164274702,-0.1233421120558368
2015-10-16,corp_bond_ig,-0.015813304623488733,-0.015813304623488733,5,-0.0027718977071344852,-3.6561540363321807,0.09354019466083559,-2.7463764737472443
2015-10-16,developed_equity,-0.01372190107797977,-0.01372190107797977,5,0.00015571946278214455,-1.20020406099912,0.8152679791179925,-0.8106183000296485
2015-10-16,emerging_equity,-0.07475859543372843,-0.07475859543372843,5,-0.001365463249385357,-2.402662681166937,1.7932197803709888,0.9637792423198548
2015-10-16,korea_equity,-0.05615914149576451,-0.05615914149576451,5,-0.0012022778391838074,-1.6797860312100454,1.400642988255066,0.6316344225320993
2015-10-16,short_treasury,-0.003999956916360348,-0.003999956916360348,5,-0.0008276831358671188,-0.5714988438006575,0.9627970125060173,-0.844703506293865
2015-10-16,treasury_7_10y,-0.020642374828633625,-0.020642374828633625,5,-0.0008319220505654812,0.3047014402292446,1.832260058223561,-1.324330739087253
2015-10-19,alternative,-0.010919058789586655,-0.010919058789586655,5,-0.0013849460519850254,-2.420191504357132,0.0944776585511398,0.8302395917089918
2015-10-19,corp_bond_ig,-0.015558212024246343,-0.015558212024246343,5,-0.0022010509856045246,-3.0184100088888455,0.25046841749232157,-1.825610742973366
2015-10-19,developed_equity,0.0031179312402955794,0.0031179312402955794,5,-0.0012731165625154972,-2.050551554203263,1.477475178748039,0.8556477425842921
2015-10-19,emerging_equity,-0.04710151591684508,-0.04710151591684508,5,-0.002742215059697628,-3.380769782977695,2.3407472810501453,1.2955630549852184
2015-10-19,korea_equity,-0.04166666666666663,-0.04166666666666663,5,-0.001318606548011303,-1.5721013293456392,1.5880473470590322,0.752976526045967
2015-10-19,short_treasury,-0.0043513480242174385,-0.0043513480242174385,5,-0.0014777337200939655,-1.1406997926757774,0.4411835139646215,-0.8728041748366979
2015-10-19,treasury_7_10y,-0.018892395370502357,-0.018892395370502357,5,-0.000979563221335411,-0.16124241430398123,0.3426252676867167,-1.163097399767434
2015-10-20,alternative,-0.020909118652343905,-0.020909118652343905,5,-0.0015693181194365025,-1.8598147135055114,-0.23310450658009582,0.9117360744936588
2015-10-20,corp_bond_ig,-0.012675602345457393,-0.012675602345457393,5,-0.0019769417122006416,-3.370361762548609,-0.41915806784895865,-2.3061317110149187
2015-10-20,developed_equity,0.002972386127914506,0.002972386127914506,5,-0.0011116969399154186,-1.8908087390707513,1.5399906616868742,1.4337893417567802
2015-10-20,emerging_equity,-0.049623608371915484,-0.049623608371915484,5,-0.002161866519600153,-3.026944323852379,1.7204033081541972,1.7631693882418393
2015-10-20,korea_equity,-0.05178764551267223,-0.05178764551267223,5,-0.0012489696964621544,-2.285891468342264,1.5721530202334442,1.7502537679100514
2015-10-20,short_treasury,-0.0041186878052419384,-0.0041186878052419384,5,-0.000646806787699461,-0.6453046689285005,-0.3443521400198663,-0.975471015719419
2015-10-20,treasury_7_10y,-0.01579775986060772,-0.01579775986060772,5,0.0005165915936231613,0.13146293464269707,-0.21704419709136086,-1.0529428975830206
2015-10-21,alternative,-0.0027497289327134133,-0.0027497289327134133,5,-0.0006437767297029495,-1.4137817739322,0.2964411623297277,1.9751059728369411
2015-10-21,corp_bond_ig,-0.01730014353717302,-0.01730014353717302,5,-0.0021517928689718246,-1.9016528646265676,-0.18852723501079355,-2.2552933118686105
2015-10-21,developed_equity,0.02156826825826519,0.02156826825826519,5,-0.002165010664612055,-2.2325578126629138,1.5945900273555937,2.6742034922957916
2015-10-21,emerging_equity,-0.025176787215421936,-0.025176787215421936,5,-0.0014732349663972855,-2.1527506067063777,1.9428750376586494,2.086678432972881
2015-10-21,korea_equity,-0.03379758117725573,-0.03379758117725573,5,-0.001030942890793085,-1.675345544009356,1.6277602634095742,1.6579196216778476
2015-10-21,short_treasury,-0.004823004961843624,-0.004823004961843624,5,-0.00034498702734708786,-1.0202397943107013,0.0032571538306681662,-0.5214904794393705
2015-10-21,treasury_7_10y,-0.01963329024517857,-0.01963329024517857,5,-0.0009009209461510181,-0.7468518133695987,0.36604724415216283,-1.319163222456378
2015-10-22,alternative,-0.010909063165838062,-0.010909063165838062,5,-0.0003163614310324192,-0.9009689334163017,-0.2171793991288697,2.1889313871323277
2015-10-22,corp_bond_ig,-0.01649795792524067,-0.01649795792524067,5,-0.0023681609891355038,-1.7987838650626664,1.4022384363161857,-1.5384554256417873
2015-10-22,developed_equity,0.0068956587390820445,0.0068956587390820445,5,8.980138227343559e-05,-1.7941809957315165,2.0033901504906413,2.2128764414786994
2015-10-22,emerging_equity,-0.036308240210882525,-0.036308240210882525,5,-0.0005697193555533886,-1.8698898386972398,1.167005537924205,3.4758793132500574
2015-10-22,korea_equity,-0.03238793061927925,-0.03238793061927925,5,-0.00046797608956694603,-2.3036144726225327,0.9863161511400435,3.295887980018977
2015-10-22,short_treasury,-0.005409208366890628,-0.005409208366890628,5,-6.229383870959282e-05,-0.8241644229326378,-1.3824313939776665,-1.2412672592154617
2015-10-22,treasury_7_10y,-0.018503099896016062,-0.018503099896016062,5,-0.00025381194427609444,-0.5521990746752121,-0.14330054390429975,-1.7433853460909452
2015-10-23,alternative,-0.024237024601920676,-0.024237024601920676,5,-0.0010569808073341846,-1.110598010525639,-0.001370732405372491,2.0913244730718237
2015-10-23,corp_bond_ig,-0.013059118819285565,-0.013059118819285565,5,-0.0018577477894723415,-1.5863646859430611,2.332073322070102,-0.9038868582781399
2015-10-23,developed_equity,0.003913330081821709,0.003913330081821709,5,-0.0009514694102108479,-2.47168127436879,1.708712104172035,1.9091075960071862
2015-10-23,emerging_equity,-0.03224034042782209,-0.03224034042782209,5,0.00021606730297207832,-1.4975125355921308,1.0584235293934545,3.083494111139417
2015-10-23,korea_equity,-0.029223716422303037,-0.029223716422303037,5,6.288615986704826e-05,-1.3841843196141403,0.2865195416138839,2.5627926272838626
2015-10-23,short_treasury,-0.004589847993946017,-0.004589847993946017,5,-0.0005196197889745235,-0.9979531285854949,-2.119865678839571,-1.4099541719346032
2015-10-23,treasury_7_10y,-0.01423526573227163,-0.01423526573227163,5,-0.00018362468108534813,-0.80652890092771,-1.251421330215895,-2.1243300937507454
2015-10-26,alternative,-0.020739432102001354,-0.020739432102001354,5,0.0010020225308835506,-0.6876134450120269,0.8318862172354127,3.5454765460022584
2015-10-26,corp_bond_ig,-0.014484148742053504,-0.014484148742053504,5,-0.003038066904991865,-2.830818228389425,1.8187158785268258,-1.1693225575654427
2015-10-26,developed_equity,-0.0013987757323989936,-0.0013987757323989936,5,0.00012430362403392792,-2.516446153615164,1.4902894035444723,2.604954143746209
2015-10-26,emerging_equity,-0.032536101188348265,-0.032536101188348265,5,0.0012383442372083664,-1.0897244699705049,0.5564272026659937,3.931287413490503
2015-10-26,korea_equity,-0.030530200372027028,-0.030530200372027028,5,0.0010365135967731476,-1.2174841977730881,0.7871977516223091,3.3658353840282857
2015-10-26,short_treasury,-0.004707561729226484,-0.004707561729226484,5,-0.0003400016576051712,-1.622478157002569,-2.359177229461039,-1.6797968434310881
2015-10-26,treasury_7_10y,-0.015497455133943183,-0.015497455133943183,5,0.0004805377684533596,-0.4712264430503735,-1.3279014188484373,-3.1507407925919177
2015-10-27,alternative,-0.012750468915915913,-0.012750468915915913,5,3.4275464713573456e-05,-1.5592469054908673,0.14993549716749194,3.689104341597621
2015-10-27,corp_bond_ig,-0.014395250591489273,-0.014395250591489273,5,-0.0017818845808506012,-2.7193190200484842,2.383584446467264,-0.1406656956236937
2015-10-27,developed_equity,0.004623169567842478,0.004623169567842478,5,-0.0015137731097638607,-3.358263403033316,1.7783560230040731,2.2560506840585286
2015-10-27,emerging_equity,-0.016314993777912123,-0.016314993777912123,5,5.886377766728401e-05,-0.7818653566120074,1.7025155738110709,3.8563468135345116
2015-10-27,korea_equity,-0.010497232096371434,-0.010497232096371434,5,0.00011496292427182198,-1.6510203339756038,1.6895562210384674,2.7766651036937855
2015-10-27,short_treasury,-0.005058827119715059,-0.005058827119715059,5,0.00038729608058929443,-1.1772824029394726,-2.704076793156449,-1.7027286425257715
2015-10-27,treasury_7_10y,-0.017032272134425486,-0.017032272134425486,5,0.0009958082810044289,-0.67303977346358,-0.7157790179667999,-2.58620968781973
2015-10-28,alternative,-0.011786065419669978,-0.011786065419669978,5,-0.0007038069888949394,-2.5341630746538373,0.05537819859318713,3.9925198579812027
2015-10-28,corp_bond_ig,-0.009577584429615538,-0.009577584429615538,5,-0.0028072185814380646,-4.111967120221776,1.4608893475150222,0.2502447050856347
2015-10-28,developed_equity,0.0018167256462808812,0.0018167256462808812,5,-0.00166232418268919,-4.658624254820392,1.2508030592694972,2.2099763714188407
2015-10-28,emerging_equity,-0.012521304335554428,-0.012521304335554428,5,0.0006911128293722868,-1.3043491363816104,2.3640399759082427,4.190158672212926
2015-10-28,korea_equity,-0.0022283924844014313,-0.0022283924844014313,5,-0.00019736215472221375,-1.8297813662047853,2.2408419804140824,2.6901949019588542
2015-10-28,short_treasury,-0.0036517559291153745,-0.0036517559291153745,5,0.0011099965777248144,-0.47060369207858954,-2.168083654605112,-1.7824430164865113
2015-10-28,treasury_7_10y,-0.011352016440361767,-0.011352016440361767,5,0.0008293020073324442,0.049543894328486854,-0.7811960460675913,-2.9626667432203813
2015-10-29,alternative,-0.008189276736879525,-0.008189276736879525,5,0.001630107406526804,-0.7565741205715925,-0.34015815228311114,3.5266277533145667
2015-10-29,corp_bond_ig,-0.0022390813820243327,-0.0022390813820243327,5,-0.0018712063319981098,-2.880370301523567,1.6462528728033663,-0.7911544096841938
2015-10-29,developed_equity,-0.00846282734261461,-0.00846282734261461,5,-0.000716805923730135,-3.4186880352999944,0.6603595722909904,1.3681635285140716
2015-10-29,emerging_equity,-0.024992896071804438,-0.024992896071804438,5,0.0012271879240870476,-0.3130181368541455,1.2080850944490027,3.1158345516001598
2015-10-29,korea_equity,-0.007802377286940332,-0.007802377286940332,5,0.0008220798335969448,-1.260973635270408,1.9159878842718947,3.4451839789148044
2015-10-29,short_treasury,-0.0027113444768239736,-0.0027113444768239736,5,0.0030043553560972214,-0.014304080705652202,-1.9460508740528142,-0.3324778109582538
2015-10-29,treasury_7_10y,-0.004213060186574191,-0.004213060186574191,5,0.0021860578563064337,-0.007967951027594929,-1.0022065395128246,-1.9631532020410656
2015-10-30,alternative,-0.0018215352648254246,-0.0018215352648254246,5,-0.002787175588309765,-2.6124778322825373,-2.6397181316567564,-2.4085369206655116
2015-10-30,corp_bond_ig,-0.004380643487864155,-0.004380643487864155,5,-0.0014109187759459019,-2.8841248460195166,0.8833577406886624,-0.401469191453483
2015-10-30,developed_equity,0.002800400206726561,0.002800400206726561,5,-0.002809886820614338,-3.173181883810843,2.1278036181911846,-0.34019230933180405
2015-10-30,emerging_equity,-0.025236515066632492,-0.025236515066632492,5,0.000588949304074049,-0.523209563568454,0.059123312674741586,2.8884189888865053
2015-10-30,korea_equity,-0.028687041975909322,-0.028687041975909322,5,-0.0003731413744390011,-2.2886703370951014,1.632253992815248,3.0828060624609885
2015-10-30,short_treasury,-0.0030649785526148943,-0.0030649785526148943,5,0.0024667878169566393,-0.5416024978212496,-3.6481498677864894,0.9174378384097179
2015-10-30,treasury_7_10y,-0.005793264218231231,-0.005793264218231231,5,0.002260856330394745,-0.748196440528807,-3.1866629230822716,0.38287570479438937
2015-11-02,alternative,-0.015246609401275202,-0.015246609401275202,5,-0.0007839449681341648,-2.8740284820307167,-2.7324266080249453,-2.7523372777604362
2015-11-02,corp_bond_ig,0.007440095489211984,0.007440095489211984,5,-0.0015726028941571712,-2.9213689914322014,-0.6235713063537537,-0.9999142896199256
2015-11-02,developed_equity,0.0006942844171660134,0.0006942844171660134,5,-0.0021943235769867897,-3.484343415980916,1.7532817766236908,0.09073222002363766
2015-11-02,emerging_equity,-0.03683918230315231,-0.03683918230315231,5,0.0013479138724505901,0.04163917727274635,-1.0558436091537942,1.3440255706053372
2015-11-02,korea_equity,-0.02856106335997044,-0.02856106335997044,5,-0.0003466787748038769,-2.320996342464959,0.9457345321390905,2.7287996990173977
2015-11-02,short_treasury,-0.0018880816231794384,-0.0018880816231794384,5,0.0034983628429472446,0.7698232184140644,-1.941585014785699,2.4055084765815486
2015-11-02,treasury_7_10y,0.0023463162162329354,0.0023463162162329354,5,0.003019103314727545,0.021504071627739818,-2.931247448792275,1.6173892487757968
